{"type":"FeatureCollection","name":"Barcelona · POIs servicios OSM","_source":"OpenStreetMap via Overpass","features":[{"type":"Feature","properties":{"cat":"salud"},"geometry":{"type":"Point","coordinates":[2.1585725,41.4025115]}},{"type":"Feature","properties":{"cat":"salud"},"geometry":{"type":"Point","coordinates":[2.157597,41.4031147]}},{"type":"Feature","properties":{"cat":"salud"},"geometry":{"type":"Point","coordinates":[2.1553363,41.4039465]}},{"type":"Feature","properties":{"cat":"salud"},"geometry":{"type":"Point","coordinates":[2.1730515,41.3763769]}},{"type":"Feature","properties":{"cat":"salud"},"geometry":{"type":"Point","coordinates":[2.1715874,41.3764247]}},{"type":"Feature","properties":{"cat":"salud"},"geometry":{"type":"Point","coordinates":[2.1732928,41.3782412]}},{"type":"Feature","properties":{"cat":"salud"},"geometry":{"type":"Point","coordinates":[2.1725153,41.3822988]}},{"type":"Feature","properties":{"cat":"salud"},"geometry":{"type":"Point","coordinates":[2.1671991,41.3753821]}},{"type":"Feature","properties":{"cat":"salud"},"geometry":{"type":"Point","coordinates":[2.1674957,41.3774283]}},{"type":"Feature","properties":{"cat":"salud"},"geometry":{"type":"Point","coordinates":[2.1770799,41.3786145]}},{"type":"Feature","properties":{"cat":"salud"},"geometry":{"type":"Point","coordinates":[2.1613666,41.3901109]}},{"type":"Feature","properties":{"cat":"salud"},"geometry":{"type":"Point","coordinates":[2.1497797,41.3937636]}},{"type":"Feature","properties":{"cat":"salud"},"geometry":{"type":"Point","coordinates":[2.1445936,41.3933021]}},{"type":"Feature","properties":{"cat":"salud"},"geometry":{"type":"Point","coordinates":[2.1379764,41.3919314]}},{"type":"Feature","properties":{"cat":"salud"},"geometry":{"type":"Point","coordinates":[2.1253205,41.3912953]}},{"type":"Feature","properties":{"cat":"salud"},"geometry":{"type":"Point","coordinates":[2.1226099,41.3906341]}},{"type":"Feature","properties":{"cat":"salud"},"geometry":{"type":"Point","coordinates":[2.1496013,41.4032692]}},{"type":"Feature","properties":{"cat":"salud"},"geometry":{"type":"Point","coordinates":[2.1408569,41.4197988]}},{"type":"Feature","properties":{"cat":"salud"},"geometry":{"type":"Point","coordinates":[2.142485,41.4154874]}},{"type":"Feature","properties":{"cat":"salud"},"geometry":{"type":"Point","coordinates":[2.2222357,41.4439522]}},{"type":"Feature","properties":{"cat":"salud"},"geometry":{"type":"Point","coordinates":[2.2176387,41.4368424]}},{"type":"Feature","properties":{"cat":"salud"},"geometry":{"type":"Point","coordinates":[2.1836133,41.4330796]}},{"type":"Feature","properties":{"cat":"salud"},"geometry":{"type":"Point","coordinates":[2.1908886,41.4223879]}},{"type":"Feature","properties":{"cat":"salud"},"geometry":{"type":"Point","coordinates":[2.1751995,41.4469028]}},{"type":"Feature","properties":{"cat":"salud"},"geometry":{"type":"Point","coordinates":[2.1395126,41.4120106]}},{"type":"Feature","properties":{"cat":"salud"},"geometry":{"type":"Point","coordinates":[2.1784533,41.3942532]}},{"type":"Feature","properties":{"cat":"salud"},"geometry":{"type":"Point","coordinates":[2.189737,41.3923144]}},{"type":"Feature","properties":{"cat":"salud"},"geometry":{"type":"Point","coordinates":[2.1786434,41.4057761]}},{"type":"Feature","properties":{"cat":"salud"},"geometry":{"type":"Point","coordinates":[2.1476885,41.3895915]}},{"type":"Feature","properties":{"cat":"salud"},"geometry":{"type":"Point","coordinates":[2.2179544,41.4414694]}},{"type":"Feature","properties":{"cat":"salud"},"geometry":{"type":"Point","coordinates":[2.2189838,41.4434562]}},{"type":"Feature","properties":{"cat":"salud"},"geometry":{"type":"Point","coordinates":[2.2256189,41.442953]}},{"type":"Feature","properties":{"cat":"salud"},"geometry":{"type":"Point","coordinates":[2.1990606,41.4114535]}},{"type":"Feature","properties":{"cat":"salud"},"geometry":{"type":"Point","coordinates":[2.2267442,41.4429603]}},{"type":"Feature","properties":{"cat":"salud"},"geometry":{"type":"Point","coordinates":[2.216681,41.4331348]}},{"type":"Feature","properties":{"cat":"salud"},"geometry":{"type":"Point","coordinates":[2.221508,41.440181]}},{"type":"Feature","properties":{"cat":"salud"},"geometry":{"type":"Point","coordinates":[2.2202722,41.4382693]}},{"type":"Feature","properties":{"cat":"salud"},"geometry":{"type":"Point","coordinates":[2.2254755,41.4385626]}},{"type":"Feature","properties":{"cat":"salud"},"geometry":{"type":"Point","coordinates":[2.2162543,41.4421152]}},{"type":"Feature","properties":{"cat":"salud"},"geometry":{"type":"Point","coordinates":[2.223117,41.4453031]}},{"type":"Feature","properties":{"cat":"salud"},"geometry":{"type":"Point","coordinates":[2.2150667,41.4396982]}},{"type":"Feature","properties":{"cat":"salud"},"geometry":{"type":"Point","coordinates":[2.1719165,41.4451469]}},{"type":"Feature","properties":{"cat":"salud"},"geometry":{"type":"Point","coordinates":[2.1696695,41.3835968]}},{"type":"Feature","properties":{"cat":"salud"},"geometry":{"type":"Point","coordinates":[2.1800918,41.398628]}},{"type":"Feature","properties":{"cat":"salud"},"geometry":{"type":"Point","coordinates":[2.1793749,41.4000479]}},{"type":"Feature","properties":{"cat":"salud"},"geometry":{"type":"Point","coordinates":[2.1893469,41.3756728]}},{"type":"Feature","properties":{"cat":"salud"},"geometry":{"type":"Point","coordinates":[2.170421,41.3845322]}},{"type":"Feature","properties":{"cat":"salud"},"geometry":{"type":"Point","coordinates":[2.1432933,41.3751115]}},{"type":"Feature","properties":{"cat":"salud"},"geometry":{"type":"Point","coordinates":[2.1405636,41.3751342]}},{"type":"Feature","properties":{"cat":"salud"},"geometry":{"type":"Point","coordinates":[2.1561348,41.3888208]}},{"type":"Feature","properties":{"cat":"salud"},"geometry":{"type":"Point","coordinates":[2.1785741,41.4410503]}},{"type":"Feature","properties":{"cat":"salud"},"geometry":{"type":"Point","coordinates":[2.1886861,41.3790544]}},{"type":"Feature","properties":{"cat":"salud"},"geometry":{"type":"Point","coordinates":[2.1249849,41.3612757]}},{"type":"Feature","properties":{"cat":"salud"},"geometry":{"type":"Point","coordinates":[2.1694012,41.417609]}},{"type":"Feature","properties":{"cat":"salud"},"geometry":{"type":"Point","coordinates":[2.1704461,41.4167971]}},{"type":"Feature","properties":{"cat":"salud"},"geometry":{"type":"Point","coordinates":[2.1685072,41.4158266]}},{"type":"Feature","properties":{"cat":"salud"},"geometry":{"type":"Point","coordinates":[2.1723734,41.4188827]}},{"type":"Feature","properties":{"cat":"salud"},"geometry":{"type":"Point","coordinates":[2.1509493,41.4070128]}},{"type":"Feature","properties":{"cat":"salud"},"geometry":{"type":"Point","coordinates":[2.1944826,41.3830246]}},{"type":"Feature","properties":{"cat":"salud"},"geometry":{"type":"Point","coordinates":[2.1792626,41.4078928]}},{"type":"Feature","properties":{"cat":"salud"},"geometry":{"type":"Point","coordinates":[2.1138193,41.370873]}},{"type":"Feature","properties":{"cat":"salud"},"geometry":{"type":"Point","coordinates":[2.1275516,41.3656095]}},{"type":"Feature","properties":{"cat":"salud"},"geometry":{"type":"Point","coordinates":[2.131757,41.3680259]}},{"type":"Feature","properties":{"cat":"salud"},"geometry":{"type":"Point","coordinates":[2.1327599,41.3614282]}},{"type":"Feature","properties":{"cat":"salud"},"geometry":{"type":"Point","coordinates":[2.1269244,41.3626349]}},{"type":"Feature","properties":{"cat":"salud"},"geometry":{"type":"Point","coordinates":[2.1253455,41.3650518]}},{"type":"Feature","properties":{"cat":"salud"},"geometry":{"type":"Point","coordinates":[2.1232145,41.3621693]}},{"type":"Feature","properties":{"cat":"salud"},"geometry":{"type":"Point","coordinates":[2.1194856,41.3590776]}},{"type":"Feature","properties":{"cat":"salud"},"geometry":{"type":"Point","coordinates":[2.1178734,41.3543032]}},{"type":"Feature","properties":{"cat":"salud"},"geometry":{"type":"Point","coordinates":[2.1772777,41.4101512]}},{"type":"Feature","properties":{"cat":"salud"},"geometry":{"type":"Point","coordinates":[2.1767217,41.4318264]}},{"type":"Feature","properties":{"cat":"salud"},"geometry":{"type":"Point","coordinates":[2.1780111,41.4303951]}},{"type":"Feature","properties":{"cat":"salud"},"geometry":{"type":"Point","coordinates":[2.1792112,41.433717]}},{"type":"Feature","properties":{"cat":"salud"},"geometry":{"type":"Point","coordinates":[2.2107294,41.4425678]}},{"type":"Feature","properties":{"cat":"salud"},"geometry":{"type":"Point","coordinates":[2.1690953,41.3764198]}},{"type":"Feature","properties":{"cat":"salud"},"geometry":{"type":"Point","coordinates":[2.1708742,41.378022]}},{"type":"Feature","properties":{"cat":"salud"},"geometry":{"type":"Point","coordinates":[2.1752838,41.3845553]}},{"type":"Feature","properties":{"cat":"salud"},"geometry":{"type":"Point","coordinates":[2.2060386,41.416416]}},{"type":"Feature","properties":{"cat":"salud"},"geometry":{"type":"Point","coordinates":[2.1770667,41.4089399]}},{"type":"Feature","properties":{"cat":"salud"},"geometry":{"type":"Point","coordinates":[2.1814017,41.406082]}},{"type":"Feature","properties":{"cat":"salud"},"geometry":{"type":"Point","coordinates":[2.1397402,41.3709031]}},{"type":"Feature","properties":{"cat":"salud"},"geometry":{"type":"Point","coordinates":[2.1388753,41.3696251]}},{"type":"Feature","properties":{"cat":"salud"},"geometry":{"type":"Point","coordinates":[2.1524822,41.3878106]}},{"type":"Feature","properties":{"cat":"salud"},"geometry":{"type":"Point","coordinates":[2.1850032,41.4403511]}},{"type":"Feature","properties":{"cat":"salud"},"geometry":{"type":"Point","coordinates":[2.142307,41.4114618]}},{"type":"Feature","properties":{"cat":"salud"},"geometry":{"type":"Point","coordinates":[2.1803522,41.403655]}},{"type":"Feature","properties":{"cat":"salud"},"geometry":{"type":"Point","coordinates":[2.212934,41.4470735]}},{"type":"Feature","properties":{"cat":"salud"},"geometry":{"type":"Point","coordinates":[2.2146747,41.4478418]}},{"type":"Feature","properties":{"cat":"salud"},"geometry":{"type":"Point","coordinates":[2.2106153,41.4471287]}},{"type":"Feature","properties":{"cat":"salud"},"geometry":{"type":"Point","coordinates":[2.2079125,41.4479999]}},{"type":"Feature","properties":{"cat":"salud"},"geometry":{"type":"Point","coordinates":[2.2165857,41.4485439]}},{"type":"Feature","properties":{"cat":"salud"},"geometry":{"type":"Point","coordinates":[2.1192464,41.3771897]}},{"type":"Feature","properties":{"cat":"salud"},"geometry":{"type":"Point","coordinates":[2.187383,41.4262731]}},{"type":"Feature","properties":{"cat":"salud"},"geometry":{"type":"Point","coordinates":[2.2171156,41.4459938]}},{"type":"Feature","properties":{"cat":"salud"},"geometry":{"type":"Point","coordinates":[2.2165437,41.4471418]}},{"type":"Feature","properties":{"cat":"salud"},"geometry":{"type":"Point","coordinates":[2.1752469,41.40527]}},{"type":"Feature","properties":{"cat":"salud"},"geometry":{"type":"Point","coordinates":[2.1258408,41.3805817]}},{"type":"Feature","properties":{"cat":"salud"},"geometry":{"type":"Point","coordinates":[2.1527779,41.4024315]}},{"type":"Feature","properties":{"cat":"salud"},"geometry":{"type":"Point","coordinates":[2.1587343,41.4045145]}},{"type":"Feature","properties":{"cat":"salud"},"geometry":{"type":"Point","coordinates":[2.1507105,41.4053041]}},{"type":"Feature","properties":{"cat":"salud"},"geometry":{"type":"Point","coordinates":[2.1506816,41.3896561]}},{"type":"Feature","properties":{"cat":"salud"},"geometry":{"type":"Point","coordinates":[2.1551764,41.4013552]}},{"type":"Feature","properties":{"cat":"salud"},"geometry":{"type":"Point","coordinates":[2.1204863,41.3897359]}},{"type":"Feature","properties":{"cat":"salud"},"geometry":{"type":"Point","coordinates":[2.1423258,41.4220453]}},{"type":"Feature","properties":{"cat":"salud"},"geometry":{"type":"Point","coordinates":[2.1471603,41.4231784]}},{"type":"Feature","properties":{"cat":"salud"},"geometry":{"type":"Point","coordinates":[2.1619319,41.3850083]}},{"type":"Feature","properties":{"cat":"salud"},"geometry":{"type":"Point","coordinates":[2.1416103,41.4160216]}},{"type":"Feature","properties":{"cat":"salud"},"geometry":{"type":"Point","coordinates":[2.184027,41.4007844]}},{"type":"Feature","properties":{"cat":"salud"},"geometry":{"type":"Point","coordinates":[2.1277209,41.3788027]}},{"type":"Feature","properties":{"cat":"salud"},"geometry":{"type":"Point","coordinates":[2.1607109,41.4013185]}},{"type":"Feature","properties":{"cat":"salud"},"geometry":{"type":"Point","coordinates":[2.1382961,41.4204761]}},{"type":"Feature","properties":{"cat":"salud"},"geometry":{"type":"Point","coordinates":[2.1812194,41.4303531]}},{"type":"Feature","properties":{"cat":"salud"},"geometry":{"type":"Point","coordinates":[2.1395282,41.4185914]}},{"type":"Feature","properties":{"cat":"salud"},"geometry":{"type":"Point","coordinates":[2.1177342,41.3758686]}},{"type":"Feature","properties":{"cat":"salud"},"geometry":{"type":"Point","coordinates":[2.1581269,41.407653]}},{"type":"Feature","properties":{"cat":"salud"},"geometry":{"type":"Point","coordinates":[2.1584737,41.4073716]}},{"type":"Feature","properties":{"cat":"salud"},"geometry":{"type":"Point","coordinates":[2.1817293,41.3717896]}},{"type":"Feature","properties":{"cat":"salud"},"geometry":{"type":"Point","coordinates":[2.1590499,41.4111635]}},{"type":"Feature","properties":{"cat":"salud"},"geometry":{"type":"Point","coordinates":[2.1251398,41.3837516]}},{"type":"Feature","properties":{"cat":"salud"},"geometry":{"type":"Point","coordinates":[2.1580868,41.4229812]}},{"type":"Feature","properties":{"cat":"salud"},"geometry":{"type":"Point","coordinates":[2.162453,41.4238495]}},{"type":"Feature","properties":{"cat":"salud"},"geometry":{"type":"Point","coordinates":[2.1552548,41.423936]}},{"type":"Feature","properties":{"cat":"salud"},"geometry":{"type":"Point","coordinates":[2.1575799,41.4253291]}},{"type":"Feature","properties":{"cat":"salud"},"geometry":{"type":"Point","coordinates":[2.1881188,41.3815974]}},{"type":"Feature","properties":{"cat":"salud"},"geometry":{"type":"Point","coordinates":[2.1695952,41.4421635]}},{"type":"Feature","properties":{"cat":"salud"},"geometry":{"type":"Point","coordinates":[2.169692,41.4381828]}},{"type":"Feature","properties":{"cat":"salud"},"geometry":{"type":"Point","coordinates":[2.1755056,41.4386152]}},{"type":"Feature","properties":{"cat":"salud"},"geometry":{"type":"Point","coordinates":[2.1724667,41.4356175]}},{"type":"Feature","properties":{"cat":"salud"},"geometry":{"type":"Point","coordinates":[2.1745367,41.4306264]}},{"type":"Feature","properties":{"cat":"salud"},"geometry":{"type":"Point","coordinates":[2.1680412,41.387509]}},{"type":"Feature","properties":{"cat":"salud"},"geometry":{"type":"Point","coordinates":[2.1165524,41.3770594]}},{"type":"Feature","properties":{"cat":"salud"},"geometry":{"type":"Point","coordinates":[2.2139941,41.4492602]}},{"type":"Feature","properties":{"cat":"salud"},"geometry":{"type":"Point","coordinates":[2.2141687,41.4492028]}},{"type":"Feature","properties":{"cat":"salud"},"geometry":{"type":"Point","coordinates":[2.209468,41.4455789]}},{"type":"Feature","properties":{"cat":"salud"},"geometry":{"type":"Point","coordinates":[2.2237758,41.4494731]}},{"type":"Feature","properties":{"cat":"salud"},"geometry":{"type":"Point","coordinates":[2.1432103,41.3951306]}},{"type":"Feature","properties":{"cat":"salud"},"geometry":{"type":"Point","coordinates":[2.1239979,41.3750461]}},{"type":"Feature","properties":{"cat":"salud"},"geometry":{"type":"Point","coordinates":[2.1198511,41.375012]}},{"type":"Feature","properties":{"cat":"salud"},"geometry":{"type":"Point","coordinates":[2.1388295,41.4003041]}},{"type":"Feature","properties":{"cat":"salud"},"geometry":{"type":"Point","coordinates":[2.1296664,41.3829679]}},{"type":"Feature","properties":{"cat":"salud"},"geometry":{"type":"Point","coordinates":[2.1729119,41.4103599]}},{"type":"Feature","properties":{"cat":"salud"},"geometry":{"type":"Point","coordinates":[2.1724036,41.4100812]}},{"type":"Feature","properties":{"cat":"salud"},"geometry":{"type":"Point","coordinates":[2.1609175,41.3739469]}},{"type":"Feature","properties":{"cat":"salud"},"geometry":{"type":"Point","coordinates":[2.1522228,41.403036]}},{"type":"Feature","properties":{"cat":"salud"},"geometry":{"type":"Point","coordinates":[2.1600822,41.3921143]}},{"type":"Feature","properties":{"cat":"salud"},"geometry":{"type":"Point","coordinates":[2.1787601,41.381529]}},{"type":"Feature","properties":{"cat":"salud"},"geometry":{"type":"Point","coordinates":[2.1163385,41.3757028]}},{"type":"Feature","properties":{"cat":"salud"},"geometry":{"type":"Point","coordinates":[2.1630604,41.3742972]}},{"type":"Feature","properties":{"cat":"salud"},"geometry":{"type":"Point","coordinates":[2.1644987,41.3738458]}},{"type":"Feature","properties":{"cat":"salud"},"geometry":{"type":"Point","coordinates":[2.1928706,41.4116248]}},{"type":"Feature","properties":{"cat":"salud"},"geometry":{"type":"Point","coordinates":[2.1269597,41.3720041]}},{"type":"Feature","properties":{"cat":"salud"},"geometry":{"type":"Point","coordinates":[2.1568287,41.3930495]}},{"type":"Feature","properties":{"cat":"salud"},"geometry":{"type":"Point","coordinates":[2.1574701,41.3918448]}},{"type":"Feature","properties":{"cat":"salud"},"geometry":{"type":"Point","coordinates":[2.1577604,41.3928093]}},{"type":"Feature","properties":{"cat":"salud"},"geometry":{"type":"Point","coordinates":[2.1578958,41.3926905]}},{"type":"Feature","properties":{"cat":"salud"},"geometry":{"type":"Point","coordinates":[2.1411131,41.4248731]}},{"type":"Feature","properties":{"cat":"salud"},"geometry":{"type":"Point","coordinates":[2.2043058,41.4045602]}},{"type":"Feature","properties":{"cat":"salud"},"geometry":{"type":"Point","coordinates":[2.2061286,41.4021586]}},{"type":"Feature","properties":{"cat":"salud"},"geometry":{"type":"Point","coordinates":[2.2023,41.4012401]}},{"type":"Feature","properties":{"cat":"salud"},"geometry":{"type":"Point","coordinates":[2.2027304,41.4000842]}},{"type":"Feature","properties":{"cat":"salud"},"geometry":{"type":"Point","coordinates":[2.204458,41.4028843]}},{"type":"Feature","properties":{"cat":"salud"},"geometry":{"type":"Point","coordinates":[2.2068807,41.4047252]}},{"type":"Feature","properties":{"cat":"salud"},"geometry":{"type":"Point","coordinates":[2.2019129,41.4055342]}},{"type":"Feature","properties":{"cat":"salud"},"geometry":{"type":"Point","coordinates":[2.2117058,41.4052437]}},{"type":"Feature","properties":{"cat":"salud"},"geometry":{"type":"Point","coordinates":[2.2102018,41.4081851]}},{"type":"Feature","properties":{"cat":"salud"},"geometry":{"type":"Point","coordinates":[2.1453548,41.3885437]}},{"type":"Feature","properties":{"cat":"salud"},"geometry":{"type":"Point","coordinates":[2.1820516,41.3969343]}},{"type":"Feature","properties":{"cat":"salud"},"geometry":{"type":"Point","coordinates":[2.1665051,41.440243]}},{"type":"Feature","properties":{"cat":"salud"},"geometry":{"type":"Point","coordinates":[2.1947063,41.3902381]}},{"type":"Feature","properties":{"cat":"salud"},"geometry":{"type":"Point","coordinates":[2.1877373,41.3910479]}},{"type":"Feature","properties":{"cat":"salud"},"geometry":{"type":"Point","coordinates":[2.1945018,41.3908955]}},{"type":"Feature","properties":{"cat":"salud"},"geometry":{"type":"Point","coordinates":[2.1459972,41.3782854]}},{"type":"Feature","properties":{"cat":"salud"},"geometry":{"type":"Point","coordinates":[2.1135925,41.3789245]}},{"type":"Feature","properties":{"cat":"salud"},"geometry":{"type":"Point","coordinates":[2.1190791,41.3758421]}},{"type":"Feature","properties":{"cat":"salud"},"geometry":{"type":"Point","coordinates":[2.1556003,41.3794256]}},{"type":"Feature","properties":{"cat":"salud"},"geometry":{"type":"Point","coordinates":[2.1912932,41.4041272]}},{"type":"Feature","properties":{"cat":"salud"},"geometry":{"type":"Point","coordinates":[2.1825205,41.4152692]}},{"type":"Feature","properties":{"cat":"salud"},"geometry":{"type":"Point","coordinates":[2.1796834,41.4153507]}},{"type":"Feature","properties":{"cat":"salud"},"geometry":{"type":"Point","coordinates":[2.1968957,41.4046053]}},{"type":"Feature","properties":{"cat":"salud"},"geometry":{"type":"Point","coordinates":[2.1941251,41.4053484]}},{"type":"Feature","properties":{"cat":"salud"},"geometry":{"type":"Point","coordinates":[2.196638,41.4029829]}},{"type":"Feature","properties":{"cat":"salud"},"geometry":{"type":"Point","coordinates":[2.1737232,41.3931931]}},{"type":"Feature","properties":{"cat":"salud"},"geometry":{"type":"Point","coordinates":[2.1314631,41.3639249]}},{"type":"Feature","properties":{"cat":"salud"},"geometry":{"type":"Point","coordinates":[2.1527085,41.3799439]}},{"type":"Feature","properties":{"cat":"salud"},"geometry":{"type":"Point","coordinates":[2.1741938,41.40992]}},{"type":"Feature","properties":{"cat":"salud"},"geometry":{"type":"Point","coordinates":[2.1898093,41.4145634]}},{"type":"Feature","properties":{"cat":"salud"},"geometry":{"type":"Point","coordinates":[2.1737548,41.3797958]}},{"type":"Feature","properties":{"cat":"salud"},"geometry":{"type":"Point","coordinates":[2.1491525,41.4201466]}},{"type":"Feature","properties":{"cat":"salud"},"geometry":{"type":"Point","coordinates":[2.148935,41.4181211]}},{"type":"Feature","properties":{"cat":"salud"},"geometry":{"type":"Point","coordinates":[2.1480235,41.4154942]}},{"type":"Feature","properties":{"cat":"salud"},"geometry":{"type":"Point","coordinates":[2.1717121,41.4057048]}},{"type":"Feature","properties":{"cat":"salud"},"geometry":{"type":"Point","coordinates":[2.1703443,41.4348417]}},{"type":"Feature","properties":{"cat":"salud"},"geometry":{"type":"Point","coordinates":[2.1354857,41.3815923]}},{"type":"Feature","properties":{"cat":"salud"},"geometry":{"type":"Point","coordinates":[2.1795829,41.3800201]}},{"type":"Feature","properties":{"cat":"salud"},"geometry":{"type":"Point","coordinates":[2.1783411,41.3805617]}},{"type":"Feature","properties":{"cat":"salud"},"geometry":{"type":"Point","coordinates":[2.1775538,41.380757]}},{"type":"Feature","properties":{"cat":"salud"},"geometry":{"type":"Point","coordinates":[2.1796725,41.3807427]}},{"type":"Feature","properties":{"cat":"salud"},"geometry":{"type":"Point","coordinates":[2.1792509,41.3844482]}},{"type":"Feature","properties":{"cat":"salud"},"geometry":{"type":"Point","coordinates":[2.162395,41.3828782]}},{"type":"Feature","properties":{"cat":"salud"},"geometry":{"type":"Point","coordinates":[2.1935309,41.3933052]}},{"type":"Feature","properties":{"cat":"salud"},"geometry":{"type":"Point","coordinates":[2.1364653,41.3618288]}},{"type":"Feature","properties":{"cat":"salud"},"geometry":{"type":"Point","coordinates":[2.1878888,41.4147666]}},{"type":"Feature","properties":{"cat":"salud"},"geometry":{"type":"Point","coordinates":[2.1849973,41.4165696]}},{"type":"Feature","properties":{"cat":"salud"},"geometry":{"type":"Point","coordinates":[2.1851236,41.4178191]}},{"type":"Feature","properties":{"cat":"salud"},"geometry":{"type":"Point","coordinates":[2.139365,41.4258909]}},{"type":"Feature","properties":{"cat":"salud"},"geometry":{"type":"Point","coordinates":[2.1376299,41.4276783]}},{"type":"Feature","properties":{"cat":"salud"},"geometry":{"type":"Point","coordinates":[2.157321,41.434906]}},{"type":"Feature","properties":{"cat":"salud"},"geometry":{"type":"Point","coordinates":[2.1671939,41.4023067]}},{"type":"Feature","properties":{"cat":"salud"},"geometry":{"type":"Point","coordinates":[2.1826364,41.4407244]}},{"type":"Feature","properties":{"cat":"salud"},"geometry":{"type":"Point","coordinates":[2.1847918,41.442791]}},{"type":"Feature","properties":{"cat":"salud"},"geometry":{"type":"Point","coordinates":[2.1745391,41.4341735]}},{"type":"Feature","properties":{"cat":"salud"},"geometry":{"type":"Point","coordinates":[2.1448728,41.3808349]}},{"type":"Feature","properties":{"cat":"salud"},"geometry":{"type":"Point","coordinates":[2.1221902,41.399105]}},{"type":"Feature","properties":{"cat":"salud"},"geometry":{"type":"Point","coordinates":[2.167877,41.3848853]}},{"type":"Feature","properties":{"cat":"salud"},"geometry":{"type":"Point","coordinates":[2.2211228,41.4416747]}},{"type":"Feature","properties":{"cat":"salud"},"geometry":{"type":"Point","coordinates":[2.2055769,41.4363474]}},{"type":"Feature","properties":{"cat":"salud"},"geometry":{"type":"Point","coordinates":[2.2041235,41.4376359]}},{"type":"Feature","properties":{"cat":"salud"},"geometry":{"type":"Point","coordinates":[2.1616302,41.4038731]}},{"type":"Feature","properties":{"cat":"salud"},"geometry":{"type":"Point","coordinates":[2.1639381,41.4031663]}},{"type":"Feature","properties":{"cat":"salud"},"geometry":{"type":"Point","coordinates":[2.1722369,41.4023747]}},{"type":"Feature","properties":{"cat":"salud"},"geometry":{"type":"Point","coordinates":[2.1680051,41.4002511]}},{"type":"Feature","properties":{"cat":"salud"},"geometry":{"type":"Point","coordinates":[2.2174001,41.4384709]}},{"type":"Feature","properties":{"cat":"salud"},"geometry":{"type":"Point","coordinates":[2.1713169,41.380776]}},{"type":"Feature","properties":{"cat":"salud"},"geometry":{"type":"Point","coordinates":[2.1611211,41.4149632]}},{"type":"Feature","properties":{"cat":"salud"},"geometry":{"type":"Point","coordinates":[2.1629952,41.4152094]}},{"type":"Feature","properties":{"cat":"salud"},"geometry":{"type":"Point","coordinates":[2.1778147,41.4425049]}},{"type":"Feature","properties":{"cat":"salud"},"geometry":{"type":"Point","coordinates":[2.1933087,41.4122977]}},{"type":"Feature","properties":{"cat":"salud"},"geometry":{"type":"Point","coordinates":[2.1619594,41.4140773]}},{"type":"Feature","properties":{"cat":"salud"},"geometry":{"type":"Point","coordinates":[2.2057575,41.3994291]}},{"type":"Feature","properties":{"cat":"salud"},"geometry":{"type":"Point","coordinates":[2.1961975,41.3996416]}},{"type":"Feature","properties":{"cat":"salud"},"geometry":{"type":"Point","coordinates":[2.1946527,41.4099105]}},{"type":"Feature","properties":{"cat":"salud"},"geometry":{"type":"Point","coordinates":[2.1979298,41.4068534]}},{"type":"Feature","properties":{"cat":"salud"},"geometry":{"type":"Point","coordinates":[2.2121044,41.4455735]}},{"type":"Feature","properties":{"cat":"salud"},"geometry":{"type":"Point","coordinates":[2.1938763,41.4171648]}},{"type":"Feature","properties":{"cat":"salud"},"geometry":{"type":"Point","coordinates":[2.199688,41.4053916]}},{"type":"Feature","properties":{"cat":"salud"},"geometry":{"type":"Point","coordinates":[2.2073347,41.4086686]}},{"type":"Feature","properties":{"cat":"salud"},"geometry":{"type":"Point","coordinates":[2.2028529,41.407045]}},{"type":"Feature","properties":{"cat":"salud"},"geometry":{"type":"Point","coordinates":[2.2030267,41.4096023]}},{"type":"Feature","properties":{"cat":"salud"},"geometry":{"type":"Point","coordinates":[2.1986425,41.4037283]}},{"type":"Feature","properties":{"cat":"salud"},"geometry":{"type":"Point","coordinates":[2.1949495,41.4069487]}},{"type":"Feature","properties":{"cat":"salud"},"geometry":{"type":"Point","coordinates":[2.1947634,41.4086654]}},{"type":"Feature","properties":{"cat":"salud"},"geometry":{"type":"Point","coordinates":[2.1984761,41.4135438]}},{"type":"Feature","properties":{"cat":"salud"},"geometry":{"type":"Point","coordinates":[2.196296,41.4151054]}},{"type":"Feature","properties":{"cat":"salud"},"geometry":{"type":"Point","coordinates":[2.2041058,41.3987464]}},{"type":"Feature","properties":{"cat":"salud"},"geometry":{"type":"Point","coordinates":[2.1997385,41.4027562]}},{"type":"Feature","properties":{"cat":"salud"},"geometry":{"type":"Point","coordinates":[2.1881084,41.4073911]}},{"type":"Feature","properties":{"cat":"salud"},"geometry":{"type":"Point","coordinates":[2.1918632,41.4108485]}},{"type":"Feature","properties":{"cat":"salud"},"geometry":{"type":"Point","coordinates":[2.1881449,41.4078827]}},{"type":"Feature","properties":{"cat":"salud"},"geometry":{"type":"Point","coordinates":[2.1886483,41.4086119]}},{"type":"Feature","properties":{"cat":"salud"},"geometry":{"type":"Point","coordinates":[2.1889494,41.4093741]}},{"type":"Feature","properties":{"cat":"salud"},"geometry":{"type":"Point","coordinates":[2.1958873,41.3961937]}},{"type":"Feature","properties":{"cat":"salud"},"geometry":{"type":"Point","coordinates":[2.225715,41.4410044]}},{"type":"Feature","properties":{"cat":"salud"},"geometry":{"type":"Point","coordinates":[2.1827564,41.3985508]}},{"type":"Feature","properties":{"cat":"salud"},"geometry":{"type":"Point","coordinates":[2.1790957,41.3918651]}},{"type":"Feature","properties":{"cat":"salud"},"geometry":{"type":"Point","coordinates":[2.2106526,41.4014705]}},{"type":"Feature","properties":{"cat":"salud"},"geometry":{"type":"Point","coordinates":[2.2078181,41.4221871]}},{"type":"Feature","properties":{"cat":"salud"},"geometry":{"type":"Point","coordinates":[2.19832,41.4175532]}},{"type":"Feature","properties":{"cat":"salud"},"geometry":{"type":"Point","coordinates":[2.2014915,41.4024113]}},{"type":"Feature","properties":{"cat":"salud"},"geometry":{"type":"Point","coordinates":[2.2158403,41.413487]}},{"type":"Feature","properties":{"cat":"salud"},"geometry":{"type":"Point","coordinates":[2.1962962,41.4131435]}},{"type":"Feature","properties":{"cat":"salud"},"geometry":{"type":"Point","coordinates":[2.1374423,41.4104493]}},{"type":"Feature","properties":{"cat":"salud"},"geometry":{"type":"Point","coordinates":[2.1396154,41.4101479]}},{"type":"Feature","properties":{"cat":"salud"},"geometry":{"type":"Point","coordinates":[2.1378629,41.4126396]}},{"type":"Feature","properties":{"cat":"salud"},"geometry":{"type":"Point","coordinates":[2.1904557,41.4161511]}},{"type":"Feature","properties":{"cat":"salud"},"geometry":{"type":"Point","coordinates":[2.1882145,41.417563]}},{"type":"Feature","properties":{"cat":"salud"},"geometry":{"type":"Point","coordinates":[2.1407007,41.3796384]}},{"type":"Feature","properties":{"cat":"salud"},"geometry":{"type":"Point","coordinates":[2.2194811,41.4361347]}},{"type":"Feature","properties":{"cat":"salud"},"geometry":{"type":"Point","coordinates":[2.1923671,41.4089655]}},{"type":"Feature","properties":{"cat":"salud"},"geometry":{"type":"Point","coordinates":[2.1939015,41.4142278]}},{"type":"Feature","properties":{"cat":"salud"},"geometry":{"type":"Point","coordinates":[2.1873069,41.4108593]}},{"type":"Feature","properties":{"cat":"salud"},"geometry":{"type":"Point","coordinates":[2.1879832,41.4130628]}},{"type":"Feature","properties":{"cat":"salud"},"geometry":{"type":"Point","coordinates":[2.1842705,41.396464]}},{"type":"Feature","properties":{"cat":"salud"},"geometry":{"type":"Point","coordinates":[2.1852488,41.3969953]}},{"type":"Feature","properties":{"cat":"salud"},"geometry":{"type":"Point","coordinates":[2.2151476,41.4327351]}},{"type":"Feature","properties":{"cat":"salud"},"geometry":{"type":"Point","coordinates":[2.1830542,41.3813166]}},{"type":"Feature","properties":{"cat":"salud"},"geometry":{"type":"Point","coordinates":[2.1517271,41.3940484]}},{"type":"Feature","properties":{"cat":"salud"},"geometry":{"type":"Point","coordinates":[2.1520711,41.3924661]}},{"type":"Feature","properties":{"cat":"salud"},"geometry":{"type":"Point","coordinates":[2.1314732,41.3815185]}},{"type":"Feature","properties":{"cat":"salud"},"geometry":{"type":"Point","coordinates":[2.2282117,41.4377026]}},{"type":"Feature","properties":{"cat":"salud"},"geometry":{"type":"Point","coordinates":[2.2288637,41.4398617]}},{"type":"Feature","properties":{"cat":"salud"},"geometry":{"type":"Point","coordinates":[2.1667564,41.393373]}},{"type":"Feature","properties":{"cat":"salud"},"geometry":{"type":"Point","coordinates":[2.1673056,41.39612]}},{"type":"Feature","properties":{"cat":"salud"},"geometry":{"type":"Point","coordinates":[2.1664908,41.3915476]}},{"type":"Feature","properties":{"cat":"salud"},"geometry":{"type":"Point","coordinates":[2.1673741,41.3973212]}},{"type":"Feature","properties":{"cat":"salud"},"geometry":{"type":"Point","coordinates":[2.1805047,41.3852883]}},{"type":"Feature","properties":{"cat":"salud"},"geometry":{"type":"Point","coordinates":[2.1813213,41.3861045]}},{"type":"Feature","properties":{"cat":"salud"},"geometry":{"type":"Point","coordinates":[2.2008083,41.4188722]}},{"type":"Feature","properties":{"cat":"salud"},"geometry":{"type":"Point","coordinates":[2.1708452,41.3896811]}},{"type":"Feature","properties":{"cat":"salud"},"geometry":{"type":"Point","coordinates":[2.1126789,41.3871069]}},{"type":"Feature","properties":{"cat":"salud"},"geometry":{"type":"Point","coordinates":[2.1830222,41.4090455]}},{"type":"Feature","properties":{"cat":"salud"},"geometry":{"type":"Point","coordinates":[2.181875,41.4084631]}},{"type":"Feature","properties":{"cat":"salud"},"geometry":{"type":"Point","coordinates":[2.184219,41.4095759]}},{"type":"Feature","properties":{"cat":"salud"},"geometry":{"type":"Point","coordinates":[2.1863435,41.4098537]}},{"type":"Feature","properties":{"cat":"salud"},"geometry":{"type":"Point","coordinates":[2.1043781,41.3564249]}},{"type":"Feature","properties":{"cat":"salud"},"geometry":{"type":"Point","coordinates":[2.1775183,41.3858274]}},{"type":"Feature","properties":{"cat":"salud"},"geometry":{"type":"Point","coordinates":[2.1454012,41.3973876]}},{"type":"Feature","properties":{"cat":"salud"},"geometry":{"type":"Point","coordinates":[2.18537,41.4217718]}},{"type":"Feature","properties":{"cat":"salud"},"geometry":{"type":"Point","coordinates":[2.1796255,41.423508]}},{"type":"Feature","properties":{"cat":"salud"},"geometry":{"type":"Point","coordinates":[2.1710669,41.428518]}},{"type":"Feature","properties":{"cat":"salud"},"geometry":{"type":"Point","coordinates":[2.2259952,41.4358259]}},{"type":"Feature","properties":{"cat":"salud"},"geometry":{"type":"Point","coordinates":[2.1482236,41.3982171]}},{"type":"Feature","properties":{"cat":"salud"},"geometry":{"type":"Point","coordinates":[2.1682325,41.4067436]}},{"type":"Feature","properties":{"cat":"salud"},"geometry":{"type":"Point","coordinates":[2.1064118,41.373082]}},{"type":"Feature","properties":{"cat":"salud"},"geometry":{"type":"Point","coordinates":[2.1405379,41.3978126]}},{"type":"Feature","properties":{"cat":"salud"},"geometry":{"type":"Point","coordinates":[2.1848722,41.430333]}},{"type":"Feature","properties":{"cat":"salud"},"geometry":{"type":"Point","coordinates":[2.1895477,41.4302523]}},{"type":"Feature","properties":{"cat":"salud"},"geometry":{"type":"Point","coordinates":[2.1695948,41.3961127]}},{"type":"Feature","properties":{"cat":"salud"},"geometry":{"type":"Point","coordinates":[2.1078291,41.3478831]}},{"type":"Feature","properties":{"cat":"salud"},"geometry":{"type":"Point","coordinates":[2.1486344,41.4090594]}},{"type":"Feature","properties":{"cat":"salud"},"geometry":{"type":"Point","coordinates":[2.1471607,41.4113477]}},{"type":"Feature","properties":{"cat":"salud"},"geometry":{"type":"Point","coordinates":[2.142401,41.3970265]}},{"type":"Feature","properties":{"cat":"salud"},"geometry":{"type":"Point","coordinates":[2.141473,41.3965364]}},{"type":"Feature","properties":{"cat":"salud"},"geometry":{"type":"Point","coordinates":[2.1741037,41.4176314]}},{"type":"Feature","properties":{"cat":"salud"},"geometry":{"type":"Point","coordinates":[2.145926,41.3991649]}},{"type":"Feature","properties":{"cat":"salud"},"geometry":{"type":"Point","coordinates":[2.1489038,41.4010562]}},{"type":"Feature","properties":{"cat":"salud"},"geometry":{"type":"Point","coordinates":[2.1449827,41.3760196]}},{"type":"Feature","properties":{"cat":"salud"},"geometry":{"type":"Point","coordinates":[2.1742257,41.3737132]}},{"type":"Feature","properties":{"cat":"salud"},"geometry":{"type":"Point","coordinates":[2.1619763,41.3722367]}},{"type":"Feature","properties":{"cat":"salud"},"geometry":{"type":"Point","coordinates":[2.1835419,41.4046262]}},{"type":"Feature","properties":{"cat":"salud"},"geometry":{"type":"Point","coordinates":[2.1646625,41.3773148]}},{"type":"Feature","properties":{"cat":"salud"},"geometry":{"type":"Point","coordinates":[2.1419484,41.4298961]}},{"type":"Feature","properties":{"cat":"salud"},"geometry":{"type":"Point","coordinates":[2.1547392,41.3762965]}},{"type":"Feature","properties":{"cat":"salud"},"geometry":{"type":"Point","coordinates":[2.1678836,41.3727744]}},{"type":"Feature","properties":{"cat":"salud"},"geometry":{"type":"Point","coordinates":[2.1646734,41.372533]}},{"type":"Feature","properties":{"cat":"salud"},"geometry":{"type":"Point","coordinates":[2.1346974,41.378896]}},{"type":"Feature","properties":{"cat":"salud"},"geometry":{"type":"Point","coordinates":[2.1277335,41.4019779]}},{"type":"Feature","properties":{"cat":"salud"},"geometry":{"type":"Point","coordinates":[2.1311927,41.399678]}},{"type":"Feature","properties":{"cat":"salud"},"geometry":{"type":"Point","coordinates":[2.1342395,41.4064351]}},{"type":"Feature","properties":{"cat":"salud"},"geometry":{"type":"Point","coordinates":[2.1311316,41.4028003]}},{"type":"Feature","properties":{"cat":"salud"},"geometry":{"type":"Point","coordinates":[2.1292682,41.3961936]}},{"type":"Feature","properties":{"cat":"salud"},"geometry":{"type":"Point","coordinates":[2.1245834,41.399928]}},{"type":"Feature","properties":{"cat":"salud"},"geometry":{"type":"Point","coordinates":[2.1997215,41.3959331]}},{"type":"Feature","properties":{"cat":"salud"},"geometry":{"type":"Point","coordinates":[2.201792,41.4139071]}},{"type":"Feature","properties":{"cat":"salud"},"geometry":{"type":"Point","coordinates":[2.1668457,41.3948108]}},{"type":"Feature","properties":{"cat":"salud"},"geometry":{"type":"Point","coordinates":[2.1694527,41.4027693]}},{"type":"Feature","properties":{"cat":"salud"},"geometry":{"type":"Point","coordinates":[2.1693893,41.4042267]}},{"type":"Feature","properties":{"cat":"salud"},"geometry":{"type":"Point","coordinates":[2.1691422,41.3993792]}},{"type":"Feature","properties":{"cat":"salud"},"geometry":{"type":"Point","coordinates":[2.1658802,41.4032668]}},{"type":"Feature","properties":{"cat":"salud"},"geometry":{"type":"Point","coordinates":[2.2248267,41.4329258]}},{"type":"Feature","properties":{"cat":"salud"},"geometry":{"type":"Point","coordinates":[2.1647182,41.4041235]}},{"type":"Feature","properties":{"cat":"salud"},"geometry":{"type":"Point","coordinates":[2.1658109,41.4046394]}},{"type":"Feature","properties":{"cat":"salud"},"geometry":{"type":"Point","coordinates":[2.1629359,41.4061054]}},{"type":"Feature","properties":{"cat":"salud"},"geometry":{"type":"Point","coordinates":[2.1641922,41.4050242]}},{"type":"Feature","properties":{"cat":"salud"},"geometry":{"type":"Point","coordinates":[2.164486,41.401692]}},{"type":"Feature","properties":{"cat":"salud"},"geometry":{"type":"Point","coordinates":[2.1640378,41.4070882]}},{"type":"Feature","properties":{"cat":"salud"},"geometry":{"type":"Point","coordinates":[2.1607686,41.4309213]}},{"type":"Feature","properties":{"cat":"salud"},"geometry":{"type":"Point","coordinates":[2.1850181,41.3926937]}},{"type":"Feature","properties":{"cat":"salud"},"geometry":{"type":"Point","coordinates":[2.1803061,41.3917027]}},{"type":"Feature","properties":{"cat":"salud"},"geometry":{"type":"Point","coordinates":[2.125712,41.3750814]}},{"type":"Feature","properties":{"cat":"salud"},"geometry":{"type":"Point","coordinates":[2.1577335,41.3809479]}},{"type":"Feature","properties":{"cat":"salud"},"geometry":{"type":"Point","coordinates":[2.1848867,41.4149508]}},{"type":"Feature","properties":{"cat":"salud"},"geometry":{"type":"Point","coordinates":[2.2008746,41.4148133]}},{"type":"Feature","properties":{"cat":"salud"},"geometry":{"type":"Point","coordinates":[2.1984661,41.4151688]}},{"type":"Feature","properties":{"cat":"salud"},"geometry":{"type":"Point","coordinates":[2.1875524,41.3925039]}},{"type":"Feature","properties":{"cat":"salud"},"geometry":{"type":"Point","coordinates":[2.2084575,41.4202547]}},{"type":"Feature","properties":{"cat":"salud"},"geometry":{"type":"Point","coordinates":[2.1129326,41.3775677]}},{"type":"Feature","properties":{"cat":"salud"},"geometry":{"type":"Point","coordinates":[2.1155245,41.3774031]}},{"type":"Feature","properties":{"cat":"salud"},"geometry":{"type":"Point","coordinates":[2.1241646,41.401678]}},{"type":"Feature","properties":{"cat":"salud"},"geometry":{"type":"Point","coordinates":[2.1340592,41.3665124]}},{"type":"Feature","properties":{"cat":"salud"},"geometry":{"type":"Point","coordinates":[2.1630682,41.3799498]}},{"type":"Feature","properties":{"cat":"salud"},"geometry":{"type":"Point","coordinates":[2.1633671,41.3793289]}},{"type":"Feature","properties":{"cat":"salud"},"geometry":{"type":"Point","coordinates":[2.187176,41.3953251]}},{"type":"Feature","properties":{"cat":"salud"},"geometry":{"type":"Point","coordinates":[2.1435387,41.3878819]}},{"type":"Feature","properties":{"cat":"salud"},"geometry":{"type":"Point","coordinates":[2.174377,41.3995171]}},{"type":"Feature","properties":{"cat":"salud"},"geometry":{"type":"Point","coordinates":[2.1765995,41.3994744]}},{"type":"Feature","properties":{"cat":"salud"},"geometry":{"type":"Point","coordinates":[2.1349691,41.3637902]}},{"type":"Feature","properties":{"cat":"salud"},"geometry":{"type":"Point","coordinates":[2.151276,41.396629]}},{"type":"Feature","properties":{"cat":"salud"},"geometry":{"type":"Point","coordinates":[2.1577827,41.3918041]}},{"type":"Feature","properties":{"cat":"salud"},"geometry":{"type":"Point","coordinates":[2.1576571,41.3975988]}},{"type":"Feature","properties":{"cat":"salud"},"geometry":{"type":"Point","coordinates":[2.1009616,41.3625093]}},{"type":"Feature","properties":{"cat":"salud"},"geometry":{"type":"Point","coordinates":[2.1794733,41.389258]}},{"type":"Feature","properties":{"cat":"salud"},"geometry":{"type":"Point","coordinates":[2.1762822,41.3859602]}},{"type":"Feature","properties":{"cat":"salud"},"geometry":{"type":"Point","coordinates":[2.157398,41.3983481]}},{"type":"Feature","properties":{"cat":"salud"},"geometry":{"type":"Point","coordinates":[2.1333257,41.4021902]}},{"type":"Feature","properties":{"cat":"salud"},"geometry":{"type":"Point","coordinates":[2.1542016,41.3980174]}},{"type":"Feature","properties":{"cat":"salud"},"geometry":{"type":"Point","coordinates":[2.1648364,41.3755377]}},{"type":"Feature","properties":{"cat":"salud"},"geometry":{"type":"Point","coordinates":[2.1241779,41.3870796]}},{"type":"Feature","properties":{"cat":"salud"},"geometry":{"type":"Point","coordinates":[2.1738875,41.3942066]}},{"type":"Feature","properties":{"cat":"salud"},"geometry":{"type":"Point","coordinates":[2.1547188,41.3831805]}},{"type":"Feature","properties":{"cat":"salud"},"geometry":{"type":"Point","coordinates":[2.1716102,41.3946279]}},{"type":"Feature","properties":{"cat":"salud"},"geometry":{"type":"Point","coordinates":[2.1617649,41.376026]}},{"type":"Feature","properties":{"cat":"salud"},"geometry":{"type":"Point","coordinates":[2.1613134,41.3767872]}},{"type":"Feature","properties":{"cat":"salud"},"geometry":{"type":"Point","coordinates":[2.162387,41.3777959]}},{"type":"Feature","properties":{"cat":"salud"},"geometry":{"type":"Point","coordinates":[2.135315,41.3743158]}},{"type":"Feature","properties":{"cat":"salud"},"geometry":{"type":"Point","coordinates":[2.1627146,41.3771312]}},{"type":"Feature","properties":{"cat":"salud"},"geometry":{"type":"Point","coordinates":[2.1595012,41.3747922]}},{"type":"Feature","properties":{"cat":"salud"},"geometry":{"type":"Point","coordinates":[2.1239439,41.4011524]}},{"type":"Feature","properties":{"cat":"salud"},"geometry":{"type":"Point","coordinates":[2.1268116,41.4026909]}},{"type":"Feature","properties":{"cat":"salud"},"geometry":{"type":"Point","coordinates":[2.1277239,41.4036048]}},{"type":"Feature","properties":{"cat":"salud"},"geometry":{"type":"Point","coordinates":[2.1291591,41.4043881]}},{"type":"Feature","properties":{"cat":"salud"},"geometry":{"type":"Point","coordinates":[2.1270709,41.4017972]}},{"type":"Feature","properties":{"cat":"salud"},"geometry":{"type":"Point","coordinates":[2.1326705,41.4045451]}},{"type":"Feature","properties":{"cat":"salud"},"geometry":{"type":"Point","coordinates":[2.1733003,41.3970879]}},{"type":"Feature","properties":{"cat":"salud"},"geometry":{"type":"Point","coordinates":[2.1613115,41.4090401]}},{"type":"Feature","properties":{"cat":"salud"},"geometry":{"type":"Point","coordinates":[2.174919,41.3869997]}},{"type":"Feature","properties":{"cat":"salud"},"geometry":{"type":"Point","coordinates":[2.1802127,41.4174872]}},{"type":"Feature","properties":{"cat":"salud"},"geometry":{"type":"Point","coordinates":[2.1802186,41.4193195]}},{"type":"Feature","properties":{"cat":"salud"},"geometry":{"type":"Point","coordinates":[2.180347,41.421044]}},{"type":"Feature","properties":{"cat":"salud"},"geometry":{"type":"Point","coordinates":[2.1836585,41.4200091]}},{"type":"Feature","properties":{"cat":"salud"},"geometry":{"type":"Point","coordinates":[2.174767,41.4204757]}},{"type":"Feature","properties":{"cat":"salud"},"geometry":{"type":"Point","coordinates":[2.1765831,41.4188182]}},{"type":"Feature","properties":{"cat":"salud"},"geometry":{"type":"Point","coordinates":[2.1744,41.3919899]}},{"type":"Feature","properties":{"cat":"salud"},"geometry":{"type":"Point","coordinates":[2.1753215,41.3912657]}},{"type":"Feature","properties":{"cat":"salud"},"geometry":{"type":"Point","coordinates":[2.1580321,41.4001959]}},{"type":"Feature","properties":{"cat":"salud"},"geometry":{"type":"Point","coordinates":[2.1716855,41.3940236]}},{"type":"Feature","properties":{"cat":"salud"},"geometry":{"type":"Point","coordinates":[2.1804725,41.3902982]}},{"type":"Feature","properties":{"cat":"salud"},"geometry":{"type":"Point","coordinates":[2.1810765,41.4144358]}},{"type":"Feature","properties":{"cat":"salud"},"geometry":{"type":"Point","coordinates":[2.1794321,41.4106026]}},{"type":"Feature","properties":{"cat":"salud"},"geometry":{"type":"Point","coordinates":[2.1818292,41.418943]}},{"type":"Feature","properties":{"cat":"salud"},"geometry":{"type":"Point","coordinates":[2.17856,41.4172302]}},{"type":"Feature","properties":{"cat":"salud"},"geometry":{"type":"Point","coordinates":[2.1607398,41.4208264]}},{"type":"Feature","properties":{"cat":"salud"},"geometry":{"type":"Point","coordinates":[2.1350993,41.3766556]}},{"type":"Feature","properties":{"cat":"salud"},"geometry":{"type":"Point","coordinates":[2.1276032,41.382244]}},{"type":"Feature","properties":{"cat":"salud"},"geometry":{"type":"Point","coordinates":[2.1766621,41.3960683]}},{"type":"Feature","properties":{"cat":"salud"},"geometry":{"type":"Point","coordinates":[2.1825869,41.4259246]}},{"type":"Feature","properties":{"cat":"salud"},"geometry":{"type":"Point","coordinates":[2.174656,41.3946829]}},{"type":"Feature","properties":{"cat":"salud"},"geometry":{"type":"Point","coordinates":[2.1819505,41.4113301]}},{"type":"Feature","properties":{"cat":"salud"},"geometry":{"type":"Point","coordinates":[2.1601532,41.4026958]}},{"type":"Feature","properties":{"cat":"salud"},"geometry":{"type":"Point","coordinates":[2.1666774,41.4070182]}},{"type":"Feature","properties":{"cat":"salud"},"geometry":{"type":"Point","coordinates":[2.1618025,41.3867509]}},{"type":"Feature","properties":{"cat":"salud"},"geometry":{"type":"Point","coordinates":[2.161076,41.3873253]}},{"type":"Feature","properties":{"cat":"salud"},"geometry":{"type":"Point","coordinates":[2.1621718,41.3864603]}},{"type":"Feature","properties":{"cat":"salud"},"geometry":{"type":"Point","coordinates":[2.1705766,41.382366]}},{"type":"Feature","properties":{"cat":"salud"},"geometry":{"type":"Point","coordinates":[2.1821338,41.379957]}},{"type":"Feature","properties":{"cat":"salud"},"geometry":{"type":"Point","coordinates":[2.1335918,41.4024142]}},{"type":"Feature","properties":{"cat":"salud"},"geometry":{"type":"Point","coordinates":[2.1299008,41.4045111]}},{"type":"Feature","properties":{"cat":"salud"},"geometry":{"type":"Point","coordinates":[2.1791115,41.4398291]}},{"type":"Feature","properties":{"cat":"salud"},"geometry":{"type":"Point","coordinates":[2.1834787,41.385231]}},{"type":"Feature","properties":{"cat":"salud"},"geometry":{"type":"Point","coordinates":[2.1271501,41.3770103]}},{"type":"Feature","properties":{"cat":"salud"},"geometry":{"type":"Point","coordinates":[2.1966273,41.4166522]}},{"type":"Feature","properties":{"cat":"salud"},"geometry":{"type":"Point","coordinates":[2.2011217,41.4161032]}},{"type":"Feature","properties":{"cat":"salud"},"geometry":{"type":"Point","coordinates":[2.1633668,41.3963303]}},{"type":"Feature","properties":{"cat":"salud"},"geometry":{"type":"Point","coordinates":[2.1725025,41.4041524]}},{"type":"Feature","properties":{"cat":"salud"},"geometry":{"type":"Point","coordinates":[2.2204166,41.4137301]}},{"type":"Feature","properties":{"cat":"salud"},"geometry":{"type":"Point","coordinates":[2.2039073,41.4217486]}},{"type":"Feature","properties":{"cat":"salud"},"geometry":{"type":"Point","coordinates":[2.222634,41.4182365]}},{"type":"Feature","properties":{"cat":"salud"},"geometry":{"type":"Point","coordinates":[2.2217645,41.4361081]}},{"type":"Feature","properties":{"cat":"salud"},"geometry":{"type":"Point","coordinates":[2.1805323,41.3873009]}},{"type":"Feature","properties":{"cat":"salud"},"geometry":{"type":"Point","coordinates":[2.1789023,41.3872764]}},{"type":"Feature","properties":{"cat":"salud"},"geometry":{"type":"Point","coordinates":[2.1443626,41.3812594]}},{"type":"Feature","properties":{"cat":"salud"},"geometry":{"type":"Point","coordinates":[2.1754858,41.4172978]}},{"type":"Feature","properties":{"cat":"salud"},"geometry":{"type":"Point","coordinates":[2.1603603,41.4059763]}},{"type":"Feature","properties":{"cat":"salud"},"geometry":{"type":"Point","coordinates":[2.1373311,41.365829]}},{"type":"Feature","properties":{"cat":"salud"},"geometry":{"type":"Point","coordinates":[2.2128593,41.4353444]}},{"type":"Feature","properties":{"cat":"salud"},"geometry":{"type":"Point","coordinates":[2.2209301,41.4482986]}},{"type":"Feature","properties":{"cat":"salud"},"geometry":{"type":"Point","coordinates":[2.205516,41.4493077]}},{"type":"Feature","properties":{"cat":"salud"},"geometry":{"type":"Point","coordinates":[2.2104661,41.4486247]}},{"type":"Feature","properties":{"cat":"salud"},"geometry":{"type":"Point","coordinates":[2.1615242,41.3839547]}},{"type":"Feature","properties":{"cat":"salud"},"geometry":{"type":"Point","coordinates":[2.1357059,41.397648]}},{"type":"Feature","properties":{"cat":"salud"},"geometry":{"type":"Point","coordinates":[2.1461082,41.3970116]}},{"type":"Feature","properties":{"cat":"salud"},"geometry":{"type":"Point","coordinates":[2.1564099,41.3736855]}},{"type":"Feature","properties":{"cat":"salud"},"geometry":{"type":"Point","coordinates":[2.1319566,41.3866366]}},{"type":"Feature","properties":{"cat":"salud"},"geometry":{"type":"Point","coordinates":[2.1527377,41.3970031]}},{"type":"Feature","properties":{"cat":"salud"},"geometry":{"type":"Point","coordinates":[2.2108093,41.4219561]}},{"type":"Feature","properties":{"cat":"salud"},"geometry":{"type":"Point","coordinates":[2.2103153,41.420322]}},{"type":"Feature","properties":{"cat":"salud"},"geometry":{"type":"Point","coordinates":[2.1835275,41.4327147]}},{"type":"Feature","properties":{"cat":"salud"},"geometry":{"type":"Point","coordinates":[2.1841434,41.4341356]}},{"type":"Feature","properties":{"cat":"salud"},"geometry":{"type":"Point","coordinates":[2.179637,41.3983946]}},{"type":"Feature","properties":{"cat":"salud"},"geometry":{"type":"Point","coordinates":[2.2189222,41.4343199]}},{"type":"Feature","properties":{"cat":"salud"},"geometry":{"type":"Point","coordinates":[2.167333,41.3944417]}},{"type":"Feature","properties":{"cat":"salud"},"geometry":{"type":"Point","coordinates":[2.134702,41.3680685]}},{"type":"Feature","properties":{"cat":"salud"},"geometry":{"type":"Point","coordinates":[2.1656231,41.409403]}},{"type":"Feature","properties":{"cat":"salud"},"geometry":{"type":"Point","coordinates":[2.1366371,41.4040947]}},{"type":"Feature","properties":{"cat":"salud"},"geometry":{"type":"Point","coordinates":[2.1881311,41.3787256]}},{"type":"Feature","properties":{"cat":"salud"},"geometry":{"type":"Point","coordinates":[2.1251507,41.3732577]}},{"type":"Feature","properties":{"cat":"salud"},"geometry":{"type":"Point","coordinates":[2.1619489,41.3986908]}},{"type":"Feature","properties":{"cat":"salud"},"geometry":{"type":"Point","coordinates":[2.1361887,41.4109782]}},{"type":"Feature","properties":{"cat":"salud"},"geometry":{"type":"Point","coordinates":[2.1893771,41.4330099]}},{"type":"Feature","properties":{"cat":"salud"},"geometry":{"type":"Point","coordinates":[2.1892481,41.4337985]}},{"type":"Feature","properties":{"cat":"salud"},"geometry":{"type":"Point","coordinates":[2.1892986,41.4313193]}},{"type":"Feature","properties":{"cat":"salud"},"geometry":{"type":"Point","coordinates":[2.1912086,41.4241686]}},{"type":"Feature","properties":{"cat":"salud"},"geometry":{"type":"Point","coordinates":[2.198855,41.4221648]}},{"type":"Feature","properties":{"cat":"salud"},"geometry":{"type":"Point","coordinates":[2.1916532,41.4238636]}},{"type":"Feature","properties":{"cat":"salud"},"geometry":{"type":"Point","coordinates":[2.2104136,41.418963]}},{"type":"Feature","properties":{"cat":"salud"},"geometry":{"type":"Point","coordinates":[2.2087552,41.4174174]}},{"type":"Feature","properties":{"cat":"salud"},"geometry":{"type":"Point","coordinates":[2.1798478,41.385882]}},{"type":"Feature","properties":{"cat":"salud"},"geometry":{"type":"Point","coordinates":[2.2046081,41.3992991]}},{"type":"Feature","properties":{"cat":"salud"},"geometry":{"type":"Point","coordinates":[2.1806768,41.3851505]}},{"type":"Feature","properties":{"cat":"salud"},"geometry":{"type":"Point","coordinates":[2.1444053,41.3966226]}},{"type":"Feature","properties":{"cat":"salud"},"geometry":{"type":"Point","coordinates":[2.1890008,41.401519]}},{"type":"Feature","properties":{"cat":"salud"},"geometry":{"type":"Point","coordinates":[2.1843851,41.3980437]}},{"type":"Feature","properties":{"cat":"salud"},"geometry":{"type":"Point","coordinates":[2.1802269,41.3949749]}},{"type":"Feature","properties":{"cat":"salud"},"geometry":{"type":"Point","coordinates":[2.1697132,41.3921971]}},{"type":"Feature","properties":{"cat":"salud"},"geometry":{"type":"Point","coordinates":[2.1712342,41.3931841]}},{"type":"Feature","properties":{"cat":"salud"},"geometry":{"type":"Point","coordinates":[2.1747234,41.3960293]}},{"type":"Feature","properties":{"cat":"salud"},"geometry":{"type":"Point","coordinates":[2.1762553,41.3975949]}},{"type":"Feature","properties":{"cat":"salud"},"geometry":{"type":"Point","coordinates":[2.1533331,41.3981643]}},{"type":"Feature","properties":{"cat":"salud"},"geometry":{"type":"Point","coordinates":[2.1757279,41.4018621]}},{"type":"Feature","properties":{"cat":"salud"},"geometry":{"type":"Point","coordinates":[2.1777163,41.4033519]}},{"type":"Feature","properties":{"cat":"salud"},"geometry":{"type":"Point","coordinates":[2.1781198,41.3877874]}},{"type":"Feature","properties":{"cat":"salud"},"geometry":{"type":"Point","coordinates":[2.1599398,41.3938965]}},{"type":"Feature","properties":{"cat":"salud"},"geometry":{"type":"Point","coordinates":[2.1615104,41.3928325]}},{"type":"Feature","properties":{"cat":"salud"},"geometry":{"type":"Point","coordinates":[2.1622028,41.3916482]}},{"type":"Feature","properties":{"cat":"salud"},"geometry":{"type":"Point","coordinates":[2.1630051,41.3915943]}},{"type":"Feature","properties":{"cat":"salud"},"geometry":{"type":"Point","coordinates":[2.186061,41.4058878]}},{"type":"Feature","properties":{"cat":"salud"},"geometry":{"type":"Point","coordinates":[2.1662202,41.4009431]}},{"type":"Feature","properties":{"cat":"salud"},"geometry":{"type":"Point","coordinates":[2.1632398,41.4005786]}},{"type":"Feature","properties":{"cat":"salud"},"geometry":{"type":"Point","coordinates":[2.1558849,41.395855]}},{"type":"Feature","properties":{"cat":"salud"},"geometry":{"type":"Point","coordinates":[2.1556606,41.398548]}},{"type":"Feature","properties":{"cat":"salud"},"geometry":{"type":"Point","coordinates":[2.1607964,41.3834728]}},{"type":"Feature","properties":{"cat":"salud"},"geometry":{"type":"Point","coordinates":[2.1590262,41.3867738]}},{"type":"Feature","properties":{"cat":"salud"},"geometry":{"type":"Point","coordinates":[2.1739136,41.3890967]}},{"type":"Feature","properties":{"cat":"salud"},"geometry":{"type":"Point","coordinates":[2.1600692,41.3825804]}},{"type":"Feature","properties":{"cat":"salud"},"geometry":{"type":"Point","coordinates":[2.1715048,41.3853601]}},{"type":"Feature","properties":{"cat":"salud"},"geometry":{"type":"Point","coordinates":[2.1850031,41.3829715]}},{"type":"Feature","properties":{"cat":"salud"},"geometry":{"type":"Point","coordinates":[2.1937645,41.3983892]}},{"type":"Feature","properties":{"cat":"salud"},"geometry":{"type":"Point","coordinates":[2.1420586,41.3814347]}},{"type":"Feature","properties":{"cat":"salud"},"geometry":{"type":"Point","coordinates":[2.1706813,41.4021163]}},{"type":"Feature","properties":{"cat":"salud"},"geometry":{"type":"Point","coordinates":[2.1568176,41.401987]}},{"type":"Feature","properties":{"cat":"salud"},"geometry":{"type":"Point","coordinates":[2.1796165,41.3959003]}},{"type":"Feature","properties":{"cat":"salud"},"geometry":{"type":"Point","coordinates":[2.1468386,41.3840132]}},{"type":"Feature","properties":{"cat":"salud"},"geometry":{"type":"Point","coordinates":[2.1364922,41.3819014]}},{"type":"Feature","properties":{"cat":"salud"},"geometry":{"type":"Point","coordinates":[2.1444765,41.3837559]}},{"type":"Feature","properties":{"cat":"salud"},"geometry":{"type":"Point","coordinates":[2.1390897,41.3815223]}},{"type":"Feature","properties":{"cat":"salud"},"geometry":{"type":"Point","coordinates":[2.1264784,41.3851705]}},{"type":"Feature","properties":{"cat":"salud"},"geometry":{"type":"Point","coordinates":[2.1267158,41.3842716]}},{"type":"Feature","properties":{"cat":"salud"},"geometry":{"type":"Point","coordinates":[2.1785126,41.4191956]}},{"type":"Feature","properties":{"cat":"salud"},"geometry":{"type":"Point","coordinates":[2.1901389,41.412451]}},{"type":"Feature","properties":{"cat":"salud"},"geometry":{"type":"Point","coordinates":[2.1784553,41.4191528]}},{"type":"Feature","properties":{"cat":"salud"},"geometry":{"type":"Point","coordinates":[2.1380559,41.3976102]}},{"type":"Feature","properties":{"cat":"salud"},"geometry":{"type":"Point","coordinates":[2.1437448,41.4031451]}},{"type":"Feature","properties":{"cat":"salud"},"geometry":{"type":"Point","coordinates":[2.2051249,41.4000409]}},{"type":"Feature","properties":{"cat":"salud"},"geometry":{"type":"Point","coordinates":[2.2135034,41.4102415]}},{"type":"Feature","properties":{"cat":"salud"},"geometry":{"type":"Point","coordinates":[2.2100689,41.4097966]}},{"type":"Feature","properties":{"cat":"salud"},"geometry":{"type":"Point","coordinates":[2.1718063,41.3887676]}},{"type":"Feature","properties":{"cat":"salud"},"geometry":{"type":"Point","coordinates":[2.1657968,41.3870956]}},{"type":"Feature","properties":{"cat":"salud"},"geometry":{"type":"Point","coordinates":[2.1558596,41.3839184]}},{"type":"Feature","properties":{"cat":"salud"},"geometry":{"type":"Point","coordinates":[2.1591832,41.3886399]}},{"type":"Feature","properties":{"cat":"salud"},"geometry":{"type":"Point","coordinates":[2.1964666,41.3926887]}},{"type":"Feature","properties":{"cat":"salud"},"geometry":{"type":"Point","coordinates":[2.188812,41.3802004]}},{"type":"Feature","properties":{"cat":"salud"},"geometry":{"type":"Point","coordinates":[2.1547807,41.4099408]}},{"type":"Feature","properties":{"cat":"salud"},"geometry":{"type":"Point","coordinates":[2.1533861,41.4087596]}},{"type":"Feature","properties":{"cat":"salud"},"geometry":{"type":"Point","coordinates":[2.1534613,41.4053263]}},{"type":"Feature","properties":{"cat":"salud"},"geometry":{"type":"Point","coordinates":[2.1907955,41.4397961]}},{"type":"Feature","properties":{"cat":"salud"},"geometry":{"type":"Point","coordinates":[2.1908637,41.4389109]}},{"type":"Feature","properties":{"cat":"salud"},"geometry":{"type":"Point","coordinates":[2.1989015,41.4004591]}},{"type":"Feature","properties":{"cat":"salud"},"geometry":{"type":"Point","coordinates":[2.1767622,41.3867335]}},{"type":"Feature","properties":{"cat":"salud"},"geometry":{"type":"Point","coordinates":[2.145456,41.3746929]}},{"type":"Feature","properties":{"cat":"salud"},"geometry":{"type":"Point","coordinates":[2.1422015,41.3746197]}},{"type":"Feature","properties":{"cat":"salud"},"geometry":{"type":"Point","coordinates":[2.1586915,41.3825429]}},{"type":"Feature","properties":{"cat":"salud"},"geometry":{"type":"Point","coordinates":[2.1793997,41.3973433]}},{"type":"Feature","properties":{"cat":"salud"},"geometry":{"type":"Point","coordinates":[2.1841461,41.4016698]}},{"type":"Feature","properties":{"cat":"salud"},"geometry":{"type":"Point","coordinates":[2.1786497,41.3903947]}},{"type":"Feature","properties":{"cat":"salud"},"geometry":{"type":"Point","coordinates":[2.1861702,41.4117315]}},{"type":"Feature","properties":{"cat":"salud"},"geometry":{"type":"Point","coordinates":[2.1854729,41.4111749]}},{"type":"Feature","properties":{"cat":"salud"},"geometry":{"type":"Point","coordinates":[2.1846913,41.413364]}},{"type":"Feature","properties":{"cat":"salud"},"geometry":{"type":"Point","coordinates":[2.1477951,41.3918351]}},{"type":"Feature","properties":{"cat":"salud"},"geometry":{"type":"Point","coordinates":[2.1569843,41.4001025]}},{"type":"Feature","properties":{"cat":"salud"},"geometry":{"type":"Point","coordinates":[2.1531971,41.3932664]}},{"type":"Feature","properties":{"cat":"salud"},"geometry":{"type":"Point","coordinates":[2.1560644,41.3994631]}},{"type":"Feature","properties":{"cat":"salud"},"geometry":{"type":"Point","coordinates":[2.1735653,41.4056655]}},{"type":"Feature","properties":{"cat":"salud"},"geometry":{"type":"Point","coordinates":[2.1769567,41.4079167]}},{"type":"Feature","properties":{"cat":"salud"},"geometry":{"type":"Point","coordinates":[2.206939,41.4174827]}},{"type":"Feature","properties":{"cat":"salud"},"geometry":{"type":"Point","coordinates":[2.2074332,41.4181678]}},{"type":"Feature","properties":{"cat":"salud"},"geometry":{"type":"Point","coordinates":[2.1989855,41.4094536]}},{"type":"Feature","properties":{"cat":"salud"},"geometry":{"type":"Point","coordinates":[2.2115204,41.4176961]}},{"type":"Feature","properties":{"cat":"salud"},"geometry":{"type":"Point","coordinates":[2.2149655,41.4190325]}},{"type":"Feature","properties":{"cat":"salud"},"geometry":{"type":"Point","coordinates":[2.2134281,41.416865]}},{"type":"Feature","properties":{"cat":"salud"},"geometry":{"type":"Point","coordinates":[2.1911644,41.4250304]}},{"type":"Feature","properties":{"cat":"salud"},"geometry":{"type":"Point","coordinates":[2.1834908,41.4475689]}},{"type":"Feature","properties":{"cat":"salud"},"geometry":{"type":"Point","coordinates":[2.1336707,41.428039]}},{"type":"Feature","properties":{"cat":"salud"},"geometry":{"type":"Point","coordinates":[2.1572502,41.4214689]}},{"type":"Feature","properties":{"cat":"salud"},"geometry":{"type":"Point","coordinates":[2.1488329,41.390481]}},{"type":"Feature","properties":{"cat":"salud"},"geometry":{"type":"Point","coordinates":[2.1389335,41.4248052]}},{"type":"Feature","properties":{"cat":"salud"},"geometry":{"type":"Point","coordinates":[2.1404073,41.4299129]}},{"type":"Feature","properties":{"cat":"salud"},"geometry":{"type":"Point","coordinates":[2.1431949,41.4315695]}},{"type":"Feature","properties":{"cat":"salud"},"geometry":{"type":"Point","coordinates":[2.217861,41.4120073]}},{"type":"Feature","properties":{"cat":"salud"},"geometry":{"type":"Point","coordinates":[2.2157323,41.4117629]}},{"type":"Feature","properties":{"cat":"salud"},"geometry":{"type":"Point","coordinates":[2.2120359,41.4038929]}},{"type":"Feature","properties":{"cat":"salud"},"geometry":{"type":"Point","coordinates":[2.1973609,41.3912199]}},{"type":"Feature","properties":{"cat":"salud"},"geometry":{"type":"Point","coordinates":[2.1954423,41.3887593]}},{"type":"Feature","properties":{"cat":"salud"},"geometry":{"type":"Point","coordinates":[2.1506081,41.3989313]}},{"type":"Feature","properties":{"cat":"salud"},"geometry":{"type":"Point","coordinates":[2.1865657,41.4081768]}},{"type":"Feature","properties":{"cat":"salud"},"geometry":{"type":"Point","coordinates":[2.1845708,41.4082548]}},{"type":"Feature","properties":{"cat":"salud"},"geometry":{"type":"Point","coordinates":[2.1838383,41.406537]}},{"type":"Feature","properties":{"cat":"salud"},"geometry":{"type":"Point","coordinates":[2.1691296,41.391]}},{"type":"Feature","properties":{"cat":"salud"},"geometry":{"type":"Point","coordinates":[2.2037059,41.4176516]}},{"type":"Feature","properties":{"cat":"salud"},"geometry":{"type":"Point","coordinates":[2.205171,41.4177618]}},{"type":"Feature","properties":{"cat":"salud"},"geometry":{"type":"Point","coordinates":[2.2054446,41.4190299]}},{"type":"Feature","properties":{"cat":"salud"},"geometry":{"type":"Point","coordinates":[2.2060136,41.4202372]}},{"type":"Feature","properties":{"cat":"salud"},"geometry":{"type":"Point","coordinates":[2.2089274,41.4242625]}},{"type":"Feature","properties":{"cat":"salud"},"geometry":{"type":"Point","coordinates":[2.2023065,41.4220158]}},{"type":"Feature","properties":{"cat":"salud"},"geometry":{"type":"Point","coordinates":[2.2014567,41.4225941]}},{"type":"Feature","properties":{"cat":"salud"},"geometry":{"type":"Point","coordinates":[2.2006989,41.4212493]}},{"type":"Feature","properties":{"cat":"salud"},"geometry":{"type":"Point","coordinates":[2.1991171,41.4200773]}},{"type":"Feature","properties":{"cat":"salud"},"geometry":{"type":"Point","coordinates":[2.1960115,41.4185105]}},{"type":"Feature","properties":{"cat":"salud"},"geometry":{"type":"Point","coordinates":[2.2002973,41.4238623]}},{"type":"Feature","properties":{"cat":"salud"},"geometry":{"type":"Point","coordinates":[2.2019736,41.4247928]}},{"type":"Feature","properties":{"cat":"salud"},"geometry":{"type":"Point","coordinates":[2.2009302,41.4259172]}},{"type":"Feature","properties":{"cat":"salud"},"geometry":{"type":"Point","coordinates":[2.2071665,41.434825]}},{"type":"Feature","properties":{"cat":"salud"},"geometry":{"type":"Point","coordinates":[2.2049731,41.4345441]}},{"type":"Feature","properties":{"cat":"salud"},"geometry":{"type":"Point","coordinates":[2.1452478,41.4328837]}},{"type":"Feature","properties":{"cat":"salud"},"geometry":{"type":"Point","coordinates":[2.1983672,41.4409291]}},{"type":"Feature","properties":{"cat":"salud"},"geometry":{"type":"Point","coordinates":[2.204582,41.4389845]}},{"type":"Feature","properties":{"cat":"salud"},"geometry":{"type":"Point","coordinates":[2.1962788,41.4381156]}},{"type":"Feature","properties":{"cat":"salud"},"geometry":{"type":"Point","coordinates":[2.1992945,41.4473645]}},{"type":"Feature","properties":{"cat":"salud"},"geometry":{"type":"Point","coordinates":[2.198758,41.4464504]}},{"type":"Feature","properties":{"cat":"salud"},"geometry":{"type":"Point","coordinates":[2.1914562,41.4487819]}},{"type":"Feature","properties":{"cat":"salud"},"geometry":{"type":"Point","coordinates":[2.1876154,41.4382954]}},{"type":"Feature","properties":{"cat":"salud"},"geometry":{"type":"Point","coordinates":[2.1909192,41.4377994]}},{"type":"Feature","properties":{"cat":"salud"},"geometry":{"type":"Point","coordinates":[2.1899284,41.4208037]}},{"type":"Feature","properties":{"cat":"salud"},"geometry":{"type":"Point","coordinates":[2.2217843,41.4406572]}},{"type":"Feature","properties":{"cat":"salud"},"geometry":{"type":"Point","coordinates":[2.1496536,41.3996393]}},{"type":"Feature","properties":{"cat":"salud"},"geometry":{"type":"Point","coordinates":[2.1782179,41.3834647]}},{"type":"Feature","properties":{"cat":"salud"},"geometry":{"type":"Point","coordinates":[2.1823699,41.4265836]}},{"type":"Feature","properties":{"cat":"salud"},"geometry":{"type":"Point","coordinates":[2.1855635,41.4259415]}},{"type":"Feature","properties":{"cat":"salud"},"geometry":{"type":"Point","coordinates":[2.1628618,41.3956147]}},{"type":"Feature","properties":{"cat":"salud"},"geometry":{"type":"Point","coordinates":[2.1744498,41.3806166]}},{"type":"Feature","properties":{"cat":"salud"},"geometry":{"type":"Point","coordinates":[2.1794611,41.4018636]}},{"type":"Feature","properties":{"cat":"salud"},"geometry":{"type":"Point","coordinates":[2.1704221,41.4083979]}},{"type":"Feature","properties":{"cat":"salud"},"geometry":{"type":"Point","coordinates":[2.1631277,41.4115254]}},{"type":"Feature","properties":{"cat":"salud"},"geometry":{"type":"Point","coordinates":[2.1594212,41.4111118]}},{"type":"Feature","properties":{"cat":"salud"},"geometry":{"type":"Point","coordinates":[2.1569202,41.4109954]}},{"type":"Feature","properties":{"cat":"salud"},"geometry":{"type":"Point","coordinates":[2.1664929,41.4118349]}},{"type":"Feature","properties":{"cat":"salud"},"geometry":{"type":"Point","coordinates":[2.1266571,41.3871121]}},{"type":"Feature","properties":{"cat":"salud"},"geometry":{"type":"Point","coordinates":[2.1267825,41.3865899]}},{"type":"Feature","properties":{"cat":"salud"},"geometry":{"type":"Point","coordinates":[2.1803469,41.4257119]}},{"type":"Feature","properties":{"cat":"salud"},"geometry":{"type":"Point","coordinates":[2.1391048,41.3890351]}},{"type":"Feature","properties":{"cat":"salud"},"geometry":{"type":"Point","coordinates":[2.1412077,41.3910607]}},{"type":"Feature","properties":{"cat":"salud"},"geometry":{"type":"Point","coordinates":[2.1851691,41.4086234]}},{"type":"Feature","properties":{"cat":"salud"},"geometry":{"type":"Point","coordinates":[2.1620876,41.3948371]}},{"type":"Feature","properties":{"cat":"salud"},"geometry":{"type":"Point","coordinates":[2.1585311,41.3944965]}},{"type":"Feature","properties":{"cat":"salud"},"geometry":{"type":"Point","coordinates":[2.1540606,41.3905286]}},{"type":"Feature","properties":{"cat":"salud"},"geometry":{"type":"Point","coordinates":[2.1467145,41.3909271]}},{"type":"Feature","properties":{"cat":"salud"},"geometry":{"type":"Point","coordinates":[2.1882701,41.4287276]}},{"type":"Feature","properties":{"cat":"salud"},"geometry":{"type":"Point","coordinates":[2.1897978,41.4280046]}},{"type":"Feature","properties":{"cat":"salud"},"geometry":{"type":"Point","coordinates":[2.1942984,41.4298077]}},{"type":"Feature","properties":{"cat":"salud"},"geometry":{"type":"Point","coordinates":[2.1943516,41.4280502]}},{"type":"Feature","properties":{"cat":"salud"},"geometry":{"type":"Point","coordinates":[2.1656695,41.3919711]}},{"type":"Feature","properties":{"cat":"salud"},"geometry":{"type":"Point","coordinates":[2.1645136,41.3934587]}},{"type":"Feature","properties":{"cat":"salud"},"geometry":{"type":"Point","coordinates":[2.1370617,41.3853045]}},{"type":"Feature","properties":{"cat":"salud"},"geometry":{"type":"Point","coordinates":[2.1502423,41.3917045]}},{"type":"Feature","properties":{"cat":"salud"},"geometry":{"type":"Point","coordinates":[2.1426723,41.3915154]}},{"type":"Feature","properties":{"cat":"salud"},"geometry":{"type":"Point","coordinates":[2.1440191,41.3868493]}},{"type":"Feature","properties":{"cat":"salud"},"geometry":{"type":"Point","coordinates":[2.1551833,41.3931056]}},{"type":"Feature","properties":{"cat":"salud"},"geometry":{"type":"Point","coordinates":[2.1605963,41.4221937]}},{"type":"Feature","properties":{"cat":"salud"},"geometry":{"type":"Point","coordinates":[2.1643012,41.4294298]}},{"type":"Feature","properties":{"cat":"salud"},"geometry":{"type":"Point","coordinates":[2.137139,41.3891091]}},{"type":"Feature","properties":{"cat":"salud"},"geometry":{"type":"Point","coordinates":[2.1792712,41.4442285]}},{"type":"Feature","properties":{"cat":"salud"},"geometry":{"type":"Point","coordinates":[2.1779231,41.4440958]}},{"type":"Feature","properties":{"cat":"salud"},"geometry":{"type":"Point","coordinates":[2.1819079,41.4436335]}},{"type":"Feature","properties":{"cat":"salud"},"geometry":{"type":"Point","coordinates":[2.1849688,41.4444088]}},{"type":"Feature","properties":{"cat":"salud"},"geometry":{"type":"Point","coordinates":[2.1832616,41.4456919]}},{"type":"Feature","properties":{"cat":"salud"},"geometry":{"type":"Point","coordinates":[2.1816791,41.4455993]}},{"type":"Feature","properties":{"cat":"salud"},"geometry":{"type":"Point","coordinates":[2.1721234,41.4431114]}},{"type":"Feature","properties":{"cat":"salud"},"geometry":{"type":"Point","coordinates":[2.1734762,41.4405848]}},{"type":"Feature","properties":{"cat":"salud"},"geometry":{"type":"Point","coordinates":[2.1755699,41.4403848]}},{"type":"Feature","properties":{"cat":"salud"},"geometry":{"type":"Point","coordinates":[2.175279,41.4457595]}},{"type":"Feature","properties":{"cat":"salud"},"geometry":{"type":"Point","coordinates":[2.1868343,41.4473817]}},{"type":"Feature","properties":{"cat":"salud"},"geometry":{"type":"Point","coordinates":[2.1682628,41.4434228]}},{"type":"Feature","properties":{"cat":"salud"},"geometry":{"type":"Point","coordinates":[2.1673421,41.4448384]}},{"type":"Feature","properties":{"cat":"salud"},"geometry":{"type":"Point","coordinates":[2.1647256,41.4431326]}},{"type":"Feature","properties":{"cat":"salud"},"geometry":{"type":"Point","coordinates":[2.1632076,41.4414929]}},{"type":"Feature","properties":{"cat":"salud"},"geometry":{"type":"Point","coordinates":[2.169071,41.4394703]}},{"type":"Feature","properties":{"cat":"salud"},"geometry":{"type":"Point","coordinates":[2.1711765,41.4380767]}},{"type":"Feature","properties":{"cat":"salud"},"geometry":{"type":"Point","coordinates":[2.173038,41.4387928]}},{"type":"Feature","properties":{"cat":"salud"},"geometry":{"type":"Point","coordinates":[2.1675006,41.4385162]}},{"type":"Feature","properties":{"cat":"salud"},"geometry":{"type":"Point","coordinates":[2.1391844,41.3637566]}},{"type":"Feature","properties":{"cat":"salud"},"geometry":{"type":"Point","coordinates":[2.1397182,41.3595911]}},{"type":"Feature","properties":{"cat":"salud"},"geometry":{"type":"Point","coordinates":[2.1406785,41.3605046]}},{"type":"Feature","properties":{"cat":"salud"},"geometry":{"type":"Point","coordinates":[2.1325583,41.3753489]}},{"type":"Feature","properties":{"cat":"salud"},"geometry":{"type":"Point","coordinates":[2.1345785,41.3866851]}},{"type":"Feature","properties":{"cat":"salud"},"geometry":{"type":"Point","coordinates":[2.1311472,41.3839936]}},{"type":"Feature","properties":{"cat":"salud"},"geometry":{"type":"Point","coordinates":[2.142409,41.368035]}},{"type":"Feature","properties":{"cat":"salud"},"geometry":{"type":"Point","coordinates":[2.1661865,41.39698]}},{"type":"Feature","properties":{"cat":"salud"},"geometry":{"type":"Point","coordinates":[2.181066,41.4016762]}},{"type":"Feature","properties":{"cat":"salud"},"geometry":{"type":"Point","coordinates":[2.165576,41.3993659]}},{"type":"Feature","properties":{"cat":"salud"},"geometry":{"type":"Point","coordinates":[2.1428224,41.3588646]}},{"type":"Feature","properties":{"cat":"salud"},"geometry":{"type":"Point","coordinates":[2.1410777,41.3577172]}},{"type":"Feature","properties":{"cat":"salud"},"geometry":{"type":"Point","coordinates":[2.1597199,41.4380503]}},{"type":"Feature","properties":{"cat":"salud"},"geometry":{"type":"Point","coordinates":[2.1579524,41.4364268]}},{"type":"Feature","properties":{"cat":"salud"},"geometry":{"type":"Point","coordinates":[2.1593396,41.4349203]}},{"type":"Feature","properties":{"cat":"salud"},"geometry":{"type":"Point","coordinates":[2.1580505,41.4322316]}},{"type":"Feature","properties":{"cat":"salud"},"geometry":{"type":"Point","coordinates":[2.1555175,41.4325567]}},{"type":"Feature","properties":{"cat":"salud"},"geometry":{"type":"Point","coordinates":[2.156636,41.4305811]}},{"type":"Feature","properties":{"cat":"salud"},"geometry":{"type":"Point","coordinates":[2.1585031,41.4293908]}},{"type":"Feature","properties":{"cat":"salud"},"geometry":{"type":"Point","coordinates":[2.1605902,41.4300201]}},{"type":"Feature","properties":{"cat":"salud"},"geometry":{"type":"Point","coordinates":[2.1625549,41.4282753]}},{"type":"Feature","properties":{"cat":"salud"},"geometry":{"type":"Point","coordinates":[2.1633053,41.4308144]}},{"type":"Feature","properties":{"cat":"salud"},"geometry":{"type":"Point","coordinates":[2.1648573,41.4279383]}},{"type":"Feature","properties":{"cat":"salud"},"geometry":{"type":"Point","coordinates":[2.167011,41.4292887]}},{"type":"Feature","properties":{"cat":"salud"},"geometry":{"type":"Point","coordinates":[2.1479903,41.4001405]}},{"type":"Feature","properties":{"cat":"salud"},"geometry":{"type":"Point","coordinates":[2.1481443,41.4002814]}},{"type":"Feature","properties":{"cat":"salud"},"geometry":{"type":"Point","coordinates":[2.2290475,41.4358529]}},{"type":"Feature","properties":{"cat":"salud"},"geometry":{"type":"Point","coordinates":[2.1378499,41.4107699]}},{"type":"Feature","properties":{"cat":"salud"},"geometry":{"type":"Point","coordinates":[2.1375054,41.4086531]}},{"type":"Feature","properties":{"cat":"salud"},"geometry":{"type":"Point","coordinates":[2.1368797,41.406615]}},{"type":"Feature","properties":{"cat":"salud"},"geometry":{"type":"Point","coordinates":[2.1423847,41.4053194]}},{"type":"Feature","properties":{"cat":"salud"},"geometry":{"type":"Point","coordinates":[2.143065,41.4047786]}},{"type":"Feature","properties":{"cat":"salud"},"geometry":{"type":"Point","coordinates":[2.1482253,41.4056735]}},{"type":"Feature","properties":{"cat":"salud"},"geometry":{"type":"Point","coordinates":[2.1501656,41.4045754]}},{"type":"Feature","properties":{"cat":"salud"},"geometry":{"type":"Point","coordinates":[2.1516615,41.4011406]}},{"type":"Feature","properties":{"cat":"salud"},"geometry":{"type":"Point","coordinates":[2.1608731,41.397094]}},{"type":"Feature","properties":{"cat":"salud"},"geometry":{"type":"Point","coordinates":[2.1342489,41.3605439]}},{"type":"Feature","properties":{"cat":"salud"},"geometry":{"type":"Point","coordinates":[2.1355732,41.4018798]}},{"type":"Feature","properties":{"cat":"salud"},"geometry":{"type":"Point","coordinates":[2.1365696,41.4017573]}},{"type":"Feature","properties":{"cat":"salud"},"geometry":{"type":"Point","coordinates":[2.1417937,41.4015031]}},{"type":"Feature","properties":{"cat":"salud"},"geometry":{"type":"Point","coordinates":[2.1436411,41.3986749]}},{"type":"Feature","properties":{"cat":"salud"},"geometry":{"type":"Point","coordinates":[2.1485588,41.394961]}},{"type":"Feature","properties":{"cat":"salud"},"geometry":{"type":"Point","coordinates":[2.1689242,41.3995571]}},{"type":"Feature","properties":{"cat":"salud"},"geometry":{"type":"Point","coordinates":[2.1690703,41.3994258]}},{"type":"Feature","properties":{"cat":"salud"},"geometry":{"type":"Point","coordinates":[2.1365393,41.3735282]}},{"type":"Feature","properties":{"cat":"salud"},"geometry":{"type":"Point","coordinates":[2.1332681,41.376283]}},{"type":"Feature","properties":{"cat":"salud"},"geometry":{"type":"Point","coordinates":[2.1355192,41.3659954]}},{"type":"Feature","properties":{"cat":"salud"},"geometry":{"type":"Point","coordinates":[2.1375264,41.3625907]}},{"type":"Feature","properties":{"cat":"salud"},"geometry":{"type":"Point","coordinates":[2.1270856,41.3844033]}},{"type":"Feature","properties":{"cat":"salud"},"geometry":{"type":"Point","coordinates":[2.1334191,41.3918344]}},{"type":"Feature","properties":{"cat":"salud"},"geometry":{"type":"Point","coordinates":[2.1450665,41.3949559]}},{"type":"Feature","properties":{"cat":"salud"},"geometry":{"type":"Point","coordinates":[2.1468139,41.394748]}},{"type":"Feature","properties":{"cat":"salud"},"geometry":{"type":"Point","coordinates":[2.1615029,41.4301484]}},{"type":"Feature","properties":{"cat":"salud"},"geometry":{"type":"Point","coordinates":[2.1722007,41.4266774]}},{"type":"Feature","properties":{"cat":"salud"},"geometry":{"type":"Point","coordinates":[2.178266,41.4228977]}},{"type":"Feature","properties":{"cat":"salud"},"geometry":{"type":"Point","coordinates":[2.1845102,41.4120254]}},{"type":"Feature","properties":{"cat":"salud"},"geometry":{"type":"Point","coordinates":[2.1284589,41.3804516]}},{"type":"Feature","properties":{"cat":"salud"},"geometry":{"type":"Point","coordinates":[2.1339788,41.3694853]}},{"type":"Feature","properties":{"cat":"salud"},"geometry":{"type":"Point","coordinates":[2.1531764,41.3903352]}},{"type":"Feature","properties":{"cat":"salud"},"geometry":{"type":"Point","coordinates":[2.1532587,41.3903936]}},{"type":"Feature","properties":{"cat":"salud"},"geometry":{"type":"Point","coordinates":[2.1464197,41.3894518]}},{"type":"Feature","properties":{"cat":"salud"},"geometry":{"type":"Point","coordinates":[2.1386137,41.3876154]}},{"type":"Feature","properties":{"cat":"salud"},"geometry":{"type":"Point","coordinates":[2.1431241,41.3600458]}},{"type":"Feature","properties":{"cat":"salud"},"geometry":{"type":"Point","coordinates":[2.1374835,41.3641827]}},{"type":"Feature","properties":{"cat":"salud"},"geometry":{"type":"Point","coordinates":[2.1353094,41.372833]}},{"type":"Feature","properties":{"cat":"salud"},"geometry":{"type":"Point","coordinates":[2.1378238,41.3780806]}},{"type":"Feature","properties":{"cat":"salud"},"geometry":{"type":"Point","coordinates":[2.1322955,41.3869989]}},{"type":"Feature","properties":{"cat":"salud"},"geometry":{"type":"Point","coordinates":[2.1326014,41.3800721]}},{"type":"Feature","properties":{"cat":"salud"},"geometry":{"type":"Point","coordinates":[2.142364,41.3731424]}},{"type":"Feature","properties":{"cat":"salud"},"geometry":{"type":"Point","coordinates":[2.1352739,41.3721853]}},{"type":"Feature","properties":{"cat":"salud"},"geometry":{"type":"Point","coordinates":[2.1330247,41.3825335]}},{"type":"Feature","properties":{"cat":"salud"},"geometry":{"type":"Point","coordinates":[2.1637004,41.3968861]}},{"type":"Feature","properties":{"cat":"salud"},"geometry":{"type":"Point","coordinates":[2.1462966,41.4029762]}},{"type":"Feature","properties":{"cat":"salud"},"geometry":{"type":"Point","coordinates":[2.1369246,41.3794792]}},{"type":"Feature","properties":{"cat":"salud"},"geometry":{"type":"Point","coordinates":[2.229952,41.4429593]}},{"type":"Feature","properties":{"cat":"salud"},"geometry":{"type":"Point","coordinates":[2.1641943,41.3851434]}},{"type":"Feature","properties":{"cat":"salud"},"geometry":{"type":"Point","coordinates":[2.1449013,41.3901791]}},{"type":"Feature","properties":{"cat":"salud"},"geometry":{"type":"Point","coordinates":[2.2115655,41.4474464]}},{"type":"Feature","properties":{"cat":"salud"},"geometry":{"type":"Point","coordinates":[2.1799906,41.4392131]}},{"type":"Feature","properties":{"cat":"salud"},"geometry":{"type":"Point","coordinates":[2.1809094,41.4418874]}},{"type":"Feature","properties":{"cat":"salud"},"geometry":{"type":"Point","coordinates":[2.1555713,41.3807645]}},{"type":"Feature","properties":{"cat":"salud"},"geometry":{"type":"Point","coordinates":[2.1840991,41.4281834]}},{"type":"Feature","properties":{"cat":"salud"},"geometry":{"type":"Point","coordinates":[2.1629898,41.4331078]}},{"type":"Feature","properties":{"cat":"salud"},"geometry":{"type":"Point","coordinates":[2.182519,41.423424]}},{"type":"Feature","properties":{"cat":"salud"},"geometry":{"type":"Point","coordinates":[2.1746509,41.4285664]}},{"type":"Feature","properties":{"cat":"salud"},"geometry":{"type":"Point","coordinates":[2.1460489,41.4097987]}},{"type":"Feature","properties":{"cat":"salud"},"geometry":{"type":"Point","coordinates":[2.1373561,41.3598748]}},{"type":"Feature","properties":{"cat":"salud"},"geometry":{"type":"Point","coordinates":[2.1359983,41.3775077]}},{"type":"Feature","properties":{"cat":"salud"},"geometry":{"type":"Point","coordinates":[2.1748596,41.3824544]}},{"type":"Feature","properties":{"cat":"salud"},"geometry":{"type":"Point","coordinates":[2.1512589,41.4099521]}},{"type":"Feature","properties":{"cat":"salud"},"geometry":{"type":"Point","coordinates":[2.1372446,41.3716521]}},{"type":"Feature","properties":{"cat":"salud"},"geometry":{"type":"Point","coordinates":[2.1734785,41.4330391]}},{"type":"Feature","properties":{"cat":"salud"},"geometry":{"type":"Point","coordinates":[2.1690987,41.4274473]}},{"type":"Feature","properties":{"cat":"salud"},"geometry":{"type":"Point","coordinates":[2.1495829,41.4332244]}},{"type":"Feature","properties":{"cat":"salud"},"geometry":{"type":"Point","coordinates":[2.1430668,41.4123574]}},{"type":"Feature","properties":{"cat":"salud"},"geometry":{"type":"Point","coordinates":[2.1770784,41.4199698]}},{"type":"Feature","properties":{"cat":"salud"},"geometry":{"type":"Point","coordinates":[2.1591075,41.4098086]}},{"type":"Feature","properties":{"cat":"salud"},"geometry":{"type":"Point","coordinates":[2.1616067,41.4068107]}},{"type":"Feature","properties":{"cat":"salud"},"geometry":{"type":"Point","coordinates":[2.1691577,41.4015945]}},{"type":"Feature","properties":{"cat":"salud"},"geometry":{"type":"Point","coordinates":[2.1818508,41.3839868]}},{"type":"Feature","properties":{"cat":"salud"},"geometry":{"type":"Point","coordinates":[2.1823975,41.3844867]}},{"type":"Feature","properties":{"cat":"salud"},"geometry":{"type":"Point","coordinates":[2.1659033,41.3732516]}},{"type":"Feature","properties":{"cat":"salud"},"geometry":{"type":"Point","coordinates":[2.2026156,41.4353122]}},{"type":"Feature","properties":{"cat":"salud"},"geometry":{"type":"Point","coordinates":[2.1261645,41.366908]}},{"type":"Feature","properties":{"cat":"salud"},"geometry":{"type":"Point","coordinates":[2.1268927,41.3698198]}},{"type":"Feature","properties":{"cat":"salud"},"geometry":{"type":"Point","coordinates":[2.1329118,41.3960699]}},{"type":"Feature","properties":{"cat":"salud"},"geometry":{"type":"Point","coordinates":[2.1363131,41.3698819]}},{"type":"Feature","properties":{"cat":"salud"},"geometry":{"type":"Point","coordinates":[2.1864253,41.4216947]}},{"type":"Feature","properties":{"cat":"salud"},"geometry":{"type":"Point","coordinates":[2.1677891,41.3795773]}},{"type":"Feature","properties":{"cat":"salud"},"geometry":{"type":"Point","coordinates":[2.1674752,41.3806316]}},{"type":"Feature","properties":{"cat":"salud"},"geometry":{"type":"Point","coordinates":[2.1601524,41.3776938]}},{"type":"Feature","properties":{"cat":"salud"},"geometry":{"type":"Point","coordinates":[2.1612445,41.3806957]}},{"type":"Feature","properties":{"cat":"salud"},"geometry":{"type":"Point","coordinates":[2.1858465,41.4267364]}},{"type":"Feature","properties":{"cat":"salud"},"geometry":{"type":"Point","coordinates":[2.1871422,41.4247442]}},{"type":"Feature","properties":{"cat":"salud"},"geometry":{"type":"Point","coordinates":[2.1863202,41.4495767]}},{"type":"Feature","properties":{"cat":"salud"},"geometry":{"type":"Point","coordinates":[2.16722,41.3982]}},{"type":"Feature","properties":{"cat":"salud"},"geometry":{"type":"Point","coordinates":[2.1454104,41.4065461]}},{"type":"Feature","properties":{"cat":"salud"},"geometry":{"type":"Point","coordinates":[2.1483076,41.4075937]}},{"type":"Feature","properties":{"cat":"salud"},"geometry":{"type":"Point","coordinates":[2.1290994,41.3674311]}},{"type":"Feature","properties":{"cat":"salud"},"geometry":{"type":"Point","coordinates":[2.1862838,41.4342822]}},{"type":"Feature","properties":{"cat":"salud"},"geometry":{"type":"Point","coordinates":[2.1897908,41.4351593]}},{"type":"Feature","properties":{"cat":"salud"},"geometry":{"type":"Point","coordinates":[2.1890605,41.4346371]}},{"type":"Feature","properties":{"cat":"salud"},"geometry":{"type":"Point","coordinates":[2.1860686,41.4282473]}},{"type":"Feature","properties":{"cat":"salud"},"geometry":{"type":"Point","coordinates":[2.1875776,41.4214189]}},{"type":"Feature","properties":{"cat":"salud"},"geometry":{"type":"Point","coordinates":[2.1349026,41.3897921]}},{"type":"Feature","properties":{"cat":"salud"},"geometry":{"type":"Point","coordinates":[2.1197212,41.4002189]}},{"type":"Feature","properties":{"cat":"salud"},"geometry":{"type":"Point","coordinates":[2.120019,41.3984242]}},{"type":"Feature","properties":{"cat":"salud"},"geometry":{"type":"Point","coordinates":[2.1632578,41.3907436]}},{"type":"Feature","properties":{"cat":"salud"},"geometry":{"type":"Point","coordinates":[2.1800025,41.428775]}},{"type":"Feature","properties":{"cat":"salud"},"geometry":{"type":"Point","coordinates":[2.1531686,41.3758437]}},{"type":"Feature","properties":{"cat":"salud"},"geometry":{"type":"Point","coordinates":[2.1640542,41.3790002]}},{"type":"Feature","properties":{"cat":"salud"},"geometry":{"type":"Point","coordinates":[2.1282195,41.3891618]}},{"type":"Feature","properties":{"cat":"salud"},"geometry":{"type":"Point","coordinates":[2.1567246,41.4205395]}},{"type":"Feature","properties":{"cat":"salud"},"geometry":{"type":"Point","coordinates":[2.1550636,41.421974]}},{"type":"Feature","properties":{"cat":"salud"},"geometry":{"type":"Point","coordinates":[2.1574937,41.4187299]}},{"type":"Feature","properties":{"cat":"salud"},"geometry":{"type":"Point","coordinates":[2.1708492,41.395277]}},{"type":"Feature","properties":{"cat":"salud"},"geometry":{"type":"Point","coordinates":[2.1252051,41.3721045]}},{"type":"Feature","properties":{"cat":"salud"},"geometry":{"type":"Point","coordinates":[2.14036,41.3818654]}},{"type":"Feature","properties":{"cat":"salud"},"geometry":{"type":"Point","coordinates":[2.1588171,41.4133549]}},{"type":"Feature","properties":{"cat":"salud"},"geometry":{"type":"Point","coordinates":[2.1867626,41.4419211]}},{"type":"Feature","properties":{"cat":"salud"},"geometry":{"type":"Point","coordinates":[2.2291807,41.4474177]}},{"type":"Feature","properties":{"cat":"salud"},"geometry":{"type":"Point","coordinates":[2.188277,41.4435479]}},{"type":"Feature","properties":{"cat":"salud"},"geometry":{"type":"Point","coordinates":[2.1921067,41.4417661]}},{"type":"Feature","properties":{"cat":"salud"},"geometry":{"type":"Point","coordinates":[2.1771426,41.4461444]}},{"type":"Feature","properties":{"cat":"salud"},"geometry":{"type":"Point","coordinates":[2.2243312,41.4466754]}},{"type":"Feature","properties":{"cat":"salud"},"geometry":{"type":"Point","coordinates":[2.1740839,41.4471944]}},{"type":"Feature","properties":{"cat":"salud"},"geometry":{"type":"Point","coordinates":[2.189683,41.4419889]}},{"type":"Feature","properties":{"cat":"salud"},"geometry":{"type":"Point","coordinates":[2.1714558,41.4463715]}},{"type":"Feature","properties":{"cat":"salud"},"geometry":{"type":"Point","coordinates":[2.1775462,41.4480453]}},{"type":"Feature","properties":{"cat":"salud"},"geometry":{"type":"Point","coordinates":[2.176358,41.4487299]}},{"type":"Feature","properties":{"cat":"salud"},"geometry":{"type":"Point","coordinates":[2.1419826,41.3693316]}},{"type":"Feature","properties":{"cat":"salud"},"geometry":{"type":"Point","coordinates":[2.217566,41.4310016]}},{"type":"Feature","properties":{"cat":"salud"},"geometry":{"type":"Point","coordinates":[2.2207452,41.429564]}},{"type":"Feature","properties":{"cat":"salud"},"geometry":{"type":"Point","coordinates":[2.1675627,41.4353247]}},{"type":"Feature","properties":{"cat":"salud"},"geometry":{"type":"Point","coordinates":[2.1653457,41.4382786]}},{"type":"Feature","properties":{"cat":"salud"},"geometry":{"type":"Point","coordinates":[2.1651803,41.4347537]}},{"type":"Feature","properties":{"cat":"salud"},"geometry":{"type":"Point","coordinates":[2.1746737,41.4374462]}},{"type":"Feature","properties":{"cat":"salud"},"geometry":{"type":"Point","coordinates":[2.1806439,41.4379565]}},{"type":"Feature","properties":{"cat":"salud"},"geometry":{"type":"Point","coordinates":[2.1781936,41.4377459]}},{"type":"Feature","properties":{"cat":"salud"},"geometry":{"type":"Point","coordinates":[2.1787145,41.4351367]}},{"type":"Feature","properties":{"cat":"salud"},"geometry":{"type":"Point","coordinates":[2.1744816,41.4359756]}},{"type":"Feature","properties":{"cat":"salud"},"geometry":{"type":"Point","coordinates":[2.1764559,41.4346558]}},{"type":"Feature","properties":{"cat":"salud"},"geometry":{"type":"Point","coordinates":[2.1700488,41.4335051]}},{"type":"Feature","properties":{"cat":"salud"},"geometry":{"type":"Point","coordinates":[2.1863728,41.4401181]}},{"type":"Feature","properties":{"cat":"salud"},"geometry":{"type":"Point","coordinates":[2.1850486,41.4356252]}},{"type":"Feature","properties":{"cat":"salud"},"geometry":{"type":"Point","coordinates":[2.1930942,41.4392596]}},{"type":"Feature","properties":{"cat":"salud"},"geometry":{"type":"Point","coordinates":[2.1851172,41.4373945]}},{"type":"Feature","properties":{"cat":"salud"},"geometry":{"type":"Point","coordinates":[2.1866183,41.4363384]}},{"type":"Feature","properties":{"cat":"salud"},"geometry":{"type":"Point","coordinates":[2.1889134,41.4386917]}},{"type":"Feature","properties":{"cat":"salud"},"geometry":{"type":"Point","coordinates":[2.1921021,41.4346327]}},{"type":"Feature","properties":{"cat":"salud"},"geometry":{"type":"Point","coordinates":[2.1662435,41.4311466]}},{"type":"Feature","properties":{"cat":"salud"},"geometry":{"type":"Point","coordinates":[2.1720278,41.4299105]}},{"type":"Feature","properties":{"cat":"salud"},"geometry":{"type":"Point","coordinates":[2.1694339,41.4300277]}},{"type":"Feature","properties":{"cat":"salud"},"geometry":{"type":"Point","coordinates":[2.1706185,41.4326587]}},{"type":"Feature","properties":{"cat":"salud"},"geometry":{"type":"Point","coordinates":[2.1728484,41.4280853]}},{"type":"Feature","properties":{"cat":"salud"},"geometry":{"type":"Point","coordinates":[2.1782616,41.427654]}},{"type":"Feature","properties":{"cat":"salud"},"geometry":{"type":"Point","coordinates":[2.1759582,41.4285533]}},{"type":"Feature","properties":{"cat":"salud"},"geometry":{"type":"Point","coordinates":[2.192892,41.4318735]}},{"type":"Feature","properties":{"cat":"salud"},"geometry":{"type":"Point","coordinates":[2.1824477,41.4278144]}},{"type":"Feature","properties":{"cat":"salud"},"geometry":{"type":"Point","coordinates":[2.1921963,41.4299525]}},{"type":"Feature","properties":{"cat":"salud"},"geometry":{"type":"Point","coordinates":[2.1872007,41.4297373]}},{"type":"Feature","properties":{"cat":"salud"},"geometry":{"type":"Point","coordinates":[2.1857262,41.4327563]}},{"type":"Feature","properties":{"cat":"salud"},"geometry":{"type":"Point","coordinates":[2.1664972,41.4263141]}},{"type":"Feature","properties":{"cat":"salud"},"geometry":{"type":"Point","coordinates":[2.1747257,41.4238041]}},{"type":"Feature","properties":{"cat":"salud"},"geometry":{"type":"Point","coordinates":[2.1780708,41.4258356]}},{"type":"Feature","properties":{"cat":"salud"},"geometry":{"type":"Point","coordinates":[2.172769,41.4222492]}},{"type":"Feature","properties":{"cat":"salud"},"geometry":{"type":"Point","coordinates":[2.17725,41.4214769]}},{"type":"Feature","properties":{"cat":"salud"},"geometry":{"type":"Point","coordinates":[2.1726841,41.4242458]}},{"type":"Feature","properties":{"cat":"salud"},"geometry":{"type":"Point","coordinates":[2.1736248,41.4251943]}},{"type":"Feature","properties":{"cat":"salud"},"geometry":{"type":"Point","coordinates":[2.1686933,41.4262273]}},{"type":"Feature","properties":{"cat":"salud"},"geometry":{"type":"Point","coordinates":[2.1748124,41.4223415]}},{"type":"Feature","properties":{"cat":"salud"},"geometry":{"type":"Point","coordinates":[2.1688238,41.4236681]}},{"type":"Feature","properties":{"cat":"salud"},"geometry":{"type":"Point","coordinates":[2.1889381,41.4230564]}},{"type":"Feature","properties":{"cat":"salud"},"geometry":{"type":"Point","coordinates":[2.1843337,41.4250034]}},{"type":"Feature","properties":{"cat":"salud"},"geometry":{"type":"Point","coordinates":[2.185753,41.4244193]}},{"type":"Feature","properties":{"cat":"salud"},"geometry":{"type":"Point","coordinates":[2.2078786,41.4263953]}},{"type":"Feature","properties":{"cat":"salud"},"geometry":{"type":"Point","coordinates":[2.2231265,41.4267466]}},{"type":"Feature","properties":{"cat":"salud"},"geometry":{"type":"Point","coordinates":[2.2217988,41.4234394]}},{"type":"Feature","properties":{"cat":"salud"},"geometry":{"type":"Point","coordinates":[2.227645,41.4260697]}},{"type":"Feature","properties":{"cat":"salud"},"geometry":{"type":"Point","coordinates":[2.1692892,41.4118536]}},{"type":"Feature","properties":{"cat":"salud"},"geometry":{"type":"Point","coordinates":[2.1727778,41.4119182]}},{"type":"Feature","properties":{"cat":"salud"},"geometry":{"type":"Point","coordinates":[2.1700568,41.4137483]}},{"type":"Feature","properties":{"cat":"salud"},"geometry":{"type":"Point","coordinates":[2.1648608,41.4148554]}},{"type":"Feature","properties":{"cat":"salud"},"geometry":{"type":"Point","coordinates":[2.1682074,41.4141393]}},{"type":"Feature","properties":{"cat":"salud"},"geometry":{"type":"Point","coordinates":[2.1712554,41.4120163]}},{"type":"Feature","properties":{"cat":"salud"},"geometry":{"type":"Point","coordinates":[2.1828608,41.4177164]}},{"type":"Feature","properties":{"cat":"salud"},"geometry":{"type":"Point","coordinates":[2.201033,41.4174638]}},{"type":"Feature","properties":{"cat":"salud"},"geometry":{"type":"Point","coordinates":[2.2148437,41.4150768]}},{"type":"Feature","properties":{"cat":"salud"},"geometry":{"type":"Point","coordinates":[2.2061782,41.4137561]}},{"type":"Feature","properties":{"cat":"salud"},"geometry":{"type":"Point","coordinates":[2.2173456,41.4135569]}},{"type":"Feature","properties":{"cat":"salud"},"geometry":{"type":"Point","coordinates":[2.2123015,41.4150445]}},{"type":"Feature","properties":{"cat":"salud"},"geometry":{"type":"Point","coordinates":[2.1883852,41.4194745]}},{"type":"Feature","properties":{"cat":"salud"},"geometry":{"type":"Point","coordinates":[2.190548,41.4184255]}},{"type":"Feature","properties":{"cat":"salud"},"geometry":{"type":"Point","coordinates":[2.2134091,41.4224542]}},{"type":"Feature","properties":{"cat":"salud"},"geometry":{"type":"Point","coordinates":[2.2194798,41.4184113]}},{"type":"Feature","properties":{"cat":"salud"},"geometry":{"type":"Point","coordinates":[2.2031743,41.419961]}},{"type":"Feature","properties":{"cat":"salud"},"geometry":{"type":"Point","coordinates":[2.2123169,41.4211997]}},{"type":"Feature","properties":{"cat":"salud"},"geometry":{"type":"Point","coordinates":[2.2140709,41.4137085]}},{"type":"Feature","properties":{"cat":"salud"},"geometry":{"type":"Point","coordinates":[2.2064652,41.4053383]}},{"type":"Feature","properties":{"cat":"salud"},"geometry":{"type":"Point","coordinates":[2.2157768,41.4086351]}},{"type":"Feature","properties":{"cat":"salud"},"geometry":{"type":"Point","coordinates":[2.204959,41.4064264]}},{"type":"Feature","properties":{"cat":"salud"},"geometry":{"type":"Point","coordinates":[2.1793442,41.4126515]}},{"type":"Feature","properties":{"cat":"salud"},"geometry":{"type":"Point","coordinates":[2.1781606,41.414205]}},{"type":"Feature","properties":{"cat":"salud"},"geometry":{"type":"Point","coordinates":[2.1782504,41.4100592]}},{"type":"Feature","properties":{"cat":"salud"},"geometry":{"type":"Point","coordinates":[2.1771353,41.4114718]}},{"type":"Feature","properties":{"cat":"salud"},"geometry":{"type":"Point","coordinates":[2.1698486,41.4058431]}},{"type":"Feature","properties":{"cat":"salud"},"geometry":{"type":"Point","coordinates":[2.1650008,41.4095684]}},{"type":"Feature","properties":{"cat":"salud"},"geometry":{"type":"Point","coordinates":[2.1748153,41.4073595]}},{"type":"Feature","properties":{"cat":"salud"},"geometry":{"type":"Point","coordinates":[2.1736259,41.4068875]}},{"type":"Feature","properties":{"cat":"salud"},"geometry":{"type":"Point","coordinates":[2.1741826,41.4106777]}},{"type":"Feature","properties":{"cat":"salud"},"geometry":{"type":"Point","coordinates":[2.165894,41.4108678]}},{"type":"Feature","properties":{"cat":"salud"},"geometry":{"type":"Point","coordinates":[2.1727383,41.4081523]}},{"type":"Feature","properties":{"cat":"salud"},"geometry":{"type":"Point","coordinates":[2.1679075,41.4048167]}},{"type":"Feature","properties":{"cat":"salud"},"geometry":{"type":"Point","coordinates":[2.1697264,41.4099599]}},{"type":"Feature","properties":{"cat":"salud"},"geometry":{"type":"Point","coordinates":[2.1920536,41.4078768]}},{"type":"Feature","properties":{"cat":"salud"},"geometry":{"type":"Point","coordinates":[2.1763183,41.4023257]}},{"type":"Feature","properties":{"cat":"salud"},"geometry":{"type":"Point","coordinates":[2.1776182,41.4066976]}},{"type":"Feature","properties":{"cat":"salud"},"geometry":{"type":"Point","coordinates":[2.189323,41.4057226]}},{"type":"Feature","properties":{"cat":"salud"},"geometry":{"type":"Point","coordinates":[2.1709142,41.3980537]}},{"type":"Feature","properties":{"cat":"salud"},"geometry":{"type":"Point","coordinates":[2.1724061,41.4005297]}},{"type":"Feature","properties":{"cat":"salud"},"geometry":{"type":"Point","coordinates":[2.1694491,41.3974855]}},{"type":"Feature","properties":{"cat":"salud"},"geometry":{"type":"Point","coordinates":[2.1712925,41.3992142]}},{"type":"Feature","properties":{"cat":"salud"},"geometry":{"type":"Point","coordinates":[2.174149,41.3977946]}},{"type":"Feature","properties":{"cat":"salud"},"geometry":{"type":"Point","coordinates":[2.1744449,41.4012006]}},{"type":"Feature","properties":{"cat":"salud"},"geometry":{"type":"Point","coordinates":[2.1717513,41.3907897]}},{"type":"Feature","properties":{"cat":"salud"},"geometry":{"type":"Point","coordinates":[2.1737568,41.3866909]}},{"type":"Feature","properties":{"cat":"salud"},"geometry":{"type":"Point","coordinates":[2.1682985,41.3934027]}},{"type":"Feature","properties":{"cat":"salud"},"geometry":{"type":"Point","coordinates":[2.1681233,41.3918346]}},{"type":"Feature","properties":{"cat":"salud"},"geometry":{"type":"Point","coordinates":[2.1743069,41.3943714]}},{"type":"Feature","properties":{"cat":"salud"},"geometry":{"type":"Point","coordinates":[2.1694553,41.3945131]}},{"type":"Feature","properties":{"cat":"salud"},"geometry":{"type":"Point","coordinates":[2.1712803,41.3965669]}},{"type":"Feature","properties":{"cat":"salud"},"geometry":{"type":"Point","coordinates":[2.1808171,41.3934118]}},{"type":"Feature","properties":{"cat":"salud"},"geometry":{"type":"Point","coordinates":[2.183641,41.3903305]}},{"type":"Feature","properties":{"cat":"salud"},"geometry":{"type":"Point","coordinates":[2.1852869,41.3910603]}},{"type":"Feature","properties":{"cat":"salud"},"geometry":{"type":"Point","coordinates":[2.1763177,41.3937007]}},{"type":"Feature","properties":{"cat":"salud"},"geometry":{"type":"Point","coordinates":[2.1807867,41.3902055]}},{"type":"Feature","properties":{"cat":"salud"},"geometry":{"type":"Point","coordinates":[2.1806893,41.3881124]}},{"type":"Feature","properties":{"cat":"salud"},"geometry":{"type":"Point","coordinates":[2.1882345,41.380674]}},{"type":"Feature","properties":{"cat":"salud"},"geometry":{"type":"Point","coordinates":[2.1904708,41.3802334]}},{"type":"Feature","properties":{"cat":"salud"},"geometry":{"type":"Point","coordinates":[2.1897252,41.3784737]}},{"type":"Feature","properties":{"cat":"salud"},"geometry":{"type":"Point","coordinates":[2.1794549,41.3852524]}},{"type":"Feature","properties":{"cat":"salud"},"geometry":{"type":"Point","coordinates":[2.1840961,41.3838959]}},{"type":"Feature","properties":{"cat":"salud"},"geometry":{"type":"Point","coordinates":[2.175506,41.3789519]}},{"type":"Feature","properties":{"cat":"salud"},"geometry":{"type":"Point","coordinates":[2.1718901,41.3750474]}},{"type":"Feature","properties":{"cat":"salud"},"geometry":{"type":"Point","coordinates":[2.1722387,41.3793006]}},{"type":"Feature","properties":{"cat":"salud"},"geometry":{"type":"Point","coordinates":[2.1750305,41.3794972]}},{"type":"Feature","properties":{"cat":"salud"},"geometry":{"type":"Point","coordinates":[2.1760437,41.3792218]}},{"type":"Feature","properties":{"cat":"salud"},"geometry":{"type":"Point","coordinates":[2.1775928,41.3768896]}},{"type":"Feature","properties":{"cat":"salud"},"geometry":{"type":"Point","coordinates":[2.1701321,41.3737078]}},{"type":"Feature","properties":{"cat":"salud"},"geometry":{"type":"Point","coordinates":[2.1666396,41.3734473]}},{"type":"Feature","properties":{"cat":"salud"},"geometry":{"type":"Point","coordinates":[2.1709478,41.3723116]}},{"type":"Feature","properties":{"cat":"salud"},"geometry":{"type":"Point","coordinates":[2.1665072,41.3729929]}},{"type":"Feature","properties":{"cat":"salud"},"geometry":{"type":"Point","coordinates":[2.1719978,41.3831792]}},{"type":"Feature","properties":{"cat":"salud"},"geometry":{"type":"Point","coordinates":[2.1692778,41.3801677]}},{"type":"Feature","properties":{"cat":"salud"},"geometry":{"type":"Point","coordinates":[2.1688139,41.3822757]}},{"type":"Feature","properties":{"cat":"salud"},"geometry":{"type":"Point","coordinates":[2.1656099,41.3785545]}},{"type":"Feature","properties":{"cat":"salud"},"geometry":{"type":"Point","coordinates":[2.1660796,41.38221]}},{"type":"Feature","properties":{"cat":"salud"},"geometry":{"type":"Point","coordinates":[2.1657757,41.3793909]}},{"type":"Feature","properties":{"cat":"salud"},"geometry":{"type":"Point","coordinates":[2.1692541,41.3783535]}},{"type":"Feature","properties":{"cat":"salud"},"geometry":{"type":"Point","coordinates":[2.1047433,41.412991]}},{"type":"Feature","properties":{"cat":"salud"},"geometry":{"type":"Point","coordinates":[2.1041088,41.3710125]}},{"type":"Feature","properties":{"cat":"salud"},"geometry":{"type":"Point","coordinates":[2.1033286,41.3742596]}},{"type":"Feature","properties":{"cat":"salud"},"geometry":{"type":"Point","coordinates":[2.1066492,41.3755683]}},{"type":"Feature","properties":{"cat":"salud"},"geometry":{"type":"Point","coordinates":[2.1113329,41.3760077]}},{"type":"Feature","properties":{"cat":"salud"},"geometry":{"type":"Point","coordinates":[2.1003318,41.3706341]}},{"type":"Feature","properties":{"cat":"salud"},"geometry":{"type":"Point","coordinates":[2.1007243,41.3762993]}},{"type":"Feature","properties":{"cat":"salud"},"geometry":{"type":"Point","coordinates":[2.1092071,41.3849916]}},{"type":"Feature","properties":{"cat":"salud"},"geometry":{"type":"Point","coordinates":[2.109514,41.373096]}},{"type":"Feature","properties":{"cat":"salud"},"geometry":{"type":"Point","coordinates":[2.102062,41.3720886]}},{"type":"Feature","properties":{"cat":"salud"},"geometry":{"type":"Point","coordinates":[2.1008467,41.3847445]}},{"type":"Feature","properties":{"cat":"salud"},"geometry":{"type":"Point","coordinates":[2.1075845,41.3708882]}},{"type":"Feature","properties":{"cat":"salud"},"geometry":{"type":"Point","coordinates":[2.1122089,41.3703374]}},{"type":"Feature","properties":{"cat":"salud"},"geometry":{"type":"Point","coordinates":[2.1018147,41.3752761]}},{"type":"Feature","properties":{"cat":"salud"},"geometry":{"type":"Point","coordinates":[2.1348506,41.4089703]}},{"type":"Feature","properties":{"cat":"salud"},"geometry":{"type":"Point","coordinates":[2.1115824,41.3613936]}},{"type":"Feature","properties":{"cat":"salud"},"geometry":{"type":"Point","coordinates":[2.1073143,41.3522883]}},{"type":"Feature","properties":{"cat":"salud"},"geometry":{"type":"Point","coordinates":[2.1018997,41.3691043]}},{"type":"Feature","properties":{"cat":"salud"},"geometry":{"type":"Point","coordinates":[2.1098295,41.3662553]}},{"type":"Feature","properties":{"cat":"salud"},"geometry":{"type":"Point","coordinates":[2.105117,41.3607675]}},{"type":"Feature","properties":{"cat":"salud"},"geometry":{"type":"Point","coordinates":[2.1085681,41.369316]}},{"type":"Feature","properties":{"cat":"salud"},"geometry":{"type":"Point","coordinates":[2.1099241,41.3711684]}},{"type":"Feature","properties":{"cat":"salud"},"geometry":{"type":"Point","coordinates":[2.1082979,41.3680019]}},{"type":"Feature","properties":{"cat":"salud"},"geometry":{"type":"Point","coordinates":[2.1036848,41.3660953]}},{"type":"Feature","properties":{"cat":"salud"},"geometry":{"type":"Point","coordinates":[2.1004799,41.3572076]}},{"type":"Feature","properties":{"cat":"salud"},"geometry":{"type":"Point","coordinates":[2.1113057,41.3634645]}},{"type":"Feature","properties":{"cat":"salud"},"geometry":{"type":"Point","coordinates":[2.1096988,41.3540874]}},{"type":"Feature","properties":{"cat":"salud"},"geometry":{"type":"Point","coordinates":[2.1006697,41.3662158]}},{"type":"Feature","properties":{"cat":"salud"},"geometry":{"type":"Point","coordinates":[2.1115208,41.3524369]}},{"type":"Feature","properties":{"cat":"salud"},"geometry":{"type":"Point","coordinates":[2.1016178,41.3594804]}},{"type":"Feature","properties":{"cat":"salud"},"geometry":{"type":"Point","coordinates":[2.1006099,41.3596209]}},{"type":"Feature","properties":{"cat":"salud"},"geometry":{"type":"Point","coordinates":[2.111865,41.367918]}},{"type":"Feature","properties":{"cat":"salud"},"geometry":{"type":"Point","coordinates":[2.108217,41.3640662]}},{"type":"Feature","properties":{"cat":"salud"},"geometry":{"type":"Point","coordinates":[2.1009874,41.3620695]}},{"type":"Feature","properties":{"cat":"salud"},"geometry":{"type":"Point","coordinates":[2.1073284,41.3599164]}},{"type":"Feature","properties":{"cat":"salud"},"geometry":{"type":"Point","coordinates":[2.1233233,41.388498]}},{"type":"Feature","properties":{"cat":"salud"},"geometry":{"type":"Point","coordinates":[2.1310318,41.3908816]}},{"type":"Feature","properties":{"cat":"salud"},"geometry":{"type":"Point","coordinates":[2.1311929,41.3932926]}},{"type":"Feature","properties":{"cat":"salud"},"geometry":{"type":"Point","coordinates":[2.1209508,41.3954896]}},{"type":"Feature","properties":{"cat":"salud"},"geometry":{"type":"Point","coordinates":[2.1248663,41.3937324]}},{"type":"Feature","properties":{"cat":"salud"},"geometry":{"type":"Point","coordinates":[2.1359509,41.39952]}},{"type":"Feature","properties":{"cat":"salud"},"geometry":{"type":"Point","coordinates":[2.127806,41.3983279]}},{"type":"Feature","properties":{"cat":"salud"},"geometry":{"type":"Point","coordinates":[2.1345133,41.4042525]}},{"type":"Feature","properties":{"cat":"salud"},"geometry":{"type":"Point","coordinates":[2.1264211,41.3951509]}},{"type":"Feature","properties":{"cat":"salud"},"geometry":{"type":"Point","coordinates":[2.1249511,41.3982875]}},{"type":"Feature","properties":{"cat":"salud"},"geometry":{"type":"Point","coordinates":[2.1308773,41.3979316]}},{"type":"Feature","properties":{"cat":"salud"},"geometry":{"type":"Point","coordinates":[2.1256151,41.3899793]}},{"type":"Feature","properties":{"cat":"salud"},"geometry":{"type":"Point","coordinates":[2.122405,41.3945136]}},{"type":"Feature","properties":{"cat":"salud"},"geometry":{"type":"Point","coordinates":[2.1268769,41.3925463]}},{"type":"Feature","properties":{"cat":"salud"},"geometry":{"type":"Point","coordinates":[2.1339699,41.3997528]}},{"type":"Feature","properties":{"cat":"salud"},"geometry":{"type":"Point","coordinates":[2.1341245,41.3970749]}},{"type":"Feature","properties":{"cat":"salud"},"geometry":{"type":"Point","coordinates":[2.1230048,41.396455]}},{"type":"Feature","properties":{"cat":"salud"},"geometry":{"type":"Point","coordinates":[2.113806,41.3953489]}},{"type":"Feature","properties":{"cat":"salud"},"geometry":{"type":"Point","coordinates":[2.1271345,41.396223]}},{"type":"Feature","properties":{"cat":"salud"},"geometry":{"type":"Point","coordinates":[2.1328011,41.393793]}},{"type":"Feature","properties":{"cat":"salud"},"geometry":{"type":"Point","coordinates":[2.1243172,41.3637279]}},{"type":"Feature","properties":{"cat":"salud"},"geometry":{"type":"Point","coordinates":[2.112881,41.3546426]}},{"type":"Feature","properties":{"cat":"salud"},"geometry":{"type":"Point","coordinates":[2.1133443,41.3668406]}},{"type":"Feature","properties":{"cat":"salud"},"geometry":{"type":"Point","coordinates":[2.1204321,41.3647899]}},{"type":"Feature","properties":{"cat":"salud"},"geometry":{"type":"Point","coordinates":[2.1186825,41.3695265]}},{"type":"Feature","properties":{"cat":"salud"},"geometry":{"type":"Point","coordinates":[2.1208352,41.3697998]}},{"type":"Feature","properties":{"cat":"salud"},"geometry":{"type":"Point","coordinates":[2.1227555,41.3694112]}},{"type":"Feature","properties":{"cat":"salud"},"geometry":{"type":"Point","coordinates":[2.1365391,41.357896]}},{"type":"Feature","properties":{"cat":"salud"},"geometry":{"type":"Point","coordinates":[2.1254069,41.3690048]}},{"type":"Feature","properties":{"cat":"salud"},"geometry":{"type":"Point","coordinates":[2.1141341,41.3691244]}},{"type":"Feature","properties":{"cat":"salud"},"geometry":{"type":"Point","coordinates":[2.1520226,41.4259729]}},{"type":"Feature","properties":{"cat":"salud"},"geometry":{"type":"Point","coordinates":[2.1557107,41.4254729]}},{"type":"Feature","properties":{"cat":"salud"},"geometry":{"type":"Point","coordinates":[2.1476577,41.4306388]}},{"type":"Feature","properties":{"cat":"salud"},"geometry":{"type":"Point","coordinates":[2.153439,41.4243799]}},{"type":"Feature","properties":{"cat":"salud"},"geometry":{"type":"Point","coordinates":[2.1416522,41.4338234]}},{"type":"Feature","properties":{"cat":"salud"},"geometry":{"type":"Point","coordinates":[2.1552154,41.4268851]}},{"type":"Feature","properties":{"cat":"salud"},"geometry":{"type":"Point","coordinates":[2.1536026,41.4253691]}},{"type":"Feature","properties":{"cat":"salud"},"geometry":{"type":"Point","coordinates":[2.1585105,41.4278891]}},{"type":"Feature","properties":{"cat":"salud"},"geometry":{"type":"Point","coordinates":[2.129956,41.3785724]}},{"type":"Feature","properties":{"cat":"salud"},"geometry":{"type":"Point","coordinates":[2.1334412,41.3707621]}},{"type":"Feature","properties":{"cat":"salud"},"geometry":{"type":"Point","coordinates":[2.1277579,41.3732328]}},{"type":"Feature","properties":{"cat":"salud"},"geometry":{"type":"Point","coordinates":[2.1198915,41.3739062]}},{"type":"Feature","properties":{"cat":"salud"},"geometry":{"type":"Point","coordinates":[2.1294405,41.3708877]}},{"type":"Feature","properties":{"cat":"salud"},"geometry":{"type":"Point","coordinates":[2.1277279,41.3749713]}},{"type":"Feature","properties":{"cat":"salud"},"geometry":{"type":"Point","coordinates":[2.1292659,41.3756338]}},{"type":"Feature","properties":{"cat":"salud"},"geometry":{"type":"Point","coordinates":[2.1218906,41.3769604]}},{"type":"Feature","properties":{"cat":"salud"},"geometry":{"type":"Point","coordinates":[2.117119,41.3704556]}},{"type":"Feature","properties":{"cat":"salud"},"geometry":{"type":"Point","coordinates":[2.1210988,41.3705471]}},{"type":"Feature","properties":{"cat":"salud"},"geometry":{"type":"Point","coordinates":[2.1199327,41.3784628]}},{"type":"Feature","properties":{"cat":"salud"},"geometry":{"type":"Point","coordinates":[2.1318451,41.3775338]}},{"type":"Feature","properties":{"cat":"salud"},"geometry":{"type":"Point","coordinates":[2.1174625,41.371872]}},{"type":"Feature","properties":{"cat":"salud"},"geometry":{"type":"Point","coordinates":[2.1209393,41.3722777]}},{"type":"Feature","properties":{"cat":"salud"},"geometry":{"type":"Point","coordinates":[2.1147191,41.3732964]}},{"type":"Feature","properties":{"cat":"salud"},"geometry":{"type":"Point","coordinates":[2.1285342,41.3838515]}},{"type":"Feature","properties":{"cat":"salud"},"geometry":{"type":"Point","coordinates":[2.1126363,41.3722559]}},{"type":"Feature","properties":{"cat":"salud"},"geometry":{"type":"Point","coordinates":[2.125596,41.3853774]}},{"type":"Feature","properties":{"cat":"salud"},"geometry":{"type":"Point","coordinates":[2.1297676,41.3872156]}},{"type":"Feature","properties":{"cat":"salud"},"geometry":{"type":"Point","coordinates":[2.1288489,41.3782631]}},{"type":"Feature","properties":{"cat":"salud"},"geometry":{"type":"Point","coordinates":[2.1331458,41.3753274]}},{"type":"Feature","properties":{"cat":"salud"},"geometry":{"type":"Point","coordinates":[2.1340663,41.384189]}},{"type":"Feature","properties":{"cat":"salud"},"geometry":{"type":"Point","coordinates":[2.1224693,41.3736647]}},{"type":"Feature","properties":{"cat":"salud"},"geometry":{"type":"Point","coordinates":[2.1290891,41.385405]}},{"type":"Feature","properties":{"cat":"salud"},"geometry":{"type":"Point","coordinates":[2.1328293,41.3747608]}},{"type":"Feature","properties":{"cat":"salud"},"geometry":{"type":"Point","coordinates":[2.1299761,41.3810174]}},{"type":"Feature","properties":{"cat":"salud"},"geometry":{"type":"Point","coordinates":[2.131451,41.3733609]}},{"type":"Feature","properties":{"cat":"salud"},"geometry":{"type":"Point","coordinates":[2.1305343,41.3764433]}},{"type":"Feature","properties":{"cat":"salud"},"geometry":{"type":"Point","coordinates":[2.1353292,41.3759765]}},{"type":"Feature","properties":{"cat":"salud"},"geometry":{"type":"Point","coordinates":[2.1309756,41.3798863]}},{"type":"Feature","properties":{"cat":"salud"},"geometry":{"type":"Point","coordinates":[2.126651,41.3771013]}},{"type":"Feature","properties":{"cat":"salud"},"geometry":{"type":"Point","coordinates":[2.1237273,41.3760758]}},{"type":"Feature","properties":{"cat":"salud"},"geometry":{"type":"Point","coordinates":[2.1257561,41.3795126]}},{"type":"Feature","properties":{"cat":"salud"},"geometry":{"type":"Point","coordinates":[2.1287377,41.3766187]}},{"type":"Feature","properties":{"cat":"salud"},"geometry":{"type":"Point","coordinates":[2.1143413,41.3717824]}},{"type":"Feature","properties":{"cat":"salud"},"geometry":{"type":"Point","coordinates":[2.1178826,41.3729091]}},{"type":"Feature","properties":{"cat":"salud"},"geometry":{"type":"Point","coordinates":[2.1354855,41.3879744]}},{"type":"Feature","properties":{"cat":"salud"},"geometry":{"type":"Point","coordinates":[2.1242281,41.3778601]}},{"type":"Feature","properties":{"cat":"salud"},"geometry":{"type":"Point","coordinates":[2.1314978,41.3715766]}},{"type":"Feature","properties":{"cat":"salud"},"geometry":{"type":"Point","coordinates":[2.1503217,41.4114872]}},{"type":"Feature","properties":{"cat":"salud"},"geometry":{"type":"Point","coordinates":[2.1509008,41.4240604]}},{"type":"Feature","properties":{"cat":"salud"},"geometry":{"type":"Point","coordinates":[2.1476226,41.4164007]}},{"type":"Feature","properties":{"cat":"salud"},"geometry":{"type":"Point","coordinates":[2.1448391,41.4138429]}},{"type":"Feature","properties":{"cat":"salud"},"geometry":{"type":"Point","coordinates":[2.1481964,41.4219694]}},{"type":"Feature","properties":{"cat":"salud"},"geometry":{"type":"Point","coordinates":[2.1543601,41.4109584]}},{"type":"Feature","properties":{"cat":"salud"},"geometry":{"type":"Point","coordinates":[2.1495052,41.4089898]}},{"type":"Feature","properties":{"cat":"salud"},"geometry":{"type":"Point","coordinates":[2.1488468,41.4231462]}},{"type":"Feature","properties":{"cat":"salud"},"geometry":{"type":"Point","coordinates":[2.1583687,41.4202901]}},{"type":"Feature","properties":{"cat":"salud"},"geometry":{"type":"Point","coordinates":[2.1557114,41.4072479]}},{"type":"Feature","properties":{"cat":"salud"},"geometry":{"type":"Point","coordinates":[2.1519918,41.421501]}},{"type":"Feature","properties":{"cat":"salud"},"geometry":{"type":"Point","coordinates":[2.1444652,41.4077986]}},{"type":"Feature","properties":{"cat":"salud"},"geometry":{"type":"Point","coordinates":[2.159356,41.4148462]}},{"type":"Feature","properties":{"cat":"salud"},"geometry":{"type":"Point","coordinates":[2.1466692,41.4131935]}},{"type":"Feature","properties":{"cat":"salud"},"geometry":{"type":"Point","coordinates":[2.1520197,41.4221512]}},{"type":"Feature","properties":{"cat":"salud"},"geometry":{"type":"Point","coordinates":[2.1359894,41.4161064]}},{"type":"Feature","properties":{"cat":"salud"},"geometry":{"type":"Point","coordinates":[2.1564182,41.4086458]}},{"type":"Feature","properties":{"cat":"salud"},"geometry":{"type":"Point","coordinates":[2.1587351,41.4170374]}},{"type":"Feature","properties":{"cat":"salud"},"geometry":{"type":"Point","coordinates":[2.1547981,41.412425]}},{"type":"Feature","properties":{"cat":"salud"},"geometry":{"type":"Point","coordinates":[2.1523707,41.4112934]}},{"type":"Feature","properties":{"cat":"salud"},"geometry":{"type":"Point","coordinates":[2.144542,41.4062584]}},{"type":"Feature","properties":{"cat":"salud"},"geometry":{"type":"Point","coordinates":[2.1385454,41.4136932]}},{"type":"Feature","properties":{"cat":"salud"},"geometry":{"type":"Point","coordinates":[2.1396679,41.4134338]}},{"type":"Feature","properties":{"cat":"salud"},"geometry":{"type":"Point","coordinates":[2.1583012,41.4145544]}},{"type":"Feature","properties":{"cat":"salud"},"geometry":{"type":"Point","coordinates":[2.1455899,41.4221402]}},{"type":"Feature","properties":{"cat":"salud"},"geometry":{"type":"Point","coordinates":[2.153713,41.4070215]}},{"type":"Feature","properties":{"cat":"salud"},"geometry":{"type":"Point","coordinates":[2.1539759,41.4211617]}},{"type":"Feature","properties":{"cat":"salud"},"geometry":{"type":"Point","coordinates":[2.1454186,41.4213943]}},{"type":"Feature","properties":{"cat":"salud"},"geometry":{"type":"Point","coordinates":[2.1524524,41.4209269]}},{"type":"Feature","properties":{"cat":"salud"},"geometry":{"type":"Point","coordinates":[2.1582527,41.4114676]}},{"type":"Feature","properties":{"cat":"salud"},"geometry":{"type":"Point","coordinates":[2.1534018,41.4014693]}},{"type":"Feature","properties":{"cat":"salud"},"geometry":{"type":"Point","coordinates":[2.1384832,41.396282]}},{"type":"Feature","properties":{"cat":"salud"},"geometry":{"type":"Point","coordinates":[2.1455569,41.4022039]}},{"type":"Feature","properties":{"cat":"salud"},"geometry":{"type":"Point","coordinates":[2.151343,41.3983397]}},{"type":"Feature","properties":{"cat":"salud"},"geometry":{"type":"Point","coordinates":[2.1484391,41.4025919]}},{"type":"Feature","properties":{"cat":"salud"},"geometry":{"type":"Point","coordinates":[2.1451894,41.4046633]}},{"type":"Feature","properties":{"cat":"salud"},"geometry":{"type":"Point","coordinates":[2.1595037,41.3896688]}},{"type":"Feature","properties":{"cat":"salud"},"geometry":{"type":"Point","coordinates":[2.1395423,41.3941174]}},{"type":"Feature","properties":{"cat":"salud"},"geometry":{"type":"Point","coordinates":[2.1486174,41.3967979]}},{"type":"Feature","properties":{"cat":"salud"},"geometry":{"type":"Point","coordinates":[2.1384345,41.4025702]}},{"type":"Feature","properties":{"cat":"salud"},"geometry":{"type":"Point","coordinates":[2.1423547,41.3931763]}},{"type":"Feature","properties":{"cat":"salud"},"geometry":{"type":"Point","coordinates":[2.141604,41.3950523]}},{"type":"Feature","properties":{"cat":"salud"},"geometry":{"type":"Point","coordinates":[2.1370162,41.4007069]}},{"type":"Feature","properties":{"cat":"salud"},"geometry":{"type":"Point","coordinates":[2.1366083,41.3979548]}},{"type":"Feature","properties":{"cat":"salud"},"geometry":{"type":"Point","coordinates":[2.1442908,41.4011481]}},{"type":"Feature","properties":{"cat":"salud"},"geometry":{"type":"Point","coordinates":[2.1465618,41.3862305]}},{"type":"Feature","properties":{"cat":"salud"},"geometry":{"type":"Point","coordinates":[2.1533025,41.3945161]}},{"type":"Feature","properties":{"cat":"salud"},"geometry":{"type":"Point","coordinates":[2.1570388,41.3898477]}},{"type":"Feature","properties":{"cat":"salud"},"geometry":{"type":"Point","coordinates":[2.1535623,41.3960685]}},{"type":"Feature","properties":{"cat":"salud"},"geometry":{"type":"Point","coordinates":[2.1599169,41.3914926]}},{"type":"Feature","properties":{"cat":"salud"},"geometry":{"type":"Point","coordinates":[2.1099401,41.4086807]}},{"type":"Feature","properties":{"cat":"salud"},"geometry":{"type":"Point","coordinates":[2.1390378,41.3932419]}},{"type":"Feature","properties":{"cat":"salud"},"geometry":{"type":"Point","coordinates":[2.1587204,41.4008716]}},{"type":"Feature","properties":{"cat":"salud"},"geometry":{"type":"Point","coordinates":[2.1394529,41.4043537]}},{"type":"Feature","properties":{"cat":"salud"},"geometry":{"type":"Point","coordinates":[2.1544349,41.4005664]}},{"type":"Feature","properties":{"cat":"salud"},"geometry":{"type":"Point","coordinates":[2.1397895,41.406071]}},{"type":"Feature","properties":{"cat":"salud"},"geometry":{"type":"Point","coordinates":[2.1374965,41.3945596]}},{"type":"Feature","properties":{"cat":"salud"},"geometry":{"type":"Point","coordinates":[2.146441,41.4007269]}},{"type":"Feature","properties":{"cat":"salud"},"geometry":{"type":"Point","coordinates":[2.1398526,41.4026924]}},{"type":"Feature","properties":{"cat":"salud"},"geometry":{"type":"Point","coordinates":[2.1434164,41.40324]}},{"type":"Feature","properties":{"cat":"salud"},"geometry":{"type":"Point","coordinates":[2.1545106,41.3887456]}},{"type":"Feature","properties":{"cat":"salud"},"geometry":{"type":"Point","coordinates":[2.1421171,41.3895488]}},{"type":"Feature","properties":{"cat":"salud"},"geometry":{"type":"Point","coordinates":[2.1418895,41.399711]}},{"type":"Feature","properties":{"cat":"salud"},"geometry":{"type":"Point","coordinates":[2.1401889,41.400802]}},{"type":"Feature","properties":{"cat":"salud"},"geometry":{"type":"Point","coordinates":[2.1479814,41.3998695]}},{"type":"Feature","properties":{"cat":"salud"},"geometry":{"type":"Point","coordinates":[2.1592617,41.3980652]}},{"type":"Feature","properties":{"cat":"salud"},"geometry":{"type":"Point","coordinates":[2.1436597,41.3915355]}},{"type":"Feature","properties":{"cat":"salud"},"geometry":{"type":"Point","coordinates":[2.1597786,41.3885308]}},{"type":"Feature","properties":{"cat":"salud"},"geometry":{"type":"Point","coordinates":[2.1475989,41.4043386]}},{"type":"Feature","properties":{"cat":"salud"},"geometry":{"type":"Point","coordinates":[2.1490091,41.3928893]}},{"type":"Feature","properties":{"cat":"salud"},"geometry":{"type":"Point","coordinates":[2.1538501,41.3999524]}},{"type":"Feature","properties":{"cat":"salud"},"geometry":{"type":"Point","coordinates":[2.1425564,41.3884029]}},{"type":"Feature","properties":{"cat":"salud"},"geometry":{"type":"Point","coordinates":[2.140917,41.3623006]}},{"type":"Feature","properties":{"cat":"salud"},"geometry":{"type":"Point","coordinates":[2.1427957,41.3525436]}},{"type":"Feature","properties":{"cat":"salud"},"geometry":{"type":"Point","coordinates":[2.1411578,41.3642658]}},{"type":"Feature","properties":{"cat":"salud"},"geometry":{"type":"Point","coordinates":[2.1405075,41.3677469]}},{"type":"Feature","properties":{"cat":"salud"},"geometry":{"type":"Point","coordinates":[2.1551719,41.3799039]}},{"type":"Feature","properties":{"cat":"salud"},"geometry":{"type":"Point","coordinates":[2.1430246,41.3782135]}},{"type":"Feature","properties":{"cat":"salud"},"geometry":{"type":"Point","coordinates":[2.1583453,41.3841551]}},{"type":"Feature","properties":{"cat":"salud"},"geometry":{"type":"Point","coordinates":[2.1448581,41.3751078]}},{"type":"Feature","properties":{"cat":"salud"},"geometry":{"type":"Point","coordinates":[2.1452455,41.3821644]}},{"type":"Feature","properties":{"cat":"salud"},"geometry":{"type":"Point","coordinates":[2.1565159,41.3754569]}},{"type":"Feature","properties":{"cat":"salud"},"geometry":{"type":"Point","coordinates":[2.1525962,41.3850839]}},{"type":"Feature","properties":{"cat":"salud"},"geometry":{"type":"Point","coordinates":[2.1486835,41.3866608]}},{"type":"Feature","properties":{"cat":"salud"},"geometry":{"type":"Point","coordinates":[2.1500972,41.3825554]}},{"type":"Feature","properties":{"cat":"salud"},"geometry":{"type":"Point","coordinates":[2.146846,41.3713941]}},{"type":"Feature","properties":{"cat":"salud"},"geometry":{"type":"Point","coordinates":[2.1536319,41.387236]}},{"type":"Feature","properties":{"cat":"salud"},"geometry":{"type":"Point","coordinates":[2.1509961,41.3757609]}},{"type":"Feature","properties":{"cat":"salud"},"geometry":{"type":"Point","coordinates":[2.1592159,41.3721123]}},{"type":"Feature","properties":{"cat":"salud"},"geometry":{"type":"Point","coordinates":[2.1498512,41.3807115]}},{"type":"Feature","properties":{"cat":"salud"},"geometry":{"type":"Point","coordinates":[2.1581876,41.3791497]}},{"type":"Feature","properties":{"cat":"salud"},"geometry":{"type":"Point","coordinates":[2.1397317,41.373262]}},{"type":"Feature","properties":{"cat":"salud"},"geometry":{"type":"Point","coordinates":[2.1572492,41.3778679]}},{"type":"Feature","properties":{"cat":"salud"},"geometry":{"type":"Point","coordinates":[2.1446973,41.3853356]}},{"type":"Feature","properties":{"cat":"salud"},"geometry":{"type":"Point","coordinates":[2.1553703,41.3814772]}},{"type":"Feature","properties":{"cat":"salud"},"geometry":{"type":"Point","coordinates":[2.1417655,41.3851299]}},{"type":"Feature","properties":{"cat":"salud"},"geometry":{"type":"Point","coordinates":[2.1485973,41.3851606]}},{"type":"Feature","properties":{"cat":"salud"},"geometry":{"type":"Point","coordinates":[2.1428344,41.3838321]}},{"type":"Feature","properties":{"cat":"salud"},"geometry":{"type":"Point","coordinates":[2.1380908,41.3870344]}},{"type":"Feature","properties":{"cat":"salud"},"geometry":{"type":"Point","coordinates":[2.1558583,41.3805458]}},{"type":"Feature","properties":{"cat":"salud"},"geometry":{"type":"Point","coordinates":[2.1513329,41.3821146]}},{"type":"Feature","properties":{"cat":"salud"},"geometry":{"type":"Point","coordinates":[2.1382223,41.3763338]}},{"type":"Feature","properties":{"cat":"salud"},"geometry":{"type":"Point","coordinates":[2.140733,41.3738632]}},{"type":"Feature","properties":{"cat":"salud"},"geometry":{"type":"Point","coordinates":[2.1478438,41.381568]}},{"type":"Feature","properties":{"cat":"salud"},"geometry":{"type":"Point","coordinates":[2.1596693,41.3867462]}},{"type":"Feature","properties":{"cat":"salud"},"geometry":{"type":"Point","coordinates":[2.1393524,41.3754323]}},{"type":"Feature","properties":{"cat":"salud"},"geometry":{"type":"Point","coordinates":[2.1397815,41.383776]}},{"type":"Feature","properties":{"cat":"salud"},"geometry":{"type":"Point","coordinates":[2.1556337,41.3808064]}},{"type":"Feature","properties":{"cat":"salud"},"geometry":{"type":"Point","coordinates":[2.1592684,41.3763475]}},{"type":"Feature","properties":{"cat":"salud"},"geometry":{"type":"Point","coordinates":[2.1467266,41.3735766]}},{"type":"Feature","properties":{"cat":"salud"},"geometry":{"type":"Point","coordinates":[2.1478826,41.3802024]}},{"type":"Feature","properties":{"cat":"salud"},"geometry":{"type":"Point","coordinates":[2.1364809,41.383904]}},{"type":"Feature","properties":{"cat":"salud"},"geometry":{"type":"Point","coordinates":[2.1462534,41.3793603]}},{"type":"Feature","properties":{"cat":"salud"},"geometry":{"type":"Point","coordinates":[2.1514362,41.3802134]}},{"type":"Feature","properties":{"cat":"salud"},"geometry":{"type":"Point","coordinates":[2.1455469,41.3750161]}},{"type":"Feature","properties":{"cat":"salud"},"geometry":{"type":"Point","coordinates":[2.1388731,41.3860405]}},{"type":"Feature","properties":{"cat":"salud"},"geometry":{"type":"Point","coordinates":[2.1549849,41.3850427]}},{"type":"Feature","properties":{"cat":"salud"},"geometry":{"type":"Point","coordinates":[2.1556071,41.3774073]}},{"type":"Feature","properties":{"cat":"salud"},"geometry":{"type":"Point","coordinates":[2.1410557,41.3817274]}},{"type":"Feature","properties":{"cat":"salud"},"geometry":{"type":"Point","coordinates":[2.1535265,41.3826743]}},{"type":"Feature","properties":{"cat":"salud"},"geometry":{"type":"Point","coordinates":[2.1575158,41.3879065]}},{"type":"Feature","properties":{"cat":"salud"},"geometry":{"type":"Point","coordinates":[2.1411987,41.3861841]}},{"type":"Feature","properties":{"cat":"salud"},"geometry":{"type":"Point","coordinates":[2.1528049,41.3774696]}},{"type":"Feature","properties":{"cat":"salud"},"geometry":{"type":"Point","coordinates":[2.149986,41.3773958]}},{"type":"Feature","properties":{"cat":"salud"},"geometry":{"type":"Point","coordinates":[2.1448427,41.3714474]}},{"type":"Feature","properties":{"cat":"salud"},"geometry":{"type":"Point","coordinates":[2.156687,41.3868467]}},{"type":"Feature","properties":{"cat":"salud"},"geometry":{"type":"Point","coordinates":[2.1618686,41.434829]}},{"type":"Feature","properties":{"cat":"salud"},"geometry":{"type":"Point","coordinates":[2.1623126,41.43723]}},{"type":"Feature","properties":{"cat":"salud"},"geometry":{"type":"Point","coordinates":[2.160663,41.432629]}},{"type":"Feature","properties":{"cat":"salud"},"geometry":{"type":"Point","coordinates":[2.1639558,41.4121386]}},{"type":"Feature","properties":{"cat":"salud"},"geometry":{"type":"Point","coordinates":[2.1634541,41.4145694]}},{"type":"Feature","properties":{"cat":"salud"},"geometry":{"type":"Point","coordinates":[2.1625803,41.4167076]}},{"type":"Feature","properties":{"cat":"salud"},"geometry":{"type":"Point","coordinates":[2.1633202,41.4090575]}},{"type":"Feature","properties":{"cat":"salud"},"geometry":{"type":"Point","coordinates":[2.163833,41.4135244]}},{"type":"Feature","properties":{"cat":"salud"},"geometry":{"type":"Point","coordinates":[2.1621579,41.410436]}},{"type":"Feature","properties":{"cat":"salud"},"geometry":{"type":"Point","coordinates":[2.1623478,41.3989495]}},{"type":"Feature","properties":{"cat":"salud"},"geometry":{"type":"Point","coordinates":[2.1607373,41.4037185]}},{"type":"Feature","properties":{"cat":"salud"},"geometry":{"type":"Point","coordinates":[2.1644355,41.3803182]}},{"type":"Feature","properties":{"cat":"salud"},"geometry":{"type":"Point","coordinates":[2.1640011,41.3839696]}},{"type":"Feature","properties":{"cat":"salud"},"geometry":{"type":"Point","coordinates":[2.1620893,41.3751746]}},{"type":"Feature","properties":{"cat":"salud"},"geometry":{"type":"Point","coordinates":[2.1635729,41.3806385]}},{"type":"Feature","properties":{"cat":"salud"},"geometry":{"type":"Point","coordinates":[2.1632815,41.3745211]}},{"type":"Feature","properties":{"cat":"salud"},"geometry":{"type":"Point","coordinates":[2.2214902,41.4335406]}},{"type":"Feature","properties":{"cat":"salud"},"geometry":{"type":"Point","coordinates":[2.1285723,41.3649412]}},{"type":"Feature","properties":{"cat":"salud"},"geometry":{"type":"Point","coordinates":[2.1765289,41.4167215]}},{"type":"Feature","properties":{"cat":"salud"},"geometry":{"type":"Point","coordinates":[2.1715345,41.4065717]}},{"type":"Feature","properties":{"cat":"salud"},"geometry":{"type":"Point","coordinates":[2.1680253,41.3995053]}},{"type":"Feature","properties":{"cat":"salud"},"geometry":{"type":"Point","coordinates":[2.1825823,41.4263557]}},{"type":"Feature","properties":{"cat":"salud"},"geometry":{"type":"Point","coordinates":[2.2023772,41.3996493]}},{"type":"Feature","properties":{"cat":"salud"},"geometry":{"type":"Point","coordinates":[2.1288366,41.373615]}},{"type":"Feature","properties":{"cat":"salud"},"geometry":{"type":"Point","coordinates":[2.152109,41.3968065]}},{"type":"Feature","properties":{"cat":"salud"},"geometry":{"type":"Point","coordinates":[2.1520892,41.3968237]}},{"type":"Feature","properties":{"cat":"salud"},"geometry":{"type":"Point","coordinates":[2.1504444,41.3964438]}},{"type":"Feature","properties":{"cat":"salud"},"geometry":{"type":"Point","coordinates":[2.1508855,41.3973054]}},{"type":"Feature","properties":{"cat":"salud"},"geometry":{"type":"Point","coordinates":[2.1714696,41.3938931]}},{"type":"Feature","properties":{"cat":"salud"},"geometry":{"type":"Point","coordinates":[2.2057728,41.4056873]}},{"type":"Feature","properties":{"cat":"salud"},"geometry":{"type":"Point","coordinates":[2.1243352,41.3904931]}},{"type":"Feature","properties":{"cat":"salud"},"geometry":{"type":"Point","coordinates":[2.1512925,41.397621]}},{"type":"Feature","properties":{"cat":"salud"},"geometry":{"type":"Point","coordinates":[2.151307,41.3976056]}},{"type":"Feature","properties":{"cat":"salud"},"geometry":{"type":"Point","coordinates":[2.1513103,41.3976315]}},{"type":"Feature","properties":{"cat":"salud"},"geometry":{"type":"Point","coordinates":[2.1512954,41.3976482]}},{"type":"Feature","properties":{"cat":"salud"},"geometry":{"type":"Point","coordinates":[2.165262,41.3982416]}},{"type":"Feature","properties":{"cat":"salud"},"geometry":{"type":"Point","coordinates":[2.1511785,41.3977434]}},{"type":"Feature","properties":{"cat":"salud"},"geometry":{"type":"Point","coordinates":[2.1512632,41.3977332]}},{"type":"Feature","properties":{"cat":"salud"},"geometry":{"type":"Point","coordinates":[2.1473548,41.379204]}},{"type":"Feature","properties":{"cat":"salud"},"geometry":{"type":"Point","coordinates":[2.1423409,41.4238218]}},{"type":"Feature","properties":{"cat":"salud"},"geometry":{"type":"Point","coordinates":[2.1525853,41.3972829]}},{"type":"Feature","properties":{"cat":"salud"},"geometry":{"type":"Point","coordinates":[2.1527141,41.3971687]}},{"type":"Feature","properties":{"cat":"salud"},"geometry":{"type":"Point","coordinates":[2.1510983,41.3979986]}},{"type":"Feature","properties":{"cat":"salud"},"geometry":{"type":"Point","coordinates":[2.1511425,41.3980096]}},{"type":"Feature","properties":{"cat":"salud"},"geometry":{"type":"Point","coordinates":[2.151023,41.3963717]}},{"type":"Feature","properties":{"cat":"salud"},"geometry":{"type":"Point","coordinates":[2.148705,41.3971642]}},{"type":"Feature","properties":{"cat":"salud"},"geometry":{"type":"Point","coordinates":[2.1512844,41.3969038]}},{"type":"Feature","properties":{"cat":"salud"},"geometry":{"type":"Point","coordinates":[2.1512972,41.3969139]}},{"type":"Feature","properties":{"cat":"salud"},"geometry":{"type":"Point","coordinates":[2.1512803,41.3968809]}},{"type":"Feature","properties":{"cat":"salud"},"geometry":{"type":"Point","coordinates":[2.1513845,41.3986433]}},{"type":"Feature","properties":{"cat":"salud"},"geometry":{"type":"Point","coordinates":[2.1521463,41.3967842]}},{"type":"Feature","properties":{"cat":"salud"},"geometry":{"type":"Point","coordinates":[2.1521448,41.3967992]}},{"type":"Feature","properties":{"cat":"salud"},"geometry":{"type":"Point","coordinates":[2.1611827,41.386124]}},{"type":"Feature","properties":{"cat":"salud"},"geometry":{"type":"Point","coordinates":[2.1543282,41.4083361]}},{"type":"Feature","properties":{"cat":"salud"},"geometry":{"type":"Point","coordinates":[2.1521939,41.3967815]}},{"type":"Feature","properties":{"cat":"salud"},"geometry":{"type":"Point","coordinates":[2.1529548,41.3965463]}},{"type":"Feature","properties":{"cat":"salud"},"geometry":{"type":"Point","coordinates":[2.1530031,41.3963842]}},{"type":"Feature","properties":{"cat":"salud"},"geometry":{"type":"Point","coordinates":[2.151896,41.397048]}},{"type":"Feature","properties":{"cat":"salud"},"geometry":{"type":"Point","coordinates":[2.1520793,41.3968324]}},{"type":"Feature","properties":{"cat":"salud"},"geometry":{"type":"Point","coordinates":[2.1531461,41.3961826]}},{"type":"Feature","properties":{"cat":"salud"},"geometry":{"type":"Point","coordinates":[2.1507079,41.3986832]}},{"type":"Feature","properties":{"cat":"salud"},"geometry":{"type":"Point","coordinates":[2.1492997,41.3974173]}},{"type":"Feature","properties":{"cat":"salud"},"geometry":{"type":"Point","coordinates":[2.1897019,41.437077]}},{"type":"Feature","properties":{"cat":"salud"},"geometry":{"type":"Point","coordinates":[2.1516388,41.3965068]}},{"type":"Feature","properties":{"cat":"salud"},"geometry":{"type":"Point","coordinates":[2.1516739,41.3964749]}},{"type":"Feature","properties":{"cat":"salud"},"geometry":{"type":"Point","coordinates":[2.1551354,41.4199655]}},{"type":"Feature","properties":{"cat":"salud"},"geometry":{"type":"Point","coordinates":[2.1492715,41.399906]}},{"type":"Feature","properties":{"cat":"salud"},"geometry":{"type":"Point","coordinates":[2.18007,41.3924017]}},{"type":"Feature","properties":{"cat":"salud"},"geometry":{"type":"Point","coordinates":[2.1507429,41.3962299]}},{"type":"Feature","properties":{"cat":"salud"},"geometry":{"type":"Point","coordinates":[2.1535181,41.3990291]}},{"type":"Feature","properties":{"cat":"salud"},"geometry":{"type":"Point","coordinates":[2.1088093,41.362304]}},{"type":"Feature","properties":{"cat":"salud"},"geometry":{"type":"Point","coordinates":[2.1537691,41.394686]}},{"type":"Feature","properties":{"cat":"salud"},"geometry":{"type":"Point","coordinates":[2.1539288,41.3947493]}},{"type":"Feature","properties":{"cat":"salud"},"geometry":{"type":"Point","coordinates":[2.1538014,41.3976371]}},{"type":"Feature","properties":{"cat":"salud"},"geometry":{"type":"Point","coordinates":[2.1484763,41.3964935]}},{"type":"Feature","properties":{"cat":"salud"},"geometry":{"type":"Point","coordinates":[2.1485785,41.3963953]}},{"type":"Feature","properties":{"cat":"salud"},"geometry":{"type":"Point","coordinates":[2.1487111,41.3968045]}},{"type":"Feature","properties":{"cat":"salud"},"geometry":{"type":"Point","coordinates":[2.1544961,41.3967095]}},{"type":"Feature","properties":{"cat":"salud"},"geometry":{"type":"Point","coordinates":[2.160061,41.3904452]}},{"type":"Feature","properties":{"cat":"salud"},"geometry":{"type":"Point","coordinates":[2.1536128,41.3965315]}},{"type":"Feature","properties":{"cat":"salud"},"geometry":{"type":"Point","coordinates":[2.1503938,41.3962933]}},{"type":"Feature","properties":{"cat":"salud"},"geometry":{"type":"Point","coordinates":[2.1503844,41.3962699]}},{"type":"Feature","properties":{"cat":"salud"},"geometry":{"type":"Point","coordinates":[2.1487033,41.3952916]}},{"type":"Feature","properties":{"cat":"salud"},"geometry":{"type":"Point","coordinates":[2.1489999,41.3955146]}},{"type":"Feature","properties":{"cat":"salud"},"geometry":{"type":"Point","coordinates":[2.1487838,41.3953917]}},{"type":"Feature","properties":{"cat":"salud"},"geometry":{"type":"Point","coordinates":[2.1902607,41.4434212]}},{"type":"Feature","properties":{"cat":"salud"},"geometry":{"type":"Point","coordinates":[2.1511961,41.3952089]}},{"type":"Feature","properties":{"cat":"salud"},"geometry":{"type":"Point","coordinates":[2.1511772,41.3952229]}},{"type":"Feature","properties":{"cat":"salud"},"geometry":{"type":"Point","coordinates":[2.1483526,41.4001017]}},{"type":"Feature","properties":{"cat":"salud"},"geometry":{"type":"Point","coordinates":[2.1435023,41.3868902]}},{"type":"Feature","properties":{"cat":"salud"},"geometry":{"type":"Point","coordinates":[2.2050404,41.4236042]}},{"type":"Feature","properties":{"cat":"salud"},"geometry":{"type":"Point","coordinates":[2.1513504,41.3994099]}},{"type":"Feature","properties":{"cat":"salud"},"geometry":{"type":"Point","coordinates":[2.1005427,41.3709605]}},{"type":"Feature","properties":{"cat":"salud"},"geometry":{"type":"Point","coordinates":[2.1726601,41.3989237]}},{"type":"Feature","properties":{"cat":"salud"},"geometry":{"type":"Point","coordinates":[2.1547124,41.3972455]}},{"type":"Feature","properties":{"cat":"salud"},"geometry":{"type":"Point","coordinates":[2.1547407,41.3972563]}},{"type":"Feature","properties":{"cat":"salud"},"geometry":{"type":"Point","coordinates":[2.154734,41.3972627]}},{"type":"Feature","properties":{"cat":"salud"},"geometry":{"type":"Point","coordinates":[2.1546378,41.3973885]}},{"type":"Feature","properties":{"cat":"salud"},"geometry":{"type":"Point","coordinates":[2.1749257,41.3758154]}},{"type":"Feature","properties":{"cat":"salud"},"geometry":{"type":"Point","coordinates":[2.1441205,41.3538182]}},{"type":"Feature","properties":{"cat":"salud"},"geometry":{"type":"Point","coordinates":[2.1521562,41.396091]}},{"type":"Feature","properties":{"cat":"salud"},"geometry":{"type":"Point","coordinates":[2.1517652,41.3962655]}},{"type":"Feature","properties":{"cat":"salud"},"geometry":{"type":"Point","coordinates":[2.1604984,41.3859998]}},{"type":"Feature","properties":{"cat":"salud"},"geometry":{"type":"Point","coordinates":[2.1604091,41.386076]}},{"type":"Feature","properties":{"cat":"salud"},"geometry":{"type":"Point","coordinates":[2.1483836,41.3955772]}},{"type":"Feature","properties":{"cat":"salud"},"geometry":{"type":"Point","coordinates":[2.1192766,41.3911458]}},{"type":"Feature","properties":{"cat":"salud"},"geometry":{"type":"Point","coordinates":[2.1227763,41.390119]}},{"type":"Feature","properties":{"cat":"salud"},"geometry":{"type":"Point","coordinates":[2.1278643,41.3906237]}},{"type":"Feature","properties":{"cat":"salud"},"geometry":{"type":"Point","coordinates":[2.1495857,41.3999558]}},{"type":"Feature","properties":{"cat":"salud"},"geometry":{"type":"Point","coordinates":[2.1493996,41.4000765]}},{"type":"Feature","properties":{"cat":"salud"},"geometry":{"type":"Point","coordinates":[2.183582,41.4457877]}},{"type":"Feature","properties":{"cat":"salud"},"geometry":{"type":"Point","coordinates":[2.1539267,41.3954506]}},{"type":"Feature","properties":{"cat":"salud"},"geometry":{"type":"Point","coordinates":[2.1548925,41.3963618]}},{"type":"Feature","properties":{"cat":"salud"},"geometry":{"type":"Point","coordinates":[2.1041249,41.4139032]}},{"type":"Feature","properties":{"cat":"salud"},"geometry":{"type":"Point","coordinates":[2.149347,41.4006372]}},{"type":"Feature","properties":{"cat":"salud"},"geometry":{"type":"Point","coordinates":[2.1700619,41.406418]}},{"type":"Feature","properties":{"cat":"salud"},"geometry":{"type":"Point","coordinates":[2.1388586,41.4158506]}},{"type":"Feature","properties":{"cat":"salud"},"geometry":{"type":"Point","coordinates":[2.1560141,41.396142]}},{"type":"Feature","properties":{"cat":"salud"},"geometry":{"type":"Point","coordinates":[2.1429071,41.3846385]}},{"type":"Feature","properties":{"cat":"salud"},"geometry":{"type":"Point","coordinates":[2.1434437,41.3814381]}},{"type":"Feature","properties":{"cat":"salud"},"geometry":{"type":"Point","coordinates":[2.1301724,41.3831149]}},{"type":"Feature","properties":{"cat":"salud"},"geometry":{"type":"Point","coordinates":[2.1430529,41.3865252]}},{"type":"Feature","properties":{"cat":"salud"},"geometry":{"type":"Point","coordinates":[2.1503104,41.3878782]}},{"type":"Feature","properties":{"cat":"salud"},"geometry":{"type":"Point","coordinates":[2.1456495,41.3860312]}},{"type":"Feature","properties":{"cat":"salud"},"geometry":{"type":"Point","coordinates":[2.1456375,41.3880873]}},{"type":"Feature","properties":{"cat":"salud"},"geometry":{"type":"Point","coordinates":[2.1427532,41.3882109]}},{"type":"Feature","properties":{"cat":"salud"},"geometry":{"type":"Point","coordinates":[2.1421579,41.383378]}},{"type":"Feature","properties":{"cat":"salud"},"geometry":{"type":"Point","coordinates":[2.1405291,41.3717263]}},{"type":"Feature","properties":{"cat":"salud"},"geometry":{"type":"Point","coordinates":[2.1464149,41.3886451]}},{"type":"Feature","properties":{"cat":"salud"},"geometry":{"type":"Point","coordinates":[2.1479953,41.3916615]}},{"type":"Feature","properties":{"cat":"salud"},"geometry":{"type":"Point","coordinates":[2.1447404,41.3910525]}},{"type":"Feature","properties":{"cat":"salud"},"geometry":{"type":"Point","coordinates":[2.1577063,41.3933503]}},{"type":"Feature","properties":{"cat":"salud"},"geometry":{"type":"Point","coordinates":[2.143627,41.3891102]}},{"type":"Feature","properties":{"cat":"salud"},"geometry":{"type":"Point","coordinates":[2.1480066,41.3929244]}},{"type":"Feature","properties":{"cat":"salud"},"geometry":{"type":"Point","coordinates":[2.1477113,41.3926936]}},{"type":"Feature","properties":{"cat":"salud"},"geometry":{"type":"Point","coordinates":[2.1429027,41.3846793]}},{"type":"Feature","properties":{"cat":"salud"},"geometry":{"type":"Point","coordinates":[2.1213061,41.3900295]}},{"type":"Feature","properties":{"cat":"salud"},"geometry":{"type":"Point","coordinates":[2.1488929,41.3984779]}},{"type":"Feature","properties":{"cat":"salud"},"geometry":{"type":"Point","coordinates":[2.1127843,41.3502965]}},{"type":"Feature","properties":{"cat":"salud"},"geometry":{"type":"Point","coordinates":[2.1604226,41.3767083]}},{"type":"Feature","properties":{"cat":"salud"},"geometry":{"type":"Point","coordinates":[2.1282398,41.3923238]}},{"type":"Feature","properties":{"cat":"salud"},"geometry":{"type":"Point","coordinates":[2.1212934,41.3770045]}},{"type":"Feature","properties":{"cat":"salud"},"geometry":{"type":"Point","coordinates":[2.1002691,41.3712264]}},{"type":"Feature","properties":{"cat":"salud"},"geometry":{"type":"Point","coordinates":[2.1509481,41.3846129]}},{"type":"Feature","properties":{"cat":"salud"},"geometry":{"type":"Point","coordinates":[2.206413,41.4376874]}},{"type":"Feature","properties":{"cat":"salud"},"geometry":{"type":"Point","coordinates":[2.1533076,41.396806]}},{"type":"Feature","properties":{"cat":"salud"},"geometry":{"type":"Point","coordinates":[2.1533043,41.3967827]}},{"type":"Feature","properties":{"cat":"salud"},"geometry":{"type":"Point","coordinates":[2.1333682,41.4073647]}},{"type":"Feature","properties":{"cat":"salud"},"geometry":{"type":"Point","coordinates":[2.1684143,41.3997659]}},{"type":"Feature","properties":{"cat":"salud"},"geometry":{"type":"Point","coordinates":[2.2034639,41.4243957]}},{"type":"Feature","properties":{"cat":"salud"},"geometry":{"type":"Point","coordinates":[2.1555322,41.3962937]}},{"type":"Feature","properties":{"cat":"salud"},"geometry":{"type":"Point","coordinates":[2.1778382,41.4233128]}},{"type":"Feature","properties":{"cat":"salud"},"geometry":{"type":"Point","coordinates":[2.1580631,41.4167592]}},{"type":"Feature","properties":{"cat":"salud"},"geometry":{"type":"Point","coordinates":[2.1829864,41.4208735]}},{"type":"Feature","properties":{"cat":"salud"},"geometry":{"type":"Point","coordinates":[2.1478229,41.4008285]}},{"type":"Feature","properties":{"cat":"salud"},"geometry":{"type":"Point","coordinates":[2.1763684,41.426216]}},{"type":"Feature","properties":{"cat":"salud"},"geometry":{"type":"Point","coordinates":[2.1473222,41.3959737]}},{"type":"Feature","properties":{"cat":"salud"},"geometry":{"type":"Point","coordinates":[2.1474007,41.3958429]}},{"type":"Feature","properties":{"cat":"salud"},"geometry":{"type":"Point","coordinates":[2.1479642,41.3955699]}},{"type":"Feature","properties":{"cat":"salud"},"geometry":{"type":"Point","coordinates":[2.1626764,41.3889645]}},{"type":"Feature","properties":{"cat":"salud"},"geometry":{"type":"Point","coordinates":[2.1785317,41.4106955]}},{"type":"Feature","properties":{"cat":"salud"},"geometry":{"type":"Point","coordinates":[2.1299556,41.4013231]}},{"type":"Feature","properties":{"cat":"salud"},"geometry":{"type":"Point","coordinates":[2.1484384,41.3993475]}},{"type":"Feature","properties":{"cat":"salud"},"geometry":{"type":"Point","coordinates":[2.1483436,41.4007867]}},{"type":"Feature","properties":{"cat":"salud"},"geometry":{"type":"Point","coordinates":[2.1729678,41.3937684]}},{"type":"Feature","properties":{"cat":"salud"},"geometry":{"type":"Point","coordinates":[2.1728044,41.3936889]}},{"type":"Feature","properties":{"cat":"salud"},"geometry":{"type":"Point","coordinates":[2.1577785,41.4012395]}},{"type":"Feature","properties":{"cat":"salud"},"geometry":{"type":"Point","coordinates":[2.1139246,41.3578565]}},{"type":"Feature","properties":{"cat":"salud"},"geometry":{"type":"Point","coordinates":[2.211779,41.4453421]}},{"type":"Feature","properties":{"cat":"salud"},"geometry":{"type":"Point","coordinates":[2.1439907,41.3905684]}},{"type":"Feature","properties":{"cat":"salud"},"geometry":{"type":"Point","coordinates":[2.1716316,41.4039111]}},{"type":"Feature","properties":{"cat":"salud"},"geometry":{"type":"Point","coordinates":[2.1921082,41.4419903]}},{"type":"Feature","properties":{"cat":"salud"},"geometry":{"type":"Point","coordinates":[2.1921139,41.4418214]}},{"type":"Feature","properties":{"cat":"salud"},"geometry":{"type":"Point","coordinates":[2.1628422,41.3978999]}},{"type":"Feature","properties":{"cat":"salud"},"geometry":{"type":"Point","coordinates":[2.134416,41.3677946]}},{"type":"Feature","properties":{"cat":"salud"},"geometry":{"type":"Point","coordinates":[2.1964541,41.4224873]}},{"type":"Feature","properties":{"cat":"salud"},"geometry":{"type":"Point","coordinates":[2.1243714,41.4027589]}},{"type":"Feature","properties":{"cat":"salud"},"geometry":{"type":"Point","coordinates":[2.1255107,41.4008918]}},{"type":"Feature","properties":{"cat":"salud"},"geometry":{"type":"Point","coordinates":[2.1304483,41.4015169]}},{"type":"Feature","properties":{"cat":"salud"},"geometry":{"type":"Point","coordinates":[2.1173869,41.3738016]}},{"type":"Feature","properties":{"cat":"salud"},"geometry":{"type":"Point","coordinates":[2.1583097,41.4107998]}},{"type":"Feature","properties":{"cat":"salud"},"geometry":{"type":"Point","coordinates":[2.1318138,41.3682668]}},{"type":"Feature","properties":{"cat":"salud"},"geometry":{"type":"Point","coordinates":[2.1389188,41.3669937]}},{"type":"Feature","properties":{"cat":"salud"},"geometry":{"type":"Point","coordinates":[2.1163127,41.3710708]}},{"type":"Feature","properties":{"cat":"salud"},"geometry":{"type":"Point","coordinates":[2.1612851,41.3983383]}},{"type":"Feature","properties":{"cat":"salud"},"geometry":{"type":"Point","coordinates":[2.1751466,41.4445016]}},{"type":"Feature","properties":{"cat":"salud"},"geometry":{"type":"Point","coordinates":[2.1664853,41.3913118]}},{"type":"Feature","properties":{"cat":"salud"},"geometry":{"type":"Point","coordinates":[2.1024569,41.3672505]}},{"type":"Feature","properties":{"cat":"salud"},"geometry":{"type":"Point","coordinates":[2.1641892,41.3969664]}},{"type":"Feature","properties":{"cat":"salud"},"geometry":{"type":"Point","coordinates":[2.1462212,41.3891464]}},{"type":"Feature","properties":{"cat":"salud"},"geometry":{"type":"Point","coordinates":[2.1762664,41.3894928]}},{"type":"Feature","properties":{"cat":"salud"},"geometry":{"type":"Point","coordinates":[2.1495908,41.4005579]}},{"type":"Feature","properties":{"cat":"salud"},"geometry":{"type":"Point","coordinates":[2.1618721,41.4040086]}},{"type":"Feature","properties":{"cat":"salud"},"geometry":{"type":"Point","coordinates":[2.1702416,41.4095716]}},{"type":"Feature","properties":{"cat":"salud"},"geometry":{"type":"Point","coordinates":[2.1973377,41.4141083]}},{"type":"Feature","properties":{"cat":"salud"},"geometry":{"type":"Point","coordinates":[2.2179818,41.4310668]}},{"type":"Feature","properties":{"cat":"salud"},"geometry":{"type":"Point","coordinates":[2.1523622,41.3939005]}},{"type":"Feature","properties":{"cat":"salud"},"geometry":{"type":"Point","coordinates":[2.1604807,41.3791341]}},{"type":"Feature","properties":{"cat":"salud"},"geometry":{"type":"Point","coordinates":[2.1395935,41.3675079]}},{"type":"Feature","properties":{"cat":"salud"},"geometry":{"type":"Point","coordinates":[2.1401996,41.3668998]}},{"type":"Feature","properties":{"cat":"salud"},"geometry":{"type":"Point","coordinates":[2.1581597,41.4104798]}},{"type":"Feature","properties":{"cat":"salud"},"geometry":{"type":"Point","coordinates":[2.1685041,41.3990665]}},{"type":"Feature","properties":{"cat":"salud"},"geometry":{"type":"Point","coordinates":[2.1636033,41.400939]}},{"type":"Feature","properties":{"cat":"salud"},"geometry":{"type":"Point","coordinates":[2.1753075,41.4426763]}},{"type":"Feature","properties":{"cat":"salud"},"geometry":{"type":"Point","coordinates":[2.1618617,41.3987301]}},{"type":"Feature","properties":{"cat":"salud"},"geometry":{"type":"Point","coordinates":[2.1234979,41.3715461]}},{"type":"Feature","properties":{"cat":"salud"},"geometry":{"type":"Point","coordinates":[2.1614259,41.3890836]}},{"type":"Feature","properties":{"cat":"salud"},"geometry":{"type":"Point","coordinates":[2.1550647,41.3850643]}},{"type":"Feature","properties":{"cat":"salud"},"geometry":{"type":"Point","coordinates":[2.1522095,41.3867142]}},{"type":"Feature","properties":{"cat":"salud"},"geometry":{"type":"Point","coordinates":[2.173848,41.397336]}},{"type":"Feature","properties":{"cat":"salud"},"geometry":{"type":"Point","coordinates":[2.200563,41.3918082]}},{"type":"Feature","properties":{"cat":"salud"},"geometry":{"type":"Point","coordinates":[2.123309,41.3913113]}},{"type":"Feature","properties":{"cat":"salud"},"geometry":{"type":"Point","coordinates":[2.160845,41.3911874]}},{"type":"Feature","properties":{"cat":"salud"},"geometry":{"type":"Point","coordinates":[2.2159919,41.4109472]}},{"type":"Feature","properties":{"cat":"salud"},"geometry":{"type":"Point","coordinates":[2.1415025,41.3863099]}},{"type":"Feature","properties":{"cat":"salud"},"geometry":{"type":"Point","coordinates":[2.1306193,41.3762773]}},{"type":"Feature","properties":{"cat":"salud"},"geometry":{"type":"Point","coordinates":[2.1425319,41.4114253]}},{"type":"Feature","properties":{"cat":"salud"},"geometry":{"type":"Point","coordinates":[2.1665345,41.3914662]}},{"type":"Feature","properties":{"cat":"salud"},"geometry":{"type":"Point","coordinates":[2.1319806,41.3841218]}},{"type":"Feature","properties":{"cat":"salud"},"geometry":{"type":"Point","coordinates":[2.1711028,41.3996941]}},{"type":"Feature","properties":{"cat":"salud"},"geometry":{"type":"Point","coordinates":[2.1771302,41.4146729]}},{"type":"Feature","properties":{"cat":"salud"},"geometry":{"type":"Point","coordinates":[2.1300297,41.395231]}},{"type":"Feature","properties":{"cat":"salud"},"geometry":{"type":"Point","coordinates":[2.1423703,41.4136684]}},{"type":"Feature","properties":{"cat":"salud"},"geometry":{"type":"Point","coordinates":[2.1720038,41.3772713]}},{"type":"Feature","properties":{"cat":"salud"},"geometry":{"type":"Point","coordinates":[2.1482437,41.4013363]}},{"type":"Feature","properties":{"cat":"salud"},"geometry":{"type":"Point","coordinates":[2.1612303,41.3765458]}},{"type":"Feature","properties":{"cat":"salud"},"geometry":{"type":"Point","coordinates":[2.1566397,41.3885811]}},{"type":"Feature","properties":{"cat":"salud"},"geometry":{"type":"Point","coordinates":[2.125191,41.3848694]}},{"type":"Feature","properties":{"cat":"salud"},"geometry":{"type":"Point","coordinates":[2.1386498,41.3839009]}},{"type":"Feature","properties":{"cat":"salud"},"geometry":{"type":"Point","coordinates":[2.1533841,41.3828587]}},{"type":"Feature","properties":{"cat":"salud"},"geometry":{"type":"Point","coordinates":[2.1481075,41.4002673]}},{"type":"Feature","properties":{"cat":"salud"},"geometry":{"type":"Point","coordinates":[2.1677654,41.4063855]}},{"type":"Feature","properties":{"cat":"salud"},"geometry":{"type":"Point","coordinates":[2.1680382,41.3995166]}},{"type":"Feature","properties":{"cat":"salud"},"geometry":{"type":"Point","coordinates":[2.1767482,41.4249337]}},{"type":"Feature","properties":{"cat":"salud"},"geometry":{"type":"Point","coordinates":[2.17017,41.4329622]}},{"type":"Feature","properties":{"cat":"salud"},"geometry":{"type":"Point","coordinates":[2.172052,41.3772694]}},{"type":"Feature","properties":{"cat":"salud"},"geometry":{"type":"Point","coordinates":[2.1675286,41.3855604]}},{"type":"Feature","properties":{"cat":"salud"},"geometry":{"type":"Point","coordinates":[2.1200559,41.3741796]}},{"type":"Feature","properties":{"cat":"salud"},"geometry":{"type":"Point","coordinates":[2.1377117,41.3897263]}},{"type":"Feature","properties":{"cat":"salud"},"geometry":{"type":"Point","coordinates":[2.1742365,41.3888109]}},{"type":"Feature","properties":{"cat":"salud"},"geometry":{"type":"Point","coordinates":[2.1504026,41.3896318]}},{"type":"Feature","properties":{"cat":"salud"},"geometry":{"type":"Point","coordinates":[2.1200026,41.3742417]}},{"type":"Feature","properties":{"cat":"salud"},"geometry":{"type":"Point","coordinates":[2.1607137,41.3939899]}},{"type":"Feature","properties":{"cat":"salud"},"geometry":{"type":"Point","coordinates":[2.134172,41.3973738]}},{"type":"Feature","properties":{"cat":"salud"},"geometry":{"type":"Point","coordinates":[2.1394828,41.4159071]}},{"type":"Feature","properties":{"cat":"salud"},"geometry":{"type":"Point","coordinates":[2.1409654,41.4257913]}},{"type":"Feature","properties":{"cat":"salud"},"geometry":{"type":"Point","coordinates":[2.2128933,41.4378737]}},{"type":"Feature","properties":{"cat":"salud"},"geometry":{"type":"Point","coordinates":[2.2200125,41.4376721]}},{"type":"Feature","properties":{"cat":"salud"},"geometry":{"type":"Point","coordinates":[2.1408595,41.4153287]}},{"type":"Feature","properties":{"cat":"salud"},"geometry":{"type":"Point","coordinates":[2.1737306,41.4462663]}},{"type":"Feature","properties":{"cat":"salud"},"geometry":{"type":"Point","coordinates":[2.1305055,41.3938125]}},{"type":"Feature","properties":{"cat":"salud"},"geometry":{"type":"Point","coordinates":[2.122489,41.3603991]}},{"type":"Feature","properties":{"cat":"salud"},"geometry":{"type":"Point","coordinates":[2.1342178,41.4011482]}},{"type":"Feature","properties":{"cat":"salud"},"geometry":{"type":"Point","coordinates":[2.159807,41.3763995]}},{"type":"Feature","properties":{"cat":"salud"},"geometry":{"type":"Point","coordinates":[2.1215502,41.3900347]}},{"type":"Feature","properties":{"cat":"salud"},"geometry":{"type":"Point","coordinates":[2.1821633,41.3800138]}},{"type":"Feature","properties":{"cat":"salud"},"geometry":{"type":"Point","coordinates":[2.1482111,41.4001334]}},{"type":"Feature","properties":{"cat":"salud"},"geometry":{"type":"Point","coordinates":[2.1611781,41.4132901]}},{"type":"Feature","properties":{"cat":"salud"},"geometry":{"type":"Point","coordinates":[2.1278903,41.4063869]}},{"type":"Feature","properties":{"cat":"salud"},"geometry":{"type":"Point","coordinates":[2.107182,41.3741705]}},{"type":"Feature","properties":{"cat":"salud"},"geometry":{"type":"Point","coordinates":[2.1835082,41.4471374]}},{"type":"Feature","properties":{"cat":"salud"},"geometry":{"type":"Point","coordinates":[2.217678,41.4299183]}},{"type":"Feature","properties":{"cat":"salud"},"geometry":{"type":"Point","coordinates":[2.1661029,41.439588]}},{"type":"Feature","properties":{"cat":"salud"},"geometry":{"type":"Point","coordinates":[2.1456184,41.4355012]}},{"type":"Feature","properties":{"cat":"salud"},"geometry":{"type":"Point","coordinates":[2.1156807,41.3997737]}},{"type":"Feature","properties":{"cat":"salud"},"geometry":{"type":"Point","coordinates":[2.1721335,41.3773939]}},{"type":"Feature","properties":{"cat":"salud"},"geometry":{"type":"Point","coordinates":[2.1443444,41.3584961]}},{"type":"Feature","properties":{"cat":"salud"},"geometry":{"type":"Point","coordinates":[2.1944986,41.4013987]}},{"type":"Feature","properties":{"cat":"salud"},"geometry":{"type":"Point","coordinates":[2.1925962,41.4430828]}},{"type":"Feature","properties":{"cat":"salud"},"geometry":{"type":"Point","coordinates":[2.1545767,41.41066]}},{"type":"Feature","properties":{"cat":"salud"},"geometry":{"type":"Point","coordinates":[2.1763537,41.4264535]}},{"type":"Feature","properties":{"cat":"salud"},"geometry":{"type":"Point","coordinates":[2.1046476,41.3452979]}},{"type":"Feature","properties":{"cat":"salud"},"geometry":{"type":"Point","coordinates":[2.1651901,41.3843655]}},{"type":"Feature","properties":{"cat":"salud"},"geometry":{"type":"Point","coordinates":[2.1383389,41.3880112]}},{"type":"Feature","properties":{"cat":"salud"},"geometry":{"type":"Point","coordinates":[2.1388628,41.4292442]}},{"type":"Feature","properties":{"cat":"salud"},"geometry":{"type":"Point","coordinates":[2.1424818,41.4262562]}},{"type":"Feature","properties":{"cat":"salud"},"geometry":{"type":"Point","coordinates":[2.1818734,41.439887]}},{"type":"Feature","properties":{"cat":"salud"},"geometry":{"type":"Point","coordinates":[2.1243416,41.4105223]}},{"type":"Feature","properties":{"cat":"salud"},"geometry":{"type":"Point","coordinates":[2.1261954,41.4033082]}},{"type":"Feature","properties":{"cat":"salud"},"geometry":{"type":"Point","coordinates":[2.1727761,41.4129259]}},{"type":"Feature","properties":{"cat":"salud"},"geometry":{"type":"Point","coordinates":[2.1341745,41.4004669]}},{"type":"Feature","properties":{"cat":"salud"},"geometry":{"type":"Point","coordinates":[2.181024,41.4157799]}},{"type":"Feature","properties":{"cat":"salud"},"geometry":{"type":"Point","coordinates":[2.155962,41.4105905]}},{"type":"Feature","properties":{"cat":"salud"},"geometry":{"type":"Point","coordinates":[2.1053298,41.3691058]}},{"type":"Feature","properties":{"cat":"salud"},"geometry":{"type":"Point","coordinates":[2.2152749,41.4152567]}},{"type":"Feature","properties":{"cat":"salud"},"geometry":{"type":"Point","coordinates":[2.166889,41.3715575]}},{"type":"Feature","properties":{"cat":"salud"},"geometry":{"type":"Point","coordinates":[2.1422817,41.401314]}},{"type":"Feature","properties":{"cat":"salud"},"geometry":{"type":"Point","coordinates":[2.2087629,41.4229265]}},{"type":"Feature","properties":{"cat":"salud"},"geometry":{"type":"Point","coordinates":[2.2185082,41.4127594]}},{"type":"Feature","properties":{"cat":"salud"},"geometry":{"type":"Point","coordinates":[2.1018898,41.3843723]}},{"type":"Feature","properties":{"cat":"salud"},"geometry":{"type":"Point","coordinates":[2.1360949,41.412223]}},{"type":"Feature","properties":{"cat":"salud"},"geometry":{"type":"Point","coordinates":[2.1733834,41.3730597]}},{"type":"Feature","properties":{"cat":"salud"},"geometry":{"type":"Point","coordinates":[2.1612618,41.3982506]}},{"type":"Feature","properties":{"cat":"salud"},"geometry":{"type":"Point","coordinates":[2.1094622,41.3499071]}},{"type":"Feature","properties":{"cat":"salud"},"geometry":{"type":"Point","coordinates":[2.2211743,41.4170166]}},{"type":"Feature","properties":{"cat":"salud"},"geometry":{"type":"Point","coordinates":[2.1597129,41.4095903]}},{"type":"Feature","properties":{"cat":"salud"},"geometry":{"type":"Point","coordinates":[2.2168208,41.4484068]}},{"type":"Feature","properties":{"cat":"salud"},"geometry":{"type":"Point","coordinates":[2.2130503,41.4414817]}},{"type":"Feature","properties":{"cat":"salud"},"geometry":{"type":"Point","coordinates":[2.1170891,41.3740541]}},{"type":"Feature","properties":{"cat":"salud"},"geometry":{"type":"Point","coordinates":[2.1001378,41.3734925]}},{"type":"Feature","properties":{"cat":"salud"},"geometry":{"type":"Point","coordinates":[2.1428217,41.4345685]}},{"type":"Feature","properties":{"cat":"salud"},"geometry":{"type":"Point","coordinates":[2.2099125,41.4485175]}},{"type":"Feature","properties":{"cat":"salud"},"geometry":{"type":"Point","coordinates":[2.1678605,41.3933502]}},{"type":"Feature","properties":{"cat":"salud"},"geometry":{"type":"Point","coordinates":[2.1456033,41.3889427]}},{"type":"Feature","properties":{"cat":"salud"},"geometry":{"type":"Point","coordinates":[2.1458755,41.3885627]}},{"type":"Feature","properties":{"cat":"salud"},"geometry":{"type":"Point","coordinates":[2.1425944,41.3436148]}},{"type":"Feature","properties":{"cat":"salud"},"geometry":{"type":"Point","coordinates":[2.1257795,41.3848057]}},{"type":"Feature","properties":{"cat":"salud"},"geometry":{"type":"Point","coordinates":[2.123552,41.3852022]}},{"type":"Feature","properties":{"cat":"salud"},"geometry":{"type":"Point","coordinates":[2.115575,41.396759]}},{"type":"Feature","properties":{"cat":"salud"},"geometry":{"type":"Point","coordinates":[2.1189042,41.3978696]}},{"type":"Feature","properties":{"cat":"salud"},"geometry":{"type":"Point","coordinates":[2.1239669,41.3914381]}},{"type":"Feature","properties":{"cat":"salud"},"geometry":{"type":"Point","coordinates":[2.1297441,41.3898885]}},{"type":"Feature","properties":{"cat":"salud"},"geometry":{"type":"Point","coordinates":[2.1370077,41.3913094]}},{"type":"Feature","properties":{"cat":"salud"},"geometry":{"type":"Point","coordinates":[2.1215935,41.4020173]}},{"type":"Feature","properties":{"cat":"salud"},"geometry":{"type":"Point","coordinates":[2.1503727,41.4015346]}},{"type":"Feature","properties":{"cat":"salud"},"geometry":{"type":"Point","coordinates":[2.154955,41.397165]}},{"type":"Feature","properties":{"cat":"salud"},"geometry":{"type":"Point","coordinates":[2.1589512,41.4073224]}},{"type":"Feature","properties":{"cat":"salud"},"geometry":{"type":"Point","coordinates":[2.1879963,41.4225839]}},{"type":"Feature","properties":{"cat":"salud"},"geometry":{"type":"Point","coordinates":[2.1281999,41.3771541]}},{"type":"Feature","properties":{"cat":"salud"},"geometry":{"type":"Point","coordinates":[2.1507059,41.3993381]}},{"type":"Feature","properties":{"cat":"salud"},"geometry":{"type":"Point","coordinates":[2.1293768,41.3622885]}},{"type":"Feature","properties":{"cat":"salud"},"geometry":{"type":"Point","coordinates":[2.1938769,41.3838714]}},{"type":"Feature","properties":{"cat":"salud"},"geometry":{"type":"Point","coordinates":[2.1114594,41.3452981]}},{"type":"Feature","properties":{"cat":"salud"},"geometry":{"type":"Point","coordinates":[2.1227184,41.3690498]}},{"type":"Feature","properties":{"cat":"salud"},"geometry":{"type":"Point","coordinates":[2.1797408,41.4315212]}},{"type":"Feature","properties":{"cat":"salud"},"geometry":{"type":"Point","coordinates":[2.1021425,41.3850223]}},{"type":"Feature","properties":{"cat":"salud"},"geometry":{"type":"Point","coordinates":[2.1407738,41.4280251]}},{"type":"Feature","properties":{"cat":"salud"},"geometry":{"type":"Point","coordinates":[2.1387446,41.4158262]}},{"type":"Feature","properties":{"cat":"salud"},"geometry":{"type":"Point","coordinates":[2.1165839,41.3572581]}},{"type":"Feature","properties":{"cat":"salud"},"geometry":{"type":"Point","coordinates":[2.1765708,41.3784172]}},{"type":"Feature","properties":{"cat":"salud"},"geometry":{"type":"Point","coordinates":[2.1522423,41.3894858]}},{"type":"Feature","properties":{"cat":"salud"},"geometry":{"type":"Point","coordinates":[2.1421645,41.4137224]}},{"type":"Feature","properties":{"cat":"salud"},"geometry":{"type":"Point","coordinates":[2.1526486,41.3877341]}},{"type":"Feature","properties":{"cat":"salud"},"geometry":{"type":"Point","coordinates":[2.1919972,41.4212682]}},{"type":"Feature","properties":{"cat":"salud"},"geometry":{"type":"Point","coordinates":[2.2203594,41.4427308]}},{"type":"Feature","properties":{"cat":"salud"},"geometry":{"type":"Point","coordinates":[2.1971269,41.4140205]}},{"type":"Feature","properties":{"cat":"salud"},"geometry":{"type":"Point","coordinates":[2.2110011,41.4064604]}},{"type":"Feature","properties":{"cat":"salud"},"geometry":{"type":"Point","coordinates":[2.1742203,41.413977]}},{"type":"Feature","properties":{"cat":"salud"},"geometry":{"type":"Point","coordinates":[2.1929393,41.4365752]}},{"type":"Feature","properties":{"cat":"salud"},"geometry":{"type":"Point","coordinates":[2.206243,41.4390699]}},{"type":"Feature","properties":{"cat":"salud"},"geometry":{"type":"Point","coordinates":[2.1234221,41.3912752]}},{"type":"Feature","properties":{"cat":"salud"},"geometry":{"type":"Point","coordinates":[2.1572739,41.4289084]}},{"type":"Feature","properties":{"cat":"salud"},"geometry":{"type":"Point","coordinates":[2.1548597,41.4208144]}},{"type":"Feature","properties":{"cat":"salud"},"geometry":{"type":"Point","coordinates":[2.1408213,41.381265]}},{"type":"Feature","properties":{"cat":"salud"},"geometry":{"type":"Point","coordinates":[2.2024324,41.4057172]}},{"type":"Feature","properties":{"cat":"educacion"},"geometry":{"type":"Point","coordinates":[2.1301533,41.4083057]}},{"type":"Feature","properties":{"cat":"educacion"},"geometry":{"type":"Point","coordinates":[2.130224,41.4093346]}},{"type":"Feature","properties":{"cat":"educacion"},"geometry":{"type":"Point","coordinates":[2.1289709,41.4081823]}},{"type":"Feature","properties":{"cat":"educacion"},"geometry":{"type":"Point","coordinates":[2.2176604,41.4372094]}},{"type":"Feature","properties":{"cat":"educacion"},"geometry":{"type":"Point","coordinates":[2.1824289,41.3950111]}},{"type":"Feature","properties":{"cat":"educacion"},"geometry":{"type":"Point","coordinates":[2.1895807,41.3752504]}},{"type":"Feature","properties":{"cat":"educacion"},"geometry":{"type":"Point","coordinates":[2.1619233,41.4092233]}},{"type":"Feature","properties":{"cat":"educacion"},"geometry":{"type":"Point","coordinates":[2.1463632,41.37208]}},{"type":"Feature","properties":{"cat":"educacion"},"geometry":{"type":"Point","coordinates":[2.2220614,41.4448804]}},{"type":"Feature","properties":{"cat":"educacion"},"geometry":{"type":"Point","coordinates":[2.1295866,41.3687093]}},{"type":"Feature","properties":{"cat":"educacion"},"geometry":{"type":"Point","coordinates":[2.1171243,41.3842917]}},{"type":"Feature","properties":{"cat":"educacion"},"geometry":{"type":"Point","coordinates":[2.1168968,41.3851619]}},{"type":"Feature","properties":{"cat":"educacion"},"geometry":{"type":"Point","coordinates":[2.2132882,41.4048404]}},{"type":"Feature","properties":{"cat":"educacion"},"geometry":{"type":"Point","coordinates":[2.2156744,41.4420706]}},{"type":"Feature","properties":{"cat":"educacion"},"geometry":{"type":"Point","coordinates":[2.1656656,41.3945908]}},{"type":"Feature","properties":{"cat":"educacion"},"geometry":{"type":"Point","coordinates":[2.1452659,41.4225682]}},{"type":"Feature","properties":{"cat":"educacion"},"geometry":{"type":"Point","coordinates":[2.1251305,41.3961594]}},{"type":"Feature","properties":{"cat":"educacion"},"geometry":{"type":"Point","coordinates":[2.1212672,41.3904131]}},{"type":"Feature","properties":{"cat":"educacion"},"geometry":{"type":"Point","coordinates":[2.1363392,41.4148309]}},{"type":"Feature","properties":{"cat":"educacion"},"geometry":{"type":"Point","coordinates":[2.1752287,41.4431366]}},{"type":"Feature","properties":{"cat":"educacion"},"geometry":{"type":"Point","coordinates":[2.1788559,41.4121102]}},{"type":"Feature","properties":{"cat":"educacion"},"geometry":{"type":"Point","coordinates":[2.1450346,41.3901333]}},{"type":"Feature","properties":{"cat":"educacion"},"geometry":{"type":"Point","coordinates":[2.1432848,41.3497188]}},{"type":"Feature","properties":{"cat":"educacion"},"geometry":{"type":"Point","coordinates":[2.1513276,41.4199017]}},{"type":"Feature","properties":{"cat":"educacion"},"geometry":{"type":"Point","coordinates":[2.1956962,41.4048144]}},{"type":"Feature","properties":{"cat":"educacion"},"geometry":{"type":"Point","coordinates":[2.1980368,41.4030111]}},{"type":"Feature","properties":{"cat":"educacion"},"geometry":{"type":"Point","coordinates":[2.1198427,41.4031261]}},{"type":"Feature","properties":{"cat":"educacion"},"geometry":{"type":"Point","coordinates":[2.2019778,41.4012738]}},{"type":"Feature","properties":{"cat":"educacion"},"geometry":{"type":"Point","coordinates":[2.1522286,41.3803164]}},{"type":"Feature","properties":{"cat":"educacion"},"geometry":{"type":"Point","coordinates":[2.149936,41.3868561]}},{"type":"Feature","properties":{"cat":"educacion"},"geometry":{"type":"Point","coordinates":[2.151194,41.3861554]}},{"type":"Feature","properties":{"cat":"educacion"},"geometry":{"type":"Point","coordinates":[2.1507817,41.3867987]}},{"type":"Feature","properties":{"cat":"educacion"},"geometry":{"type":"Point","coordinates":[2.1815238,41.3835922]}},{"type":"Feature","properties":{"cat":"educacion"},"geometry":{"type":"Point","coordinates":[2.2067812,41.4057043]}},{"type":"Feature","properties":{"cat":"educacion"},"geometry":{"type":"Point","coordinates":[2.1143208,41.4028648]}},{"type":"Feature","properties":{"cat":"educacion"},"geometry":{"type":"Point","coordinates":[2.1956126,41.4085941]}},{"type":"Feature","properties":{"cat":"educacion"},"geometry":{"type":"Point","coordinates":[2.1079674,41.3935611]}},{"type":"Feature","properties":{"cat":"educacion"},"geometry":{"type":"Point","coordinates":[2.1386333,41.4115615]}},{"type":"Feature","properties":{"cat":"educacion"},"geometry":{"type":"Point","coordinates":[2.1415165,41.3973879]}},{"type":"Feature","properties":{"cat":"educacion"},"geometry":{"type":"Point","coordinates":[2.1374992,41.4093346]}},{"type":"Feature","properties":{"cat":"educacion"},"geometry":{"type":"Point","coordinates":[2.2060551,41.4083289]}},{"type":"Feature","properties":{"cat":"educacion"},"geometry":{"type":"Point","coordinates":[2.1550782,41.403741]}},{"type":"Feature","properties":{"cat":"educacion"},"geometry":{"type":"Point","coordinates":[2.1715026,41.4024203]}},{"type":"Feature","properties":{"cat":"educacion"},"geometry":{"type":"Point","coordinates":[2.1538474,41.4015518]}},{"type":"Feature","properties":{"cat":"educacion"},"geometry":{"type":"Point","coordinates":[2.1218021,41.3853309]}},{"type":"Feature","properties":{"cat":"educacion"},"geometry":{"type":"Point","coordinates":[2.1558286,41.4069288]}},{"type":"Feature","properties":{"cat":"educacion"},"geometry":{"type":"Point","coordinates":[2.1076187,41.3483678]}},{"type":"Feature","properties":{"cat":"educacion"},"geometry":{"type":"Point","coordinates":[2.2189583,41.4499641]}},{"type":"Feature","properties":{"cat":"educacion"},"geometry":{"type":"Point","coordinates":[2.1704947,41.3900126]}},{"type":"Feature","properties":{"cat":"educacion"},"geometry":{"type":"Point","coordinates":[2.1597691,41.3833587]}},{"type":"Feature","properties":{"cat":"educacion"},"geometry":{"type":"Point","coordinates":[2.1748078,41.397403]}},{"type":"Feature","properties":{"cat":"educacion"},"geometry":{"type":"Point","coordinates":[2.1139345,41.3869023]}},{"type":"Feature","properties":{"cat":"educacion"},"geometry":{"type":"Point","coordinates":[2.1651112,41.3858343]}},{"type":"Feature","properties":{"cat":"educacion"},"geometry":{"type":"Point","coordinates":[2.2267976,41.4415485]}},{"type":"Feature","properties":{"cat":"educacion"},"geometry":{"type":"Point","coordinates":[2.1768933,41.4138983]}},{"type":"Feature","properties":{"cat":"educacion"},"geometry":{"type":"Point","coordinates":[2.1768367,41.4138135]}},{"type":"Feature","properties":{"cat":"educacion"},"geometry":{"type":"Point","coordinates":[2.1768685,41.4136385]}},{"type":"Feature","properties":{"cat":"educacion"},"geometry":{"type":"Point","coordinates":[2.1389345,41.4288543]}},{"type":"Feature","properties":{"cat":"educacion"},"geometry":{"type":"Point","coordinates":[2.1386942,41.428555]}},{"type":"Feature","properties":{"cat":"educacion"},"geometry":{"type":"Point","coordinates":[2.2162187,41.4387273]}},{"type":"Feature","properties":{"cat":"educacion"},"geometry":{"type":"Point","coordinates":[2.2170083,41.4379776]}},{"type":"Feature","properties":{"cat":"educacion"},"geometry":{"type":"Point","coordinates":[2.1889751,41.3822035]}},{"type":"Feature","properties":{"cat":"educacion"},"geometry":{"type":"Point","coordinates":[2.2271473,41.4405566]}},{"type":"Feature","properties":{"cat":"educacion"},"geometry":{"type":"Point","coordinates":[2.1533058,41.4056785]}},{"type":"Feature","properties":{"cat":"educacion"},"geometry":{"type":"Point","coordinates":[2.1565296,41.3748087]}},{"type":"Feature","properties":{"cat":"educacion"},"geometry":{"type":"Point","coordinates":[2.1998097,41.4187502]}},{"type":"Feature","properties":{"cat":"educacion"},"geometry":{"type":"Point","coordinates":[2.1647553,41.3990324]}},{"type":"Feature","properties":{"cat":"educacion"},"geometry":{"type":"Point","coordinates":[2.1135757,41.3883168]}},{"type":"Feature","properties":{"cat":"educacion"},"geometry":{"type":"Point","coordinates":[2.178929,41.3810462]}},{"type":"Feature","properties":{"cat":"educacion"},"geometry":{"type":"Point","coordinates":[2.2196863,41.4438239]}},{"type":"Feature","properties":{"cat":"educacion"},"geometry":{"type":"Point","coordinates":[2.1753283,41.3935321]}},{"type":"Feature","properties":{"cat":"educacion"},"geometry":{"type":"Point","coordinates":[2.1732364,41.388631]}},{"type":"Feature","properties":{"cat":"educacion"},"geometry":{"type":"Point","coordinates":[2.1496292,41.4006056]}},{"type":"Feature","properties":{"cat":"educacion"},"geometry":{"type":"Point","coordinates":[2.1979103,41.394886]}},{"type":"Feature","properties":{"cat":"educacion"},"geometry":{"type":"Point","coordinates":[2.2203838,41.441466]}},{"type":"Feature","properties":{"cat":"educacion"},"geometry":{"type":"Point","coordinates":[2.2184063,41.4366027]}},{"type":"Feature","properties":{"cat":"educacion"},"geometry":{"type":"Point","coordinates":[2.2168425,41.4337321]}},{"type":"Feature","properties":{"cat":"educacion"},"geometry":{"type":"Point","coordinates":[2.1922369,41.4114074]}},{"type":"Feature","properties":{"cat":"educacion"},"geometry":{"type":"Point","coordinates":[2.1923208,41.4142099]}},{"type":"Feature","properties":{"cat":"educacion"},"geometry":{"type":"Point","coordinates":[2.2051555,41.4210579]}},{"type":"Feature","properties":{"cat":"educacion"},"geometry":{"type":"Point","coordinates":[2.1711823,41.3762118]}},{"type":"Feature","properties":{"cat":"educacion"},"geometry":{"type":"Point","coordinates":[2.1229418,41.4015789]}},{"type":"Feature","properties":{"cat":"educacion"},"geometry":{"type":"Point","coordinates":[2.1470363,41.4045031]}},{"type":"Feature","properties":{"cat":"educacion"},"geometry":{"type":"Point","coordinates":[2.1140234,41.3762965]}},{"type":"Feature","properties":{"cat":"educacion"},"geometry":{"type":"Point","coordinates":[2.1779058,41.4044076]}},{"type":"Feature","properties":{"cat":"educacion"},"geometry":{"type":"Point","coordinates":[2.1832158,41.403499]}},{"type":"Feature","properties":{"cat":"educacion"},"geometry":{"type":"Point","coordinates":[2.1467863,41.413805]}},{"type":"Feature","properties":{"cat":"educacion"},"geometry":{"type":"Point","coordinates":[2.1976123,41.4173559]}},{"type":"Feature","properties":{"cat":"educacion"},"geometry":{"type":"Point","coordinates":[2.1931177,41.4039983]}},{"type":"Feature","properties":{"cat":"educacion"},"geometry":{"type":"Point","coordinates":[2.1853451,41.423227]}},{"type":"Feature","properties":{"cat":"educacion"},"geometry":{"type":"Point","coordinates":[2.1377132,41.3802296]}},{"type":"Feature","properties":{"cat":"educacion"},"geometry":{"type":"Point","coordinates":[2.1576393,41.3902911]}},{"type":"Feature","properties":{"cat":"educacion"},"geometry":{"type":"Point","coordinates":[2.1809929,41.4173581]}},{"type":"Feature","properties":{"cat":"educacion"},"geometry":{"type":"Point","coordinates":[2.1488866,41.38039]}},{"type":"Feature","properties":{"cat":"educacion"},"geometry":{"type":"Point","coordinates":[2.1683764,41.4078028]}},{"type":"Feature","properties":{"cat":"educacion"},"geometry":{"type":"Point","coordinates":[2.1893165,41.415353]}},{"type":"Feature","properties":{"cat":"educacion"},"geometry":{"type":"Point","coordinates":[2.1973771,41.4180763]}},{"type":"Feature","properties":{"cat":"educacion"},"geometry":{"type":"Point","coordinates":[2.1761665,41.3865]}},{"type":"Feature","properties":{"cat":"educacion"},"geometry":{"type":"Point","coordinates":[2.1622894,41.389417]}},{"type":"Feature","properties":{"cat":"educacion"},"geometry":{"type":"Point","coordinates":[2.154539,41.3963608]}},{"type":"Feature","properties":{"cat":"educacion"},"geometry":{"type":"Point","coordinates":[2.2179943,41.4341158]}},{"type":"Feature","properties":{"cat":"educacion"},"geometry":{"type":"Point","coordinates":[2.209402,41.448611]}},{"type":"Feature","properties":{"cat":"educacion"},"geometry":{"type":"Point","coordinates":[2.1688194,41.3772177]}},{"type":"Feature","properties":{"cat":"educacion"},"geometry":{"type":"Point","coordinates":[2.1428658,41.4382119]}},{"type":"Feature","properties":{"cat":"educacion"},"geometry":{"type":"Point","coordinates":[2.1449202,41.437684]}},{"type":"Feature","properties":{"cat":"educacion"},"geometry":{"type":"Point","coordinates":[2.1330315,41.4036388]}},{"type":"Feature","properties":{"cat":"educacion"},"geometry":{"type":"Point","coordinates":[2.1309814,41.40428]}},{"type":"Feature","properties":{"cat":"educacion"},"geometry":{"type":"Point","coordinates":[2.2233075,41.445012]}},{"type":"Feature","properties":{"cat":"educacion"},"geometry":{"type":"Point","coordinates":[2.2253761,41.4385049]}},{"type":"Feature","properties":{"cat":"educacion"},"geometry":{"type":"Point","coordinates":[2.1557691,41.4020233]}},{"type":"Feature","properties":{"cat":"educacion"},"geometry":{"type":"Point","coordinates":[2.2119189,41.4495816]}},{"type":"Feature","properties":{"cat":"educacion"},"geometry":{"type":"Point","coordinates":[2.1591134,41.3836132]}},{"type":"Feature","properties":{"cat":"educacion"},"geometry":{"type":"Point","coordinates":[2.1811715,41.4074982]}},{"type":"Feature","properties":{"cat":"educacion"},"geometry":{"type":"Point","coordinates":[2.1615752,41.3922402]}},{"type":"Feature","properties":{"cat":"educacion"},"geometry":{"type":"Point","coordinates":[2.1797363,41.4048531]}},{"type":"Feature","properties":{"cat":"educacion"},"geometry":{"type":"Point","coordinates":[2.2238251,41.4396038]}},{"type":"Feature","properties":{"cat":"educacion"},"geometry":{"type":"Point","coordinates":[2.1377542,41.3809854]}},{"type":"Feature","properties":{"cat":"educacion"},"geometry":{"type":"Point","coordinates":[2.1285117,41.3850217]}},{"type":"Feature","properties":{"cat":"educacion"},"geometry":{"type":"Point","coordinates":[2.1238033,41.379259]}},{"type":"Feature","properties":{"cat":"educacion"},"geometry":{"type":"Point","coordinates":[2.1547461,41.3796573]}},{"type":"Feature","properties":{"cat":"educacion"},"geometry":{"type":"Point","coordinates":[2.1839278,41.4037273]}},{"type":"Feature","properties":{"cat":"educacion"},"geometry":{"type":"Point","coordinates":[2.1782853,41.388149]}},{"type":"Feature","properties":{"cat":"educacion"},"geometry":{"type":"Point","coordinates":[2.1775217,41.3857648]}},{"type":"Feature","properties":{"cat":"educacion"},"geometry":{"type":"Point","coordinates":[2.1854155,41.4107971]}},{"type":"Feature","properties":{"cat":"educacion"},"geometry":{"type":"Point","coordinates":[2.1530268,41.4052082]}},{"type":"Feature","properties":{"cat":"educacion"},"geometry":{"type":"Point","coordinates":[2.1631646,41.3809351]}},{"type":"Feature","properties":{"cat":"educacion"},"geometry":{"type":"Point","coordinates":[2.1626189,41.3727087]}},{"type":"Feature","properties":{"cat":"educacion"},"geometry":{"type":"Point","coordinates":[2.1937466,41.4019084]}},{"type":"Feature","properties":{"cat":"educacion"},"geometry":{"type":"Point","coordinates":[2.1909282,41.4247417]}},{"type":"Feature","properties":{"cat":"educacion"},"geometry":{"type":"Point","coordinates":[2.2221849,41.440923]}},{"type":"Feature","properties":{"cat":"educacion"},"geometry":{"type":"Point","coordinates":[2.2259425,41.4412003]}},{"type":"Feature","properties":{"cat":"educacion"},"geometry":{"type":"Point","coordinates":[2.1788469,41.3803304]}},{"type":"Feature","properties":{"cat":"educacion"},"geometry":{"type":"Point","coordinates":[2.1262533,41.3814774]}},{"type":"Feature","properties":{"cat":"educacion"},"geometry":{"type":"Point","coordinates":[2.1655929,41.3954608]}},{"type":"Feature","properties":{"cat":"educacion"},"geometry":{"type":"Point","coordinates":[2.196819,41.3986082]}},{"type":"Feature","properties":{"cat":"educacion"},"geometry":{"type":"Point","coordinates":[2.1968009,41.397148]}},{"type":"Feature","properties":{"cat":"educacion"},"geometry":{"type":"Point","coordinates":[2.1973072,41.3953592]}},{"type":"Feature","properties":{"cat":"educacion"},"geometry":{"type":"Point","coordinates":[2.1351697,41.3884296]}},{"type":"Feature","properties":{"cat":"educacion"},"geometry":{"type":"Point","coordinates":[2.1575101,41.4108347]}},{"type":"Feature","properties":{"cat":"educacion"},"geometry":{"type":"Point","coordinates":[2.2046063,41.4014406]}},{"type":"Feature","properties":{"cat":"educacion"},"geometry":{"type":"Point","coordinates":[2.1776212,41.4231538]}},{"type":"Feature","properties":{"cat":"educacion"},"geometry":{"type":"Point","coordinates":[2.1937054,41.4043275]}},{"type":"Feature","properties":{"cat":"educacion"},"geometry":{"type":"Point","coordinates":[2.1331531,41.4110373]}},{"type":"Feature","properties":{"cat":"educacion"},"geometry":{"type":"Point","coordinates":[2.1649039,41.3962529]}},{"type":"Feature","properties":{"cat":"educacion"},"geometry":{"type":"Point","coordinates":[2.1319337,41.3841034]}},{"type":"Feature","properties":{"cat":"educacion"},"geometry":{"type":"Point","coordinates":[2.1556364,41.3944616]}},{"type":"Feature","properties":{"cat":"educacion"},"geometry":{"type":"Point","coordinates":[2.1645474,41.4102474]}},{"type":"Feature","properties":{"cat":"educacion"},"geometry":{"type":"Point","coordinates":[2.1512044,41.3810936]}},{"type":"Feature","properties":{"cat":"educacion"},"geometry":{"type":"Point","coordinates":[2.1529368,41.384415]}},{"type":"Feature","properties":{"cat":"educacion"},"geometry":{"type":"Point","coordinates":[2.1427309,41.3785696]}},{"type":"Feature","properties":{"cat":"educacion"},"geometry":{"type":"Point","coordinates":[2.1671411,41.3996964]}},{"type":"Feature","properties":{"cat":"educacion"},"geometry":{"type":"Point","coordinates":[2.2011079,41.4041329]}},{"type":"Feature","properties":{"cat":"educacion"},"geometry":{"type":"Point","coordinates":[2.1520677,41.3925669]}},{"type":"Feature","properties":{"cat":"educacion"},"geometry":{"type":"Point","coordinates":[2.1286158,41.3923868]}},{"type":"Feature","properties":{"cat":"educacion"},"geometry":{"type":"Point","coordinates":[2.1774156,41.4328781]}},{"type":"Feature","properties":{"cat":"educacion"},"geometry":{"type":"Point","coordinates":[2.1683101,41.3915028]}},{"type":"Feature","properties":{"cat":"educacion"},"geometry":{"type":"Point","coordinates":[2.1419305,41.3916638]}},{"type":"Feature","properties":{"cat":"educacion"},"geometry":{"type":"Point","coordinates":[2.124806,41.3863377]}},{"type":"Feature","properties":{"cat":"educacion"},"geometry":{"type":"Point","coordinates":[2.1806857,41.4216511]}},{"type":"Feature","properties":{"cat":"educacion"},"geometry":{"type":"Point","coordinates":[2.1943868,41.414052]}},{"type":"Feature","properties":{"cat":"educacion"},"geometry":{"type":"Point","coordinates":[2.1433485,41.3920387]}},{"type":"Feature","properties":{"cat":"educacion"},"geometry":{"type":"Point","coordinates":[2.1426999,41.3933536]}},{"type":"Feature","properties":{"cat":"educacion"},"geometry":{"type":"Point","coordinates":[2.1557553,41.3964882]}},{"type":"Feature","properties":{"cat":"educacion"},"geometry":{"type":"Point","coordinates":[2.1665782,41.3890582]}},{"type":"Feature","properties":{"cat":"educacion"},"geometry":{"type":"Point","coordinates":[2.1836169,41.3977206]}},{"type":"Feature","properties":{"cat":"educacion"},"geometry":{"type":"Point","coordinates":[2.1638532,41.3906036]}},{"type":"Feature","properties":{"cat":"educacion"},"geometry":{"type":"Point","coordinates":[2.1371155,41.3825575]}},{"type":"Feature","properties":{"cat":"educacion"},"geometry":{"type":"Point","coordinates":[2.139383,41.3891741]}},{"type":"Feature","properties":{"cat":"educacion"},"geometry":{"type":"Point","coordinates":[2.127616,41.3757451]}},{"type":"Feature","properties":{"cat":"educacion"},"geometry":{"type":"Point","coordinates":[2.1633911,41.396571]}},{"type":"Feature","properties":{"cat":"educacion"},"geometry":{"type":"Point","coordinates":[2.1343839,41.3585983]}},{"type":"Feature","properties":{"cat":"educacion"},"geometry":{"type":"Point","coordinates":[2.145194,41.3559523]}},{"type":"Feature","properties":{"cat":"educacion"},"geometry":{"type":"Point","coordinates":[2.1373285,41.4125428]}},{"type":"Feature","properties":{"cat":"educacion"},"geometry":{"type":"Point","coordinates":[2.1551671,41.3976672]}},{"type":"Feature","properties":{"cat":"educacion"},"geometry":{"type":"Point","coordinates":[2.1660992,41.3928684]}},{"type":"Feature","properties":{"cat":"educacion"},"geometry":{"type":"Point","coordinates":[2.1497687,41.4030447]}},{"type":"Feature","properties":{"cat":"educacion"},"geometry":{"type":"Point","coordinates":[2.1497268,41.4030711]}},{"type":"Feature","properties":{"cat":"educacion"},"geometry":{"type":"Point","coordinates":[2.1496927,41.4030927]}},{"type":"Feature","properties":{"cat":"educacion"},"geometry":{"type":"Point","coordinates":[2.1817732,41.4160628]}},{"type":"Feature","properties":{"cat":"educacion"},"geometry":{"type":"Point","coordinates":[2.1850068,41.4172171]}},{"type":"Feature","properties":{"cat":"educacion"},"geometry":{"type":"Point","coordinates":[2.1792631,41.4194886]}},{"type":"Feature","properties":{"cat":"educacion"},"geometry":{"type":"Point","coordinates":[2.1416892,41.4018643]}},{"type":"Feature","properties":{"cat":"educacion"},"geometry":{"type":"Point","coordinates":[2.1452907,41.3971348]}},{"type":"Feature","properties":{"cat":"educacion"},"geometry":{"type":"Point","coordinates":[2.1428785,41.3541097]}},{"type":"Feature","properties":{"cat":"educacion"},"geometry":{"type":"Point","coordinates":[2.1477225,41.3608018]}},{"type":"Feature","properties":{"cat":"educacion"},"geometry":{"type":"Point","coordinates":[2.2206064,41.4364714]}},{"type":"Feature","properties":{"cat":"educacion"},"geometry":{"type":"Point","coordinates":[2.1952283,41.3942638]}},{"type":"Feature","properties":{"cat":"educacion"},"geometry":{"type":"Point","coordinates":[2.1407631,41.3978078]}},{"type":"Feature","properties":{"cat":"educacion"},"geometry":{"type":"Point","coordinates":[2.1702183,41.3787613]}},{"type":"Feature","properties":{"cat":"educacion"},"geometry":{"type":"Point","coordinates":[2.1657096,41.4067344]}},{"type":"Feature","properties":{"cat":"educacion"},"geometry":{"type":"Point","coordinates":[2.1646505,41.4066618]}},{"type":"Feature","properties":{"cat":"educacion"},"geometry":{"type":"Point","coordinates":[2.1378092,41.3825158]}},{"type":"Feature","properties":{"cat":"educacion"},"geometry":{"type":"Point","coordinates":[2.1264003,41.3953882]}},{"type":"Feature","properties":{"cat":"educacion"},"geometry":{"type":"Point","coordinates":[2.1582022,41.3793452]}},{"type":"Feature","properties":{"cat":"educacion"},"geometry":{"type":"Point","coordinates":[2.1373933,41.3693824]}},{"type":"Feature","properties":{"cat":"educacion"},"geometry":{"type":"Point","coordinates":[2.1365116,41.3755039]}},{"type":"Feature","properties":{"cat":"educacion"},"geometry":{"type":"Point","coordinates":[2.1811954,41.4107648]}},{"type":"Feature","properties":{"cat":"educacion"},"geometry":{"type":"Point","coordinates":[2.1872198,41.4222344]}},{"type":"Feature","properties":{"cat":"educacion"},"geometry":{"type":"Point","coordinates":[2.1372976,41.371467]}},{"type":"Feature","properties":{"cat":"educacion"},"geometry":{"type":"Point","coordinates":[2.1575804,41.3843765]}},{"type":"Feature","properties":{"cat":"educacion"},"geometry":{"type":"Point","coordinates":[2.1582483,41.4017353]}},{"type":"Feature","properties":{"cat":"educacion"},"geometry":{"type":"Point","coordinates":[2.1405984,41.4190846]}},{"type":"Feature","properties":{"cat":"educacion"},"geometry":{"type":"Point","coordinates":[2.1425476,41.4145079]}},{"type":"Feature","properties":{"cat":"educacion"},"geometry":{"type":"Point","coordinates":[2.2234105,41.4425009]}},{"type":"Feature","properties":{"cat":"educacion"},"geometry":{"type":"Point","coordinates":[2.1796074,41.4199199]}},{"type":"Feature","properties":{"cat":"educacion"},"geometry":{"type":"Point","coordinates":[2.1702689,41.4007924]}},{"type":"Feature","properties":{"cat":"educacion"},"geometry":{"type":"Point","coordinates":[2.1641712,41.3752121]}},{"type":"Feature","properties":{"cat":"educacion"},"geometry":{"type":"Point","coordinates":[2.2245845,41.4431114]}},{"type":"Feature","properties":{"cat":"educacion"},"geometry":{"type":"Point","coordinates":[2.168091,41.4443691]}},{"type":"Feature","properties":{"cat":"educacion"},"geometry":{"type":"Point","coordinates":[2.1383851,41.3696026]}},{"type":"Feature","properties":{"cat":"educacion"},"geometry":{"type":"Point","coordinates":[2.1307293,41.3687016]}},{"type":"Feature","properties":{"cat":"educacion"},"geometry":{"type":"Point","coordinates":[2.1259432,41.3705956]}},{"type":"Feature","properties":{"cat":"educacion"},"geometry":{"type":"Point","coordinates":[2.1258233,41.3705183]}},{"type":"Feature","properties":{"cat":"educacion"},"geometry":{"type":"Point","coordinates":[2.1300427,41.361977]}},{"type":"Feature","properties":{"cat":"educacion"},"geometry":{"type":"Point","coordinates":[2.186566,41.4076749]}},{"type":"Feature","properties":{"cat":"educacion"},"geometry":{"type":"Point","coordinates":[2.1244721,41.3861721]}},{"type":"Feature","properties":{"cat":"educacion"},"geometry":{"type":"Point","coordinates":[2.1247844,41.3863322]}},{"type":"Feature","properties":{"cat":"educacion"},"geometry":{"type":"Point","coordinates":[2.1618131,41.3913086]}},{"type":"Feature","properties":{"cat":"educacion"},"geometry":{"type":"Point","coordinates":[2.1242248,41.3868147]}},{"type":"Feature","properties":{"cat":"educacion"},"geometry":{"type":"Point","coordinates":[2.1912931,41.4344475]}},{"type":"Feature","properties":{"cat":"educacion"},"geometry":{"type":"Point","coordinates":[2.190008,41.4322066]}},{"type":"Feature","properties":{"cat":"educacion"},"geometry":{"type":"Point","coordinates":[2.1899218,41.4334045]}},{"type":"Feature","properties":{"cat":"educacion"},"geometry":{"type":"Point","coordinates":[2.1308905,41.3632902]}},{"type":"Feature","properties":{"cat":"educacion"},"geometry":{"type":"Point","coordinates":[2.1519257,41.4173541]}},{"type":"Feature","properties":{"cat":"educacion"},"geometry":{"type":"Point","coordinates":[2.1131179,41.3677403]}},{"type":"Feature","properties":{"cat":"educacion"},"geometry":{"type":"Point","coordinates":[2.1479986,41.3948817]}},{"type":"Feature","properties":{"cat":"educacion"},"geometry":{"type":"Point","coordinates":[2.1350108,41.4132856]}},{"type":"Feature","properties":{"cat":"educacion"},"geometry":{"type":"Point","coordinates":[2.1598482,41.4066921]}},{"type":"Feature","properties":{"cat":"educacion"},"geometry":{"type":"Point","coordinates":[2.1546136,41.4027306]}},{"type":"Feature","properties":{"cat":"educacion"},"geometry":{"type":"Point","coordinates":[2.1200921,41.3856342]}},{"type":"Feature","properties":{"cat":"educacion"},"geometry":{"type":"Point","coordinates":[2.1751112,41.3761882]}},{"type":"Feature","properties":{"cat":"educacion"},"geometry":{"type":"Point","coordinates":[2.1686325,41.4054555]}},{"type":"Feature","properties":{"cat":"educacion"},"geometry":{"type":"Point","coordinates":[2.196796,41.4042495]}},{"type":"Feature","properties":{"cat":"educacion"},"geometry":{"type":"Point","coordinates":[2.1934399,41.4073716]}},{"type":"Feature","properties":{"cat":"educacion"},"geometry":{"type":"Point","coordinates":[2.2021805,41.4008645]}},{"type":"Feature","properties":{"cat":"educacion"},"geometry":{"type":"Point","coordinates":[2.172604,41.4175649]}},{"type":"Feature","properties":{"cat":"educacion"},"geometry":{"type":"Point","coordinates":[2.1719674,41.4111688]}},{"type":"Feature","properties":{"cat":"educacion"},"geometry":{"type":"Point","coordinates":[2.1333369,41.3750354]}},{"type":"Feature","properties":{"cat":"educacion"},"geometry":{"type":"Point","coordinates":[2.1321322,41.3760441]}},{"type":"Feature","properties":{"cat":"educacion"},"geometry":{"type":"Point","coordinates":[2.1299196,41.3756476]}},{"type":"Feature","properties":{"cat":"educacion"},"geometry":{"type":"Point","coordinates":[2.1477089,41.3881748]}},{"type":"Feature","properties":{"cat":"educacion"},"geometry":{"type":"Point","coordinates":[2.1481997,41.3882602]}},{"type":"Feature","properties":{"cat":"educacion"},"geometry":{"type":"Point","coordinates":[2.1484308,41.3879238]}},{"type":"Feature","properties":{"cat":"educacion"},"geometry":{"type":"Point","coordinates":[2.1444567,41.3844653]}},{"type":"Feature","properties":{"cat":"educacion"},"geometry":{"type":"Point","coordinates":[2.1442937,41.3842387]}},{"type":"Feature","properties":{"cat":"educacion"},"geometry":{"type":"Point","coordinates":[2.1139563,41.3873925]}},{"type":"Feature","properties":{"cat":"educacion"},"geometry":{"type":"Point","coordinates":[2.1521431,41.3971305]}},{"type":"Feature","properties":{"cat":"educacion"},"geometry":{"type":"Point","coordinates":[2.1921475,41.4274712]}},{"type":"Feature","properties":{"cat":"educacion"},"geometry":{"type":"Point","coordinates":[2.1625841,41.396374]}},{"type":"Feature","properties":{"cat":"educacion"},"geometry":{"type":"Point","coordinates":[2.1503216,41.3963932]}},{"type":"Feature","properties":{"cat":"educacion"},"geometry":{"type":"Point","coordinates":[2.1166738,41.3822435]}},{"type":"Feature","properties":{"cat":"educacion"},"geometry":{"type":"Point","coordinates":[2.1910935,41.4262926]}},{"type":"Feature","properties":{"cat":"educacion"},"geometry":{"type":"Point","coordinates":[2.1912905,41.4233164]}},{"type":"Feature","properties":{"cat":"educacion"},"geometry":{"type":"Point","coordinates":[2.1955636,41.3925137]}},{"type":"Feature","properties":{"cat":"educacion"},"geometry":{"type":"Point","coordinates":[2.1989863,41.397816]}},{"type":"Feature","properties":{"cat":"educacion"},"geometry":{"type":"Point","coordinates":[2.1968101,41.4053287]}},{"type":"Feature","properties":{"cat":"educacion"},"geometry":{"type":"Point","coordinates":[2.1990862,41.4040128]}},{"type":"Feature","properties":{"cat":"educacion"},"geometry":{"type":"Point","coordinates":[2.1932459,41.4061051]}},{"type":"Feature","properties":{"cat":"educacion"},"geometry":{"type":"Point","coordinates":[2.2022031,41.401816]}},{"type":"Feature","properties":{"cat":"educacion"},"geometry":{"type":"Point","coordinates":[2.1771965,41.3932497]}},{"type":"Feature","properties":{"cat":"educacion"},"geometry":{"type":"Point","coordinates":[2.1403947,41.3673564]}},{"type":"Feature","properties":{"cat":"educacion"},"geometry":{"type":"Point","coordinates":[2.1424903,41.3667351]}},{"type":"Feature","properties":{"cat":"educacion"},"geometry":{"type":"Point","coordinates":[2.1589394,41.3874481]}},{"type":"Feature","properties":{"cat":"educacion"},"geometry":{"type":"Point","coordinates":[2.1592325,41.3876943]}},{"type":"Feature","properties":{"cat":"educacion"},"geometry":{"type":"Point","coordinates":[2.1580323,41.3872354]}},{"type":"Feature","properties":{"cat":"educacion"},"geometry":{"type":"Point","coordinates":[2.1498003,41.3805576]}},{"type":"Feature","properties":{"cat":"educacion"},"geometry":{"type":"Point","coordinates":[2.1549498,41.4241458]}},{"type":"Feature","properties":{"cat":"educacion"},"geometry":{"type":"Point","coordinates":[2.1512167,41.3980774]}},{"type":"Feature","properties":{"cat":"educacion"},"geometry":{"type":"Point","coordinates":[2.1126805,41.4006485]}},{"type":"Feature","properties":{"cat":"educacion"},"geometry":{"type":"Point","coordinates":[2.1502231,41.3966347]}},{"type":"Feature","properties":{"cat":"educacion"},"geometry":{"type":"Point","coordinates":[2.1663855,41.4390274]}},{"type":"Feature","properties":{"cat":"educacion"},"geometry":{"type":"Point","coordinates":[2.1521864,41.3967611]}},{"type":"Feature","properties":{"cat":"educacion"},"geometry":{"type":"Point","coordinates":[2.2056444,41.4026872]}},{"type":"Feature","properties":{"cat":"educacion"},"geometry":{"type":"Point","coordinates":[2.1493654,41.3973672]}},{"type":"Feature","properties":{"cat":"educacion"},"geometry":{"type":"Point","coordinates":[2.1524419,41.4223901]}},{"type":"Feature","properties":{"cat":"educacion"},"geometry":{"type":"Point","coordinates":[2.1556907,41.4242233]}},{"type":"Feature","properties":{"cat":"educacion"},"geometry":{"type":"Point","coordinates":[2.1356288,41.3861216]}},{"type":"Feature","properties":{"cat":"educacion"},"geometry":{"type":"Point","coordinates":[2.1512543,41.3991327]}},{"type":"Feature","properties":{"cat":"educacion"},"geometry":{"type":"Point","coordinates":[2.1497626,41.3990783]}},{"type":"Feature","properties":{"cat":"educacion"},"geometry":{"type":"Point","coordinates":[2.1493405,41.3998589]}},{"type":"Feature","properties":{"cat":"educacion"},"geometry":{"type":"Point","coordinates":[2.1205534,41.3640833]}},{"type":"Feature","properties":{"cat":"educacion"},"geometry":{"type":"Point","coordinates":[2.1238846,41.3625918]}},{"type":"Feature","properties":{"cat":"educacion"},"geometry":{"type":"Point","coordinates":[2.1538088,41.3976854]}},{"type":"Feature","properties":{"cat":"educacion"},"geometry":{"type":"Point","coordinates":[2.1459873,41.395654]}},{"type":"Feature","properties":{"cat":"educacion"},"geometry":{"type":"Point","coordinates":[2.1564434,41.40473]}},{"type":"Feature","properties":{"cat":"educacion"},"geometry":{"type":"Point","coordinates":[2.1310262,41.3866377]}},{"type":"Feature","properties":{"cat":"educacion"},"geometry":{"type":"Point","coordinates":[2.1677405,41.3826199]}},{"type":"Feature","properties":{"cat":"educacion"},"geometry":{"type":"Point","coordinates":[2.1543403,41.3965046]}},{"type":"Feature","properties":{"cat":"educacion"},"geometry":{"type":"Point","coordinates":[2.1275179,41.3821889]}},{"type":"Feature","properties":{"cat":"educacion"},"geometry":{"type":"Point","coordinates":[2.1340814,41.3854571]}},{"type":"Feature","properties":{"cat":"educacion"},"geometry":{"type":"Point","coordinates":[2.1173847,41.3526593]}},{"type":"Feature","properties":{"cat":"educacion"},"geometry":{"type":"Point","coordinates":[2.1525059,41.3950872]}},{"type":"Feature","properties":{"cat":"educacion"},"geometry":{"type":"Point","coordinates":[2.1434419,41.3535745]}},{"type":"Feature","properties":{"cat":"educacion"},"geometry":{"type":"Point","coordinates":[2.1550082,41.3828425]}},{"type":"Feature","properties":{"cat":"educacion"},"geometry":{"type":"Point","coordinates":[2.1684586,41.4088454]}},{"type":"Feature","properties":{"cat":"educacion"},"geometry":{"type":"Point","coordinates":[2.1465096,41.3716637]}},{"type":"Feature","properties":{"cat":"educacion"},"geometry":{"type":"Point","coordinates":[2.1284316,41.3773335]}},{"type":"Feature","properties":{"cat":"educacion"},"geometry":{"type":"Point","coordinates":[2.163455,41.3896119]}},{"type":"Feature","properties":{"cat":"educacion"},"geometry":{"type":"Point","coordinates":[2.188027,41.3672662]}},{"type":"Feature","properties":{"cat":"educacion"},"geometry":{"type":"Point","coordinates":[2.216452,41.4396524]}},{"type":"Feature","properties":{"cat":"educacion"},"geometry":{"type":"Point","coordinates":[2.1945663,41.4313655]}},{"type":"Feature","properties":{"cat":"educacion"},"geometry":{"type":"Point","coordinates":[2.1693039,41.3973381]}},{"type":"Feature","properties":{"cat":"educacion"},"geometry":{"type":"Point","coordinates":[2.1406996,41.358483]}},{"type":"Feature","properties":{"cat":"educacion"},"geometry":{"type":"Point","coordinates":[2.1141121,41.386966]}},{"type":"Feature","properties":{"cat":"educacion"},"geometry":{"type":"Point","coordinates":[2.1138109,41.3855527]}},{"type":"Feature","properties":{"cat":"educacion"},"geometry":{"type":"Point","coordinates":[2.1157283,41.3866441]}},{"type":"Feature","properties":{"cat":"educacion"},"geometry":{"type":"Point","coordinates":[2.1452942,41.4045869]}},{"type":"Feature","properties":{"cat":"educacion"},"geometry":{"type":"Point","coordinates":[2.1377888,41.408876]}},{"type":"Feature","properties":{"cat":"educacion"},"geometry":{"type":"Point","coordinates":[2.1268642,41.3717556]}},{"type":"Feature","properties":{"cat":"educacion"},"geometry":{"type":"Point","coordinates":[2.1275955,41.3672494]}},{"type":"Feature","properties":{"cat":"educacion"},"geometry":{"type":"Point","coordinates":[2.1275946,41.367036]}},{"type":"Feature","properties":{"cat":"educacion"},"geometry":{"type":"Point","coordinates":[2.1326561,41.3807169]}},{"type":"Feature","properties":{"cat":"educacion"},"geometry":{"type":"Point","coordinates":[2.2103754,41.4095737]}},{"type":"Feature","properties":{"cat":"educacion"},"geometry":{"type":"Point","coordinates":[2.1528854,41.3996129]}},{"type":"Feature","properties":{"cat":"educacion"},"geometry":{"type":"Point","coordinates":[2.1385526,41.3611946]}},{"type":"Feature","properties":{"cat":"educacion"},"geometry":{"type":"Point","coordinates":[2.145432,41.3827802]}},{"type":"Feature","properties":{"cat":"educacion"},"geometry":{"type":"Point","coordinates":[2.1463723,41.3834738]}},{"type":"Feature","properties":{"cat":"educacion"},"geometry":{"type":"Point","coordinates":[2.1488258,41.3850131]}},{"type":"Feature","properties":{"cat":"educacion"},"geometry":{"type":"Point","coordinates":[2.1427754,41.3883212]}},{"type":"Feature","properties":{"cat":"educacion"},"geometry":{"type":"Point","coordinates":[2.1428905,41.3744351]}},{"type":"Feature","properties":{"cat":"educacion"},"geometry":{"type":"Point","coordinates":[2.1436946,41.3745231]}},{"type":"Feature","properties":{"cat":"educacion"},"geometry":{"type":"Point","coordinates":[2.1435282,41.3887631]}},{"type":"Feature","properties":{"cat":"educacion"},"geometry":{"type":"Point","coordinates":[2.1410021,41.3855113]}},{"type":"Feature","properties":{"cat":"educacion"},"geometry":{"type":"Point","coordinates":[2.1495545,41.3853711]}},{"type":"Feature","properties":{"cat":"educacion"},"geometry":{"type":"Point","coordinates":[2.1419506,41.3916444]}},{"type":"Feature","properties":{"cat":"educacion"},"geometry":{"type":"Point","coordinates":[2.144448,41.3912453]}},{"type":"Feature","properties":{"cat":"educacion"},"geometry":{"type":"Point","coordinates":[2.1466186,41.391903]}},{"type":"Feature","properties":{"cat":"educacion"},"geometry":{"type":"Point","coordinates":[2.1840348,41.4260339]}},{"type":"Feature","properties":{"cat":"educacion"},"geometry":{"type":"Point","coordinates":[2.1809513,41.4296985]}},{"type":"Feature","properties":{"cat":"educacion"},"geometry":{"type":"Point","coordinates":[2.1553407,41.3965207]}},{"type":"Feature","properties":{"cat":"educacion"},"geometry":{"type":"Point","coordinates":[2.1226378,41.3594937]}},{"type":"Feature","properties":{"cat":"educacion"},"geometry":{"type":"Point","coordinates":[2.1088627,41.3507445]}},{"type":"Feature","properties":{"cat":"educacion"},"geometry":{"type":"Point","coordinates":[2.1565506,41.4086154]}},{"type":"Feature","properties":{"cat":"educacion"},"geometry":{"type":"Point","coordinates":[2.151919,41.3868985]}},{"type":"Feature","properties":{"cat":"educacion"},"geometry":{"type":"Point","coordinates":[2.1354751,41.426248]}},{"type":"Feature","properties":{"cat":"educacion"},"geometry":{"type":"Point","coordinates":[2.1370132,41.3824907]}},{"type":"Feature","properties":{"cat":"educacion"},"geometry":{"type":"Point","coordinates":[2.1939432,41.3910039]}},{"type":"Feature","properties":{"cat":"educacion"},"geometry":{"type":"Point","coordinates":[2.1811569,41.4232947]}},{"type":"Feature","properties":{"cat":"educacion"},"geometry":{"type":"Point","coordinates":[2.1348045,41.4080874]}},{"type":"Feature","properties":{"cat":"educacion"},"geometry":{"type":"Point","coordinates":[2.156194,41.3904669]}},{"type":"Feature","properties":{"cat":"educacion"},"geometry":{"type":"Point","coordinates":[2.1989295,41.3906188]}},{"type":"Feature","properties":{"cat":"educacion"},"geometry":{"type":"Point","coordinates":[2.1882103,41.3758124]}},{"type":"Feature","properties":{"cat":"educacion"},"geometry":{"type":"Point","coordinates":[2.1881164,41.3758229]}},{"type":"Feature","properties":{"cat":"educacion"},"geometry":{"type":"Point","coordinates":[2.1922514,41.4139083]}},{"type":"Feature","properties":{"cat":"educacion"},"geometry":{"type":"Point","coordinates":[2.1899283,41.4172742]}},{"type":"Feature","properties":{"cat":"educacion"},"geometry":{"type":"Point","coordinates":[2.1700355,41.393778]}},{"type":"Feature","properties":{"cat":"educacion"},"geometry":{"type":"Point","coordinates":[2.1131911,41.3541017]}},{"type":"Feature","properties":{"cat":"educacion"},"geometry":{"type":"Point","coordinates":[2.1992961,41.422622]}},{"type":"Feature","properties":{"cat":"educacion"},"geometry":{"type":"Point","coordinates":[2.1130079,41.3496723]}},{"type":"Feature","properties":{"cat":"educacion"},"geometry":{"type":"Point","coordinates":[2.1108559,41.3755858]}},{"type":"Feature","properties":{"cat":"educacion"},"geometry":{"type":"Point","coordinates":[2.1126857,41.3563926]}},{"type":"Feature","properties":{"cat":"educacion"},"geometry":{"type":"Point","coordinates":[2.1107416,41.3526518]}},{"type":"Feature","properties":{"cat":"educacion"},"geometry":{"type":"Point","coordinates":[2.1986646,41.3863505]}},{"type":"Feature","properties":{"cat":"educacion"},"geometry":{"type":"Point","coordinates":[2.1593156,41.4023385]}},{"type":"Feature","properties":{"cat":"educacion"},"geometry":{"type":"Point","coordinates":[2.1498571,41.3998366]}},{"type":"Feature","properties":{"cat":"educacion"},"geometry":{"type":"Point","coordinates":[2.1805002,41.4098126]}},{"type":"Feature","properties":{"cat":"educacion"},"geometry":{"type":"Point","coordinates":[2.169157,41.4259356]}},{"type":"Feature","properties":{"cat":"educacion"},"geometry":{"type":"Point","coordinates":[2.1659356,41.4265349]}},{"type":"Feature","properties":{"cat":"educacion"},"geometry":{"type":"Point","coordinates":[2.1374529,41.4119181]}},{"type":"Feature","properties":{"cat":"educacion"},"geometry":{"type":"Point","coordinates":[2.198258,41.3866387]}},{"type":"Feature","properties":{"cat":"educacion"},"geometry":{"type":"Point","coordinates":[2.1984532,41.3865077]}},{"type":"Feature","properties":{"cat":"educacion"},"geometry":{"type":"Point","coordinates":[2.1377654,41.3821383]}},{"type":"Feature","properties":{"cat":"educacion"},"geometry":{"type":"Point","coordinates":[2.1862012,41.3846929]}},{"type":"Feature","properties":{"cat":"educacion"},"geometry":{"type":"Point","coordinates":[2.161522,41.3999678]}},{"type":"Feature","properties":{"cat":"educacion"},"geometry":{"type":"Point","coordinates":[2.1627905,41.40067]}},{"type":"Feature","properties":{"cat":"educacion"},"geometry":{"type":"Point","coordinates":[2.1985028,41.4166281]}},{"type":"Feature","properties":{"cat":"educacion"},"geometry":{"type":"Point","coordinates":[2.1361104,41.3806758]}},{"type":"Feature","properties":{"cat":"educacion"},"geometry":{"type":"Point","coordinates":[2.1532918,41.4015512]}},{"type":"Feature","properties":{"cat":"educacion"},"geometry":{"type":"Point","coordinates":[2.1616861,41.4137367]}},{"type":"Feature","properties":{"cat":"educacion"},"geometry":{"type":"Point","coordinates":[2.2098666,41.4199158]}},{"type":"Feature","properties":{"cat":"educacion"},"geometry":{"type":"Point","coordinates":[2.2029358,41.416073]}},{"type":"Feature","properties":{"cat":"educacion"},"geometry":{"type":"Point","coordinates":[2.1718195,41.3750483]}},{"type":"Feature","properties":{"cat":"educacion"},"geometry":{"type":"Point","coordinates":[2.1580178,41.4063256]}},{"type":"Feature","properties":{"cat":"educacion"},"geometry":{"type":"Point","coordinates":[2.1598144,41.400499]}},{"type":"Feature","properties":{"cat":"educacion"},"geometry":{"type":"Point","coordinates":[2.1409831,41.4011438]}},{"type":"Feature","properties":{"cat":"educacion"},"geometry":{"type":"Point","coordinates":[2.1921654,41.4369474]}},{"type":"Feature","properties":{"cat":"educacion"},"geometry":{"type":"Point","coordinates":[2.161989,41.4003378]}},{"type":"Feature","properties":{"cat":"educacion"},"geometry":{"type":"Point","coordinates":[2.1626016,41.4001642]}},{"type":"Feature","properties":{"cat":"educacion"},"geometry":{"type":"Point","coordinates":[2.1981158,41.3867531]}},{"type":"Feature","properties":{"cat":"educacion"},"geometry":{"type":"Point","coordinates":[2.1979772,41.3868548]}},{"type":"Feature","properties":{"cat":"educacion"},"geometry":{"type":"Point","coordinates":[2.1987684,41.3862779]}},{"type":"Feature","properties":{"cat":"educacion"},"geometry":{"type":"Point","coordinates":[2.1855113,41.3984986]}},{"type":"Feature","properties":{"cat":"educacion"},"geometry":{"type":"Point","coordinates":[2.1657147,41.399065]}},{"type":"Feature","properties":{"cat":"educacion"},"geometry":{"type":"Point","coordinates":[2.1653126,41.4057834]}},{"type":"Feature","properties":{"cat":"educacion"},"geometry":{"type":"Point","coordinates":[2.1640331,41.4002772]}},{"type":"Feature","properties":{"cat":"educacion"},"geometry":{"type":"Point","coordinates":[2.1905075,41.4246726]}},{"type":"Feature","properties":{"cat":"educacion"},"geometry":{"type":"Point","coordinates":[2.1895126,41.431284]}},{"type":"Feature","properties":{"cat":"educacion"},"geometry":{"type":"Point","coordinates":[2.1868831,41.4384304]}},{"type":"Feature","properties":{"cat":"educacion"},"geometry":{"type":"Point","coordinates":[2.1340995,41.4193615]}},{"type":"Feature","properties":{"cat":"educacion"},"geometry":{"type":"Point","coordinates":[2.1586946,41.4035944]}},{"type":"Feature","properties":{"cat":"educacion"},"geometry":{"type":"Point","coordinates":[2.1360748,41.3752535]}},{"type":"Feature","properties":{"cat":"educacion"},"geometry":{"type":"Point","coordinates":[2.1636514,41.4014154]}},{"type":"Feature","properties":{"cat":"educacion"},"geometry":{"type":"Point","coordinates":[2.1993709,41.3851855]}},{"type":"Feature","properties":{"cat":"educacion"},"geometry":{"type":"Point","coordinates":[2.1481862,41.3730837]}},{"type":"Feature","properties":{"cat":"educacion"},"geometry":{"type":"Point","coordinates":[2.1485642,41.3889909]}},{"type":"Feature","properties":{"cat":"educacion"},"geometry":{"type":"Point","coordinates":[2.1548775,41.3773076]}},{"type":"Feature","properties":{"cat":"educacion"},"geometry":{"type":"Point","coordinates":[2.160263,41.4066007]}},{"type":"Feature","properties":{"cat":"educacion"},"geometry":{"type":"Point","coordinates":[2.1117111,41.4086586]}},{"type":"Feature","properties":{"cat":"educacion"},"geometry":{"type":"Point","coordinates":[2.1815653,41.4248306]}},{"type":"Feature","properties":{"cat":"educacion"},"geometry":{"type":"Point","coordinates":[2.1347934,41.4103555]}},{"type":"Feature","properties":{"cat":"educacion"},"geometry":{"type":"Point","coordinates":[2.125094,41.4051254]}},{"type":"Feature","properties":{"cat":"educacion"},"geometry":{"type":"Point","coordinates":[2.1552118,41.4343374]}},{"type":"Feature","properties":{"cat":"educacion"},"geometry":{"type":"Point","coordinates":[2.1175787,41.407014]}},{"type":"Feature","properties":{"cat":"educacion"},"geometry":{"type":"Point","coordinates":[2.1552968,41.3971847]}},{"type":"Feature","properties":{"cat":"educacion"},"geometry":{"type":"Point","coordinates":[2.196165,41.4217333]}},{"type":"Feature","properties":{"cat":"educacion"},"geometry":{"type":"Point","coordinates":[2.1358939,41.3716222]}},{"type":"Feature","properties":{"cat":"educacion"},"geometry":{"type":"Point","coordinates":[2.1212535,41.3710938]}},{"type":"Feature","properties":{"cat":"educacion"},"geometry":{"type":"Point","coordinates":[2.1553595,41.4010762]}},{"type":"Feature","properties":{"cat":"educacion"},"geometry":{"type":"Point","coordinates":[2.1612391,41.402057]}},{"type":"Feature","properties":{"cat":"educacion"},"geometry":{"type":"Point","coordinates":[2.2175958,41.4494079]}},{"type":"Feature","properties":{"cat":"educacion"},"geometry":{"type":"Point","coordinates":[2.1290717,41.3682281]}},{"type":"Feature","properties":{"cat":"educacion"},"geometry":{"type":"Point","coordinates":[2.1042328,41.3605751]}},{"type":"Feature","properties":{"cat":"educacion"},"geometry":{"type":"Point","coordinates":[2.1407117,41.4183958]}},{"type":"Feature","properties":{"cat":"educacion"},"geometry":{"type":"Point","coordinates":[2.132309,41.3822299]}},{"type":"Feature","properties":{"cat":"educacion"},"geometry":{"type":"Point","coordinates":[2.1646252,41.4023177]}},{"type":"Feature","properties":{"cat":"educacion"},"geometry":{"type":"Point","coordinates":[2.1775565,41.419319]}},{"type":"Feature","properties":{"cat":"educacion"},"geometry":{"type":"Point","coordinates":[2.1515929,41.3935607]}},{"type":"Feature","properties":{"cat":"educacion"},"geometry":{"type":"Point","coordinates":[2.1615377,41.4020487]}},{"type":"Feature","properties":{"cat":"educacion"},"geometry":{"type":"Point","coordinates":[2.1629216,41.4025501]}},{"type":"Feature","properties":{"cat":"educacion"},"geometry":{"type":"Point","coordinates":[2.1552446,41.4011785]}},{"type":"Feature","properties":{"cat":"educacion"},"geometry":{"type":"Point","coordinates":[2.155023,41.3996375]}},{"type":"Feature","properties":{"cat":"educacion"},"geometry":{"type":"Point","coordinates":[2.1656458,41.4014687]}},{"type":"Feature","properties":{"cat":"educacion"},"geometry":{"type":"Point","coordinates":[2.1710943,41.4055231]}},{"type":"Feature","properties":{"cat":"educacion"},"geometry":{"type":"Point","coordinates":[2.1904455,41.3773538]}},{"type":"Feature","properties":{"cat":"educacion"},"geometry":{"type":"Point","coordinates":[2.1872282,41.4211276]}},{"type":"Feature","properties":{"cat":"educacion"},"geometry":{"type":"Point","coordinates":[2.161194,41.430442]}},{"type":"Feature","properties":{"cat":"educacion"},"geometry":{"type":"Point","coordinates":[2.1719345,41.4174852]}},{"type":"Feature","properties":{"cat":"educacion"},"geometry":{"type":"Point","coordinates":[2.1374244,41.3706923]}},{"type":"Feature","properties":{"cat":"educacion"},"geometry":{"type":"Point","coordinates":[2.1778942,41.4134349]}},{"type":"Feature","properties":{"cat":"educacion"},"geometry":{"type":"Point","coordinates":[2.1545257,41.3807646]}},{"type":"Feature","properties":{"cat":"educacion"},"geometry":{"type":"Point","coordinates":[2.1713862,41.4046913]}},{"type":"Feature","properties":{"cat":"educacion"},"geometry":{"type":"Point","coordinates":[2.1447703,41.3996206]}},{"type":"Feature","properties":{"cat":"educacion"},"geometry":{"type":"Point","coordinates":[2.15863,41.4034414]}},{"type":"Feature","properties":{"cat":"educacion"},"geometry":{"type":"Point","coordinates":[2.1148401,41.3757161]}},{"type":"Feature","properties":{"cat":"educacion"},"geometry":{"type":"Point","coordinates":[2.1759238,41.4446992]}},{"type":"Feature","properties":{"cat":"educacion"},"geometry":{"type":"Point","coordinates":[2.1794888,41.4441248]}},{"type":"Feature","properties":{"cat":"educacion"},"geometry":{"type":"Point","coordinates":[2.14863,41.4056557]}},{"type":"Feature","properties":{"cat":"educacion"},"geometry":{"type":"Point","coordinates":[2.1492566,41.4060658]}},{"type":"Feature","properties":{"cat":"educacion"},"geometry":{"type":"Point","coordinates":[2.1633796,41.3851397]}},{"type":"Feature","properties":{"cat":"educacion"},"geometry":{"type":"Point","coordinates":[2.1307364,41.382762]}},{"type":"Feature","properties":{"cat":"educacion"},"geometry":{"type":"Point","coordinates":[2.1691172,41.393446]}},{"type":"Feature","properties":{"cat":"educacion"},"geometry":{"type":"Point","coordinates":[2.1691092,41.4132525]}},{"type":"Feature","properties":{"cat":"educacion"},"geometry":{"type":"Point","coordinates":[2.1838281,41.4251615]}},{"type":"Feature","properties":{"cat":"educacion"},"geometry":{"type":"Point","coordinates":[2.125219,41.4124936]}},{"type":"Feature","properties":{"cat":"educacion"},"geometry":{"type":"Point","coordinates":[2.1478463,41.4347199]}},{"type":"Feature","properties":{"cat":"educacion"},"geometry":{"type":"Point","coordinates":[2.1806009,41.4285697]}},{"type":"Feature","properties":{"cat":"educacion"},"geometry":{"type":"Point","coordinates":[2.1904381,41.4055757]}},{"type":"Feature","properties":{"cat":"educacion"},"geometry":{"type":"Point","coordinates":[2.1395844,41.4117508]}},{"type":"Feature","properties":{"cat":"educacion"},"geometry":{"type":"Point","coordinates":[2.1837808,41.3901926]}},{"type":"Feature","properties":{"cat":"educacion"},"geometry":{"type":"Point","coordinates":[2.1250569,41.3766374]}},{"type":"Feature","properties":{"cat":"educacion"},"geometry":{"type":"Point","coordinates":[2.1259992,41.377849]}},{"type":"Feature","properties":{"cat":"educacion"},"geometry":{"type":"Point","coordinates":[2.1579755,41.3827989]}},{"type":"Feature","properties":{"cat":"educacion"},"geometry":{"type":"Point","coordinates":[2.1362933,41.3769512]}},{"type":"Feature","properties":{"cat":"educacion"},"geometry":{"type":"Point","coordinates":[2.102963,41.3692418]}},{"type":"Feature","properties":{"cat":"educacion"},"geometry":{"type":"Point","coordinates":[2.2023742,41.4440172]}},{"type":"Feature","properties":{"cat":"educacion"},"geometry":{"type":"Point","coordinates":[2.2024005,41.4438921]}},{"type":"Feature","properties":{"cat":"educacion"},"geometry":{"type":"Point","coordinates":[2.2037075,41.4171264]}},{"type":"Feature","properties":{"cat":"educacion"},"geometry":{"type":"Point","coordinates":[2.1639208,41.4117222]}},{"type":"Feature","properties":{"cat":"educacion"},"geometry":{"type":"Point","coordinates":[2.2062506,41.4038598]}},{"type":"Feature","properties":{"cat":"educacion"},"geometry":{"type":"Point","coordinates":[2.2036806,41.4044933]}},{"type":"Feature","properties":{"cat":"educacion"},"geometry":{"type":"Point","coordinates":[2.1370351,41.3858471]}},{"type":"Feature","properties":{"cat":"educacion"},"geometry":{"type":"Point","coordinates":[2.1890755,41.3824386]}},{"type":"Feature","properties":{"cat":"educacion"},"geometry":{"type":"Point","coordinates":[2.1882442,41.3822364]}},{"type":"Feature","properties":{"cat":"educacion"},"geometry":{"type":"Point","coordinates":[2.1665767,41.374269]}},{"type":"Feature","properties":{"cat":"educacion"},"geometry":{"type":"Point","coordinates":[2.1625912,41.3730858]}},{"type":"Feature","properties":{"cat":"educacion"},"geometry":{"type":"Point","coordinates":[2.1545684,41.3794393]}},{"type":"Feature","properties":{"cat":"educacion"},"geometry":{"type":"Point","coordinates":[2.172805,41.4461684]}},{"type":"Feature","properties":{"cat":"educacion"},"geometry":{"type":"Point","coordinates":[2.175284,41.3774159]}},{"type":"Feature","properties":{"cat":"educacion"},"geometry":{"type":"Point","coordinates":[2.1712371,41.4319435]}},{"type":"Feature","properties":{"cat":"educacion"},"geometry":{"type":"Point","coordinates":[2.1157546,41.3892354]}},{"type":"Feature","properties":{"cat":"educacion"},"geometry":{"type":"Point","coordinates":[2.1932865,41.4026916]}},{"type":"Feature","properties":{"cat":"educacion"},"geometry":{"type":"Point","coordinates":[2.1602358,41.4359264]}},{"type":"Feature","properties":{"cat":"educacion"},"geometry":{"type":"Point","coordinates":[2.1360862,41.402512]}},{"type":"Feature","properties":{"cat":"educacion"},"geometry":{"type":"Point","coordinates":[2.1897826,41.4248855]}},{"type":"Feature","properties":{"cat":"educacion"},"geometry":{"type":"Point","coordinates":[2.1910047,41.4316519]}},{"type":"Feature","properties":{"cat":"educacion"},"geometry":{"type":"Point","coordinates":[2.2071409,41.4391285]}},{"type":"Feature","properties":{"cat":"educacion"},"geometry":{"type":"Point","coordinates":[2.1896779,41.3920322]}},{"type":"Feature","properties":{"cat":"educacion"},"geometry":{"type":"Point","coordinates":[2.1715392,41.4029089]}},{"type":"Feature","properties":{"cat":"educacion"},"geometry":{"type":"Point","coordinates":[2.1429123,41.370721]}},{"type":"Feature","properties":{"cat":"educacion"},"geometry":{"type":"Point","coordinates":[2.1538415,41.3752025]}},{"type":"Feature","properties":{"cat":"educacion"},"geometry":{"type":"Point","coordinates":[2.190603,41.4275518]}},{"type":"Feature","properties":{"cat":"educacion"},"geometry":{"type":"Point","coordinates":[2.1337825,41.3593261]}},{"type":"Feature","properties":{"cat":"educacion"},"geometry":{"type":"Point","coordinates":[2.1636144,41.3868567]}},{"type":"Feature","properties":{"cat":"educacion"},"geometry":{"type":"Point","coordinates":[2.2147466,41.4381379]}},{"type":"Feature","properties":{"cat":"educacion"},"geometry":{"type":"Point","coordinates":[2.2172091,41.4359761]}},{"type":"Feature","properties":{"cat":"educacion"},"geometry":{"type":"Point","coordinates":[2.2154447,41.4364124]}},{"type":"Feature","properties":{"cat":"educacion"},"geometry":{"type":"Point","coordinates":[2.2225264,41.4428668]}},{"type":"Feature","properties":{"cat":"educacion"},"geometry":{"type":"Point","coordinates":[2.2206243,41.4400942]}},{"type":"Feature","properties":{"cat":"educacion"},"geometry":{"type":"Point","coordinates":[2.2219539,41.4426924]}},{"type":"Feature","properties":{"cat":"educacion"},"geometry":{"type":"Point","coordinates":[2.223839,41.435951]}},{"type":"Feature","properties":{"cat":"educacion"},"geometry":{"type":"Point","coordinates":[2.2208776,41.4449156]}},{"type":"Feature","properties":{"cat":"educacion"},"geometry":{"type":"Point","coordinates":[2.1196778,41.3843418]}},{"type":"Feature","properties":{"cat":"educacion"},"geometry":{"type":"Point","coordinates":[2.1778101,41.4006591]}},{"type":"Feature","properties":{"cat":"educacion"},"geometry":{"type":"Point","coordinates":[2.1871453,41.4278803]}},{"type":"Feature","properties":{"cat":"educacion"},"geometry":{"type":"Point","coordinates":[2.1416839,41.4170924]}},{"type":"Feature","properties":{"cat":"educacion"},"geometry":{"type":"Point","coordinates":[2.1388964,41.4207464]}},{"type":"Feature","properties":{"cat":"educacion"},"geometry":{"type":"Point","coordinates":[2.1402275,41.4191638]}},{"type":"Feature","properties":{"cat":"educacion"},"geometry":{"type":"Point","coordinates":[2.1385439,41.4287592]}},{"type":"Feature","properties":{"cat":"educacion"},"geometry":{"type":"Point","coordinates":[2.1386091,41.427008]}},{"type":"Feature","properties":{"cat":"educacion"},"geometry":{"type":"Point","coordinates":[2.1341173,41.4180927]}},{"type":"Feature","properties":{"cat":"educacion"},"geometry":{"type":"Point","coordinates":[2.1976684,41.4044347]}},{"type":"Feature","properties":{"cat":"educacion"},"geometry":{"type":"Point","coordinates":[2.1812271,41.426633]}},{"type":"Feature","properties":{"cat":"educacion"},"geometry":{"type":"Point","coordinates":[2.1821196,41.4259153]}},{"type":"Feature","properties":{"cat":"educacion"},"geometry":{"type":"Point","coordinates":[2.1925099,41.3817403]}},{"type":"Feature","properties":{"cat":"educacion"},"geometry":{"type":"Point","coordinates":[2.1925488,41.3813371]}},{"type":"Feature","properties":{"cat":"educacion"},"geometry":{"type":"Point","coordinates":[2.1932335,41.3812089]}},{"type":"Feature","properties":{"cat":"educacion"},"geometry":{"type":"Point","coordinates":[2.1295952,41.3643967]}},{"type":"Feature","properties":{"cat":"educacion"},"geometry":{"type":"Point","coordinates":[2.1275671,41.3648141]}},{"type":"Feature","properties":{"cat":"educacion"},"geometry":{"type":"Point","coordinates":[2.1294125,41.3635255]}},{"type":"Feature","properties":{"cat":"educacion"},"geometry":{"type":"Point","coordinates":[2.1337027,41.3615812]}},{"type":"Feature","properties":{"cat":"educacion"},"geometry":{"type":"Point","coordinates":[2.15486,41.4365325]}},{"type":"Feature","properties":{"cat":"educacion"},"geometry":{"type":"Point","coordinates":[2.1563558,41.4370701]}},{"type":"Feature","properties":{"cat":"educacion"},"geometry":{"type":"Point","coordinates":[2.159732,41.440537]}},{"type":"Feature","properties":{"cat":"educacion"},"geometry":{"type":"Point","coordinates":[2.1282471,41.3715821]}},{"type":"Feature","properties":{"cat":"educacion"},"geometry":{"type":"Point","coordinates":[2.1273832,41.359503]}},{"type":"Feature","properties":{"cat":"educacion"},"geometry":{"type":"Point","coordinates":[2.1236144,41.3636349]}},{"type":"Feature","properties":{"cat":"educacion"},"geometry":{"type":"Point","coordinates":[2.1782654,41.4322775]}},{"type":"Feature","properties":{"cat":"educacion"},"geometry":{"type":"Point","coordinates":[2.1101103,41.3968893]}},{"type":"Feature","properties":{"cat":"educacion"},"geometry":{"type":"Point","coordinates":[2.113196,41.3764254]}},{"type":"Feature","properties":{"cat":"educacion"},"geometry":{"type":"Point","coordinates":[2.1805898,41.4361081]}},{"type":"Feature","properties":{"cat":"educacion"},"geometry":{"type":"Point","coordinates":[2.1324489,41.4093344]}},{"type":"Feature","properties":{"cat":"educacion"},"geometry":{"type":"Point","coordinates":[2.2261623,41.4444272]}},{"type":"Feature","properties":{"cat":"educacion"},"geometry":{"type":"Point","coordinates":[2.1882853,41.3824977]}},{"type":"Feature","properties":{"cat":"educacion"},"geometry":{"type":"Point","coordinates":[2.1512515,41.3788579]}},{"type":"Feature","properties":{"cat":"educacion"},"geometry":{"type":"Point","coordinates":[2.1505525,41.3783077]}},{"type":"Feature","properties":{"cat":"educacion"},"geometry":{"type":"Point","coordinates":[2.1892316,41.3827588]}},{"type":"Feature","properties":{"cat":"educacion"},"geometry":{"type":"Point","coordinates":[2.1115985,41.3948075]}},{"type":"Feature","properties":{"cat":"educacion"},"geometry":{"type":"Point","coordinates":[2.1647917,41.4071931]}},{"type":"Feature","properties":{"cat":"educacion"},"geometry":{"type":"Point","coordinates":[2.1049769,41.3875556]}},{"type":"Feature","properties":{"cat":"educacion"},"geometry":{"type":"Point","coordinates":[2.1175334,41.398607]}},{"type":"Feature","properties":{"cat":"educacion"},"geometry":{"type":"Point","coordinates":[2.1605291,41.4047792]}},{"type":"Feature","properties":{"cat":"educacion"},"geometry":{"type":"Point","coordinates":[2.1301709,41.3814861]}},{"type":"Feature","properties":{"cat":"educacion"},"geometry":{"type":"Point","coordinates":[2.2285978,41.4234664]}},{"type":"Feature","properties":{"cat":"educacion"},"geometry":{"type":"Point","coordinates":[2.1739946,41.3951357]}},{"type":"Feature","properties":{"cat":"educacion"},"geometry":{"type":"Point","coordinates":[2.1195888,41.4033745]}},{"type":"Feature","properties":{"cat":"educacion"},"geometry":{"type":"Point","coordinates":[2.112578,41.4009812]}},{"type":"Feature","properties":{"cat":"educacion"},"geometry":{"type":"Point","coordinates":[2.1084414,41.4014776]}},{"type":"Feature","properties":{"cat":"educacion"},"geometry":{"type":"Point","coordinates":[2.1930048,41.3848097]}},{"type":"Feature","properties":{"cat":"educacion"},"geometry":{"type":"Point","coordinates":[2.1962377,41.4393112]}},{"type":"Feature","properties":{"cat":"educacion"},"geometry":{"type":"Point","coordinates":[2.1681462,41.4054065]}},{"type":"Feature","properties":{"cat":"educacion"},"geometry":{"type":"Point","coordinates":[2.1681501,41.4051042]}},{"type":"Feature","properties":{"cat":"educacion"},"geometry":{"type":"Point","coordinates":[2.1020065,41.4199482]}},{"type":"Feature","properties":{"cat":"educacion"},"geometry":{"type":"Point","coordinates":[2.1499267,41.4326382]}},{"type":"Feature","properties":{"cat":"educacion"},"geometry":{"type":"Point","coordinates":[2.1517794,41.4319866]}},{"type":"Feature","properties":{"cat":"educacion"},"geometry":{"type":"Point","coordinates":[2.1399785,41.4341548]}},{"type":"Feature","properties":{"cat":"educacion"},"geometry":{"type":"Point","coordinates":[2.1190656,41.3924812]}},{"type":"Feature","properties":{"cat":"educacion"},"geometry":{"type":"Point","coordinates":[2.1330118,41.3994259]}},{"type":"Feature","properties":{"cat":"educacion"},"geometry":{"type":"Point","coordinates":[2.1301159,41.3993772]}},{"type":"Feature","properties":{"cat":"educacion"},"geometry":{"type":"Point","coordinates":[2.1708076,41.4081238]}},{"type":"Feature","properties":{"cat":"educacion"},"geometry":{"type":"Point","coordinates":[2.1819656,41.3881059]}},{"type":"Feature","properties":{"cat":"educacion"},"geometry":{"type":"Point","coordinates":[2.1892862,41.3908631]}},{"type":"Feature","properties":{"cat":"educacion"},"geometry":{"type":"Point","coordinates":[2.1523715,41.3895714]}},{"type":"Feature","properties":{"cat":"educacion"},"geometry":{"type":"Point","coordinates":[2.1400081,41.3766831]}},{"type":"Feature","properties":{"cat":"educacion"},"geometry":{"type":"Point","coordinates":[2.181769,41.4124358]}},{"type":"Feature","properties":{"cat":"educacion"},"geometry":{"type":"Point","coordinates":[2.2047796,41.4042335]}},{"type":"Feature","properties":{"cat":"educacion"},"geometry":{"type":"Point","coordinates":[2.2046446,41.3998972]}},{"type":"Feature","properties":{"cat":"educacion"},"geometry":{"type":"Point","coordinates":[2.2071704,41.400904]}},{"type":"Feature","properties":{"cat":"educacion"},"geometry":{"type":"Point","coordinates":[2.1447984,41.4323448]}},{"type":"Feature","properties":{"cat":"educacion"},"geometry":{"type":"Point","coordinates":[2.1564154,41.4144489]}},{"type":"Feature","properties":{"cat":"educacion"},"geometry":{"type":"Point","coordinates":[2.1326397,41.4159703]}},{"type":"Feature","properties":{"cat":"educacion"},"geometry":{"type":"Point","coordinates":[2.1785229,41.4136204]}},{"type":"Feature","properties":{"cat":"educacion"},"geometry":{"type":"Point","coordinates":[2.1958911,41.3937916]}},{"type":"Feature","properties":{"cat":"educacion"},"geometry":{"type":"Point","coordinates":[2.1890789,41.3904503]}},{"type":"Feature","properties":{"cat":"educacion"},"geometry":{"type":"Point","coordinates":[2.1309911,41.4068083]}},{"type":"Feature","properties":{"cat":"educacion"},"geometry":{"type":"Point","coordinates":[2.1204414,41.4041924]}},{"type":"Feature","properties":{"cat":"educacion"},"geometry":{"type":"Point","coordinates":[2.1235327,41.4056668]}},{"type":"Feature","properties":{"cat":"educacion"},"geometry":{"type":"Point","coordinates":[2.1118677,41.3913427]}},{"type":"Feature","properties":{"cat":"educacion"},"geometry":{"type":"Point","coordinates":[2.1148721,41.3939153]}},{"type":"Feature","properties":{"cat":"educacion"},"geometry":{"type":"Point","coordinates":[2.1150794,41.3947747]}},{"type":"Feature","properties":{"cat":"educacion"},"geometry":{"type":"Point","coordinates":[2.1669395,41.4321196]}},{"type":"Feature","properties":{"cat":"educacion"},"geometry":{"type":"Point","coordinates":[2.2270502,41.4497949]}},{"type":"Feature","properties":{"cat":"educacion"},"geometry":{"type":"Point","coordinates":[2.1797658,41.3790503]}},{"type":"Feature","properties":{"cat":"educacion"},"geometry":{"type":"Point","coordinates":[2.1573904,41.3716722]}},{"type":"Feature","properties":{"cat":"educacion"},"geometry":{"type":"Point","coordinates":[2.2220696,41.4274841]}},{"type":"Feature","properties":{"cat":"educacion"},"geometry":{"type":"Point","coordinates":[2.2204904,41.4273946]}},{"type":"Feature","properties":{"cat":"educacion"},"geometry":{"type":"Point","coordinates":[2.161156,41.3691666]}},{"type":"Feature","properties":{"cat":"educacion"},"geometry":{"type":"Point","coordinates":[2.1913962,41.4415085]}},{"type":"Feature","properties":{"cat":"educacion"},"geometry":{"type":"Point","coordinates":[2.1682274,41.3816395]}},{"type":"Feature","properties":{"cat":"educacion"},"geometry":{"type":"Point","coordinates":[2.1616756,41.3720609]}},{"type":"Feature","properties":{"cat":"educacion"},"geometry":{"type":"Point","coordinates":[2.164549,41.3705647]}},{"type":"Feature","properties":{"cat":"educacion"},"geometry":{"type":"Point","coordinates":[2.1553606,41.3708584]}},{"type":"Feature","properties":{"cat":"educacion"},"geometry":{"type":"Point","coordinates":[2.2230766,41.4142705]}},{"type":"Feature","properties":{"cat":"educacion"},"geometry":{"type":"Point","coordinates":[2.1490836,41.3703224]}},{"type":"Feature","properties":{"cat":"educacion"},"geometry":{"type":"Point","coordinates":[2.1475165,41.3700953]}},{"type":"Feature","properties":{"cat":"educacion"},"geometry":{"type":"Point","coordinates":[2.1421821,41.3570103]}},{"type":"Feature","properties":{"cat":"educacion"},"geometry":{"type":"Point","coordinates":[2.1920606,41.4026528]}},{"type":"Feature","properties":{"cat":"educacion"},"geometry":{"type":"Point","coordinates":[2.1789856,41.4136251]}},{"type":"Feature","properties":{"cat":"educacion"},"geometry":{"type":"Point","coordinates":[2.1895386,41.4391738]}},{"type":"Feature","properties":{"cat":"educacion"},"geometry":{"type":"Point","coordinates":[2.1719992,41.4334129]}},{"type":"Feature","properties":{"cat":"educacion"},"geometry":{"type":"Point","coordinates":[2.1551588,41.4110031]}},{"type":"Feature","properties":{"cat":"educacion"},"geometry":{"type":"Point","coordinates":[2.1726684,41.4409343]}},{"type":"Feature","properties":{"cat":"educacion"},"geometry":{"type":"Point","coordinates":[2.1497076,41.4029019]}},{"type":"Feature","properties":{"cat":"educacion"},"geometry":{"type":"Point","coordinates":[2.1476196,41.3889971]}},{"type":"Feature","properties":{"cat":"educacion"},"geometry":{"type":"Point","coordinates":[2.1572696,41.4384418]}},{"type":"Feature","properties":{"cat":"educacion"},"geometry":{"type":"Point","coordinates":[2.1025795,41.3757714]}},{"type":"Feature","properties":{"cat":"educacion"},"geometry":{"type":"Point","coordinates":[2.1393004,41.3810524]}},{"type":"Feature","properties":{"cat":"educacion"},"geometry":{"type":"Point","coordinates":[2.1351648,41.3830054]}},{"type":"Feature","properties":{"cat":"educacion"},"geometry":{"type":"Point","coordinates":[2.1336901,41.3855554]}},{"type":"Feature","properties":{"cat":"educacion"},"geometry":{"type":"Point","coordinates":[2.1559385,41.38152]}},{"type":"Feature","properties":{"cat":"educacion"},"geometry":{"type":"Point","coordinates":[2.1538516,41.3913671]}},{"type":"Feature","properties":{"cat":"educacion"},"geometry":{"type":"Point","coordinates":[2.1566469,41.3915076]}},{"type":"Feature","properties":{"cat":"educacion"},"geometry":{"type":"Point","coordinates":[2.1325528,41.3819299]}},{"type":"Feature","properties":{"cat":"educacion"},"geometry":{"type":"Point","coordinates":[2.148112,41.3911052]}},{"type":"Feature","properties":{"cat":"educacion"},"geometry":{"type":"Point","coordinates":[2.1389696,41.3808864]}},{"type":"Feature","properties":{"cat":"educacion"},"geometry":{"type":"Point","coordinates":[2.1473672,41.3912078]}},{"type":"Feature","properties":{"cat":"educacion"},"geometry":{"type":"Point","coordinates":[2.1379772,41.3889341]}},{"type":"Feature","properties":{"cat":"educacion"},"geometry":{"type":"Point","coordinates":[2.1395584,41.3877216]}},{"type":"Feature","properties":{"cat":"educacion"},"geometry":{"type":"Point","coordinates":[2.1398427,41.381222]}},{"type":"Feature","properties":{"cat":"educacion"},"geometry":{"type":"Point","coordinates":[2.1645023,41.3848928]}},{"type":"Feature","properties":{"cat":"educacion"},"geometry":{"type":"Point","coordinates":[2.1406525,41.3828801]}},{"type":"Feature","properties":{"cat":"educacion"},"geometry":{"type":"Point","coordinates":[2.1381429,41.380707]}},{"type":"Feature","properties":{"cat":"educacion"},"geometry":{"type":"Point","coordinates":[2.194939,41.3933561]}},{"type":"Feature","properties":{"cat":"educacion"},"geometry":{"type":"Point","coordinates":[2.1696732,41.4408794]}},{"type":"Feature","properties":{"cat":"educacion"},"geometry":{"type":"Point","coordinates":[2.227518,41.4435636]}},{"type":"Feature","properties":{"cat":"educacion"},"geometry":{"type":"Point","coordinates":[2.204721,41.4040664]}},{"type":"Feature","properties":{"cat":"educacion"},"geometry":{"type":"Point","coordinates":[2.1517906,41.3981237]}},{"type":"Feature","properties":{"cat":"educacion"},"geometry":{"type":"Point","coordinates":[2.1726148,41.4413804]}},{"type":"Feature","properties":{"cat":"educacion"},"geometry":{"type":"Point","coordinates":[2.1607315,41.4366339]}},{"type":"Feature","properties":{"cat":"educacion"},"geometry":{"type":"Point","coordinates":[2.1438889,41.4358371]}},{"type":"Feature","properties":{"cat":"educacion"},"geometry":{"type":"Point","coordinates":[2.1443221,41.4353915]}},{"type":"Feature","properties":{"cat":"educacion"},"geometry":{"type":"Point","coordinates":[2.1644879,41.431826]}},{"type":"Feature","properties":{"cat":"educacion"},"geometry":{"type":"Point","coordinates":[2.1627593,41.4270556]}},{"type":"Feature","properties":{"cat":"educacion"},"geometry":{"type":"Point","coordinates":[2.1640621,41.4206723]}},{"type":"Feature","properties":{"cat":"educacion"},"geometry":{"type":"Point","coordinates":[2.1711148,41.4008743]}},{"type":"Feature","properties":{"cat":"educacion"},"geometry":{"type":"Point","coordinates":[2.1433216,41.4367698]}},{"type":"Feature","properties":{"cat":"educacion"},"geometry":{"type":"Point","coordinates":[2.1528941,41.4263624]}},{"type":"Feature","properties":{"cat":"educacion"},"geometry":{"type":"Point","coordinates":[2.1517475,41.4261917]}},{"type":"Feature","properties":{"cat":"educacion"},"geometry":{"type":"Point","coordinates":[2.1717761,41.4281567]}},{"type":"Feature","properties":{"cat":"educacion"},"geometry":{"type":"Point","coordinates":[2.1723042,41.4283292]}},{"type":"Feature","properties":{"cat":"educacion"},"geometry":{"type":"Point","coordinates":[2.1716931,41.4297167]}},{"type":"Feature","properties":{"cat":"educacion"},"geometry":{"type":"Point","coordinates":[2.1403879,41.4230778]}},{"type":"Feature","properties":{"cat":"educacion"},"geometry":{"type":"Point","coordinates":[2.1355481,41.3747739]}},{"type":"Feature","properties":{"cat":"educacion"},"geometry":{"type":"Point","coordinates":[2.1739607,41.433273]}},{"type":"Feature","properties":{"cat":"educacion"},"geometry":{"type":"Point","coordinates":[2.1744698,41.4348174]}},{"type":"Feature","properties":{"cat":"educacion"},"geometry":{"type":"Point","coordinates":[2.1737833,41.4291632]}},{"type":"Feature","properties":{"cat":"educacion"},"geometry":{"type":"Point","coordinates":[2.1731869,41.3945505]}},{"type":"Feature","properties":{"cat":"educacion"},"geometry":{"type":"Point","coordinates":[2.1383577,41.3594102]}},{"type":"Feature","properties":{"cat":"educacion"},"geometry":{"type":"Point","coordinates":[2.1336896,41.3587323]}},{"type":"Feature","properties":{"cat":"educacion"},"geometry":{"type":"Point","coordinates":[2.1789276,41.4242515]}},{"type":"Feature","properties":{"cat":"educacion"},"geometry":{"type":"Point","coordinates":[2.1788867,41.4245405]}},{"type":"Feature","properties":{"cat":"educacion"},"geometry":{"type":"Point","coordinates":[2.1793167,41.4238671]}},{"type":"Feature","properties":{"cat":"educacion"},"geometry":{"type":"Point","coordinates":[2.1813242,41.3916549]}},{"type":"Feature","properties":{"cat":"educacion"},"geometry":{"type":"Point","coordinates":[2.1817085,41.3913554]}},{"type":"Feature","properties":{"cat":"educacion"},"geometry":{"type":"Point","coordinates":[2.1746684,41.373235]}},{"type":"Feature","properties":{"cat":"educacion"},"geometry":{"type":"Point","coordinates":[2.203398,41.4169399]}},{"type":"Feature","properties":{"cat":"educacion"},"geometry":{"type":"Point","coordinates":[2.1938895,41.4160978]}},{"type":"Feature","properties":{"cat":"educacion"},"geometry":{"type":"Point","coordinates":[2.205128,41.415869]}},{"type":"Feature","properties":{"cat":"educacion"},"geometry":{"type":"Point","coordinates":[2.1545517,41.4070409]}},{"type":"Feature","properties":{"cat":"educacion"},"geometry":{"type":"Point","coordinates":[2.174251,41.4267986]}},{"type":"Feature","properties":{"cat":"educacion"},"geometry":{"type":"Point","coordinates":[2.1676717,41.3913625]}},{"type":"Feature","properties":{"cat":"educacion"},"geometry":{"type":"Point","coordinates":[2.1332649,41.4118261]}},{"type":"Feature","properties":{"cat":"educacion"},"geometry":{"type":"Point","coordinates":[2.1339613,41.4118601]}},{"type":"Feature","properties":{"cat":"educacion"},"geometry":{"type":"Point","coordinates":[2.1333118,41.4114151]}},{"type":"Feature","properties":{"cat":"educacion"},"geometry":{"type":"Point","coordinates":[2.1336155,41.4117231]}},{"type":"Feature","properties":{"cat":"educacion"},"geometry":{"type":"Point","coordinates":[2.1656142,41.3833133]}},{"type":"Feature","properties":{"cat":"educacion"},"geometry":{"type":"Point","coordinates":[2.1683723,41.3955291]}},{"type":"Feature","properties":{"cat":"educacion"},"geometry":{"type":"Point","coordinates":[2.1701453,41.417883]}},{"type":"Feature","properties":{"cat":"educacion"},"geometry":{"type":"Point","coordinates":[2.1724076,41.4171493]}},{"type":"Feature","properties":{"cat":"educacion"},"geometry":{"type":"Point","coordinates":[2.1299139,41.4086893]}},{"type":"Feature","properties":{"cat":"educacion"},"geometry":{"type":"Point","coordinates":[2.1719161,41.398533]}},{"type":"Feature","properties":{"cat":"educacion"},"geometry":{"type":"Point","coordinates":[2.1057689,41.3936498]}},{"type":"Feature","properties":{"cat":"educacion"},"geometry":{"type":"Point","coordinates":[2.1117257,41.3728141]}},{"type":"Feature","properties":{"cat":"educacion"},"geometry":{"type":"Point","coordinates":[2.1240115,41.407505]}},{"type":"Feature","properties":{"cat":"educacion"},"geometry":{"type":"Point","coordinates":[2.2169224,41.441314]}},{"type":"Feature","properties":{"cat":"educacion"},"geometry":{"type":"Point","coordinates":[2.1779626,41.4199693]}},{"type":"Feature","properties":{"cat":"educacion"},"geometry":{"type":"Point","coordinates":[2.1075025,41.3510867]}},{"type":"Feature","properties":{"cat":"educacion"},"geometry":{"type":"Point","coordinates":[2.1073166,41.3927844]}},{"type":"Feature","properties":{"cat":"educacion"},"geometry":{"type":"Point","coordinates":[2.210717,41.4103443]}},{"type":"Feature","properties":{"cat":"educacion"},"geometry":{"type":"Point","coordinates":[2.2099872,41.4451969]}},{"type":"Feature","properties":{"cat":"educacion"},"geometry":{"type":"Point","coordinates":[2.2091554,41.4447054]}},{"type":"Feature","properties":{"cat":"educacion"},"geometry":{"type":"Point","coordinates":[2.107861,41.3500265]}},{"type":"Feature","properties":{"cat":"educacion"},"geometry":{"type":"Point","coordinates":[2.1095323,41.3492368]}},{"type":"Feature","properties":{"cat":"educacion"},"geometry":{"type":"Point","coordinates":[2.1857369,41.418687]}},{"type":"Feature","properties":{"cat":"educacion"},"geometry":{"type":"Point","coordinates":[2.1013938,41.4162638]}},{"type":"Feature","properties":{"cat":"educacion"},"geometry":{"type":"Point","coordinates":[2.1995707,41.4160322]}},{"type":"Feature","properties":{"cat":"educacion"},"geometry":{"type":"Point","coordinates":[2.1988207,41.4159379]}},{"type":"Feature","properties":{"cat":"educacion"},"geometry":{"type":"Point","coordinates":[2.2040582,41.4204228]}},{"type":"Feature","properties":{"cat":"educacion"},"geometry":{"type":"Point","coordinates":[2.13598,41.3579506]}},{"type":"Feature","properties":{"cat":"educacion"},"geometry":{"type":"Point","coordinates":[2.2145387,41.4111844]}},{"type":"Feature","properties":{"cat":"educacion"},"geometry":{"type":"Point","coordinates":[2.1677533,41.4405913]}},{"type":"Feature","properties":{"cat":"educacion"},"geometry":{"type":"Point","coordinates":[2.1879567,41.385098]}},{"type":"Feature","properties":{"cat":"educacion"},"geometry":{"type":"Point","coordinates":[2.1114077,41.3542697]}},{"type":"Feature","properties":{"cat":"educacion"},"geometry":{"type":"Point","coordinates":[2.1796983,41.442302]}},{"type":"Feature","properties":{"cat":"educacion"},"geometry":{"type":"Point","coordinates":[2.1801431,41.442175]}},{"type":"Feature","properties":{"cat":"educacion"},"geometry":{"type":"Point","coordinates":[2.1768643,41.4394276]}},{"type":"Feature","properties":{"cat":"educacion"},"geometry":{"type":"Point","coordinates":[2.180928,41.4449206]}},{"type":"Feature","properties":{"cat":"educacion"},"geometry":{"type":"Point","coordinates":[2.1828079,41.4428204]}},{"type":"Feature","properties":{"cat":"educacion"},"geometry":{"type":"Point","coordinates":[2.1804496,41.4396737]}},{"type":"Feature","properties":{"cat":"educacion"},"geometry":{"type":"Point","coordinates":[2.1831798,41.4428135]}},{"type":"Feature","properties":{"cat":"educacion"},"geometry":{"type":"Point","coordinates":[2.212914,41.4117177]}},{"type":"Feature","properties":{"cat":"educacion"},"geometry":{"type":"Point","coordinates":[2.2017103,41.4231937]}},{"type":"Feature","properties":{"cat":"educacion"},"geometry":{"type":"Point","coordinates":[2.2122613,41.4158908]}},{"type":"Feature","properties":{"cat":"educacion"},"geometry":{"type":"Point","coordinates":[2.1806561,41.4404995]}},{"type":"Feature","properties":{"cat":"educacion"},"geometry":{"type":"Point","coordinates":[2.1683748,41.437516]}},{"type":"Feature","properties":{"cat":"educacion"},"geometry":{"type":"Point","coordinates":[2.1423897,41.3667417]}},{"type":"Feature","properties":{"cat":"educacion"},"geometry":{"type":"Point","coordinates":[2.2255459,41.4497149]}},{"type":"Feature","properties":{"cat":"educacion"},"geometry":{"type":"Point","coordinates":[2.2236639,41.4488317]}},{"type":"Feature","properties":{"cat":"educacion"},"geometry":{"type":"Point","coordinates":[2.2212449,41.4492678]}},{"type":"Feature","properties":{"cat":"educacion"},"geometry":{"type":"Point","coordinates":[2.1398396,41.3715734]}},{"type":"Feature","properties":{"cat":"educacion"},"geometry":{"type":"Point","coordinates":[2.1639618,41.4270462]}},{"type":"Feature","properties":{"cat":"educacion"},"geometry":{"type":"Point","coordinates":[2.1657573,41.422732]}},{"type":"Feature","properties":{"cat":"educacion"},"geometry":{"type":"Point","coordinates":[2.1686683,41.3783238]}},{"type":"Feature","properties":{"cat":"educacion"},"geometry":{"type":"Point","coordinates":[2.1344657,41.3591409]}},{"type":"Feature","properties":{"cat":"educacion"},"geometry":{"type":"Point","coordinates":[2.1711098,41.3810054]}},{"type":"Feature","properties":{"cat":"educacion"},"geometry":{"type":"Point","coordinates":[2.1718296,41.4425669]}},{"type":"Feature","properties":{"cat":"educacion"},"geometry":{"type":"Point","coordinates":[2.2105071,41.4183948]}},{"type":"Feature","properties":{"cat":"educacion"},"geometry":{"type":"Point","coordinates":[2.221876,41.4424406]}},{"type":"Feature","properties":{"cat":"educacion"},"geometry":{"type":"Point","coordinates":[2.2282137,41.4413632]}},{"type":"Feature","properties":{"cat":"educacion"},"geometry":{"type":"Point","coordinates":[2.2276468,41.440647]}},{"type":"Feature","properties":{"cat":"educacion"},"geometry":{"type":"Point","coordinates":[2.1906874,41.4229392]}},{"type":"Feature","properties":{"cat":"educacion"},"geometry":{"type":"Point","coordinates":[2.1041422,41.3935917]}},{"type":"Feature","properties":{"cat":"educacion"},"geometry":{"type":"Point","coordinates":[2.1682917,41.3940548]}},{"type":"Feature","properties":{"cat":"educacion"},"geometry":{"type":"Point","coordinates":[2.1969001,41.4095553]}},{"type":"Feature","properties":{"cat":"educacion"},"geometry":{"type":"Point","coordinates":[2.197287,41.4098815]}},{"type":"Feature","properties":{"cat":"educacion"},"geometry":{"type":"Point","coordinates":[2.1355582,41.3980459]}},{"type":"Feature","properties":{"cat":"educacion"},"geometry":{"type":"Point","coordinates":[2.1924689,41.4083094]}},{"type":"Feature","properties":{"cat":"educacion"},"geometry":{"type":"Point","coordinates":[2.1887236,41.4060565]}},{"type":"Feature","properties":{"cat":"educacion"},"geometry":{"type":"Point","coordinates":[2.1882256,41.4062606]}},{"type":"Feature","properties":{"cat":"educacion"},"geometry":{"type":"Point","coordinates":[2.1974045,41.404256]}},{"type":"Feature","properties":{"cat":"educacion"},"geometry":{"type":"Point","coordinates":[2.1899266,41.4105152]}},{"type":"Feature","properties":{"cat":"educacion"},"geometry":{"type":"Point","coordinates":[2.1959792,41.4217098]}},{"type":"Feature","properties":{"cat":"educacion"},"geometry":{"type":"Point","coordinates":[2.2040237,41.4200766]}},{"type":"Feature","properties":{"cat":"educacion"},"geometry":{"type":"Point","coordinates":[2.1911484,41.4280443]}},{"type":"Feature","properties":{"cat":"educacion"},"geometry":{"type":"Point","coordinates":[2.1980924,41.4148752]}},{"type":"Feature","properties":{"cat":"educacion"},"geometry":{"type":"Point","coordinates":[2.1946285,41.413927]}},{"type":"Feature","properties":{"cat":"educacion"},"geometry":{"type":"Point","coordinates":[2.1957963,41.4129495]}},{"type":"Feature","properties":{"cat":"educacion"},"geometry":{"type":"Point","coordinates":[2.1879793,41.4056515]}},{"type":"Feature","properties":{"cat":"educacion"},"geometry":{"type":"Point","coordinates":[2.1947719,41.4079567]}},{"type":"Feature","properties":{"cat":"educacion"},"geometry":{"type":"Point","coordinates":[2.2076861,41.4224818]}},{"type":"Feature","properties":{"cat":"educacion"},"geometry":{"type":"Point","coordinates":[2.1964324,41.4231142]}},{"type":"Feature","properties":{"cat":"educacion"},"geometry":{"type":"Point","coordinates":[2.2122124,41.4110256]}},{"type":"Feature","properties":{"cat":"educacion"},"geometry":{"type":"Point","coordinates":[2.2182147,41.4154515]}},{"type":"Feature","properties":{"cat":"educacion"},"geometry":{"type":"Point","coordinates":[2.1996666,41.4227563]}},{"type":"Feature","properties":{"cat":"educacion"},"geometry":{"type":"Point","coordinates":[2.2154878,41.4173]}},{"type":"Feature","properties":{"cat":"educacion"},"geometry":{"type":"Point","coordinates":[2.1960771,41.402564]}},{"type":"Feature","properties":{"cat":"educacion"},"geometry":{"type":"Point","coordinates":[2.2142386,41.4182805]}},{"type":"Feature","properties":{"cat":"educacion"},"geometry":{"type":"Point","coordinates":[2.2028003,41.393841]}},{"type":"Feature","properties":{"cat":"educacion"},"geometry":{"type":"Point","coordinates":[2.1687204,41.4011804]}},{"type":"Feature","properties":{"cat":"educacion"},"geometry":{"type":"Point","coordinates":[2.2119155,41.4200093]}},{"type":"Feature","properties":{"cat":"educacion"},"geometry":{"type":"Point","coordinates":[2.2113921,41.4049924]}},{"type":"Feature","properties":{"cat":"educacion"},"geometry":{"type":"Point","coordinates":[2.1641305,41.3783075]}},{"type":"Feature","properties":{"cat":"educacion"},"geometry":{"type":"Point","coordinates":[2.1930146,41.4066983]}},{"type":"Feature","properties":{"cat":"educacion"},"geometry":{"type":"Point","coordinates":[2.1719988,41.4098969]}},{"type":"Feature","properties":{"cat":"educacion"},"geometry":{"type":"Point","coordinates":[2.1678426,41.4259952]}},{"type":"Feature","properties":{"cat":"educacion"},"geometry":{"type":"Point","coordinates":[2.1499018,41.4079998]}},{"type":"Feature","properties":{"cat":"educacion"},"geometry":{"type":"Point","coordinates":[2.1501889,41.4080823]}},{"type":"Feature","properties":{"cat":"educacion"},"geometry":{"type":"Point","coordinates":[2.1452087,41.4104681]}},{"type":"Feature","properties":{"cat":"educacion"},"geometry":{"type":"Point","coordinates":[2.1356016,41.413062]}},{"type":"Feature","properties":{"cat":"educacion"},"geometry":{"type":"Point","coordinates":[2.1941217,41.4164421]}},{"type":"Feature","properties":{"cat":"educacion"},"geometry":{"type":"Point","coordinates":[2.1060995,41.3861324]}},{"type":"Feature","properties":{"cat":"educacion"},"geometry":{"type":"Point","coordinates":[2.1333519,41.4117715]}},{"type":"Feature","properties":{"cat":"educacion"},"geometry":{"type":"Point","coordinates":[2.1685805,41.4284214]}},{"type":"Feature","properties":{"cat":"educacion"},"geometry":{"type":"Point","coordinates":[2.1834226,41.403823]}},{"type":"Feature","properties":{"cat":"educacion"},"geometry":{"type":"Point","coordinates":[2.1644862,41.4273527]}},{"type":"Feature","properties":{"cat":"educacion"},"geometry":{"type":"Point","coordinates":[2.212268,41.4247727]}},{"type":"Feature","properties":{"cat":"educacion"},"geometry":{"type":"Point","coordinates":[2.2093852,41.4240212]}},{"type":"Feature","properties":{"cat":"educacion"},"geometry":{"type":"Point","coordinates":[2.1622367,41.4028762]}},{"type":"Feature","properties":{"cat":"educacion"},"geometry":{"type":"Point","coordinates":[2.1667159,41.4091432]}},{"type":"Feature","properties":{"cat":"educacion"},"geometry":{"type":"Point","coordinates":[2.1484433,41.4155867]}},{"type":"Feature","properties":{"cat":"educacion"},"geometry":{"type":"Point","coordinates":[2.1524152,41.4135049]}},{"type":"Feature","properties":{"cat":"educacion"},"geometry":{"type":"Point","coordinates":[2.1789068,41.4486025]}},{"type":"Feature","properties":{"cat":"educacion"},"geometry":{"type":"Point","coordinates":[2.2026917,41.4390016]}},{"type":"Feature","properties":{"cat":"educacion"},"geometry":{"type":"Point","coordinates":[2.2033846,41.4388906]}},{"type":"Feature","properties":{"cat":"educacion"},"geometry":{"type":"Point","coordinates":[2.1924202,41.4448438]}},{"type":"Feature","properties":{"cat":"educacion"},"geometry":{"type":"Point","coordinates":[2.1928688,41.4502734]}},{"type":"Feature","properties":{"cat":"educacion"},"geometry":{"type":"Point","coordinates":[2.1823499,41.39526]}},{"type":"Feature","properties":{"cat":"educacion"},"geometry":{"type":"Point","coordinates":[2.182542,41.3952166]}},{"type":"Feature","properties":{"cat":"educacion"},"geometry":{"type":"Point","coordinates":[2.1679195,41.4082473]}},{"type":"Feature","properties":{"cat":"educacion"},"geometry":{"type":"Point","coordinates":[2.1434145,41.4015514]}},{"type":"Feature","properties":{"cat":"educacion"},"geometry":{"type":"Point","coordinates":[2.1921352,41.4335168]}},{"type":"Feature","properties":{"cat":"educacion"},"geometry":{"type":"Point","coordinates":[2.2042716,41.4358414]}},{"type":"Feature","properties":{"cat":"educacion"},"geometry":{"type":"Point","coordinates":[2.1460562,41.4024147]}},{"type":"Feature","properties":{"cat":"educacion"},"geometry":{"type":"Point","coordinates":[2.221101,41.4177368]}},{"type":"Feature","properties":{"cat":"educacion"},"geometry":{"type":"Point","coordinates":[2.2034601,41.3982142]}},{"type":"Feature","properties":{"cat":"educacion"},"geometry":{"type":"Point","coordinates":[2.2146162,41.4195971]}},{"type":"Feature","properties":{"cat":"educacion"},"geometry":{"type":"Point","coordinates":[2.1207548,41.387595]}},{"type":"Feature","properties":{"cat":"educacion"},"geometry":{"type":"Point","coordinates":[2.2212126,41.4311031]}},{"type":"Feature","properties":{"cat":"educacion"},"geometry":{"type":"Point","coordinates":[2.1413008,41.3970117]}},{"type":"Feature","properties":{"cat":"educacion"},"geometry":{"type":"Point","coordinates":[2.1928087,41.3805251]}},{"type":"Feature","properties":{"cat":"educacion"},"geometry":{"type":"Point","coordinates":[2.2001175,41.404402]}},{"type":"Feature","properties":{"cat":"educacion"},"geometry":{"type":"Point","coordinates":[2.2002222,41.4048554]}},{"type":"Feature","properties":{"cat":"educacion"},"geometry":{"type":"Point","coordinates":[2.15725,41.4246378]}},{"type":"Feature","properties":{"cat":"educacion"},"geometry":{"type":"Point","coordinates":[2.2006272,41.4005705]}},{"type":"Feature","properties":{"cat":"educacion"},"geometry":{"type":"Point","coordinates":[2.1630588,41.3984922]}},{"type":"Feature","properties":{"cat":"educacion"},"geometry":{"type":"Point","coordinates":[2.2160287,41.4189878]}},{"type":"Feature","properties":{"cat":"educacion"},"geometry":{"type":"Point","coordinates":[2.1448935,41.3835319]}},{"type":"Feature","properties":{"cat":"educacion"},"geometry":{"type":"Point","coordinates":[2.1935231,41.4458337]}},{"type":"Feature","properties":{"cat":"educacion"},"geometry":{"type":"Point","coordinates":[2.1452475,41.3554882]}},{"type":"Feature","properties":{"cat":"educacion"},"geometry":{"type":"Point","coordinates":[2.186024,41.4138523]}},{"type":"Feature","properties":{"cat":"educacion"},"geometry":{"type":"Point","coordinates":[2.1804043,41.4330618]}},{"type":"Feature","properties":{"cat":"educacion"},"geometry":{"type":"Point","coordinates":[2.1808804,41.4336095]}},{"type":"Feature","properties":{"cat":"educacion"},"geometry":{"type":"Point","coordinates":[2.1802295,41.4337618]}},{"type":"Feature","properties":{"cat":"educacion"},"geometry":{"type":"Point","coordinates":[2.181386,41.4379007]}},{"type":"Feature","properties":{"cat":"educacion"},"geometry":{"type":"Point","coordinates":[2.1858035,41.4460557]}},{"type":"Feature","properties":{"cat":"educacion"},"geometry":{"type":"Point","coordinates":[2.1862413,41.4460692]}},{"type":"Feature","properties":{"cat":"educacion"},"geometry":{"type":"Point","coordinates":[2.2162645,41.4306265]}},{"type":"Feature","properties":{"cat":"educacion"},"geometry":{"type":"Point","coordinates":[2.1918955,41.4285228]}},{"type":"Feature","properties":{"cat":"educacion"},"geometry":{"type":"Point","coordinates":[2.1717517,41.4018488]}},{"type":"Feature","properties":{"cat":"educacion"},"geometry":{"type":"Point","coordinates":[2.1437604,41.3740233]}},{"type":"Feature","properties":{"cat":"educacion"},"geometry":{"type":"Point","coordinates":[2.1823591,41.4164919]}},{"type":"Feature","properties":{"cat":"educacion"},"geometry":{"type":"Point","coordinates":[2.1834203,41.4216766]}},{"type":"Feature","properties":{"cat":"educacion"},"geometry":{"type":"Point","coordinates":[2.1376381,41.3745956]}},{"type":"Feature","properties":{"cat":"educacion"},"geometry":{"type":"Point","coordinates":[2.2167049,41.4442519]}},{"type":"Feature","properties":{"cat":"educacion"},"geometry":{"type":"Point","coordinates":[2.2157742,41.4430853]}},{"type":"Feature","properties":{"cat":"educacion"},"geometry":{"type":"Point","coordinates":[2.2141689,41.4461459]}},{"type":"Feature","properties":{"cat":"educacion"},"geometry":{"type":"Point","coordinates":[2.2147914,41.4450216]}},{"type":"Feature","properties":{"cat":"educacion"},"geometry":{"type":"Point","coordinates":[2.2112573,41.4440771]}},{"type":"Feature","properties":{"cat":"educacion"},"geometry":{"type":"Point","coordinates":[2.2049589,41.448387]}},{"type":"Feature","properties":{"cat":"educacion"},"geometry":{"type":"Point","coordinates":[2.2071723,41.4477762]}},{"type":"Feature","properties":{"cat":"educacion"},"geometry":{"type":"Point","coordinates":[2.209041,41.4483144]}},{"type":"Feature","properties":{"cat":"educacion"},"geometry":{"type":"Point","coordinates":[2.21593,41.4501918]}},{"type":"Feature","properties":{"cat":"educacion"},"geometry":{"type":"Point","coordinates":[2.1602279,41.3674262]}},{"type":"Feature","properties":{"cat":"educacion"},"geometry":{"type":"Point","coordinates":[2.2054069,41.448165]}},{"type":"Feature","properties":{"cat":"educacion"},"geometry":{"type":"Point","coordinates":[2.214944,41.444615]}},{"type":"Feature","properties":{"cat":"educacion"},"geometry":{"type":"Point","coordinates":[2.1704645,41.4060461]}},{"type":"Feature","properties":{"cat":"educacion"},"geometry":{"type":"Point","coordinates":[2.1708421,41.4044529]}},{"type":"Feature","properties":{"cat":"educacion"},"geometry":{"type":"Point","coordinates":[2.1404086,41.3728391]}},{"type":"Feature","properties":{"cat":"educacion"},"geometry":{"type":"Point","coordinates":[2.2217218,41.4152647]}},{"type":"Feature","properties":{"cat":"educacion"},"geometry":{"type":"Point","coordinates":[2.1709534,41.4316809]}},{"type":"Feature","properties":{"cat":"educacion"},"geometry":{"type":"Point","coordinates":[2.1427468,41.4369571]}},{"type":"Feature","properties":{"cat":"educacion"},"geometry":{"type":"Point","coordinates":[2.1154476,41.3732256]}},{"type":"Feature","properties":{"cat":"educacion"},"geometry":{"type":"Point","coordinates":[2.1838092,41.3996975]}},{"type":"Feature","properties":{"cat":"educacion"},"geometry":{"type":"Point","coordinates":[2.1035521,41.3745569]}},{"type":"Feature","properties":{"cat":"educacion"},"geometry":{"type":"Point","coordinates":[2.2029588,41.4057912]}},{"type":"Feature","properties":{"cat":"educacion"},"geometry":{"type":"Point","coordinates":[2.1203009,41.3564175]}},{"type":"Feature","properties":{"cat":"educacion"},"geometry":{"type":"Point","coordinates":[2.1195617,41.3568772]}},{"type":"Feature","properties":{"cat":"educacion"},"geometry":{"type":"Point","coordinates":[2.1674419,41.4146386]}},{"type":"Feature","properties":{"cat":"educacion"},"geometry":{"type":"Point","coordinates":[2.1681111,41.4150209]}},{"type":"Feature","properties":{"cat":"educacion"},"geometry":{"type":"Point","coordinates":[2.186313,41.421892]}},{"type":"Feature","properties":{"cat":"educacion"},"geometry":{"type":"Point","coordinates":[2.1032117,41.3680327]}},{"type":"Feature","properties":{"cat":"educacion"},"geometry":{"type":"Point","coordinates":[2.1148306,41.3838948]}},{"type":"Feature","properties":{"cat":"educacion"},"geometry":{"type":"Point","coordinates":[2.1351074,41.3858441]}},{"type":"Feature","properties":{"cat":"educacion"},"geometry":{"type":"Point","coordinates":[2.1856665,41.4114287]}},{"type":"Feature","properties":{"cat":"educacion"},"geometry":{"type":"Point","coordinates":[2.1798694,41.3941406]}},{"type":"Feature","properties":{"cat":"educacion"},"geometry":{"type":"Point","coordinates":[2.1789782,41.4072351]}},{"type":"Feature","properties":{"cat":"educacion"},"geometry":{"type":"Point","coordinates":[2.1790109,41.4072729]}},{"type":"Feature","properties":{"cat":"educacion"},"geometry":{"type":"Point","coordinates":[2.1580679,41.3985368]}},{"type":"Feature","properties":{"cat":"educacion"},"geometry":{"type":"Point","coordinates":[2.2102952,41.4499936]}},{"type":"Feature","properties":{"cat":"educacion"},"geometry":{"type":"Point","coordinates":[2.1959547,41.394413]}},{"type":"Feature","properties":{"cat":"educacion"},"geometry":{"type":"Point","coordinates":[2.1901914,41.3995083]}},{"type":"Feature","properties":{"cat":"educacion"},"geometry":{"type":"Point","coordinates":[2.1137619,41.3522913]}},{"type":"Feature","properties":{"cat":"educacion"},"geometry":{"type":"Point","coordinates":[2.1137314,41.3495482]}},{"type":"Feature","properties":{"cat":"educacion"},"geometry":{"type":"Point","coordinates":[2.1122515,41.355048]}},{"type":"Feature","properties":{"cat":"educacion"},"geometry":{"type":"Point","coordinates":[2.1128617,41.3553804]}},{"type":"Feature","properties":{"cat":"educacion"},"geometry":{"type":"Point","coordinates":[2.1092771,41.3531289]}},{"type":"Feature","properties":{"cat":"educacion"},"geometry":{"type":"Point","coordinates":[2.213008,41.4338887]}},{"type":"Feature","properties":{"cat":"educacion"},"geometry":{"type":"Point","coordinates":[2.1036382,41.3556781]}},{"type":"Feature","properties":{"cat":"educacion"},"geometry":{"type":"Point","coordinates":[2.1407264,41.4285997]}},{"type":"Feature","properties":{"cat":"educacion"},"geometry":{"type":"Point","coordinates":[2.2137307,41.4204851]}},{"type":"Feature","properties":{"cat":"educacion"},"geometry":{"type":"Point","coordinates":[2.1916539,41.4323308]}},{"type":"Feature","properties":{"cat":"educacion"},"geometry":{"type":"Point","coordinates":[2.1888653,41.4193281]}},{"type":"Feature","properties":{"cat":"educacion"},"geometry":{"type":"Point","coordinates":[2.18968,41.4220234]}},{"type":"Feature","properties":{"cat":"educacion"},"geometry":{"type":"Point","coordinates":[2.1901414,41.4217801]}},{"type":"Feature","properties":{"cat":"educacion"},"geometry":{"type":"Point","coordinates":[2.198346,41.4021729]}},{"type":"Feature","properties":{"cat":"educacion"},"geometry":{"type":"Point","coordinates":[2.1995043,41.4459261]}},{"type":"Feature","properties":{"cat":"educacion"},"geometry":{"type":"Point","coordinates":[2.1996785,41.4456605]}},{"type":"Feature","properties":{"cat":"educacion"},"geometry":{"type":"Point","coordinates":[2.1147582,41.3861024]}},{"type":"Feature","properties":{"cat":"educacion"},"geometry":{"type":"Point","coordinates":[2.111846,41.3854006]}},{"type":"Feature","properties":{"cat":"educacion"},"geometry":{"type":"Point","coordinates":[2.1071428,41.3938782]}},{"type":"Feature","properties":{"cat":"educacion"},"geometry":{"type":"Point","coordinates":[2.1075592,41.3987509]}},{"type":"Feature","properties":{"cat":"educacion"},"geometry":{"type":"Point","coordinates":[2.1893098,41.4292296]}},{"type":"Feature","properties":{"cat":"educacion"},"geometry":{"type":"Point","coordinates":[2.1172226,41.3847004]}},{"type":"Feature","properties":{"cat":"educacion"},"geometry":{"type":"Point","coordinates":[2.1896927,41.4294024]}},{"type":"Feature","properties":{"cat":"educacion"},"geometry":{"type":"Point","coordinates":[2.1896215,41.429266]}},{"type":"Feature","properties":{"cat":"educacion"},"geometry":{"type":"Point","coordinates":[2.173676,41.4137376]}},{"type":"Feature","properties":{"cat":"educacion"},"geometry":{"type":"Point","coordinates":[2.1481774,41.4066394]}},{"type":"Feature","properties":{"cat":"educacion"},"geometry":{"type":"Point","coordinates":[2.1634514,41.3965192]}},{"type":"Feature","properties":{"cat":"educacion"},"geometry":{"type":"Point","coordinates":[2.1439359,41.3548632]}},{"type":"Feature","properties":{"cat":"educacion"},"geometry":{"type":"Point","coordinates":[2.1489337,41.4052391]}},{"type":"Feature","properties":{"cat":"educacion"},"geometry":{"type":"Point","coordinates":[2.1316768,41.3706292]}},{"type":"Feature","properties":{"cat":"educacion"},"geometry":{"type":"Point","coordinates":[2.1127917,41.4012817]}},{"type":"Feature","properties":{"cat":"educacion"},"geometry":{"type":"Point","coordinates":[2.1158442,41.3766472]}},{"type":"Feature","properties":{"cat":"educacion"},"geometry":{"type":"Point","coordinates":[2.1242396,41.3829774]}},{"type":"Feature","properties":{"cat":"educacion"},"geometry":{"type":"Point","coordinates":[2.1149506,41.4047483]}},{"type":"Feature","properties":{"cat":"educacion"},"geometry":{"type":"Point","coordinates":[2.1142796,41.3979948]}},{"type":"Feature","properties":{"cat":"educacion"},"geometry":{"type":"Point","coordinates":[2.1205993,41.3929603]}},{"type":"Feature","properties":{"cat":"educacion"},"geometry":{"type":"Point","coordinates":[2.1195709,41.3971284]}},{"type":"Feature","properties":{"cat":"educacion"},"geometry":{"type":"Point","coordinates":[2.1191977,41.3970035]}},{"type":"Feature","properties":{"cat":"educacion"},"geometry":{"type":"Point","coordinates":[2.1240784,41.3923558]}},{"type":"Feature","properties":{"cat":"educacion"},"geometry":{"type":"Point","coordinates":[2.2039259,41.3986258]}},{"type":"Feature","properties":{"cat":"educacion"},"geometry":{"type":"Point","coordinates":[2.1182281,41.3992762]}},{"type":"Feature","properties":{"cat":"educacion"},"geometry":{"type":"Point","coordinates":[2.1206461,41.3981764]}},{"type":"Feature","properties":{"cat":"educacion"},"geometry":{"type":"Point","coordinates":[2.1333294,41.3883417]}},{"type":"Feature","properties":{"cat":"educacion"},"geometry":{"type":"Point","coordinates":[2.1974748,41.3984872]}},{"type":"Feature","properties":{"cat":"educacion"},"geometry":{"type":"Point","coordinates":[2.1962101,41.3975211]}},{"type":"Feature","properties":{"cat":"educacion"},"geometry":{"type":"Point","coordinates":[2.1955935,41.3973254]}},{"type":"Feature","properties":{"cat":"educacion"},"geometry":{"type":"Point","coordinates":[2.1982473,41.3958426]}},{"type":"Feature","properties":{"cat":"educacion"},"geometry":{"type":"Point","coordinates":[2.1301282,41.3850253]}},{"type":"Feature","properties":{"cat":"educacion"},"geometry":{"type":"Point","coordinates":[2.1340927,41.3885252]}},{"type":"Feature","properties":{"cat":"educacion"},"geometry":{"type":"Point","coordinates":[2.1531313,41.4033847]}},{"type":"Feature","properties":{"cat":"educacion"},"geometry":{"type":"Point","coordinates":[2.1517724,41.4048533]}},{"type":"Feature","properties":{"cat":"educacion"},"geometry":{"type":"Point","coordinates":[2.1460989,41.4012468]}},{"type":"Feature","properties":{"cat":"educacion"},"geometry":{"type":"Point","coordinates":[2.1506858,41.4004019]}},{"type":"Feature","properties":{"cat":"educacion"},"geometry":{"type":"Point","coordinates":[2.1579485,41.3724902]}},{"type":"Feature","properties":{"cat":"educacion"},"geometry":{"type":"Point","coordinates":[2.1552711,41.4024]}},{"type":"Feature","properties":{"cat":"educacion"},"geometry":{"type":"Point","coordinates":[2.1777233,41.4283762]}},{"type":"Feature","properties":{"cat":"educacion"},"geometry":{"type":"Point","coordinates":[2.1554273,41.4078829]}},{"type":"Feature","properties":{"cat":"educacion"},"geometry":{"type":"Point","coordinates":[2.1360301,41.3727822]}},{"type":"Feature","properties":{"cat":"educacion"},"geometry":{"type":"Point","coordinates":[2.1592008,41.4057152]}},{"type":"Feature","properties":{"cat":"educacion"},"geometry":{"type":"Point","coordinates":[2.1556369,41.3979662]}},{"type":"Feature","properties":{"cat":"educacion"},"geometry":{"type":"Point","coordinates":[2.1815102,41.4178925]}},{"type":"Feature","properties":{"cat":"educacion"},"geometry":{"type":"Point","coordinates":[2.1813778,41.4166654]}},{"type":"Feature","properties":{"cat":"educacion"},"geometry":{"type":"Point","coordinates":[2.179651,41.4194618]}},{"type":"Feature","properties":{"cat":"educacion"},"geometry":{"type":"Point","coordinates":[2.1906751,41.4254311]}},{"type":"Feature","properties":{"cat":"educacion"},"geometry":{"type":"Point","coordinates":[2.1914651,41.4229448]}},{"type":"Feature","properties":{"cat":"educacion"},"geometry":{"type":"Point","coordinates":[2.1787566,41.3799302]}},{"type":"Feature","properties":{"cat":"educacion"},"geometry":{"type":"Point","coordinates":[2.1931977,41.433675]}},{"type":"Feature","properties":{"cat":"educacion"},"geometry":{"type":"Point","coordinates":[2.1867366,41.363138]}},{"type":"Feature","properties":{"cat":"educacion"},"geometry":{"type":"Point","coordinates":[2.1845343,41.4484165]}},{"type":"Feature","properties":{"cat":"educacion"},"geometry":{"type":"Point","coordinates":[2.1731105,41.4463585]}},{"type":"Feature","properties":{"cat":"educacion"},"geometry":{"type":"Point","coordinates":[2.1666993,41.3923042]}},{"type":"Feature","properties":{"cat":"educacion"},"geometry":{"type":"Point","coordinates":[2.166542,41.3926916]}},{"type":"Feature","properties":{"cat":"educacion"},"geometry":{"type":"Point","coordinates":[2.1711886,41.446695]}},{"type":"Feature","properties":{"cat":"educacion"},"geometry":{"type":"Point","coordinates":[2.1888803,41.4410752]}},{"type":"Feature","properties":{"cat":"educacion"},"geometry":{"type":"Point","coordinates":[2.1459428,41.3715759]}},{"type":"Feature","properties":{"cat":"educacion"},"geometry":{"type":"Point","coordinates":[2.186174,41.4388718]}},{"type":"Feature","properties":{"cat":"educacion"},"geometry":{"type":"Point","coordinates":[2.1520848,41.4175051]}},{"type":"Feature","properties":{"cat":"educacion"},"geometry":{"type":"Point","coordinates":[2.1485281,41.3701401]}},{"type":"Feature","properties":{"cat":"educacion"},"geometry":{"type":"Point","coordinates":[2.1473554,41.3642782]}},{"type":"Feature","properties":{"cat":"educacion"},"geometry":{"type":"Point","coordinates":[2.2117072,41.4206507]}},{"type":"Feature","properties":{"cat":"educacion"},"geometry":{"type":"Point","coordinates":[2.2087526,41.4183793]}},{"type":"Feature","properties":{"cat":"educacion"},"geometry":{"type":"Point","coordinates":[2.183845,41.4308857]}},{"type":"Feature","properties":{"cat":"educacion"},"geometry":{"type":"Point","coordinates":[2.1715896,41.4107735]}},{"type":"Feature","properties":{"cat":"educacion"},"geometry":{"type":"Point","coordinates":[2.1715471,41.4172474]}},{"type":"Feature","properties":{"cat":"educacion"},"geometry":{"type":"Point","coordinates":[2.1700823,41.4200417]}},{"type":"Feature","properties":{"cat":"educacion"},"geometry":{"type":"Point","coordinates":[2.1700658,41.4207032]}},{"type":"Feature","properties":{"cat":"educacion"},"geometry":{"type":"Point","coordinates":[2.1871658,41.4362587]}},{"type":"Feature","properties":{"cat":"educacion"},"geometry":{"type":"Point","coordinates":[2.1777768,41.3792393]}},{"type":"Feature","properties":{"cat":"educacion"},"geometry":{"type":"Point","coordinates":[2.1389192,41.3975322]}},{"type":"Feature","properties":{"cat":"educacion"},"geometry":{"type":"Point","coordinates":[2.1547362,41.3824614]}},{"type":"Feature","properties":{"cat":"educacion"},"geometry":{"type":"Point","coordinates":[2.1353937,41.4260916]}},{"type":"Feature","properties":{"cat":"educacion"},"geometry":{"type":"Point","coordinates":[2.1364185,41.4279306]}},{"type":"Feature","properties":{"cat":"educacion"},"geometry":{"type":"Point","coordinates":[2.1036987,41.3628238]}},{"type":"Feature","properties":{"cat":"educacion"},"geometry":{"type":"Point","coordinates":[2.1321207,41.3877991]}},{"type":"Feature","properties":{"cat":"educacion"},"geometry":{"type":"Point","coordinates":[2.1346057,41.3769762]}},{"type":"Feature","properties":{"cat":"educacion"},"geometry":{"type":"Point","coordinates":[2.1478936,41.3606227]}},{"type":"Feature","properties":{"cat":"educacion"},"geometry":{"type":"Point","coordinates":[2.1383825,41.3676046]}},{"type":"Feature","properties":{"cat":"educacion"},"geometry":{"type":"Point","coordinates":[2.1224732,41.3747913]}},{"type":"Feature","properties":{"cat":"educacion"},"geometry":{"type":"Point","coordinates":[2.1218327,41.3751345]}},{"type":"Feature","properties":{"cat":"educacion"},"geometry":{"type":"Point","coordinates":[2.1425797,41.363473]}},{"type":"Feature","properties":{"cat":"educacion"},"geometry":{"type":"Point","coordinates":[2.1478592,41.3746745]}},{"type":"Feature","properties":{"cat":"educacion"},"geometry":{"type":"Point","coordinates":[2.1936332,41.4111502]}},{"type":"Feature","properties":{"cat":"educacion"},"geometry":{"type":"Point","coordinates":[2.1278347,41.3656981]}},{"type":"Feature","properties":{"cat":"educacion"},"geometry":{"type":"Point","coordinates":[2.1185221,41.3646683]}},{"type":"Feature","properties":{"cat":"educacion"},"geometry":{"type":"Point","coordinates":[2.1495795,41.3968135]}},{"type":"Feature","properties":{"cat":"educacion"},"geometry":{"type":"Point","coordinates":[2.1014849,41.3614414]}},{"type":"Feature","properties":{"cat":"educacion"},"geometry":{"type":"Point","coordinates":[2.1762988,41.3787326]}},{"type":"Feature","properties":{"cat":"educacion"},"geometry":{"type":"Point","coordinates":[2.1262478,41.3664901]}},{"type":"Feature","properties":{"cat":"educacion"},"geometry":{"type":"Point","coordinates":[2.1736473,41.3732043]}},{"type":"Feature","properties":{"cat":"educacion"},"geometry":{"type":"Point","coordinates":[2.151726,41.431594]}},{"type":"Feature","properties":{"cat":"educacion"},"geometry":{"type":"Point","coordinates":[2.1517626,41.4316008]}},{"type":"Feature","properties":{"cat":"educacion"},"geometry":{"type":"Point","coordinates":[2.1677783,41.4442777]}},{"type":"Feature","properties":{"cat":"educacion"},"geometry":{"type":"Point","coordinates":[2.1669933,41.4433992]}},{"type":"Feature","properties":{"cat":"educacion"},"geometry":{"type":"Point","coordinates":[2.1182801,41.3628023]}},{"type":"Feature","properties":{"cat":"educacion"},"geometry":{"type":"Point","coordinates":[2.1150873,41.3689299]}},{"type":"Feature","properties":{"cat":"educacion"},"geometry":{"type":"Point","coordinates":[2.1117338,41.3674048]}},{"type":"Feature","properties":{"cat":"educacion"},"geometry":{"type":"Point","coordinates":[2.1119432,41.3671767]}},{"type":"Feature","properties":{"cat":"educacion"},"geometry":{"type":"Point","coordinates":[2.2206917,41.4373649]}},{"type":"Feature","properties":{"cat":"educacion"},"geometry":{"type":"Point","coordinates":[2.2212463,41.4375644]}},{"type":"Feature","properties":{"cat":"educacion"},"geometry":{"type":"Point","coordinates":[2.1419226,41.4099961]}},{"type":"Feature","properties":{"cat":"educacion"},"geometry":{"type":"Point","coordinates":[2.1198667,41.3547063]}},{"type":"Feature","properties":{"cat":"educacion"},"geometry":{"type":"Point","coordinates":[2.1147534,41.3629805]}},{"type":"Feature","properties":{"cat":"educacion"},"geometry":{"type":"Point","coordinates":[2.2245989,41.4415135]}},{"type":"Feature","properties":{"cat":"educacion"},"geometry":{"type":"Point","coordinates":[2.1291572,41.3936477]}},{"type":"Feature","properties":{"cat":"educacion"},"geometry":{"type":"Point","coordinates":[2.1256889,41.3830786]}},{"type":"Feature","properties":{"cat":"educacion"},"geometry":{"type":"Point","coordinates":[2.1178253,41.3582403]}},{"type":"Feature","properties":{"cat":"educacion"},"geometry":{"type":"Point","coordinates":[2.1175032,41.3819582]}},{"type":"Feature","properties":{"cat":"educacion"},"geometry":{"type":"Point","coordinates":[2.1448838,41.3729234]}},{"type":"Feature","properties":{"cat":"educacion"},"geometry":{"type":"Point","coordinates":[2.190674,41.4333892]}},{"type":"Feature","properties":{"cat":"educacion"},"geometry":{"type":"Point","coordinates":[2.1110286,41.3728548]}},{"type":"Feature","properties":{"cat":"educacion"},"geometry":{"type":"Point","coordinates":[2.1657468,41.4222473]}},{"type":"Feature","properties":{"cat":"educacion"},"geometry":{"type":"Point","coordinates":[2.1446857,41.4002081]}},{"type":"Feature","properties":{"cat":"educacion"},"geometry":{"type":"Point","coordinates":[2.1653388,41.3835347]}},{"type":"Feature","properties":{"cat":"educacion"},"geometry":{"type":"Point","coordinates":[2.116154,41.3540274]}},{"type":"Feature","properties":{"cat":"educacion"},"geometry":{"type":"Point","coordinates":[2.1694158,41.3758942]}},{"type":"Feature","properties":{"cat":"educacion"},"geometry":{"type":"Point","coordinates":[2.1658494,41.3769833]}},{"type":"Feature","properties":{"cat":"educacion"},"geometry":{"type":"Point","coordinates":[2.1530565,41.4206419]}},{"type":"Feature","properties":{"cat":"educacion"},"geometry":{"type":"Point","coordinates":[2.1523882,41.4204554]}},{"type":"Feature","properties":{"cat":"educacion"},"geometry":{"type":"Point","coordinates":[2.14476,41.3757403]}},{"type":"Feature","properties":{"cat":"educacion"},"geometry":{"type":"Point","coordinates":[2.2227511,41.4338857]}},{"type":"Feature","properties":{"cat":"educacion"},"geometry":{"type":"Point","coordinates":[2.2272044,41.4337648]}},{"type":"Feature","properties":{"cat":"educacion"},"geometry":{"type":"Point","coordinates":[2.1893128,41.4143971]}},{"type":"Feature","properties":{"cat":"educacion"},"geometry":{"type":"Point","coordinates":[2.122624,41.3587105]}},{"type":"Feature","properties":{"cat":"educacion"},"geometry":{"type":"Point","coordinates":[2.106417,41.3890753]}},{"type":"Feature","properties":{"cat":"educacion"},"geometry":{"type":"Point","coordinates":[2.1068318,41.3897214]}},{"type":"Feature","properties":{"cat":"educacion"},"geometry":{"type":"Point","coordinates":[2.1101278,41.3897654]}},{"type":"Feature","properties":{"cat":"educacion"},"geometry":{"type":"Point","coordinates":[2.1092886,41.3893608]}},{"type":"Feature","properties":{"cat":"educacion"},"geometry":{"type":"Point","coordinates":[2.1073081,41.3958802]}},{"type":"Feature","properties":{"cat":"educacion"},"geometry":{"type":"Point","coordinates":[2.1052181,41.3917132]}},{"type":"Feature","properties":{"cat":"educacion"},"geometry":{"type":"Point","coordinates":[2.1125811,41.3971228]}},{"type":"Feature","properties":{"cat":"educacion"},"geometry":{"type":"Point","coordinates":[2.1188271,41.4062598]}},{"type":"Feature","properties":{"cat":"educacion"},"geometry":{"type":"Point","coordinates":[2.1144223,41.3637223]}},{"type":"Feature","properties":{"cat":"educacion"},"geometry":{"type":"Point","coordinates":[2.1107892,41.3650584]}},{"type":"Feature","properties":{"cat":"educacion"},"geometry":{"type":"Point","coordinates":[2.1091974,41.3636422]}},{"type":"Feature","properties":{"cat":"educacion"},"geometry":{"type":"Point","coordinates":[2.1392172,41.4000211]}},{"type":"Feature","properties":{"cat":"educacion"},"geometry":{"type":"Point","coordinates":[2.1221299,41.363039]}},{"type":"Feature","properties":{"cat":"educacion"},"geometry":{"type":"Point","coordinates":[2.1226199,41.3628454]}},{"type":"Feature","properties":{"cat":"educacion"},"geometry":{"type":"Point","coordinates":[2.1093303,41.3687803]}},{"type":"Feature","properties":{"cat":"educacion"},"geometry":{"type":"Point","coordinates":[2.1091498,41.3646358]}},{"type":"Feature","properties":{"cat":"educacion"},"geometry":{"type":"Point","coordinates":[2.1110033,41.3618797]}},{"type":"Feature","properties":{"cat":"educacion"},"geometry":{"type":"Point","coordinates":[2.1799986,41.4295836]}},{"type":"Feature","properties":{"cat":"educacion"},"geometry":{"type":"Point","coordinates":[2.1029123,41.3570165]}},{"type":"Feature","properties":{"cat":"educacion"},"geometry":{"type":"Point","coordinates":[2.1888653,41.4193281]}},{"type":"Feature","properties":{"cat":"educacion"},"geometry":{"type":"Point","coordinates":[2.1203717,41.3852924]}},{"type":"Feature","properties":{"cat":"educacion"},"geometry":{"type":"Point","coordinates":[2.1163158,41.3824304]}},{"type":"Feature","properties":{"cat":"educacion"},"geometry":{"type":"Point","coordinates":[2.1142138,41.3824049]}},{"type":"Feature","properties":{"cat":"educacion"},"geometry":{"type":"Point","coordinates":[2.1821477,41.442047]}},{"type":"Feature","properties":{"cat":"educacion"},"geometry":{"type":"Point","coordinates":[2.2294645,41.4373822]}},{"type":"Feature","properties":{"cat":"educacion"},"geometry":{"type":"Point","coordinates":[2.2289619,41.4371457]}},{"type":"Feature","properties":{"cat":"educacion"},"geometry":{"type":"Point","coordinates":[2.126882,41.4100639]}},{"type":"Feature","properties":{"cat":"educacion"},"geometry":{"type":"Point","coordinates":[2.1220055,41.3690493]}},{"type":"Feature","properties":{"cat":"educacion"},"geometry":{"type":"Point","coordinates":[2.1239182,41.3736018]}},{"type":"Feature","properties":{"cat":"educacion"},"geometry":{"type":"Point","coordinates":[2.1198375,41.3698311]}},{"type":"Feature","properties":{"cat":"educacion"},"geometry":{"type":"Point","coordinates":[2.09989,41.366821]}},{"type":"Feature","properties":{"cat":"educacion"},"geometry":{"type":"Point","coordinates":[2.1014424,41.4157433]}},{"type":"Feature","properties":{"cat":"educacion"},"geometry":{"type":"Point","coordinates":[2.1713798,41.3903315]}},{"type":"Feature","properties":{"cat":"educacion"},"geometry":{"type":"Point","coordinates":[2.1474484,41.387548]}},{"type":"Feature","properties":{"cat":"educacion"},"geometry":{"type":"Point","coordinates":[2.1472318,41.3875945]}},{"type":"Feature","properties":{"cat":"educacion"},"geometry":{"type":"Point","coordinates":[2.1497716,41.4358043]}},{"type":"Feature","properties":{"cat":"educacion"},"geometry":{"type":"Point","coordinates":[2.1545065,41.3732054]}},{"type":"Feature","properties":{"cat":"educacion"},"geometry":{"type":"Point","coordinates":[2.1292273,41.4056783]}},{"type":"Feature","properties":{"cat":"educacion"},"geometry":{"type":"Point","coordinates":[2.1613101,41.4282988]}},{"type":"Feature","properties":{"cat":"educacion"},"geometry":{"type":"Point","coordinates":[2.1600414,41.4345692]}},{"type":"Feature","properties":{"cat":"educacion"},"geometry":{"type":"Point","coordinates":[2.1598336,41.4378349]}},{"type":"Feature","properties":{"cat":"educacion"},"geometry":{"type":"Point","coordinates":[2.1529238,41.3838259]}},{"type":"Feature","properties":{"cat":"educacion"},"geometry":{"type":"Point","coordinates":[2.1410602,41.4203701]}},{"type":"Feature","properties":{"cat":"educacion"},"geometry":{"type":"Point","coordinates":[2.1708365,41.4252685]}},{"type":"Feature","properties":{"cat":"educacion"},"geometry":{"type":"Point","coordinates":[2.1881048,41.3966881]}},{"type":"Feature","properties":{"cat":"educacion"},"geometry":{"type":"Point","coordinates":[2.1788432,41.4324278]}},{"type":"Feature","properties":{"cat":"educacion"},"geometry":{"type":"Point","coordinates":[2.1017797,41.3661324]}},{"type":"Feature","properties":{"cat":"educacion"},"geometry":{"type":"Point","coordinates":[2.1154936,41.4049749]}},{"type":"Feature","properties":{"cat":"educacion"},"geometry":{"type":"Point","coordinates":[2.1162126,41.4053137]}},{"type":"Feature","properties":{"cat":"educacion"},"geometry":{"type":"Point","coordinates":[2.1373428,41.3652508]}},{"type":"Feature","properties":{"cat":"educacion"},"geometry":{"type":"Point","coordinates":[2.1679102,41.3832618]}},{"type":"Feature","properties":{"cat":"educacion"},"geometry":{"type":"Point","coordinates":[2.1680124,41.3839805]}},{"type":"Feature","properties":{"cat":"educacion"},"geometry":{"type":"Point","coordinates":[2.1936533,41.4392931]}},{"type":"Feature","properties":{"cat":"educacion"},"geometry":{"type":"Point","coordinates":[2.177519,41.4329817]}},{"type":"Feature","properties":{"cat":"educacion"},"geometry":{"type":"Point","coordinates":[2.1570307,41.4120231]}},{"type":"Feature","properties":{"cat":"educacion"},"geometry":{"type":"Point","coordinates":[2.1535617,41.4133247]}},{"type":"Feature","properties":{"cat":"educacion"},"geometry":{"type":"Point","coordinates":[2.158336,41.4344889]}},{"type":"Feature","properties":{"cat":"educacion"},"geometry":{"type":"Point","coordinates":[2.2068049,41.4269751]}},{"type":"Feature","properties":{"cat":"educacion"},"geometry":{"type":"Point","coordinates":[2.1784333,41.4324597]}},{"type":"Feature","properties":{"cat":"educacion"},"geometry":{"type":"Point","coordinates":[2.1515283,41.3953937]}},{"type":"Feature","properties":{"cat":"educacion"},"geometry":{"type":"Point","coordinates":[2.1634657,41.4427598]}},{"type":"Feature","properties":{"cat":"educacion"},"geometry":{"type":"Point","coordinates":[2.1529467,41.4110869]}},{"type":"Feature","properties":{"cat":"educacion"},"geometry":{"type":"Point","coordinates":[2.1604997,41.4145283]}},{"type":"Feature","properties":{"cat":"educacion"},"geometry":{"type":"Point","coordinates":[2.1288894,41.3745852]}},{"type":"Feature","properties":{"cat":"educacion"},"geometry":{"type":"Point","coordinates":[2.1754968,41.3880273]}},{"type":"Feature","properties":{"cat":"educacion"},"geometry":{"type":"Point","coordinates":[2.2089213,41.4236937]}},{"type":"Feature","properties":{"cat":"educacion"},"geometry":{"type":"Point","coordinates":[2.1080024,41.3513581]}},{"type":"Feature","properties":{"cat":"educacion"},"geometry":{"type":"Point","coordinates":[2.1105719,41.4094759]}},{"type":"Feature","properties":{"cat":"educacion"},"geometry":{"type":"Point","coordinates":[2.175375,41.4169696]}},{"type":"Feature","properties":{"cat":"educacion"},"geometry":{"type":"Point","coordinates":[2.1028469,41.370064]}},{"type":"Feature","properties":{"cat":"educacion"},"geometry":{"type":"Point","coordinates":[2.1877544,41.4273095]}},{"type":"Feature","properties":{"cat":"educacion"},"geometry":{"type":"Point","coordinates":[2.1143158,41.3749402]}},{"type":"Feature","properties":{"cat":"educacion"},"geometry":{"type":"Point","coordinates":[2.1165763,41.404071]}},{"type":"Feature","properties":{"cat":"educacion"},"geometry":{"type":"Point","coordinates":[2.1392713,41.3721474]}},{"type":"Feature","properties":{"cat":"educacion"},"geometry":{"type":"Point","coordinates":[2.2207495,41.43267]}},{"type":"Feature","properties":{"cat":"educacion"},"geometry":{"type":"Point","coordinates":[2.2283886,41.4386593]}},{"type":"Feature","properties":{"cat":"educacion"},"geometry":{"type":"Point","coordinates":[2.100404,41.3691124]}},{"type":"Feature","properties":{"cat":"educacion"},"geometry":{"type":"Point","coordinates":[2.1620824,41.4166312]}},{"type":"Feature","properties":{"cat":"educacion"},"geometry":{"type":"Point","coordinates":[2.1629779,41.4431727]}},{"type":"Feature","properties":{"cat":"educacion"},"geometry":{"type":"Point","coordinates":[2.1170137,41.4006461]}},{"type":"Feature","properties":{"cat":"educacion"},"geometry":{"type":"Point","coordinates":[2.1216632,41.3602007]}},{"type":"Feature","properties":{"cat":"educacion"},"geometry":{"type":"Point","coordinates":[2.1610024,41.3762639]}},{"type":"Feature","properties":{"cat":"educacion"},"geometry":{"type":"Point","coordinates":[2.1529277,41.3858436]}},{"type":"Feature","properties":{"cat":"educacion"},"geometry":{"type":"Point","coordinates":[2.1524727,41.3857633]}},{"type":"Feature","properties":{"cat":"educacion"},"geometry":{"type":"Point","coordinates":[2.1789659,41.4001058]}},{"type":"Feature","properties":{"cat":"educacion"},"geometry":{"type":"Point","coordinates":[2.165425,41.3756337]}},{"type":"Feature","properties":{"cat":"educacion"},"geometry":{"type":"Point","coordinates":[2.1991979,41.4226975]}},{"type":"Feature","properties":{"cat":"educacion"},"geometry":{"type":"Point","coordinates":[2.1665772,41.4059601]}},{"type":"Feature","properties":{"cat":"educacion"},"geometry":{"type":"Point","coordinates":[2.1584273,41.3849464]}},{"type":"Feature","properties":{"cat":"educacion"},"geometry":{"type":"Point","coordinates":[2.1259192,41.3970428]}},{"type":"Feature","properties":{"cat":"educacion"},"geometry":{"type":"Point","coordinates":[2.1921655,41.4332304]}},{"type":"Feature","properties":{"cat":"educacion"},"geometry":{"type":"Point","coordinates":[2.1154701,41.3755137]}},{"type":"Feature","properties":{"cat":"educacion"},"geometry":{"type":"Point","coordinates":[2.1125198,41.4087021]}},{"type":"Feature","properties":{"cat":"educacion"},"geometry":{"type":"Point","coordinates":[2.1210482,41.4068515]}},{"type":"Feature","properties":{"cat":"educacion"},"geometry":{"type":"Point","coordinates":[2.1166913,41.3760863]}},{"type":"Feature","properties":{"cat":"educacion"},"geometry":{"type":"Point","coordinates":[2.1563706,41.3774983]}},{"type":"Feature","properties":{"cat":"educacion"},"geometry":{"type":"Point","coordinates":[2.1764466,41.442515]}},{"type":"Feature","properties":{"cat":"educacion"},"geometry":{"type":"Point","coordinates":[2.1071132,41.3752589]}},{"type":"Feature","properties":{"cat":"educacion"},"geometry":{"type":"Point","coordinates":[2.1193362,41.3518138]}},{"type":"Feature","properties":{"cat":"educacion"},"geometry":{"type":"Point","coordinates":[2.1018804,41.3684268]}},{"type":"Feature","properties":{"cat":"educacion"},"geometry":{"type":"Point","coordinates":[2.1892733,41.4254035]}},{"type":"Feature","properties":{"cat":"educacion"},"geometry":{"type":"Point","coordinates":[2.1907352,41.3979717]}},{"type":"Feature","properties":{"cat":"educacion"},"geometry":{"type":"Point","coordinates":[2.1229135,41.3738928]}},{"type":"Feature","properties":{"cat":"educacion"},"geometry":{"type":"Point","coordinates":[2.223787,41.4391252]}},{"type":"Feature","properties":{"cat":"educacion"},"geometry":{"type":"Point","coordinates":[2.1632066,41.3759171]}},{"type":"Feature","properties":{"cat":"educacion"},"geometry":{"type":"Point","coordinates":[2.1832692,41.4033176]}},{"type":"Feature","properties":{"cat":"educacion"},"geometry":{"type":"Point","coordinates":[2.183867,41.4035557]}},{"type":"Feature","properties":{"cat":"educacion"},"geometry":{"type":"Point","coordinates":[2.1870282,41.3874002]}},{"type":"Feature","properties":{"cat":"educacion"},"geometry":{"type":"Point","coordinates":[2.162941,41.3882188]}},{"type":"Feature","properties":{"cat":"educacion"},"geometry":{"type":"Point","coordinates":[2.2267325,41.4243809]}},{"type":"Feature","properties":{"cat":"educacion"},"geometry":{"type":"Point","coordinates":[2.1674451,41.3841347]}},{"type":"Feature","properties":{"cat":"educacion"},"geometry":{"type":"Point","coordinates":[2.224811,41.4495206]}},{"type":"Feature","properties":{"cat":"educacion"},"geometry":{"type":"Point","coordinates":[2.1945417,41.3965652]}},{"type":"Feature","properties":{"cat":"educacion"},"geometry":{"type":"Point","coordinates":[2.2087131,41.4026579]}},{"type":"Feature","properties":{"cat":"educacion"},"geometry":{"type":"Point","coordinates":[2.209221,41.4029461]}},{"type":"Feature","properties":{"cat":"educacion"},"geometry":{"type":"Point","coordinates":[2.2114266,41.4043337]}},{"type":"Feature","properties":{"cat":"educacion"},"geometry":{"type":"Point","coordinates":[2.2003614,41.4166336]}},{"type":"Feature","properties":{"cat":"educacion"},"geometry":{"type":"Point","coordinates":[2.1946496,41.4035338]}},{"type":"Feature","properties":{"cat":"educacion"},"geometry":{"type":"Point","coordinates":[2.194081,41.4039711]}},{"type":"Feature","properties":{"cat":"educacion"},"geometry":{"type":"Point","coordinates":[2.1942749,41.4037903]}},{"type":"Feature","properties":{"cat":"educacion"},"geometry":{"type":"Point","coordinates":[2.1935687,41.4037839]}},{"type":"Feature","properties":{"cat":"educacion"},"geometry":{"type":"Point","coordinates":[2.1938074,41.404354]}},{"type":"Feature","properties":{"cat":"educacion"},"geometry":{"type":"Point","coordinates":[2.2008265,41.4125448]}},{"type":"Feature","properties":{"cat":"educacion"},"geometry":{"type":"Point","coordinates":[2.2033755,41.4143182]}},{"type":"Feature","properties":{"cat":"educacion"},"geometry":{"type":"Point","coordinates":[2.1935373,41.4140759]}},{"type":"Feature","properties":{"cat":"educacion"},"geometry":{"type":"Point","coordinates":[2.1925452,41.4013096]}},{"type":"Feature","properties":{"cat":"educacion"},"geometry":{"type":"Point","coordinates":[2.1910407,41.4128888]}},{"type":"Feature","properties":{"cat":"educacion"},"geometry":{"type":"Point","coordinates":[2.166545,41.4059237]}},{"type":"Feature","properties":{"cat":"educacion"},"geometry":{"type":"Point","coordinates":[2.1921687,41.4242914]}},{"type":"Feature","properties":{"cat":"educacion"},"geometry":{"type":"Point","coordinates":[2.2073913,41.4072259]}},{"type":"Feature","properties":{"cat":"educacion"},"geometry":{"type":"Point","coordinates":[2.1827543,41.410108]}},{"type":"Feature","properties":{"cat":"educacion"},"geometry":{"type":"Point","coordinates":[2.1903029,41.3896478]}},{"type":"Feature","properties":{"cat":"educacion"},"geometry":{"type":"Point","coordinates":[2.1327336,41.4147563]}},{"type":"Feature","properties":{"cat":"educacion"},"geometry":{"type":"Point","coordinates":[2.2015908,41.4241513]}},{"type":"Feature","properties":{"cat":"educacion"},"geometry":{"type":"Point","coordinates":[2.200984,41.4246218]}},{"type":"Feature","properties":{"cat":"educacion"},"geometry":{"type":"Point","coordinates":[2.1787681,41.448302]}},{"type":"Feature","properties":{"cat":"educacion"},"geometry":{"type":"Point","coordinates":[2.2003258,41.40247]}},{"type":"Feature","properties":{"cat":"educacion"},"geometry":{"type":"Point","coordinates":[2.2010097,41.4468897]}},{"type":"Feature","properties":{"cat":"educacion"},"geometry":{"type":"Point","coordinates":[2.170625,41.4133488]}},{"type":"Feature","properties":{"cat":"educacion"},"geometry":{"type":"Point","coordinates":[2.1547284,41.4054446]}},{"type":"Feature","properties":{"cat":"educacion"},"geometry":{"type":"Point","coordinates":[2.1854689,41.4313183]}},{"type":"Feature","properties":{"cat":"educacion"},"geometry":{"type":"Point","coordinates":[2.1605428,41.4411527]}},{"type":"Feature","properties":{"cat":"educacion"},"geometry":{"type":"Point","coordinates":[2.1855219,41.4320977]}},{"type":"Feature","properties":{"cat":"educacion"},"geometry":{"type":"Point","coordinates":[2.1096998,41.35543]}},{"type":"Feature","properties":{"cat":"educacion"},"geometry":{"type":"Point","coordinates":[2.1735082,41.3769496]}},{"type":"Feature","properties":{"cat":"educacion"},"geometry":{"type":"Point","coordinates":[2.1672924,41.376353]}},{"type":"Feature","properties":{"cat":"educacion"},"geometry":{"type":"Point","coordinates":[2.1136346,41.4066918]}},{"type":"Feature","properties":{"cat":"educacion"},"geometry":{"type":"Point","coordinates":[2.1876885,41.4054799]}},{"type":"Feature","properties":{"cat":"educacion"},"geometry":{"type":"Point","coordinates":[2.1427634,41.4186679]}},{"type":"Feature","properties":{"cat":"educacion"},"geometry":{"type":"Point","coordinates":[2.1538154,41.4235805]}},{"type":"Feature","properties":{"cat":"educacion"},"geometry":{"type":"Point","coordinates":[2.1855757,41.4484577]}},{"type":"Feature","properties":{"cat":"educacion"},"geometry":{"type":"Point","coordinates":[2.1548165,41.4246735]}},{"type":"Feature","properties":{"cat":"educacion"},"geometry":{"type":"Point","coordinates":[2.161437,41.4264573]}},{"type":"Feature","properties":{"cat":"educacion"},"geometry":{"type":"Point","coordinates":[2.1797332,41.3829002]}},{"type":"Feature","properties":{"cat":"educacion"},"geometry":{"type":"Point","coordinates":[2.2137496,41.4396838]}},{"type":"Feature","properties":{"cat":"educacion"},"geometry":{"type":"Point","coordinates":[2.1605001,41.4070435]}},{"type":"Feature","properties":{"cat":"educacion"},"geometry":{"type":"Point","coordinates":[2.2004699,41.4198502]}},{"type":"Feature","properties":{"cat":"educacion"},"geometry":{"type":"Point","coordinates":[2.111161,41.3744644]}},{"type":"Feature","properties":{"cat":"educacion"},"geometry":{"type":"Point","coordinates":[2.1160786,41.3760739]}},{"type":"Feature","properties":{"cat":"educacion"},"geometry":{"type":"Point","coordinates":[2.1393649,41.4144622]}},{"type":"Feature","properties":{"cat":"educacion"},"geometry":{"type":"Point","coordinates":[2.1135162,41.3889388]}},{"type":"Feature","properties":{"cat":"comercio"},"geometry":{"type":"Point","coordinates":[2.1520612,41.3948927]}},{"type":"Feature","properties":{"cat":"comercio"},"geometry":{"type":"Point","coordinates":[2.1256419,41.3909999]}},{"type":"Feature","properties":{"cat":"comercio"},"geometry":{"type":"Point","coordinates":[2.1546475,41.4123701]}},{"type":"Feature","properties":{"cat":"comercio"},"geometry":{"type":"Point","coordinates":[2.1854353,41.4221944]}},{"type":"Feature","properties":{"cat":"comercio"},"geometry":{"type":"Point","coordinates":[2.1747937,41.4468135]}},{"type":"Feature","properties":{"cat":"comercio"},"geometry":{"type":"Point","coordinates":[2.1780626,41.4416041]}},{"type":"Feature","properties":{"cat":"comercio"},"geometry":{"type":"Point","coordinates":[2.1804956,41.4375701]}},{"type":"Feature","properties":{"cat":"comercio"},"geometry":{"type":"Point","coordinates":[2.1314448,41.376111]}},{"type":"Feature","properties":{"cat":"comercio"},"geometry":{"type":"Point","coordinates":[2.1311301,41.3755969]}},{"type":"Feature","properties":{"cat":"comercio"},"geometry":{"type":"Point","coordinates":[2.1668348,41.373761]}},{"type":"Feature","properties":{"cat":"comercio"},"geometry":{"type":"Point","coordinates":[2.1352817,41.3761509]}},{"type":"Feature","properties":{"cat":"comercio"},"geometry":{"type":"Point","coordinates":[2.1799028,41.4254729]}},{"type":"Feature","properties":{"cat":"comercio"},"geometry":{"type":"Point","coordinates":[2.1488058,41.3901775]}},{"type":"Feature","properties":{"cat":"comercio"},"geometry":{"type":"Point","coordinates":[2.1704622,41.3789612]}},{"type":"Feature","properties":{"cat":"comercio"},"geometry":{"type":"Point","coordinates":[2.1745971,41.4051547]}},{"type":"Feature","properties":{"cat":"comercio"},"geometry":{"type":"Point","coordinates":[2.1974089,41.4127914]}},{"type":"Feature","properties":{"cat":"comercio"},"geometry":{"type":"Point","coordinates":[2.1967739,41.4124433]}},{"type":"Feature","properties":{"cat":"comercio"},"geometry":{"type":"Point","coordinates":[2.2020633,41.4138911]}},{"type":"Feature","properties":{"cat":"comercio"},"geometry":{"type":"Point","coordinates":[2.2189701,41.4404846]}},{"type":"Feature","properties":{"cat":"comercio"},"geometry":{"type":"Point","coordinates":[2.2169157,41.4332491]}},{"type":"Feature","properties":{"cat":"comercio"},"geometry":{"type":"Point","coordinates":[2.2191905,41.4416457]}},{"type":"Feature","properties":{"cat":"comercio"},"geometry":{"type":"Point","coordinates":[2.2193595,41.4431992]}},{"type":"Feature","properties":{"cat":"comercio"},"geometry":{"type":"Point","coordinates":[2.2184999,41.4426512]}},{"type":"Feature","properties":{"cat":"comercio"},"geometry":{"type":"Point","coordinates":[2.2168542,41.4381799]}},{"type":"Feature","properties":{"cat":"comercio"},"geometry":{"type":"Point","coordinates":[2.1725927,41.4457676]}},{"type":"Feature","properties":{"cat":"comercio"},"geometry":{"type":"Point","coordinates":[2.1991561,41.4023418]}},{"type":"Feature","properties":{"cat":"comercio"},"geometry":{"type":"Point","coordinates":[2.1686707,41.3843196]}},{"type":"Feature","properties":{"cat":"comercio"},"geometry":{"type":"Point","coordinates":[2.1694288,41.3836497]}},{"type":"Feature","properties":{"cat":"comercio"},"geometry":{"type":"Point","coordinates":[2.1699008,41.3834122]}},{"type":"Feature","properties":{"cat":"comercio"},"geometry":{"type":"Point","coordinates":[2.1682362,41.3845732]}},{"type":"Feature","properties":{"cat":"comercio"},"geometry":{"type":"Point","coordinates":[2.1452028,41.4023154]}},{"type":"Feature","properties":{"cat":"comercio"},"geometry":{"type":"Point","coordinates":[2.1456319,41.4024683]}},{"type":"Feature","properties":{"cat":"comercio"},"geometry":{"type":"Point","coordinates":[2.2176703,41.4130618]}},{"type":"Feature","properties":{"cat":"comercio"},"geometry":{"type":"Point","coordinates":[2.1717527,41.3796645]}},{"type":"Feature","properties":{"cat":"comercio"},"geometry":{"type":"Point","coordinates":[2.1567295,41.3896126]}},{"type":"Feature","properties":{"cat":"comercio"},"geometry":{"type":"Point","coordinates":[2.16436,41.3747729]}},{"type":"Feature","properties":{"cat":"comercio"},"geometry":{"type":"Point","coordinates":[2.1889995,41.3806017]}},{"type":"Feature","properties":{"cat":"comercio"},"geometry":{"type":"Point","coordinates":[2.1452053,41.3801719]}},{"type":"Feature","properties":{"cat":"comercio"},"geometry":{"type":"Point","coordinates":[2.1242464,41.3952853]}},{"type":"Feature","properties":{"cat":"comercio"},"geometry":{"type":"Point","coordinates":[2.1707589,41.4170257]}},{"type":"Feature","properties":{"cat":"comercio"},"geometry":{"type":"Point","coordinates":[2.17028,41.4166857]}},{"type":"Feature","properties":{"cat":"comercio"},"geometry":{"type":"Point","coordinates":[2.2272505,41.4373662]}},{"type":"Feature","properties":{"cat":"comercio"},"geometry":{"type":"Point","coordinates":[2.1457839,41.3903555]}},{"type":"Feature","properties":{"cat":"comercio"},"geometry":{"type":"Point","coordinates":[2.194425,41.4107728]}},{"type":"Feature","properties":{"cat":"comercio"},"geometry":{"type":"Point","coordinates":[2.16861,41.3823171]}},{"type":"Feature","properties":{"cat":"comercio"},"geometry":{"type":"Point","coordinates":[2.16591,41.3852426]}},{"type":"Feature","properties":{"cat":"comercio"},"geometry":{"type":"Point","coordinates":[2.1442296,41.3869796]}},{"type":"Feature","properties":{"cat":"comercio"},"geometry":{"type":"Point","coordinates":[2.1454326,41.3851237]}},{"type":"Feature","properties":{"cat":"comercio"},"geometry":{"type":"Point","coordinates":[2.1686774,41.3761973]}},{"type":"Feature","properties":{"cat":"comercio"},"geometry":{"type":"Point","coordinates":[2.1711395,41.3826721]}},{"type":"Feature","properties":{"cat":"comercio"},"geometry":{"type":"Point","coordinates":[2.1679417,41.3860999]}},{"type":"Feature","properties":{"cat":"comercio"},"geometry":{"type":"Point","coordinates":[2.1635248,41.4065703]}},{"type":"Feature","properties":{"cat":"comercio"},"geometry":{"type":"Point","coordinates":[2.19663,41.4048148]}},{"type":"Feature","properties":{"cat":"comercio"},"geometry":{"type":"Point","coordinates":[2.1546114,41.3887775]}},{"type":"Feature","properties":{"cat":"comercio"},"geometry":{"type":"Point","coordinates":[2.152291,41.3918433]}},{"type":"Feature","properties":{"cat":"comercio"},"geometry":{"type":"Point","coordinates":[2.1819658,41.4408242]}},{"type":"Feature","properties":{"cat":"comercio"},"geometry":{"type":"Point","coordinates":[2.1420651,41.4114593]}},{"type":"Feature","properties":{"cat":"comercio"},"geometry":{"type":"Point","coordinates":[2.2212485,41.4438583]}},{"type":"Feature","properties":{"cat":"comercio"},"geometry":{"type":"Point","coordinates":[2.1659151,41.4064736]}},{"type":"Feature","properties":{"cat":"comercio"},"geometry":{"type":"Point","coordinates":[2.2157456,41.4482763]}},{"type":"Feature","properties":{"cat":"comercio"},"geometry":{"type":"Point","coordinates":[2.2180774,41.4493864]}},{"type":"Feature","properties":{"cat":"comercio"},"geometry":{"type":"Point","coordinates":[2.1901275,41.4061799]}},{"type":"Feature","properties":{"cat":"comercio"},"geometry":{"type":"Point","coordinates":[2.2170539,41.4461002]}},{"type":"Feature","properties":{"cat":"comercio"},"geometry":{"type":"Point","coordinates":[2.1410716,41.4190127]}},{"type":"Feature","properties":{"cat":"comercio"},"geometry":{"type":"Point","coordinates":[2.1407818,41.420389]}},{"type":"Feature","properties":{"cat":"comercio"},"geometry":{"type":"Point","coordinates":[2.1408139,41.4181317]}},{"type":"Feature","properties":{"cat":"comercio"},"geometry":{"type":"Point","coordinates":[2.1622289,41.4056945]}},{"type":"Feature","properties":{"cat":"comercio"},"geometry":{"type":"Point","coordinates":[2.1628702,41.4071685]}},{"type":"Feature","properties":{"cat":"comercio"},"geometry":{"type":"Point","coordinates":[2.1255716,41.3771709]}},{"type":"Feature","properties":{"cat":"comercio"},"geometry":{"type":"Point","coordinates":[2.1260534,41.3793567]}},{"type":"Feature","properties":{"cat":"comercio"},"geometry":{"type":"Point","coordinates":[2.1270245,41.3780137]}},{"type":"Feature","properties":{"cat":"comercio"},"geometry":{"type":"Point","coordinates":[2.1293602,41.3776523]}},{"type":"Feature","properties":{"cat":"comercio"},"geometry":{"type":"Point","coordinates":[2.1808131,41.4063957]}},{"type":"Feature","properties":{"cat":"comercio"},"geometry":{"type":"Point","coordinates":[2.1307557,41.3741246]}},{"type":"Feature","properties":{"cat":"comercio"},"geometry":{"type":"Point","coordinates":[2.1266274,41.3796431]}},{"type":"Feature","properties":{"cat":"comercio"},"geometry":{"type":"Point","coordinates":[2.1770851,41.4065237]}},{"type":"Feature","properties":{"cat":"comercio"},"geometry":{"type":"Point","coordinates":[2.1800635,41.4066059]}},{"type":"Feature","properties":{"cat":"comercio"},"geometry":{"type":"Point","coordinates":[2.1815407,41.4039161]}},{"type":"Feature","properties":{"cat":"comercio"},"geometry":{"type":"Point","coordinates":[2.1793718,41.4042151]}},{"type":"Feature","properties":{"cat":"comercio"},"geometry":{"type":"Point","coordinates":[2.1790164,41.4057825]}},{"type":"Feature","properties":{"cat":"comercio"},"geometry":{"type":"Point","coordinates":[2.1695439,41.3732668]}},{"type":"Feature","properties":{"cat":"comercio"},"geometry":{"type":"Point","coordinates":[2.1594408,41.4049736]}},{"type":"Feature","properties":{"cat":"comercio"},"geometry":{"type":"Point","coordinates":[2.1617176,41.4018549]}},{"type":"Feature","properties":{"cat":"comercio"},"geometry":{"type":"Point","coordinates":[2.1599276,41.4010895]}},{"type":"Feature","properties":{"cat":"comercio"},"geometry":{"type":"Point","coordinates":[2.1259431,41.392021]}},{"type":"Feature","properties":{"cat":"comercio"},"geometry":{"type":"Point","coordinates":[2.1459186,41.4229296]}},{"type":"Feature","properties":{"cat":"comercio"},"geometry":{"type":"Point","coordinates":[2.1441562,41.4222359]}},{"type":"Feature","properties":{"cat":"comercio"},"geometry":{"type":"Point","coordinates":[2.1625757,41.3854678]}},{"type":"Feature","properties":{"cat":"comercio"},"geometry":{"type":"Point","coordinates":[2.1249831,41.3933002]}},{"type":"Feature","properties":{"cat":"comercio"},"geometry":{"type":"Point","coordinates":[2.12436,41.3903537]}},{"type":"Feature","properties":{"cat":"comercio"},"geometry":{"type":"Point","coordinates":[2.1259364,41.390306]}},{"type":"Feature","properties":{"cat":"comercio"},"geometry":{"type":"Point","coordinates":[2.1249957,41.3936983]}},{"type":"Feature","properties":{"cat":"comercio"},"geometry":{"type":"Point","coordinates":[2.1540527,41.4031304]}},{"type":"Feature","properties":{"cat":"comercio"},"geometry":{"type":"Point","coordinates":[2.133976,41.3947291]}},{"type":"Feature","properties":{"cat":"comercio"},"geometry":{"type":"Point","coordinates":[2.1603923,41.3869304]}},{"type":"Feature","properties":{"cat":"comercio"},"geometry":{"type":"Point","coordinates":[2.1475324,41.4164639]}},{"type":"Feature","properties":{"cat":"comercio"},"geometry":{"type":"Point","coordinates":[2.1850665,41.3830876]}},{"type":"Feature","properties":{"cat":"comercio"},"geometry":{"type":"Point","coordinates":[2.151385,41.4012482]}},{"type":"Feature","properties":{"cat":"comercio"},"geometry":{"type":"Point","coordinates":[2.179132,41.4303696]}},{"type":"Feature","properties":{"cat":"comercio"},"geometry":{"type":"Point","coordinates":[2.1810239,41.4307545]}},{"type":"Feature","properties":{"cat":"comercio"},"geometry":{"type":"Point","coordinates":[2.2151565,41.4472031]}},{"type":"Feature","properties":{"cat":"comercio"},"geometry":{"type":"Point","coordinates":[2.1793486,41.4160116]}},{"type":"Feature","properties":{"cat":"comercio"},"geometry":{"type":"Point","coordinates":[2.1567221,41.4080772]}},{"type":"Feature","properties":{"cat":"comercio"},"geometry":{"type":"Point","coordinates":[2.1745693,41.3860342]}},{"type":"Feature","properties":{"cat":"comercio"},"geometry":{"type":"Point","coordinates":[2.1508079,41.3885025]}},{"type":"Feature","properties":{"cat":"comercio"},"geometry":{"type":"Point","coordinates":[2.1571111,41.4356437]}},{"type":"Feature","properties":{"cat":"comercio"},"geometry":{"type":"Point","coordinates":[2.1196323,41.3749129]}},{"type":"Feature","properties":{"cat":"comercio"},"geometry":{"type":"Point","coordinates":[2.1624256,41.3824052]}},{"type":"Feature","properties":{"cat":"comercio"},"geometry":{"type":"Point","coordinates":[2.1121417,41.3771825]}},{"type":"Feature","properties":{"cat":"comercio"},"geometry":{"type":"Point","coordinates":[2.1883594,41.3817333]}},{"type":"Feature","properties":{"cat":"comercio"},"geometry":{"type":"Point","coordinates":[2.188448,41.3822852]}},{"type":"Feature","properties":{"cat":"comercio"},"geometry":{"type":"Point","coordinates":[2.1882542,41.3801129]}},{"type":"Feature","properties":{"cat":"comercio"},"geometry":{"type":"Point","coordinates":[2.1887534,41.3803462]}},{"type":"Feature","properties":{"cat":"comercio"},"geometry":{"type":"Point","coordinates":[2.1898797,41.3820067]}},{"type":"Feature","properties":{"cat":"comercio"},"geometry":{"type":"Point","coordinates":[2.182648,41.4052364]}},{"type":"Feature","properties":{"cat":"comercio"},"geometry":{"type":"Point","coordinates":[2.1883281,41.4107795]}},{"type":"Feature","properties":{"cat":"comercio"},"geometry":{"type":"Point","coordinates":[2.119519,41.3773681]}},{"type":"Feature","properties":{"cat":"comercio"},"geometry":{"type":"Point","coordinates":[2.18928,41.4140368]}},{"type":"Feature","properties":{"cat":"comercio"},"geometry":{"type":"Point","coordinates":[2.1427458,41.395195]}},{"type":"Feature","properties":{"cat":"comercio"},"geometry":{"type":"Point","coordinates":[2.1423536,41.3955415]}},{"type":"Feature","properties":{"cat":"comercio"},"geometry":{"type":"Point","coordinates":[2.1367034,41.3820828]}},{"type":"Feature","properties":{"cat":"comercio"},"geometry":{"type":"Point","coordinates":[2.1357698,41.3822563]}},{"type":"Feature","properties":{"cat":"comercio"},"geometry":{"type":"Point","coordinates":[2.2184799,41.434053]}},{"type":"Feature","properties":{"cat":"comercio"},"geometry":{"type":"Point","coordinates":[2.217131,41.434386]}},{"type":"Feature","properties":{"cat":"comercio"},"geometry":{"type":"Point","coordinates":[2.1267921,41.381252]}},{"type":"Feature","properties":{"cat":"comercio"},"geometry":{"type":"Point","coordinates":[2.1298667,41.3804716]}},{"type":"Feature","properties":{"cat":"comercio"},"geometry":{"type":"Point","coordinates":[2.170384,41.4281908]}},{"type":"Feature","properties":{"cat":"comercio"},"geometry":{"type":"Point","coordinates":[2.171184,41.4280184]}},{"type":"Feature","properties":{"cat":"comercio"},"geometry":{"type":"Point","coordinates":[2.174133,41.4279901]}},{"type":"Feature","properties":{"cat":"comercio"},"geometry":{"type":"Point","coordinates":[2.1612935,41.3745191]}},{"type":"Feature","properties":{"cat":"comercio"},"geometry":{"type":"Point","coordinates":[2.1608907,41.3738074]}},{"type":"Feature","properties":{"cat":"comercio"},"geometry":{"type":"Point","coordinates":[2.2109384,41.4061304]}},{"type":"Feature","properties":{"cat":"comercio"},"geometry":{"type":"Point","coordinates":[2.2101589,41.4064398]}},{"type":"Feature","properties":{"cat":"comercio"},"geometry":{"type":"Point","coordinates":[2.1387839,41.3745734]}},{"type":"Feature","properties":{"cat":"comercio"},"geometry":{"type":"Point","coordinates":[2.1432138,41.3794731]}},{"type":"Feature","properties":{"cat":"comercio"},"geometry":{"type":"Point","coordinates":[2.1780868,41.3808774]}},{"type":"Feature","properties":{"cat":"comercio"},"geometry":{"type":"Point","coordinates":[2.1771794,41.3831119]}},{"type":"Feature","properties":{"cat":"comercio"},"geometry":{"type":"Point","coordinates":[2.1737361,41.4048872]}},{"type":"Feature","properties":{"cat":"comercio"},"geometry":{"type":"Point","coordinates":[2.1794063,41.4279078]}},{"type":"Feature","properties":{"cat":"comercio"},"geometry":{"type":"Point","coordinates":[2.1765635,41.4429836]}},{"type":"Feature","properties":{"cat":"comercio"},"geometry":{"type":"Point","coordinates":[2.1472479,41.4083034]}},{"type":"Feature","properties":{"cat":"comercio"},"geometry":{"type":"Point","coordinates":[2.1512953,41.4095619]}},{"type":"Feature","properties":{"cat":"comercio"},"geometry":{"type":"Point","coordinates":[2.1532652,41.405565]}},{"type":"Feature","properties":{"cat":"comercio"},"geometry":{"type":"Point","coordinates":[2.1482945,41.402391]}},{"type":"Feature","properties":{"cat":"comercio"},"geometry":{"type":"Point","coordinates":[2.1371428,41.4064092]}},{"type":"Feature","properties":{"cat":"comercio"},"geometry":{"type":"Point","coordinates":[2.1388768,41.4117734]}},{"type":"Feature","properties":{"cat":"comercio"},"geometry":{"type":"Point","coordinates":[2.1411244,41.3717889]}},{"type":"Feature","properties":{"cat":"comercio"},"geometry":{"type":"Point","coordinates":[2.1390705,41.3728004]}},{"type":"Feature","properties":{"cat":"comercio"},"geometry":{"type":"Point","coordinates":[2.2191453,41.430635]}},{"type":"Feature","properties":{"cat":"comercio"},"geometry":{"type":"Point","coordinates":[2.1382777,41.3714024]}},{"type":"Feature","properties":{"cat":"comercio"},"geometry":{"type":"Point","coordinates":[2.1314117,41.3807498]}},{"type":"Feature","properties":{"cat":"comercio"},"geometry":{"type":"Point","coordinates":[2.1738847,41.4059186]}},{"type":"Feature","properties":{"cat":"comercio"},"geometry":{"type":"Point","coordinates":[2.1772722,41.4064566]}},{"type":"Feature","properties":{"cat":"comercio"},"geometry":{"type":"Point","coordinates":[2.1774183,41.4065692]}},{"type":"Feature","properties":{"cat":"comercio"},"geometry":{"type":"Point","coordinates":[2.1656895,41.4004677]}},{"type":"Feature","properties":{"cat":"comercio"},"geometry":{"type":"Point","coordinates":[2.1678404,41.3997176]}},{"type":"Feature","properties":{"cat":"comercio"},"geometry":{"type":"Point","coordinates":[2.1256964,41.3728967]}},{"type":"Feature","properties":{"cat":"comercio"},"geometry":{"type":"Point","coordinates":[2.156549,41.3911342]}},{"type":"Feature","properties":{"cat":"comercio"},"geometry":{"type":"Point","coordinates":[2.203854,41.4004176]}},{"type":"Feature","properties":{"cat":"comercio"},"geometry":{"type":"Point","coordinates":[2.1406086,41.4246854]}},{"type":"Feature","properties":{"cat":"comercio"},"geometry":{"type":"Point","coordinates":[2.1682109,41.3965084]}},{"type":"Feature","properties":{"cat":"comercio"},"geometry":{"type":"Point","coordinates":[2.1658744,41.400339]}},{"type":"Feature","properties":{"cat":"comercio"},"geometry":{"type":"Point","coordinates":[2.1689106,41.395533]}},{"type":"Feature","properties":{"cat":"comercio"},"geometry":{"type":"Point","coordinates":[2.1468657,41.389347]}},{"type":"Feature","properties":{"cat":"comercio"},"geometry":{"type":"Point","coordinates":[2.1372386,41.4044821]}},{"type":"Feature","properties":{"cat":"comercio"},"geometry":{"type":"Point","coordinates":[2.1849288,41.3848985]}},{"type":"Feature","properties":{"cat":"comercio"},"geometry":{"type":"Point","coordinates":[2.1516985,41.4067026]}},{"type":"Feature","properties":{"cat":"comercio"},"geometry":{"type":"Point","coordinates":[2.1504147,41.3958643]}},{"type":"Feature","properties":{"cat":"comercio"},"geometry":{"type":"Point","coordinates":[2.1487988,41.3978028]}},{"type":"Feature","properties":{"cat":"comercio"},"geometry":{"type":"Point","coordinates":[2.1819404,41.428821]}},{"type":"Feature","properties":{"cat":"comercio"},"geometry":{"type":"Point","coordinates":[2.1833245,41.4288231]}},{"type":"Feature","properties":{"cat":"comercio"},"geometry":{"type":"Point","coordinates":[2.1728576,41.4361126]}},{"type":"Feature","properties":{"cat":"comercio"},"geometry":{"type":"Point","coordinates":[2.1434117,41.4148554]}},{"type":"Feature","properties":{"cat":"comercio"},"geometry":{"type":"Point","coordinates":[2.1176401,41.3758729]}},{"type":"Feature","properties":{"cat":"comercio"},"geometry":{"type":"Point","coordinates":[2.1212811,41.3776099]}},{"type":"Feature","properties":{"cat":"comercio"},"geometry":{"type":"Point","coordinates":[2.1977378,41.390608]}},{"type":"Feature","properties":{"cat":"comercio"},"geometry":{"type":"Point","coordinates":[2.1987775,41.3909239]}},{"type":"Feature","properties":{"cat":"comercio"},"geometry":{"type":"Point","coordinates":[2.1907387,41.3915206]}},{"type":"Feature","properties":{"cat":"comercio"},"geometry":{"type":"Point","coordinates":[2.1895606,41.3919204]}},{"type":"Feature","properties":{"cat":"comercio"},"geometry":{"type":"Point","coordinates":[2.1466223,41.3816843]}},{"type":"Feature","properties":{"cat":"comercio"},"geometry":{"type":"Point","coordinates":[2.1464862,41.3815972]}},{"type":"Feature","properties":{"cat":"comercio"},"geometry":{"type":"Point","coordinates":[2.1536098,41.3835125]}},{"type":"Feature","properties":{"cat":"comercio"},"geometry":{"type":"Point","coordinates":[2.1533419,41.3808618]}},{"type":"Feature","properties":{"cat":"comercio"},"geometry":{"type":"Point","coordinates":[2.1533942,41.3808116]}},{"type":"Feature","properties":{"cat":"comercio"},"geometry":{"type":"Point","coordinates":[2.1654032,41.4390594]}},{"type":"Feature","properties":{"cat":"comercio"},"geometry":{"type":"Point","coordinates":[2.1721951,41.3759433]}},{"type":"Feature","properties":{"cat":"comercio"},"geometry":{"type":"Point","coordinates":[2.1742348,41.4359231]}},{"type":"Feature","properties":{"cat":"comercio"},"geometry":{"type":"Point","coordinates":[2.173662,41.4376808]}},{"type":"Feature","properties":{"cat":"comercio"},"geometry":{"type":"Point","coordinates":[2.1335234,41.3712408]}},{"type":"Feature","properties":{"cat":"comercio"},"geometry":{"type":"Point","coordinates":[2.1056353,41.3727931]}},{"type":"Feature","properties":{"cat":"comercio"},"geometry":{"type":"Point","coordinates":[2.1137462,41.3873877]}},{"type":"Feature","properties":{"cat":"comercio"},"geometry":{"type":"Point","coordinates":[2.1125752,41.3867813]}},{"type":"Feature","properties":{"cat":"comercio"},"geometry":{"type":"Point","coordinates":[2.1133869,41.3864706]}},{"type":"Feature","properties":{"cat":"comercio"},"geometry":{"type":"Point","coordinates":[2.1816279,41.4065935]}},{"type":"Feature","properties":{"cat":"comercio"},"geometry":{"type":"Point","coordinates":[2.1218425,41.3732194]}},{"type":"Feature","properties":{"cat":"comercio"},"geometry":{"type":"Point","coordinates":[2.1982691,41.4036886]}},{"type":"Feature","properties":{"cat":"comercio"},"geometry":{"type":"Point","coordinates":[2.1946588,41.4058919]}},{"type":"Feature","properties":{"cat":"comercio"},"geometry":{"type":"Point","coordinates":[2.1917031,41.405634]}},{"type":"Feature","properties":{"cat":"comercio"},"geometry":{"type":"Point","coordinates":[2.180837,41.4076377]}},{"type":"Feature","properties":{"cat":"comercio"},"geometry":{"type":"Point","coordinates":[2.2008137,41.4019136]}},{"type":"Feature","properties":{"cat":"comercio"},"geometry":{"type":"Point","coordinates":[2.1229782,41.3760043]}},{"type":"Feature","properties":{"cat":"comercio"},"geometry":{"type":"Point","coordinates":[2.1231318,41.3761001]}},{"type":"Feature","properties":{"cat":"comercio"},"geometry":{"type":"Point","coordinates":[2.1636995,41.3988525]}},{"type":"Feature","properties":{"cat":"comercio"},"geometry":{"type":"Point","coordinates":[2.1511903,41.3927327]}},{"type":"Feature","properties":{"cat":"comercio"},"geometry":{"type":"Point","coordinates":[2.161438,41.3888337]}},{"type":"Feature","properties":{"cat":"comercio"},"geometry":{"type":"Point","coordinates":[2.1920367,41.4490455]}},{"type":"Feature","properties":{"cat":"comercio"},"geometry":{"type":"Point","coordinates":[2.1607601,41.412063]}},{"type":"Feature","properties":{"cat":"comercio"},"geometry":{"type":"Point","coordinates":[2.1631237,41.4094587]}},{"type":"Feature","properties":{"cat":"comercio"},"geometry":{"type":"Point","coordinates":[2.1632524,41.410011]}},{"type":"Feature","properties":{"cat":"comercio"},"geometry":{"type":"Point","coordinates":[2.1628949,41.4094445]}},{"type":"Feature","properties":{"cat":"comercio"},"geometry":{"type":"Point","coordinates":[2.1767628,41.4058907]}},{"type":"Feature","properties":{"cat":"comercio"},"geometry":{"type":"Point","coordinates":[2.1581681,41.3742726]}},{"type":"Feature","properties":{"cat":"comercio"},"geometry":{"type":"Point","coordinates":[2.1490232,41.4179507]}},{"type":"Feature","properties":{"cat":"comercio"},"geometry":{"type":"Point","coordinates":[2.1494523,41.4202617]}},{"type":"Feature","properties":{"cat":"comercio"},"geometry":{"type":"Point","coordinates":[2.1488998,41.4180352]}},{"type":"Feature","properties":{"cat":"comercio"},"geometry":{"type":"Point","coordinates":[2.1430069,41.4219569]}},{"type":"Feature","properties":{"cat":"comercio"},"geometry":{"type":"Point","coordinates":[2.1434358,41.3979519]}},{"type":"Feature","properties":{"cat":"comercio"},"geometry":{"type":"Point","coordinates":[2.1697543,41.4349161]}},{"type":"Feature","properties":{"cat":"comercio"},"geometry":{"type":"Point","coordinates":[2.1713314,41.4347377]}},{"type":"Feature","properties":{"cat":"comercio"},"geometry":{"type":"Point","coordinates":[2.142696,41.3786081]}},{"type":"Feature","properties":{"cat":"comercio"},"geometry":{"type":"Point","coordinates":[2.1895967,41.4180731]}},{"type":"Feature","properties":{"cat":"comercio"},"geometry":{"type":"Point","coordinates":[2.1621336,41.3983371]}},{"type":"Feature","properties":{"cat":"comercio"},"geometry":{"type":"Point","coordinates":[2.149715,41.3762564]}},{"type":"Feature","properties":{"cat":"comercio"},"geometry":{"type":"Point","coordinates":[2.1954414,41.3895216]}},{"type":"Feature","properties":{"cat":"comercio"},"geometry":{"type":"Point","coordinates":[2.1766523,41.3812389]}},{"type":"Feature","properties":{"cat":"comercio"},"geometry":{"type":"Point","coordinates":[2.1644506,41.3774886]}},{"type":"Feature","properties":{"cat":"comercio"},"geometry":{"type":"Point","coordinates":[2.1769392,41.3770961]}},{"type":"Feature","properties":{"cat":"comercio"},"geometry":{"type":"Point","coordinates":[2.1739648,41.3786743]}},{"type":"Feature","properties":{"cat":"comercio"},"geometry":{"type":"Point","coordinates":[2.1745549,41.3792258]}},{"type":"Feature","properties":{"cat":"comercio"},"geometry":{"type":"Point","coordinates":[2.1890428,41.4173464]}},{"type":"Feature","properties":{"cat":"comercio"},"geometry":{"type":"Point","coordinates":[2.149861,41.4036898]}},{"type":"Feature","properties":{"cat":"comercio"},"geometry":{"type":"Point","coordinates":[2.1622923,41.3763778]}},{"type":"Feature","properties":{"cat":"comercio"},"geometry":{"type":"Point","coordinates":[2.1622763,41.3809156]}},{"type":"Feature","properties":{"cat":"comercio"},"geometry":{"type":"Point","coordinates":[2.1626252,41.3835216]}},{"type":"Feature","properties":{"cat":"comercio"},"geometry":{"type":"Point","coordinates":[2.190032,41.391953]}},{"type":"Feature","properties":{"cat":"comercio"},"geometry":{"type":"Point","coordinates":[2.1786001,41.3773917]}},{"type":"Feature","properties":{"cat":"comercio"},"geometry":{"type":"Point","coordinates":[2.1745728,41.3744834]}},{"type":"Feature","properties":{"cat":"comercio"},"geometry":{"type":"Point","coordinates":[2.1508192,41.3864754]}},{"type":"Feature","properties":{"cat":"comercio"},"geometry":{"type":"Point","coordinates":[2.1484696,41.4108614]}},{"type":"Feature","properties":{"cat":"comercio"},"geometry":{"type":"Point","coordinates":[2.1498328,41.4113871]}},{"type":"Feature","properties":{"cat":"comercio"},"geometry":{"type":"Point","coordinates":[2.1502003,41.4115762]}},{"type":"Feature","properties":{"cat":"comercio"},"geometry":{"type":"Point","coordinates":[2.1467858,41.4106971]}},{"type":"Feature","properties":{"cat":"comercio"},"geometry":{"type":"Point","coordinates":[2.1455746,41.3768388]}},{"type":"Feature","properties":{"cat":"comercio"},"geometry":{"type":"Point","coordinates":[2.1593313,41.3772015]}},{"type":"Feature","properties":{"cat":"comercio"},"geometry":{"type":"Point","coordinates":[2.1602594,41.3772317]}},{"type":"Feature","properties":{"cat":"comercio"},"geometry":{"type":"Point","coordinates":[2.1701995,41.3732231]}},{"type":"Feature","properties":{"cat":"comercio"},"geometry":{"type":"Point","coordinates":[2.1695075,41.3719409]}},{"type":"Feature","properties":{"cat":"comercio"},"geometry":{"type":"Point","coordinates":[2.1799953,41.3837836]}},{"type":"Feature","properties":{"cat":"comercio"},"geometry":{"type":"Point","coordinates":[2.1795195,41.3831846]}},{"type":"Feature","properties":{"cat":"comercio"},"geometry":{"type":"Point","coordinates":[2.1797276,41.3848714]}},{"type":"Feature","properties":{"cat":"comercio"},"geometry":{"type":"Point","coordinates":[2.1650882,41.3862397]}},{"type":"Feature","properties":{"cat":"comercio"},"geometry":{"type":"Point","coordinates":[2.1884594,41.392798]}},{"type":"Feature","properties":{"cat":"comercio"},"geometry":{"type":"Point","coordinates":[2.1959358,41.4003612]}},{"type":"Feature","properties":{"cat":"comercio"},"geometry":{"type":"Point","coordinates":[2.1387655,41.4116901]}},{"type":"Feature","properties":{"cat":"comercio"},"geometry":{"type":"Point","coordinates":[2.2033032,41.4047978]}},{"type":"Feature","properties":{"cat":"comercio"},"geometry":{"type":"Point","coordinates":[2.2042587,41.4037607]}},{"type":"Feature","properties":{"cat":"comercio"},"geometry":{"type":"Point","coordinates":[2.1789166,41.4041684]}},{"type":"Feature","properties":{"cat":"comercio"},"geometry":{"type":"Point","coordinates":[2.1429882,41.4160038]}},{"type":"Feature","properties":{"cat":"comercio"},"geometry":{"type":"Point","coordinates":[2.1704485,41.394526]}},{"type":"Feature","properties":{"cat":"comercio"},"geometry":{"type":"Point","coordinates":[2.1839656,41.417008]}},{"type":"Feature","properties":{"cat":"comercio"},"geometry":{"type":"Point","coordinates":[2.1841954,41.4175222]}},{"type":"Feature","properties":{"cat":"comercio"},"geometry":{"type":"Point","coordinates":[2.1397071,41.383364]}},{"type":"Feature","properties":{"cat":"comercio"},"geometry":{"type":"Point","coordinates":[2.1465409,41.3876396]}},{"type":"Feature","properties":{"cat":"comercio"},"geometry":{"type":"Point","coordinates":[2.1340233,41.3701514]}},{"type":"Feature","properties":{"cat":"comercio"},"geometry":{"type":"Point","coordinates":[2.1901456,41.41648]}},{"type":"Feature","properties":{"cat":"comercio"},"geometry":{"type":"Point","coordinates":[2.1980156,41.4174986]}},{"type":"Feature","properties":{"cat":"comercio"},"geometry":{"type":"Point","coordinates":[2.195009,41.4162667]}},{"type":"Feature","properties":{"cat":"comercio"},"geometry":{"type":"Point","coordinates":[2.1948556,41.4159831]}},{"type":"Feature","properties":{"cat":"comercio"},"geometry":{"type":"Point","coordinates":[2.1672056,41.4014755]}},{"type":"Feature","properties":{"cat":"comercio"},"geometry":{"type":"Point","coordinates":[2.1702533,41.4028924]}},{"type":"Feature","properties":{"cat":"comercio"},"geometry":{"type":"Point","coordinates":[2.1827397,41.4416172]}},{"type":"Feature","properties":{"cat":"comercio"},"geometry":{"type":"Point","coordinates":[2.1821812,41.4391569]}},{"type":"Feature","properties":{"cat":"comercio"},"geometry":{"type":"Point","coordinates":[2.1847634,41.4422592]}},{"type":"Feature","properties":{"cat":"comercio"},"geometry":{"type":"Point","coordinates":[2.1818189,41.4400902]}},{"type":"Feature","properties":{"cat":"comercio"},"geometry":{"type":"Point","coordinates":[2.1329222,41.3697062]}},{"type":"Feature","properties":{"cat":"comercio"},"geometry":{"type":"Point","coordinates":[2.1391746,41.4117902]}},{"type":"Feature","properties":{"cat":"comercio"},"geometry":{"type":"Point","coordinates":[2.1217544,41.3974037]}},{"type":"Feature","properties":{"cat":"comercio"},"geometry":{"type":"Point","coordinates":[2.2181037,41.444568]}},{"type":"Feature","properties":{"cat":"comercio"},"geometry":{"type":"Point","coordinates":[2.1516647,41.3910206]}},{"type":"Feature","properties":{"cat":"comercio"},"geometry":{"type":"Point","coordinates":[2.1569955,41.3934829]}},{"type":"Feature","properties":{"cat":"comercio"},"geometry":{"type":"Point","coordinates":[2.1796065,41.3950131]}},{"type":"Feature","properties":{"cat":"comercio"},"geometry":{"type":"Point","coordinates":[2.1460844,41.3981285]}},{"type":"Feature","properties":{"cat":"comercio"},"geometry":{"type":"Point","coordinates":[2.144769,41.3971017]}},{"type":"Feature","properties":{"cat":"comercio"},"geometry":{"type":"Point","coordinates":[2.1666076,41.387818]}},{"type":"Feature","properties":{"cat":"comercio"},"geometry":{"type":"Point","coordinates":[2.1276205,41.3643125]}},{"type":"Feature","properties":{"cat":"comercio"},"geometry":{"type":"Point","coordinates":[2.1038653,41.4138765]}},{"type":"Feature","properties":{"cat":"comercio"},"geometry":{"type":"Point","coordinates":[2.2209627,41.4416668]}},{"type":"Feature","properties":{"cat":"comercio"},"geometry":{"type":"Point","coordinates":[2.2166463,41.4416774]}},{"type":"Feature","properties":{"cat":"comercio"},"geometry":{"type":"Point","coordinates":[2.2150515,41.4399584]}},{"type":"Feature","properties":{"cat":"comercio"},"geometry":{"type":"Point","coordinates":[2.2049224,41.4371158]}},{"type":"Feature","properties":{"cat":"comercio"},"geometry":{"type":"Point","coordinates":[2.2042069,41.4368357]}},{"type":"Feature","properties":{"cat":"comercio"},"geometry":{"type":"Point","coordinates":[2.1962763,41.4200219]}},{"type":"Feature","properties":{"cat":"comercio"},"geometry":{"type":"Point","coordinates":[2.1998443,41.4023159]}},{"type":"Feature","properties":{"cat":"comercio"},"geometry":{"type":"Point","coordinates":[2.1608982,41.4048947]}},{"type":"Feature","properties":{"cat":"comercio"},"geometry":{"type":"Point","coordinates":[2.1603436,41.4054118]}},{"type":"Feature","properties":{"cat":"comercio"},"geometry":{"type":"Point","coordinates":[2.1749893,41.382366]}},{"type":"Feature","properties":{"cat":"comercio"},"geometry":{"type":"Point","coordinates":[2.1595218,41.4040048]}},{"type":"Feature","properties":{"cat":"comercio"},"geometry":{"type":"Point","coordinates":[2.1714302,41.4023821]}},{"type":"Feature","properties":{"cat":"comercio"},"geometry":{"type":"Point","coordinates":[2.1694222,41.4008813]}},{"type":"Feature","properties":{"cat":"comercio"},"geometry":{"type":"Point","coordinates":[2.1623941,41.4043262]}},{"type":"Feature","properties":{"cat":"comercio"},"geometry":{"type":"Point","coordinates":[2.1700718,41.401338]}},{"type":"Feature","properties":{"cat":"comercio"},"geometry":{"type":"Point","coordinates":[2.1622868,41.4040084]}},{"type":"Feature","properties":{"cat":"comercio"},"geometry":{"type":"Point","coordinates":[2.1546703,41.4018251]}},{"type":"Feature","properties":{"cat":"comercio"},"geometry":{"type":"Point","coordinates":[2.1857241,41.3824684]}},{"type":"Feature","properties":{"cat":"comercio"},"geometry":{"type":"Point","coordinates":[2.169934,41.3802203]}},{"type":"Feature","properties":{"cat":"comercio"},"geometry":{"type":"Point","coordinates":[2.2035839,41.3991782]}},{"type":"Feature","properties":{"cat":"comercio"},"geometry":{"type":"Point","coordinates":[2.1597432,41.3758337]}},{"type":"Feature","properties":{"cat":"comercio"},"geometry":{"type":"Point","coordinates":[2.187446,41.4201316]}},{"type":"Feature","properties":{"cat":"comercio"},"geometry":{"type":"Point","coordinates":[2.1617533,41.413988]}},{"type":"Feature","properties":{"cat":"comercio"},"geometry":{"type":"Point","coordinates":[2.1609084,41.4152255]}},{"type":"Feature","properties":{"cat":"comercio"},"geometry":{"type":"Point","coordinates":[2.1620483,41.4138959]}},{"type":"Feature","properties":{"cat":"comercio"},"geometry":{"type":"Point","coordinates":[2.1630408,41.4144531]}},{"type":"Feature","properties":{"cat":"comercio"},"geometry":{"type":"Point","coordinates":[2.1592501,41.4070824]}},{"type":"Feature","properties":{"cat":"comercio"},"geometry":{"type":"Point","coordinates":[2.1615746,41.4072779]}},{"type":"Feature","properties":{"cat":"comercio"},"geometry":{"type":"Point","coordinates":[2.1618264,41.4074359]}},{"type":"Feature","properties":{"cat":"comercio"},"geometry":{"type":"Point","coordinates":[2.1586803,41.4078174]}},{"type":"Feature","properties":{"cat":"comercio"},"geometry":{"type":"Point","coordinates":[2.1577018,41.4070939]}},{"type":"Feature","properties":{"cat":"comercio"},"geometry":{"type":"Point","coordinates":[2.1811472,41.4220714]}},{"type":"Feature","properties":{"cat":"comercio"},"geometry":{"type":"Point","coordinates":[2.1850064,41.4221319]}},{"type":"Feature","properties":{"cat":"comercio"},"geometry":{"type":"Point","coordinates":[2.160447,41.4119453]}},{"type":"Feature","properties":{"cat":"comercio"},"geometry":{"type":"Point","coordinates":[2.1612029,41.4149925]}},{"type":"Feature","properties":{"cat":"comercio"},"geometry":{"type":"Point","coordinates":[2.163527,41.4136162]}},{"type":"Feature","properties":{"cat":"comercio"},"geometry":{"type":"Point","coordinates":[2.1564657,41.3835203]}},{"type":"Feature","properties":{"cat":"comercio"},"geometry":{"type":"Point","coordinates":[2.1949826,41.4088125]}},{"type":"Feature","properties":{"cat":"comercio"},"geometry":{"type":"Point","coordinates":[2.2005776,41.4143356]}},{"type":"Feature","properties":{"cat":"comercio"},"geometry":{"type":"Point","coordinates":[2.2052715,41.4010293]}},{"type":"Feature","properties":{"cat":"comercio"},"geometry":{"type":"Point","coordinates":[2.1894997,41.408738]}},{"type":"Feature","properties":{"cat":"comercio"},"geometry":{"type":"Point","coordinates":[2.2243594,41.440326]}},{"type":"Feature","properties":{"cat":"comercio"},"geometry":{"type":"Point","coordinates":[2.2179729,41.4492422]}},{"type":"Feature","properties":{"cat":"comercio"},"geometry":{"type":"Point","coordinates":[2.2213531,41.4404854]}},{"type":"Feature","properties":{"cat":"comercio"},"geometry":{"type":"Point","coordinates":[2.1465907,41.3734372]}},{"type":"Feature","properties":{"cat":"comercio"},"geometry":{"type":"Point","coordinates":[2.1658428,41.3763656]}},{"type":"Feature","properties":{"cat":"comercio"},"geometry":{"type":"Point","coordinates":[2.1642185,41.3828554]}},{"type":"Feature","properties":{"cat":"comercio"},"geometry":{"type":"Point","coordinates":[2.1078648,41.3484053]}},{"type":"Feature","properties":{"cat":"comercio"},"geometry":{"type":"Point","coordinates":[2.1845656,41.3862387]}},{"type":"Feature","properties":{"cat":"comercio"},"geometry":{"type":"Point","coordinates":[2.1858405,41.3930166]}},{"type":"Feature","properties":{"cat":"comercio"},"geometry":{"type":"Point","coordinates":[2.1850318,41.391263]}},{"type":"Feature","properties":{"cat":"comercio"},"geometry":{"type":"Point","coordinates":[2.1462933,41.3796399]}},{"type":"Feature","properties":{"cat":"comercio"},"geometry":{"type":"Point","coordinates":[2.2247843,41.4438378]}},{"type":"Feature","properties":{"cat":"comercio"},"geometry":{"type":"Point","coordinates":[2.1525491,41.4063688]}},{"type":"Feature","properties":{"cat":"comercio"},"geometry":{"type":"Point","coordinates":[2.1874012,41.4174459]}},{"type":"Feature","properties":{"cat":"comercio"},"geometry":{"type":"Point","coordinates":[2.1382004,41.4124231]}},{"type":"Feature","properties":{"cat":"comercio"},"geometry":{"type":"Point","coordinates":[2.1390855,41.4129421]}},{"type":"Feature","properties":{"cat":"comercio"},"geometry":{"type":"Point","coordinates":[2.1774271,41.381459]}},{"type":"Feature","properties":{"cat":"comercio"},"geometry":{"type":"Point","coordinates":[2.2034307,41.4027825]}},{"type":"Feature","properties":{"cat":"comercio"},"geometry":{"type":"Point","coordinates":[2.1081908,41.3482212]}},{"type":"Feature","properties":{"cat":"comercio"},"geometry":{"type":"Point","coordinates":[2.1886893,41.3805162]}},{"type":"Feature","properties":{"cat":"comercio"},"geometry":{"type":"Point","coordinates":[2.1809844,41.3972239]}},{"type":"Feature","properties":{"cat":"comercio"},"geometry":{"type":"Point","coordinates":[2.156774,41.4040266]}},{"type":"Feature","properties":{"cat":"comercio"},"geometry":{"type":"Point","coordinates":[2.1709859,41.4283151]}},{"type":"Feature","properties":{"cat":"comercio"},"geometry":{"type":"Point","coordinates":[2.2172925,41.4385727]}},{"type":"Feature","properties":{"cat":"comercio"},"geometry":{"type":"Point","coordinates":[2.2169753,41.4391311]}},{"type":"Feature","properties":{"cat":"comercio"},"geometry":{"type":"Point","coordinates":[2.2180374,41.4378237]}},{"type":"Feature","properties":{"cat":"comercio"},"geometry":{"type":"Point","coordinates":[2.2170958,41.4389984]}},{"type":"Feature","properties":{"cat":"comercio"},"geometry":{"type":"Point","coordinates":[2.16987,41.3821096]}},{"type":"Feature","properties":{"cat":"comercio"},"geometry":{"type":"Point","coordinates":[2.2262736,41.441954]}},{"type":"Feature","properties":{"cat":"comercio"},"geometry":{"type":"Point","coordinates":[2.2264076,41.4417909]}},{"type":"Feature","properties":{"cat":"comercio"},"geometry":{"type":"Point","coordinates":[2.2260748,41.4421842]}},{"type":"Feature","properties":{"cat":"comercio"},"geometry":{"type":"Point","coordinates":[2.2259495,41.4421589]}},{"type":"Feature","properties":{"cat":"comercio"},"geometry":{"type":"Point","coordinates":[2.1619806,41.3784974]}},{"type":"Feature","properties":{"cat":"comercio"},"geometry":{"type":"Point","coordinates":[2.2236018,41.443979]}},{"type":"Feature","properties":{"cat":"comercio"},"geometry":{"type":"Point","coordinates":[2.2233053,41.4445354]}},{"type":"Feature","properties":{"cat":"comercio"},"geometry":{"type":"Point","coordinates":[2.2226795,41.4440966]}},{"type":"Feature","properties":{"cat":"comercio"},"geometry":{"type":"Point","coordinates":[2.2239663,41.4432769]}},{"type":"Feature","properties":{"cat":"comercio"},"geometry":{"type":"Point","coordinates":[2.2235282,41.4441022]}},{"type":"Feature","properties":{"cat":"comercio"},"geometry":{"type":"Point","coordinates":[2.2237319,41.4437143]}},{"type":"Feature","properties":{"cat":"comercio"},"geometry":{"type":"Point","coordinates":[2.1094332,41.3512519]}},{"type":"Feature","properties":{"cat":"comercio"},"geometry":{"type":"Point","coordinates":[2.2183544,41.4360315]}},{"type":"Feature","properties":{"cat":"comercio"},"geometry":{"type":"Point","coordinates":[2.2177121,41.4367707]}},{"type":"Feature","properties":{"cat":"comercio"},"geometry":{"type":"Point","coordinates":[2.21857,41.4375544]}},{"type":"Feature","properties":{"cat":"comercio"},"geometry":{"type":"Point","coordinates":[2.2238017,41.440092]}},{"type":"Feature","properties":{"cat":"comercio"},"geometry":{"type":"Point","coordinates":[2.175603,41.3776083]}},{"type":"Feature","properties":{"cat":"comercio"},"geometry":{"type":"Point","coordinates":[2.1819386,41.3962184]}},{"type":"Feature","properties":{"cat":"comercio"},"geometry":{"type":"Point","coordinates":[2.2161084,41.4400215]}},{"type":"Feature","properties":{"cat":"comercio"},"geometry":{"type":"Point","coordinates":[2.1782408,41.4050395]}},{"type":"Feature","properties":{"cat":"comercio"},"geometry":{"type":"Point","coordinates":[2.1769855,41.4054123]}},{"type":"Feature","properties":{"cat":"comercio"},"geometry":{"type":"Point","coordinates":[2.178466,41.4045329]}},{"type":"Feature","properties":{"cat":"comercio"},"geometry":{"type":"Point","coordinates":[2.1720141,41.376775]}},{"type":"Feature","properties":{"cat":"comercio"},"geometry":{"type":"Point","coordinates":[2.1672795,41.3794904]}},{"type":"Feature","properties":{"cat":"comercio"},"geometry":{"type":"Point","coordinates":[2.167645,41.3805804]}},{"type":"Feature","properties":{"cat":"comercio"},"geometry":{"type":"Point","coordinates":[2.1794777,41.3801992]}},{"type":"Feature","properties":{"cat":"comercio"},"geometry":{"type":"Point","coordinates":[2.1880355,41.3806365]}},{"type":"Feature","properties":{"cat":"comercio"},"geometry":{"type":"Point","coordinates":[2.1725828,41.4063354]}},{"type":"Feature","properties":{"cat":"comercio"},"geometry":{"type":"Point","coordinates":[2.1662216,41.4106036]}},{"type":"Feature","properties":{"cat":"comercio"},"geometry":{"type":"Point","coordinates":[2.2163954,41.4396921]}},{"type":"Feature","properties":{"cat":"comercio"},"geometry":{"type":"Point","coordinates":[2.2168157,41.439274]}},{"type":"Feature","properties":{"cat":"comercio"},"geometry":{"type":"Point","coordinates":[2.1668075,41.3968803]}},{"type":"Feature","properties":{"cat":"comercio"},"geometry":{"type":"Point","coordinates":[2.1724743,41.4082199]}},{"type":"Feature","properties":{"cat":"comercio"},"geometry":{"type":"Point","coordinates":[2.229622,41.442599]}},{"type":"Feature","properties":{"cat":"comercio"},"geometry":{"type":"Point","coordinates":[2.2274914,41.4402216]}},{"type":"Feature","properties":{"cat":"comercio"},"geometry":{"type":"Point","coordinates":[2.22704,41.4406862]}},{"type":"Feature","properties":{"cat":"comercio"},"geometry":{"type":"Point","coordinates":[2.1936151,41.4375487]}},{"type":"Feature","properties":{"cat":"comercio"},"geometry":{"type":"Point","coordinates":[2.1735536,41.4369962]}},{"type":"Feature","properties":{"cat":"comercio"},"geometry":{"type":"Point","coordinates":[2.1829547,41.4181472]}},{"type":"Feature","properties":{"cat":"comercio"},"geometry":{"type":"Point","coordinates":[2.1638196,41.4022225]}},{"type":"Feature","properties":{"cat":"comercio"},"geometry":{"type":"Point","coordinates":[2.1647548,41.3772039]}},{"type":"Feature","properties":{"cat":"comercio"},"geometry":{"type":"Point","coordinates":[2.1869263,41.4255051]}},{"type":"Feature","properties":{"cat":"comercio"},"geometry":{"type":"Point","coordinates":[2.1645174,41.4014001]}},{"type":"Feature","properties":{"cat":"comercio"},"geometry":{"type":"Point","coordinates":[2.1644623,41.4014396]}},{"type":"Feature","properties":{"cat":"comercio"},"geometry":{"type":"Point","coordinates":[2.164886,41.402147]}},{"type":"Feature","properties":{"cat":"comercio"},"geometry":{"type":"Point","coordinates":[2.1625316,41.4289143]}},{"type":"Feature","properties":{"cat":"comercio"},"geometry":{"type":"Point","coordinates":[2.1438878,41.3896311]}},{"type":"Feature","properties":{"cat":"comercio"},"geometry":{"type":"Point","coordinates":[2.2017385,41.4139013]}},{"type":"Feature","properties":{"cat":"comercio"},"geometry":{"type":"Point","coordinates":[2.2011745,41.4134525]}},{"type":"Feature","properties":{"cat":"comercio"},"geometry":{"type":"Point","coordinates":[2.1715831,41.4065274]}},{"type":"Feature","properties":{"cat":"comercio"},"geometry":{"type":"Point","coordinates":[2.1708825,41.4037329]}},{"type":"Feature","properties":{"cat":"comercio"},"geometry":{"type":"Point","coordinates":[2.1632557,41.4054024]}},{"type":"Feature","properties":{"cat":"comercio"},"geometry":{"type":"Point","coordinates":[2.212077,41.4138775]}},{"type":"Feature","properties":{"cat":"comercio"},"geometry":{"type":"Point","coordinates":[2.1756645,41.390614]}},{"type":"Feature","properties":{"cat":"comercio"},"geometry":{"type":"Point","coordinates":[2.1583462,41.3956445]}},{"type":"Feature","properties":{"cat":"comercio"},"geometry":{"type":"Point","coordinates":[2.1782537,41.3845253]}},{"type":"Feature","properties":{"cat":"comercio"},"geometry":{"type":"Point","coordinates":[2.1615808,41.3736866]}},{"type":"Feature","properties":{"cat":"comercio"},"geometry":{"type":"Point","coordinates":[2.1783567,41.3859243]}},{"type":"Feature","properties":{"cat":"comercio"},"geometry":{"type":"Point","coordinates":[2.1733389,41.4332698]}},{"type":"Feature","properties":{"cat":"comercio"},"geometry":{"type":"Point","coordinates":[2.15285,41.3764169]}},{"type":"Feature","properties":{"cat":"comercio"},"geometry":{"type":"Point","coordinates":[2.110468,41.3689366]}},{"type":"Feature","properties":{"cat":"comercio"},"geometry":{"type":"Point","coordinates":[2.1821342,41.38566]}},{"type":"Feature","properties":{"cat":"comercio"},"geometry":{"type":"Point","coordinates":[2.1753714,41.3942225]}},{"type":"Feature","properties":{"cat":"comercio"},"geometry":{"type":"Point","coordinates":[2.2064575,41.4164484]}},{"type":"Feature","properties":{"cat":"comercio"},"geometry":{"type":"Point","coordinates":[2.2053724,41.4183312]}},{"type":"Feature","properties":{"cat":"comercio"},"geometry":{"type":"Point","coordinates":[2.2020355,41.4197657]}},{"type":"Feature","properties":{"cat":"comercio"},"geometry":{"type":"Point","coordinates":[2.2165433,41.4403852]}},{"type":"Feature","properties":{"cat":"comercio"},"geometry":{"type":"Point","coordinates":[2.2164086,41.4405765]}},{"type":"Feature","properties":{"cat":"comercio"},"geometry":{"type":"Point","coordinates":[2.2184989,41.4414177]}},{"type":"Feature","properties":{"cat":"comercio"},"geometry":{"type":"Point","coordinates":[2.2149112,41.4416567]}},{"type":"Feature","properties":{"cat":"comercio"},"geometry":{"type":"Point","coordinates":[2.2152351,41.441882]}},{"type":"Feature","properties":{"cat":"comercio"},"geometry":{"type":"Point","coordinates":[2.2160843,41.442013]}},{"type":"Feature","properties":{"cat":"comercio"},"geometry":{"type":"Point","coordinates":[2.1984562,41.403496]}},{"type":"Feature","properties":{"cat":"comercio"},"geometry":{"type":"Point","coordinates":[2.1521389,41.3809729]}},{"type":"Feature","properties":{"cat":"comercio"},"geometry":{"type":"Point","coordinates":[2.1787023,41.3918035]}},{"type":"Feature","properties":{"cat":"comercio"},"geometry":{"type":"Point","coordinates":[2.1752293,41.3932626]}},{"type":"Feature","properties":{"cat":"comercio"},"geometry":{"type":"Point","coordinates":[2.2203976,41.444229]}},{"type":"Feature","properties":{"cat":"comercio"},"geometry":{"type":"Point","coordinates":[2.2168891,41.4336948]}},{"type":"Feature","properties":{"cat":"comercio"},"geometry":{"type":"Point","coordinates":[2.2168977,41.4342136]}},{"type":"Feature","properties":{"cat":"comercio"},"geometry":{"type":"Point","coordinates":[2.2173215,41.4344876]}},{"type":"Feature","properties":{"cat":"comercio"},"geometry":{"type":"Point","coordinates":[2.2178286,41.4350109]}},{"type":"Feature","properties":{"cat":"comercio"},"geometry":{"type":"Point","coordinates":[2.2184941,41.4404182]}},{"type":"Feature","properties":{"cat":"comercio"},"geometry":{"type":"Point","coordinates":[2.1954962,41.4166981]}},{"type":"Feature","properties":{"cat":"comercio"},"geometry":{"type":"Point","coordinates":[2.1951019,41.4158211]}},{"type":"Feature","properties":{"cat":"comercio"},"geometry":{"type":"Point","coordinates":[2.1953782,41.4155978]}},{"type":"Feature","properties":{"cat":"comercio"},"geometry":{"type":"Point","coordinates":[2.2049086,41.4175854]}},{"type":"Feature","properties":{"cat":"comercio"},"geometry":{"type":"Point","coordinates":[2.176868,41.3971327]}},{"type":"Feature","properties":{"cat":"comercio"},"geometry":{"type":"Point","coordinates":[2.1936004,41.4133679]}},{"type":"Feature","properties":{"cat":"comercio"},"geometry":{"type":"Point","coordinates":[2.1717211,41.4030283]}},{"type":"Feature","properties":{"cat":"comercio"},"geometry":{"type":"Point","coordinates":[2.1491964,41.3759282]}},{"type":"Feature","properties":{"cat":"comercio"},"geometry":{"type":"Point","coordinates":[2.1685458,41.3827281]}},{"type":"Feature","properties":{"cat":"comercio"},"geometry":{"type":"Point","coordinates":[2.1777725,41.383278]}},{"type":"Feature","properties":{"cat":"comercio"},"geometry":{"type":"Point","coordinates":[2.1882484,41.4171452]}},{"type":"Feature","properties":{"cat":"comercio"},"geometry":{"type":"Point","coordinates":[2.1882947,41.4076204]}},{"type":"Feature","properties":{"cat":"comercio"},"geometry":{"type":"Point","coordinates":[2.19411,41.4131069]}},{"type":"Feature","properties":{"cat":"comercio"},"geometry":{"type":"Point","coordinates":[2.1574627,41.4188545]}},{"type":"Feature","properties":{"cat":"comercio"},"geometry":{"type":"Point","coordinates":[2.1396824,41.3786928]}},{"type":"Feature","properties":{"cat":"comercio"},"geometry":{"type":"Point","coordinates":[2.1882383,41.3934288]}},{"type":"Feature","properties":{"cat":"comercio"},"geometry":{"type":"Point","coordinates":[2.2048464,41.4218024]}},{"type":"Feature","properties":{"cat":"comercio"},"geometry":{"type":"Point","coordinates":[2.1288498,41.3671922]}},{"type":"Feature","properties":{"cat":"comercio"},"geometry":{"type":"Point","coordinates":[2.2061095,41.4229043]}},{"type":"Feature","properties":{"cat":"comercio"},"geometry":{"type":"Point","coordinates":[2.1156672,41.3774794]}},{"type":"Feature","properties":{"cat":"comercio"},"geometry":{"type":"Point","coordinates":[2.1142782,41.3766557]}},{"type":"Feature","properties":{"cat":"comercio"},"geometry":{"type":"Point","coordinates":[2.1144424,41.3768063]}},{"type":"Feature","properties":{"cat":"comercio"},"geometry":{"type":"Point","coordinates":[2.1160498,41.3776679]}},{"type":"Feature","properties":{"cat":"comercio"},"geometry":{"type":"Point","coordinates":[2.1149871,41.3759295]}},{"type":"Feature","properties":{"cat":"comercio"},"geometry":{"type":"Point","coordinates":[2.1323241,41.3849419]}},{"type":"Feature","properties":{"cat":"comercio"},"geometry":{"type":"Point","coordinates":[2.1321842,41.3848443]}},{"type":"Feature","properties":{"cat":"comercio"},"geometry":{"type":"Point","coordinates":[2.2170577,41.4149686]}},{"type":"Feature","properties":{"cat":"comercio"},"geometry":{"type":"Point","coordinates":[2.2179992,41.4143208]}},{"type":"Feature","properties":{"cat":"comercio"},"geometry":{"type":"Point","coordinates":[2.149578,41.4208674]}},{"type":"Feature","properties":{"cat":"comercio"},"geometry":{"type":"Point","coordinates":[2.1497832,41.421064]}},{"type":"Feature","properties":{"cat":"comercio"},"geometry":{"type":"Point","coordinates":[2.1505306,41.4210298]}},{"type":"Feature","properties":{"cat":"comercio"},"geometry":{"type":"Point","coordinates":[2.1565983,41.3987468]}},{"type":"Feature","properties":{"cat":"comercio"},"geometry":{"type":"Point","coordinates":[2.171973,41.4115022]}},{"type":"Feature","properties":{"cat":"comercio"},"geometry":{"type":"Point","coordinates":[2.1731975,41.4056399]}},{"type":"Feature","properties":{"cat":"comercio"},"geometry":{"type":"Point","coordinates":[2.1697112,41.4086255]}},{"type":"Feature","properties":{"cat":"comercio"},"geometry":{"type":"Point","coordinates":[2.1727047,41.4063871]}},{"type":"Feature","properties":{"cat":"comercio"},"geometry":{"type":"Point","coordinates":[2.1893739,41.3757112]}},{"type":"Feature","properties":{"cat":"comercio"},"geometry":{"type":"Point","coordinates":[2.1995985,41.3931177]}},{"type":"Feature","properties":{"cat":"comercio"},"geometry":{"type":"Point","coordinates":[2.1760335,41.398686]}},{"type":"Feature","properties":{"cat":"comercio"},"geometry":{"type":"Point","coordinates":[2.1786843,41.4091912]}},{"type":"Feature","properties":{"cat":"comercio"},"geometry":{"type":"Point","coordinates":[2.1595079,41.3824784]}},{"type":"Feature","properties":{"cat":"comercio"},"geometry":{"type":"Point","coordinates":[2.1591965,41.4016453]}},{"type":"Feature","properties":{"cat":"comercio"},"geometry":{"type":"Point","coordinates":[2.1603257,41.4021816]}},{"type":"Feature","properties":{"cat":"comercio"},"geometry":{"type":"Point","coordinates":[2.1672881,41.3742231]}},{"type":"Feature","properties":{"cat":"comercio"},"geometry":{"type":"Point","coordinates":[2.2042005,41.4214112]}},{"type":"Feature","properties":{"cat":"comercio"},"geometry":{"type":"Point","coordinates":[2.2032339,41.4206827]}},{"type":"Feature","properties":{"cat":"comercio"},"geometry":{"type":"Point","coordinates":[2.1514379,41.3971459]}},{"type":"Feature","properties":{"cat":"comercio"},"geometry":{"type":"Point","coordinates":[2.2237906,41.442379]}},{"type":"Feature","properties":{"cat":"comercio"},"geometry":{"type":"Point","coordinates":[2.2241372,41.4426806]}},{"type":"Feature","properties":{"cat":"comercio"},"geometry":{"type":"Point","coordinates":[2.2241719,41.4407229]}},{"type":"Feature","properties":{"cat":"comercio"},"geometry":{"type":"Point","coordinates":[2.2239421,41.4410778]}},{"type":"Feature","properties":{"cat":"comercio"},"geometry":{"type":"Point","coordinates":[2.1403615,41.4114138]}},{"type":"Feature","properties":{"cat":"comercio"},"geometry":{"type":"Point","coordinates":[2.1408942,41.4116126]}},{"type":"Feature","properties":{"cat":"comercio"},"geometry":{"type":"Point","coordinates":[2.1573545,41.3862607]}},{"type":"Feature","properties":{"cat":"comercio"},"geometry":{"type":"Point","coordinates":[2.1343971,41.4075811]}},{"type":"Feature","properties":{"cat":"comercio"},"geometry":{"type":"Point","coordinates":[2.1366124,41.4080919]}},{"type":"Feature","properties":{"cat":"comercio"},"geometry":{"type":"Point","coordinates":[2.1513028,41.3973402]}},{"type":"Feature","properties":{"cat":"comercio"},"geometry":{"type":"Point","coordinates":[2.1814403,41.3863467]}},{"type":"Feature","properties":{"cat":"comercio"},"geometry":{"type":"Point","coordinates":[2.1775861,41.4413254]}},{"type":"Feature","properties":{"cat":"comercio"},"geometry":{"type":"Point","coordinates":[2.1730545,41.4374271]}},{"type":"Feature","properties":{"cat":"comercio"},"geometry":{"type":"Point","coordinates":[2.2183077,41.4344607]}},{"type":"Feature","properties":{"cat":"comercio"},"geometry":{"type":"Point","coordinates":[2.152375,41.3935417]}},{"type":"Feature","properties":{"cat":"comercio"},"geometry":{"type":"Point","coordinates":[2.1727397,41.4388496]}},{"type":"Feature","properties":{"cat":"comercio"},"geometry":{"type":"Point","coordinates":[2.1645498,41.3757257]}},{"type":"Feature","properties":{"cat":"comercio"},"geometry":{"type":"Point","coordinates":[2.1649387,41.3763035]}},{"type":"Feature","properties":{"cat":"comercio"},"geometry":{"type":"Point","coordinates":[2.1676102,41.3755083]}},{"type":"Feature","properties":{"cat":"comercio"},"geometry":{"type":"Point","coordinates":[2.1349904,41.4061984]}},{"type":"Feature","properties":{"cat":"comercio"},"geometry":{"type":"Point","coordinates":[2.1570762,41.3789732]}},{"type":"Feature","properties":{"cat":"comercio"},"geometry":{"type":"Point","coordinates":[2.1595395,41.3791256]}},{"type":"Feature","properties":{"cat":"comercio"},"geometry":{"type":"Point","coordinates":[2.1421168,41.4051889]}},{"type":"Feature","properties":{"cat":"comercio"},"geometry":{"type":"Point","coordinates":[2.1345886,41.4022843]}},{"type":"Feature","properties":{"cat":"comercio"},"geometry":{"type":"Point","coordinates":[2.1328276,41.4049674]}},{"type":"Feature","properties":{"cat":"comercio"},"geometry":{"type":"Point","coordinates":[2.1327715,41.4049079]}},{"type":"Feature","properties":{"cat":"comercio"},"geometry":{"type":"Point","coordinates":[2.1813542,41.4351011]}},{"type":"Feature","properties":{"cat":"comercio"},"geometry":{"type":"Point","coordinates":[2.1309532,41.4032925]}},{"type":"Feature","properties":{"cat":"comercio"},"geometry":{"type":"Point","coordinates":[2.168835,41.3758245]}},{"type":"Feature","properties":{"cat":"comercio"},"geometry":{"type":"Point","coordinates":[2.165068,41.3769115]}},{"type":"Feature","properties":{"cat":"comercio"},"geometry":{"type":"Point","coordinates":[2.1655503,41.3770744]}},{"type":"Feature","properties":{"cat":"comercio"},"geometry":{"type":"Point","coordinates":[2.1664443,41.3757833]}},{"type":"Feature","properties":{"cat":"comercio"},"geometry":{"type":"Point","coordinates":[2.174804,41.387119]}},{"type":"Feature","properties":{"cat":"comercio"},"geometry":{"type":"Point","coordinates":[2.1626371,41.3751934]}},{"type":"Feature","properties":{"cat":"comercio"},"geometry":{"type":"Point","coordinates":[2.1242591,41.4013242]}},{"type":"Feature","properties":{"cat":"comercio"},"geometry":{"type":"Point","coordinates":[2.127074,41.4029216]}},{"type":"Feature","properties":{"cat":"comercio"},"geometry":{"type":"Point","coordinates":[2.1249977,41.3955203]}},{"type":"Feature","properties":{"cat":"comercio"},"geometry":{"type":"Point","coordinates":[2.1514522,41.3992646]}},{"type":"Feature","properties":{"cat":"comercio"},"geometry":{"type":"Point","coordinates":[2.1477257,41.3803126]}},{"type":"Feature","properties":{"cat":"comercio"},"geometry":{"type":"Point","coordinates":[2.1266954,41.3597312]}},{"type":"Feature","properties":{"cat":"comercio"},"geometry":{"type":"Point","coordinates":[2.1459307,41.3903004]}},{"type":"Feature","properties":{"cat":"comercio"},"geometry":{"type":"Point","coordinates":[2.1074955,41.3486471]}},{"type":"Feature","properties":{"cat":"comercio"},"geometry":{"type":"Point","coordinates":[2.1077312,41.3487061]}},{"type":"Feature","properties":{"cat":"comercio"},"geometry":{"type":"Point","coordinates":[2.1074546,41.3493389]}},{"type":"Feature","properties":{"cat":"comercio"},"geometry":{"type":"Point","coordinates":[2.1004381,41.3740294]}},{"type":"Feature","properties":{"cat":"comercio"},"geometry":{"type":"Point","coordinates":[2.1499119,41.389076]}},{"type":"Feature","properties":{"cat":"comercio"},"geometry":{"type":"Point","coordinates":[2.129897,41.358679]}},{"type":"Feature","properties":{"cat":"comercio"},"geometry":{"type":"Point","coordinates":[2.1457466,41.4029127]}},{"type":"Feature","properties":{"cat":"comercio"},"geometry":{"type":"Point","coordinates":[2.1751092,41.3962809]}},{"type":"Feature","properties":{"cat":"comercio"},"geometry":{"type":"Point","coordinates":[2.1761798,41.3979866]}},{"type":"Feature","properties":{"cat":"comercio"},"geometry":{"type":"Point","coordinates":[2.1762621,41.3958038]}},{"type":"Feature","properties":{"cat":"comercio"},"geometry":{"type":"Point","coordinates":[2.1865116,41.40648]}},{"type":"Feature","properties":{"cat":"comercio"},"geometry":{"type":"Point","coordinates":[2.1795454,41.4019814]}},{"type":"Feature","properties":{"cat":"comercio"},"geometry":{"type":"Point","coordinates":[2.1753489,41.39646]}},{"type":"Feature","properties":{"cat":"comercio"},"geometry":{"type":"Point","coordinates":[2.1781812,41.4164517]}},{"type":"Feature","properties":{"cat":"comercio"},"geometry":{"type":"Point","coordinates":[2.1726469,41.4195572]}},{"type":"Feature","properties":{"cat":"comercio"},"geometry":{"type":"Point","coordinates":[2.1801945,41.4210894]}},{"type":"Feature","properties":{"cat":"comercio"},"geometry":{"type":"Point","coordinates":[2.1723503,41.4189912]}},{"type":"Feature","properties":{"cat":"comercio"},"geometry":{"type":"Point","coordinates":[2.1783965,41.4233816]}},{"type":"Feature","properties":{"cat":"comercio"},"geometry":{"type":"Point","coordinates":[2.1792425,41.4220878]}},{"type":"Feature","properties":{"cat":"comercio"},"geometry":{"type":"Point","coordinates":[2.1803372,41.4183752]}},{"type":"Feature","properties":{"cat":"comercio"},"geometry":{"type":"Point","coordinates":[2.1643581,41.3751862]}},{"type":"Feature","properties":{"cat":"comercio"},"geometry":{"type":"Point","coordinates":[2.1638533,41.3758472]}},{"type":"Feature","properties":{"cat":"comercio"},"geometry":{"type":"Point","coordinates":[2.1642922,41.3747931]}},{"type":"Feature","properties":{"cat":"comercio"},"geometry":{"type":"Point","coordinates":[2.1737895,41.420879]}},{"type":"Feature","properties":{"cat":"comercio"},"geometry":{"type":"Point","coordinates":[2.1746014,41.3919924]}},{"type":"Feature","properties":{"cat":"comercio"},"geometry":{"type":"Point","coordinates":[2.1660866,41.4052153]}},{"type":"Feature","properties":{"cat":"comercio"},"geometry":{"type":"Point","coordinates":[2.1660697,41.4051093]}},{"type":"Feature","properties":{"cat":"comercio"},"geometry":{"type":"Point","coordinates":[2.1646388,41.4034769]}},{"type":"Feature","properties":{"cat":"comercio"},"geometry":{"type":"Point","coordinates":[2.181298,41.393468]}},{"type":"Feature","properties":{"cat":"comercio"},"geometry":{"type":"Point","coordinates":[2.179799,41.3894574]}},{"type":"Feature","properties":{"cat":"comercio"},"geometry":{"type":"Point","coordinates":[2.18306,41.3981178]}},{"type":"Feature","properties":{"cat":"comercio"},"geometry":{"type":"Point","coordinates":[2.1833542,41.3990208]}},{"type":"Feature","properties":{"cat":"comercio"},"geometry":{"type":"Point","coordinates":[2.1808941,41.4132532]}},{"type":"Feature","properties":{"cat":"comercio"},"geometry":{"type":"Point","coordinates":[2.182071,41.4110098]}},{"type":"Feature","properties":{"cat":"comercio"},"geometry":{"type":"Point","coordinates":[2.1824536,41.3957647]}},{"type":"Feature","properties":{"cat":"comercio"},"geometry":{"type":"Point","coordinates":[2.1777373,41.3871174]}},{"type":"Feature","properties":{"cat":"comercio"},"geometry":{"type":"Point","coordinates":[2.17457,41.4175859]}},{"type":"Feature","properties":{"cat":"comercio"},"geometry":{"type":"Point","coordinates":[2.1759799,41.4177406]}},{"type":"Feature","properties":{"cat":"comercio"},"geometry":{"type":"Point","coordinates":[2.167777,41.3754676]}},{"type":"Feature","properties":{"cat":"comercio"},"geometry":{"type":"Point","coordinates":[2.164732,41.3888087]}},{"type":"Feature","properties":{"cat":"comercio"},"geometry":{"type":"Point","coordinates":[2.1334388,41.3860658]}},{"type":"Feature","properties":{"cat":"comercio"},"geometry":{"type":"Point","coordinates":[2.1449531,41.3762695]}},{"type":"Feature","properties":{"cat":"comercio"},"geometry":{"type":"Point","coordinates":[2.1450393,41.3747183]}},{"type":"Feature","properties":{"cat":"comercio"},"geometry":{"type":"Point","coordinates":[2.1604875,41.3726806]}},{"type":"Feature","properties":{"cat":"comercio"},"geometry":{"type":"Point","coordinates":[2.1577723,41.3860304]}},{"type":"Feature","properties":{"cat":"comercio"},"geometry":{"type":"Point","coordinates":[2.178299,41.4109246]}},{"type":"Feature","properties":{"cat":"comercio"},"geometry":{"type":"Point","coordinates":[2.1787247,41.4109137]}},{"type":"Feature","properties":{"cat":"comercio"},"geometry":{"type":"Point","coordinates":[2.1716917,41.3924929]}},{"type":"Feature","properties":{"cat":"comercio"},"geometry":{"type":"Point","coordinates":[2.1809917,41.4220019]}},{"type":"Feature","properties":{"cat":"comercio"},"geometry":{"type":"Point","coordinates":[2.1763582,41.4125619]}},{"type":"Feature","properties":{"cat":"comercio"},"geometry":{"type":"Point","coordinates":[2.1769959,41.4128992]}},{"type":"Feature","properties":{"cat":"comercio"},"geometry":{"type":"Point","coordinates":[2.1370075,41.3436299]}},{"type":"Feature","properties":{"cat":"comercio"},"geometry":{"type":"Point","coordinates":[2.1542336,41.3881292]}},{"type":"Feature","properties":{"cat":"comercio"},"geometry":{"type":"Point","coordinates":[2.1760502,41.4096664]}},{"type":"Feature","properties":{"cat":"comercio"},"geometry":{"type":"Point","coordinates":[2.1758128,41.4098936]}},{"type":"Feature","properties":{"cat":"comercio"},"geometry":{"type":"Point","coordinates":[2.1760077,41.4106022]}},{"type":"Feature","properties":{"cat":"comercio"},"geometry":{"type":"Point","coordinates":[2.181018,41.41357]}},{"type":"Feature","properties":{"cat":"comercio"},"geometry":{"type":"Point","coordinates":[2.1796214,41.3921998]}},{"type":"Feature","properties":{"cat":"comercio"},"geometry":{"type":"Point","coordinates":[2.1849324,41.409253]}},{"type":"Feature","properties":{"cat":"comercio"},"geometry":{"type":"Point","coordinates":[2.1579207,41.4026565]}},{"type":"Feature","properties":{"cat":"comercio"},"geometry":{"type":"Point","coordinates":[2.167552,41.407284]}},{"type":"Feature","properties":{"cat":"comercio"},"geometry":{"type":"Point","coordinates":[2.1614655,41.3866579]}},{"type":"Feature","properties":{"cat":"comercio"},"geometry":{"type":"Point","coordinates":[2.181729,41.4112658]}},{"type":"Feature","properties":{"cat":"comercio"},"geometry":{"type":"Point","coordinates":[2.2198582,41.441986]}},{"type":"Feature","properties":{"cat":"comercio"},"geometry":{"type":"Point","coordinates":[2.1876656,41.4145739]}},{"type":"Feature","properties":{"cat":"comercio"},"geometry":{"type":"Point","coordinates":[2.1341504,41.3980156]}},{"type":"Feature","properties":{"cat":"comercio"},"geometry":{"type":"Point","coordinates":[2.1809443,41.4135103]}},{"type":"Feature","properties":{"cat":"comercio"},"geometry":{"type":"Point","coordinates":[2.1826106,41.4208873]}},{"type":"Feature","properties":{"cat":"comercio"},"geometry":{"type":"Point","coordinates":[2.178588,41.4111742]}},{"type":"Feature","properties":{"cat":"comercio"},"geometry":{"type":"Point","coordinates":[2.1770767,41.3868634]}},{"type":"Feature","properties":{"cat":"comercio"},"geometry":{"type":"Point","coordinates":[2.163053,41.3797352]}},{"type":"Feature","properties":{"cat":"comercio"},"geometry":{"type":"Point","coordinates":[2.1811358,41.4151888]}},{"type":"Feature","properties":{"cat":"comercio"},"geometry":{"type":"Point","coordinates":[2.1798302,41.3951944]}},{"type":"Feature","properties":{"cat":"comercio"},"geometry":{"type":"Point","coordinates":[2.1807535,41.4166638]}},{"type":"Feature","properties":{"cat":"comercio"},"geometry":{"type":"Point","coordinates":[2.1809249,41.414977]}},{"type":"Feature","properties":{"cat":"comercio"},"geometry":{"type":"Point","coordinates":[2.1812805,41.4147285]}},{"type":"Feature","properties":{"cat":"comercio"},"geometry":{"type":"Point","coordinates":[2.1552869,41.4071065]}},{"type":"Feature","properties":{"cat":"comercio"},"geometry":{"type":"Point","coordinates":[2.1118502,41.3693246]}},{"type":"Feature","properties":{"cat":"comercio"},"geometry":{"type":"Point","coordinates":[2.1693434,41.3765785]}},{"type":"Feature","properties":{"cat":"comercio"},"geometry":{"type":"Point","coordinates":[2.1646625,41.3830233]}},{"type":"Feature","properties":{"cat":"comercio"},"geometry":{"type":"Point","coordinates":[2.1480025,41.4096512]}},{"type":"Feature","properties":{"cat":"comercio"},"geometry":{"type":"Point","coordinates":[2.21812,41.4424804]}},{"type":"Feature","properties":{"cat":"comercio"},"geometry":{"type":"Point","coordinates":[2.2192813,41.4398748]}},{"type":"Feature","properties":{"cat":"comercio"},"geometry":{"type":"Point","coordinates":[2.1789367,41.4193044]}},{"type":"Feature","properties":{"cat":"comercio"},"geometry":{"type":"Point","coordinates":[2.1712051,41.3827176]}},{"type":"Feature","properties":{"cat":"comercio"},"geometry":{"type":"Point","coordinates":[2.1807039,41.4233609]}},{"type":"Feature","properties":{"cat":"comercio"},"geometry":{"type":"Point","coordinates":[2.1823474,41.4206907]}},{"type":"Feature","properties":{"cat":"comercio"},"geometry":{"type":"Point","coordinates":[2.1626807,41.4076763]}},{"type":"Feature","properties":{"cat":"comercio"},"geometry":{"type":"Point","coordinates":[2.1394637,41.3600188]}},{"type":"Feature","properties":{"cat":"comercio"},"geometry":{"type":"Point","coordinates":[2.1544643,41.3888165]}},{"type":"Feature","properties":{"cat":"comercio"},"geometry":{"type":"Point","coordinates":[2.1627023,41.4076619]}},{"type":"Feature","properties":{"cat":"comercio"},"geometry":{"type":"Point","coordinates":[2.1660924,41.3735637]}},{"type":"Feature","properties":{"cat":"comercio"},"geometry":{"type":"Point","coordinates":[2.1584243,41.3782864]}},{"type":"Feature","properties":{"cat":"comercio"},"geometry":{"type":"Point","coordinates":[2.1582721,41.3788135]}},{"type":"Feature","properties":{"cat":"comercio"},"geometry":{"type":"Point","coordinates":[2.1084884,41.370484]}},{"type":"Feature","properties":{"cat":"comercio"},"geometry":{"type":"Point","coordinates":[2.1978223,41.4184544]}},{"type":"Feature","properties":{"cat":"comercio"},"geometry":{"type":"Point","coordinates":[2.1758001,41.4159926]}},{"type":"Feature","properties":{"cat":"comercio"},"geometry":{"type":"Point","coordinates":[2.1675607,41.4121378]}},{"type":"Feature","properties":{"cat":"comercio"},"geometry":{"type":"Point","coordinates":[2.1718323,41.4029558]}},{"type":"Feature","properties":{"cat":"comercio"},"geometry":{"type":"Point","coordinates":[2.1564097,41.3819861]}},{"type":"Feature","properties":{"cat":"comercio"},"geometry":{"type":"Point","coordinates":[2.1888021,41.409574]}},{"type":"Feature","properties":{"cat":"comercio"},"geometry":{"type":"Point","coordinates":[2.1386801,41.4023575]}},{"type":"Feature","properties":{"cat":"comercio"},"geometry":{"type":"Point","coordinates":[2.2204527,41.4373871]}},{"type":"Feature","properties":{"cat":"comercio"},"geometry":{"type":"Point","coordinates":[2.2208462,41.4395142]}},{"type":"Feature","properties":{"cat":"comercio"},"geometry":{"type":"Point","coordinates":[2.2214267,41.4400939]}},{"type":"Feature","properties":{"cat":"comercio"},"geometry":{"type":"Point","coordinates":[2.2230858,41.4423988]}},{"type":"Feature","properties":{"cat":"comercio"},"geometry":{"type":"Point","coordinates":[2.2205187,41.439189]}},{"type":"Feature","properties":{"cat":"comercio"},"geometry":{"type":"Point","coordinates":[2.220774,41.4387759]}},{"type":"Feature","properties":{"cat":"comercio"},"geometry":{"type":"Point","coordinates":[2.2217832,41.4396073]}},{"type":"Feature","properties":{"cat":"comercio"},"geometry":{"type":"Point","coordinates":[2.2224484,41.4410684]}},{"type":"Feature","properties":{"cat":"comercio"},"geometry":{"type":"Point","coordinates":[2.2233118,41.4410551]}},{"type":"Feature","properties":{"cat":"comercio"},"geometry":{"type":"Point","coordinates":[2.221698,41.4395651]}},{"type":"Feature","properties":{"cat":"comercio"},"geometry":{"type":"Point","coordinates":[2.2234302,41.4411154]}},{"type":"Feature","properties":{"cat":"comercio"},"geometry":{"type":"Point","coordinates":[2.2231672,41.4430195]}},{"type":"Feature","properties":{"cat":"comercio"},"geometry":{"type":"Point","coordinates":[2.2228517,41.4436848]}},{"type":"Feature","properties":{"cat":"comercio"},"geometry":{"type":"Point","coordinates":[2.1776392,41.388886]}},{"type":"Feature","properties":{"cat":"comercio"},"geometry":{"type":"Point","coordinates":[2.1474834,41.3834894]}},{"type":"Feature","properties":{"cat":"comercio"},"geometry":{"type":"Point","coordinates":[2.1896734,41.4362341]}},{"type":"Feature","properties":{"cat":"comercio"},"geometry":{"type":"Point","coordinates":[2.1826223,41.3847547]}},{"type":"Feature","properties":{"cat":"comercio"},"geometry":{"type":"Point","coordinates":[2.1803243,41.4085696]}},{"type":"Feature","properties":{"cat":"comercio"},"geometry":{"type":"Point","coordinates":[2.1473386,41.4086437]}},{"type":"Feature","properties":{"cat":"comercio"},"geometry":{"type":"Point","coordinates":[2.1580006,41.4015258]}},{"type":"Feature","properties":{"cat":"comercio"},"geometry":{"type":"Point","coordinates":[2.1830247,41.4209303]}},{"type":"Feature","properties":{"cat":"comercio"},"geometry":{"type":"Point","coordinates":[2.170872,41.3826562]}},{"type":"Feature","properties":{"cat":"comercio"},"geometry":{"type":"Point","coordinates":[2.2224299,41.4379608]}},{"type":"Feature","properties":{"cat":"comercio"},"geometry":{"type":"Point","coordinates":[2.2196528,41.4349925]}},{"type":"Feature","properties":{"cat":"comercio"},"geometry":{"type":"Point","coordinates":[2.2227668,41.4380153]}},{"type":"Feature","properties":{"cat":"comercio"},"geometry":{"type":"Point","coordinates":[2.2197876,41.4350673]}},{"type":"Feature","properties":{"cat":"comercio"},"geometry":{"type":"Point","coordinates":[2.219878,41.4348244]}},{"type":"Feature","properties":{"cat":"comercio"},"geometry":{"type":"Point","coordinates":[2.1284648,41.4036156]}},{"type":"Feature","properties":{"cat":"comercio"},"geometry":{"type":"Point","coordinates":[2.1788027,41.3878861]}},{"type":"Feature","properties":{"cat":"comercio"},"geometry":{"type":"Point","coordinates":[2.138054,41.3826406]}},{"type":"Feature","properties":{"cat":"comercio"},"geometry":{"type":"Point","coordinates":[2.157354,41.4068568]}},{"type":"Feature","properties":{"cat":"comercio"},"geometry":{"type":"Point","coordinates":[2.1570864,41.406674]}},{"type":"Feature","properties":{"cat":"comercio"},"geometry":{"type":"Point","coordinates":[2.1551571,41.4055221]}},{"type":"Feature","properties":{"cat":"comercio"},"geometry":{"type":"Point","coordinates":[2.1746451,41.3858981]}},{"type":"Feature","properties":{"cat":"comercio"},"geometry":{"type":"Point","coordinates":[2.2174714,41.4338344]}},{"type":"Feature","properties":{"cat":"comercio"},"geometry":{"type":"Point","coordinates":[2.2176367,41.4339284]}},{"type":"Feature","properties":{"cat":"comercio"},"geometry":{"type":"Point","coordinates":[2.1565427,41.4026504]}},{"type":"Feature","properties":{"cat":"comercio"},"geometry":{"type":"Point","coordinates":[2.1565948,41.4025506]}},{"type":"Feature","properties":{"cat":"comercio"},"geometry":{"type":"Point","coordinates":[2.1538051,41.4052752]}},{"type":"Feature","properties":{"cat":"comercio"},"geometry":{"type":"Point","coordinates":[2.1546547,41.4045232]}},{"type":"Feature","properties":{"cat":"comercio"},"geometry":{"type":"Point","coordinates":[2.1553363,41.4038659]}},{"type":"Feature","properties":{"cat":"comercio"},"geometry":{"type":"Point","coordinates":[2.1590318,41.4065742]}},{"type":"Feature","properties":{"cat":"comercio"},"geometry":{"type":"Point","coordinates":[2.2156289,41.4423312]}},{"type":"Feature","properties":{"cat":"comercio"},"geometry":{"type":"Point","coordinates":[2.2188668,41.4417943]}},{"type":"Feature","properties":{"cat":"comercio"},"geometry":{"type":"Point","coordinates":[2.2155265,41.4346016]}},{"type":"Feature","properties":{"cat":"comercio"},"geometry":{"type":"Point","coordinates":[2.2140702,41.4410462]}},{"type":"Feature","properties":{"cat":"comercio"},"geometry":{"type":"Point","coordinates":[2.2160725,41.4342551]}},{"type":"Feature","properties":{"cat":"comercio"},"geometry":{"type":"Point","coordinates":[2.2139278,41.4408626]}},{"type":"Feature","properties":{"cat":"comercio"},"geometry":{"type":"Point","coordinates":[2.179306,41.4147539]}},{"type":"Feature","properties":{"cat":"comercio"},"geometry":{"type":"Point","coordinates":[2.195602,41.3886663]}},{"type":"Feature","properties":{"cat":"comercio"},"geometry":{"type":"Point","coordinates":[2.104669,41.4132697]}},{"type":"Feature","properties":{"cat":"comercio"},"geometry":{"type":"Point","coordinates":[2.1756359,41.3860723]}},{"type":"Feature","properties":{"cat":"comercio"},"geometry":{"type":"Point","coordinates":[2.1470027,41.389877]}},{"type":"Feature","properties":{"cat":"comercio"},"geometry":{"type":"Point","coordinates":[2.183247,41.4075009]}},{"type":"Feature","properties":{"cat":"comercio"},"geometry":{"type":"Point","coordinates":[2.1546516,41.4058786]}},{"type":"Feature","properties":{"cat":"comercio"},"geometry":{"type":"Point","coordinates":[2.1704469,41.3951843]}},{"type":"Feature","properties":{"cat":"comercio"},"geometry":{"type":"Point","coordinates":[2.1589157,41.4009189]}},{"type":"Feature","properties":{"cat":"comercio"},"geometry":{"type":"Point","coordinates":[2.1589715,41.4006172]}},{"type":"Feature","properties":{"cat":"comercio"},"geometry":{"type":"Point","coordinates":[2.1584801,41.4010516]}},{"type":"Feature","properties":{"cat":"comercio"},"geometry":{"type":"Point","coordinates":[2.1619196,41.4068477]}},{"type":"Feature","properties":{"cat":"comercio"},"geometry":{"type":"Point","coordinates":[2.1606277,41.407866]}},{"type":"Feature","properties":{"cat":"comercio"},"geometry":{"type":"Point","coordinates":[2.1623325,41.3897281]}},{"type":"Feature","properties":{"cat":"comercio"},"geometry":{"type":"Point","coordinates":[2.1872308,41.4194371]}},{"type":"Feature","properties":{"cat":"comercio"},"geometry":{"type":"Point","coordinates":[2.1668629,41.3862536]}},{"type":"Feature","properties":{"cat":"comercio"},"geometry":{"type":"Point","coordinates":[2.1670115,41.3861801]}},{"type":"Feature","properties":{"cat":"comercio"},"geometry":{"type":"Point","coordinates":[2.1638073,41.4076394]}},{"type":"Feature","properties":{"cat":"comercio"},"geometry":{"type":"Point","coordinates":[2.1885065,41.4185697]}},{"type":"Feature","properties":{"cat":"comercio"},"geometry":{"type":"Point","coordinates":[2.1872602,41.4169619]}},{"type":"Feature","properties":{"cat":"comercio"},"geometry":{"type":"Point","coordinates":[2.1670802,41.3861517]}},{"type":"Feature","properties":{"cat":"comercio"},"geometry":{"type":"Point","coordinates":[2.1619606,41.3797898]}},{"type":"Feature","properties":{"cat":"comercio"},"geometry":{"type":"Point","coordinates":[2.2035886,41.4080664]}},{"type":"Feature","properties":{"cat":"comercio"},"geometry":{"type":"Point","coordinates":[2.1536654,41.3759466]}},{"type":"Feature","properties":{"cat":"comercio"},"geometry":{"type":"Point","coordinates":[2.1541322,41.3996311]}},{"type":"Feature","properties":{"cat":"comercio"},"geometry":{"type":"Point","coordinates":[2.1772912,41.3903303]}},{"type":"Feature","properties":{"cat":"comercio"},"geometry":{"type":"Point","coordinates":[2.2100922,41.4082597]}},{"type":"Feature","properties":{"cat":"comercio"},"geometry":{"type":"Point","coordinates":[2.1334164,41.403431]}},{"type":"Feature","properties":{"cat":"comercio"},"geometry":{"type":"Point","coordinates":[2.1331958,41.4040667]}},{"type":"Feature","properties":{"cat":"comercio"},"geometry":{"type":"Point","coordinates":[2.1334124,41.4038372]}},{"type":"Feature","properties":{"cat":"comercio"},"geometry":{"type":"Point","coordinates":[2.1619522,41.3842948]}},{"type":"Feature","properties":{"cat":"comercio"},"geometry":{"type":"Point","coordinates":[2.162532,41.3845266]}},{"type":"Feature","properties":{"cat":"comercio"},"geometry":{"type":"Point","coordinates":[2.1616529,41.3841149]}},{"type":"Feature","properties":{"cat":"comercio"},"geometry":{"type":"Point","coordinates":[2.1532407,41.4001706]}},{"type":"Feature","properties":{"cat":"comercio"},"geometry":{"type":"Point","coordinates":[2.152698,41.4022154]}},{"type":"Feature","properties":{"cat":"comercio"},"geometry":{"type":"Point","coordinates":[2.1533143,41.4002204]}},{"type":"Feature","properties":{"cat":"comercio"},"geometry":{"type":"Point","coordinates":[2.1669614,41.4017143]}},{"type":"Feature","properties":{"cat":"comercio"},"geometry":{"type":"Point","coordinates":[2.1131588,41.3872195]}},{"type":"Feature","properties":{"cat":"comercio"},"geometry":{"type":"Point","coordinates":[2.1633829,41.4077083]}},{"type":"Feature","properties":{"cat":"comercio"},"geometry":{"type":"Point","coordinates":[2.2263296,41.439278]}},{"type":"Feature","properties":{"cat":"comercio"},"geometry":{"type":"Point","coordinates":[2.1779109,41.3847635]}},{"type":"Feature","properties":{"cat":"comercio"},"geometry":{"type":"Point","coordinates":[2.1826867,41.3858149]}},{"type":"Feature","properties":{"cat":"comercio"},"geometry":{"type":"Point","coordinates":[2.1617627,41.3742004]}},{"type":"Feature","properties":{"cat":"comercio"},"geometry":{"type":"Point","coordinates":[2.1606651,41.3731354]}},{"type":"Feature","properties":{"cat":"comercio"},"geometry":{"type":"Point","coordinates":[2.1841216,41.4343545]}},{"type":"Feature","properties":{"cat":"comercio"},"geometry":{"type":"Point","coordinates":[2.1866616,41.4398098]}},{"type":"Feature","properties":{"cat":"comercio"},"geometry":{"type":"Point","coordinates":[2.2250167,41.4387645]}},{"type":"Feature","properties":{"cat":"comercio"},"geometry":{"type":"Point","coordinates":[2.2252501,41.4396388]}},{"type":"Feature","properties":{"cat":"comercio"},"geometry":{"type":"Point","coordinates":[2.225223,41.4396663]}},{"type":"Feature","properties":{"cat":"comercio"},"geometry":{"type":"Point","coordinates":[2.224012,41.4382788]}},{"type":"Feature","properties":{"cat":"comercio"},"geometry":{"type":"Point","coordinates":[2.2243189,41.4386314]}},{"type":"Feature","properties":{"cat":"comercio"},"geometry":{"type":"Point","coordinates":[2.2254471,41.4389963]}},{"type":"Feature","properties":{"cat":"comercio"},"geometry":{"type":"Point","coordinates":[2.2236865,41.4382215]}},{"type":"Feature","properties":{"cat":"comercio"},"geometry":{"type":"Point","coordinates":[2.2246954,41.4387132]}},{"type":"Feature","properties":{"cat":"comercio"},"geometry":{"type":"Point","coordinates":[2.2247563,41.438432]}},{"type":"Feature","properties":{"cat":"comercio"},"geometry":{"type":"Point","coordinates":[2.223087,41.437526]}},{"type":"Feature","properties":{"cat":"comercio"},"geometry":{"type":"Point","coordinates":[2.219796,41.4347908]}},{"type":"Feature","properties":{"cat":"comercio"},"geometry":{"type":"Point","coordinates":[2.2194009,41.4348555]}},{"type":"Feature","properties":{"cat":"comercio"},"geometry":{"type":"Point","coordinates":[2.2246091,41.4376132]}},{"type":"Feature","properties":{"cat":"comercio"},"geometry":{"type":"Point","coordinates":[2.2181431,41.4338736]}},{"type":"Feature","properties":{"cat":"comercio"},"geometry":{"type":"Point","coordinates":[2.2190037,41.4346433]}},{"type":"Feature","properties":{"cat":"comercio"},"geometry":{"type":"Point","coordinates":[2.2222412,41.4363622]}},{"type":"Feature","properties":{"cat":"comercio"},"geometry":{"type":"Point","coordinates":[2.2221164,41.4363015]}},{"type":"Feature","properties":{"cat":"comercio"},"geometry":{"type":"Point","coordinates":[2.2186071,41.4344154]}},{"type":"Feature","properties":{"cat":"comercio"},"geometry":{"type":"Point","coordinates":[2.1156663,41.3759162]}},{"type":"Feature","properties":{"cat":"comercio"},"geometry":{"type":"Point","coordinates":[2.1160517,41.3743928]}},{"type":"Feature","properties":{"cat":"comercio"},"geometry":{"type":"Point","coordinates":[2.1565212,41.4103144]}},{"type":"Feature","properties":{"cat":"comercio"},"geometry":{"type":"Point","coordinates":[2.1437201,41.3917392]}},{"type":"Feature","properties":{"cat":"comercio"},"geometry":{"type":"Point","coordinates":[2.1458363,41.3750101]}},{"type":"Feature","properties":{"cat":"comercio"},"geometry":{"type":"Point","coordinates":[2.1681771,41.4040377]}},{"type":"Feature","properties":{"cat":"comercio"},"geometry":{"type":"Point","coordinates":[2.2207991,41.4468414]}},{"type":"Feature","properties":{"cat":"comercio"},"geometry":{"type":"Point","coordinates":[2.2212244,41.4477437]}},{"type":"Feature","properties":{"cat":"comercio"},"geometry":{"type":"Point","coordinates":[2.2213524,41.4475584]}},{"type":"Feature","properties":{"cat":"comercio"},"geometry":{"type":"Point","coordinates":[2.1719214,41.3731607]}},{"type":"Feature","properties":{"cat":"comercio"},"geometry":{"type":"Point","coordinates":[2.1275651,41.3729561]}},{"type":"Feature","properties":{"cat":"comercio"},"geometry":{"type":"Point","coordinates":[2.1744377,41.4181848]}},{"type":"Feature","properties":{"cat":"comercio"},"geometry":{"type":"Point","coordinates":[2.1611972,41.3858414]}},{"type":"Feature","properties":{"cat":"comercio"},"geometry":{"type":"Point","coordinates":[2.1364716,41.4039281]}},{"type":"Feature","properties":{"cat":"comercio"},"geometry":{"type":"Point","coordinates":[2.1573197,41.3770692]}},{"type":"Feature","properties":{"cat":"comercio"},"geometry":{"type":"Point","coordinates":[2.1638895,41.3772931]}},{"type":"Feature","properties":{"cat":"comercio"},"geometry":{"type":"Point","coordinates":[2.2186636,41.4487914]}},{"type":"Feature","properties":{"cat":"comercio"},"geometry":{"type":"Point","coordinates":[2.2161943,41.4486368]}},{"type":"Feature","properties":{"cat":"comercio"},"geometry":{"type":"Point","coordinates":[2.2183315,41.4364578]}},{"type":"Feature","properties":{"cat":"comercio"},"geometry":{"type":"Point","coordinates":[2.1538483,41.3976424]}},{"type":"Feature","properties":{"cat":"comercio"},"geometry":{"type":"Point","coordinates":[2.1400967,41.4121498]}},{"type":"Feature","properties":{"cat":"comercio"},"geometry":{"type":"Point","coordinates":[2.2234981,41.4446016]}},{"type":"Feature","properties":{"cat":"comercio"},"geometry":{"type":"Point","coordinates":[2.1824853,41.3865262]}},{"type":"Feature","properties":{"cat":"comercio"},"geometry":{"type":"Point","coordinates":[2.1522575,41.3976945]}},{"type":"Feature","properties":{"cat":"comercio"},"geometry":{"type":"Point","coordinates":[2.1594335,41.3782082]}},{"type":"Feature","properties":{"cat":"comercio"},"geometry":{"type":"Point","coordinates":[2.2034336,41.4005835]}},{"type":"Feature","properties":{"cat":"comercio"},"geometry":{"type":"Point","coordinates":[2.1561574,41.3836798]}},{"type":"Feature","properties":{"cat":"comercio"},"geometry":{"type":"Point","coordinates":[2.1941948,41.3980449]}},{"type":"Feature","properties":{"cat":"comercio"},"geometry":{"type":"Point","coordinates":[2.224875,41.4401141]}},{"type":"Feature","properties":{"cat":"comercio"},"geometry":{"type":"Point","coordinates":[2.224647,41.4404549]}},{"type":"Feature","properties":{"cat":"comercio"},"geometry":{"type":"Point","coordinates":[2.2247948,41.4402126]}},{"type":"Feature","properties":{"cat":"comercio"},"geometry":{"type":"Point","coordinates":[2.1464234,41.3832351]}},{"type":"Feature","properties":{"cat":"comercio"},"geometry":{"type":"Point","coordinates":[2.1587141,41.3842971]}},{"type":"Feature","properties":{"cat":"comercio"},"geometry":{"type":"Point","coordinates":[2.1600059,41.3836092]}},{"type":"Feature","properties":{"cat":"comercio"},"geometry":{"type":"Point","coordinates":[2.1596096,41.3833212]}},{"type":"Feature","properties":{"cat":"comercio"},"geometry":{"type":"Point","coordinates":[2.1587971,41.3835351]}},{"type":"Feature","properties":{"cat":"comercio"},"geometry":{"type":"Point","coordinates":[2.1598361,41.3844445]}},{"type":"Feature","properties":{"cat":"comercio"},"geometry":{"type":"Point","coordinates":[2.1568602,41.3876829]}},{"type":"Feature","properties":{"cat":"comercio"},"geometry":{"type":"Point","coordinates":[2.1731905,41.3848919]}},{"type":"Feature","properties":{"cat":"comercio"},"geometry":{"type":"Point","coordinates":[2.2200561,41.4410221]}},{"type":"Feature","properties":{"cat":"comercio"},"geometry":{"type":"Point","coordinates":[2.2229351,41.4452687]}},{"type":"Feature","properties":{"cat":"comercio"},"geometry":{"type":"Point","coordinates":[2.2243536,41.4446979]}},{"type":"Feature","properties":{"cat":"comercio"},"geometry":{"type":"Point","coordinates":[2.1622764,41.3789516]}},{"type":"Feature","properties":{"cat":"comercio"},"geometry":{"type":"Point","coordinates":[2.2159232,41.445903]}},{"type":"Feature","properties":{"cat":"comercio"},"geometry":{"type":"Point","coordinates":[2.1578796,41.3880204]}},{"type":"Feature","properties":{"cat":"comercio"},"geometry":{"type":"Point","coordinates":[2.1845122,41.413161]}},{"type":"Feature","properties":{"cat":"comercio"},"geometry":{"type":"Point","coordinates":[2.167157,41.4065255]}},{"type":"Feature","properties":{"cat":"comercio"},"geometry":{"type":"Point","coordinates":[2.1911368,41.4256929]}},{"type":"Feature","properties":{"cat":"comercio"},"geometry":{"type":"Point","coordinates":[2.1910858,41.4272012]}},{"type":"Feature","properties":{"cat":"comercio"},"geometry":{"type":"Point","coordinates":[2.1900149,41.4297272]}},{"type":"Feature","properties":{"cat":"comercio"},"geometry":{"type":"Point","coordinates":[2.1796633,41.4116728]}},{"type":"Feature","properties":{"cat":"comercio"},"geometry":{"type":"Point","coordinates":[2.2008238,41.447503]}},{"type":"Feature","properties":{"cat":"comercio"},"geometry":{"type":"Point","coordinates":[2.1619032,41.3973582]}},{"type":"Feature","properties":{"cat":"comercio"},"geometry":{"type":"Point","coordinates":[2.1451672,41.3920837]}},{"type":"Feature","properties":{"cat":"comercio"},"geometry":{"type":"Point","coordinates":[2.156826,41.4221312]}},{"type":"Feature","properties":{"cat":"comercio"},"geometry":{"type":"Point","coordinates":[2.1079979,41.3480951]}},{"type":"Feature","properties":{"cat":"comercio"},"geometry":{"type":"Point","coordinates":[2.183368,41.4022345]}},{"type":"Feature","properties":{"cat":"comercio"},"geometry":{"type":"Point","coordinates":[2.1083226,41.3518805]}},{"type":"Feature","properties":{"cat":"comercio"},"geometry":{"type":"Point","coordinates":[2.107873,41.3520087]}},{"type":"Feature","properties":{"cat":"comercio"},"geometry":{"type":"Point","coordinates":[2.1667913,41.4002746]}},{"type":"Feature","properties":{"cat":"comercio"},"geometry":{"type":"Point","coordinates":[2.1672053,41.4014748]}},{"type":"Feature","properties":{"cat":"comercio"},"geometry":{"type":"Point","coordinates":[2.1373687,41.4024482]}},{"type":"Feature","properties":{"cat":"comercio"},"geometry":{"type":"Point","coordinates":[2.1811689,41.388027]}},{"type":"Feature","properties":{"cat":"comercio"},"geometry":{"type":"Point","coordinates":[2.1521447,41.391962]}},{"type":"Feature","properties":{"cat":"comercio"},"geometry":{"type":"Point","coordinates":[2.152249,41.3798901]}},{"type":"Feature","properties":{"cat":"comercio"},"geometry":{"type":"Point","coordinates":[2.1501894,41.3903769]}},{"type":"Feature","properties":{"cat":"comercio"},"geometry":{"type":"Point","coordinates":[2.1490156,41.3912508]}},{"type":"Feature","properties":{"cat":"comercio"},"geometry":{"type":"Point","coordinates":[2.1579135,41.4085872]}},{"type":"Feature","properties":{"cat":"comercio"},"geometry":{"type":"Point","coordinates":[2.1682174,41.3848888]}},{"type":"Feature","properties":{"cat":"comercio"},"geometry":{"type":"Point","coordinates":[2.1626878,41.3733688]}},{"type":"Feature","properties":{"cat":"comercio"},"geometry":{"type":"Point","coordinates":[2.2257072,41.4269955]}},{"type":"Feature","properties":{"cat":"comercio"},"geometry":{"type":"Point","coordinates":[2.164961,41.3833987]}},{"type":"Feature","properties":{"cat":"comercio"},"geometry":{"type":"Point","coordinates":[2.1535665,41.3996276]}},{"type":"Feature","properties":{"cat":"comercio"},"geometry":{"type":"Point","coordinates":[2.1557249,41.4007737]}},{"type":"Feature","properties":{"cat":"comercio"},"geometry":{"type":"Point","coordinates":[2.2156241,41.4402524]}},{"type":"Feature","properties":{"cat":"comercio"},"geometry":{"type":"Point","coordinates":[2.1220556,41.3990917]}},{"type":"Feature","properties":{"cat":"comercio"},"geometry":{"type":"Point","coordinates":[2.1206843,41.4007927]}},{"type":"Feature","properties":{"cat":"comercio"},"geometry":{"type":"Point","coordinates":[2.1471716,41.4115525]}},{"type":"Feature","properties":{"cat":"comercio"},"geometry":{"type":"Point","coordinates":[2.1468551,41.4123752]}},{"type":"Feature","properties":{"cat":"comercio"},"geometry":{"type":"Point","coordinates":[2.1614601,41.3801743]}},{"type":"Feature","properties":{"cat":"comercio"},"geometry":{"type":"Point","coordinates":[2.188263,41.4163407]}},{"type":"Feature","properties":{"cat":"comercio"},"geometry":{"type":"Point","coordinates":[2.171394,41.3814928]}},{"type":"Feature","properties":{"cat":"comercio"},"geometry":{"type":"Point","coordinates":[2.1520791,41.397182]}},{"type":"Feature","properties":{"cat":"comercio"},"geometry":{"type":"Point","coordinates":[2.1470145,41.4051486]}},{"type":"Feature","properties":{"cat":"comercio"},"geometry":{"type":"Point","coordinates":[2.1331163,41.3858651]}},{"type":"Feature","properties":{"cat":"comercio"},"geometry":{"type":"Point","coordinates":[2.1907122,41.4218962]}},{"type":"Feature","properties":{"cat":"comercio"},"geometry":{"type":"Point","coordinates":[2.1888893,41.3795487]}},{"type":"Feature","properties":{"cat":"comercio"},"geometry":{"type":"Point","coordinates":[2.2194732,41.4351502]}},{"type":"Feature","properties":{"cat":"comercio"},"geometry":{"type":"Point","coordinates":[2.225372,41.4412637]}},{"type":"Feature","properties":{"cat":"comercio"},"geometry":{"type":"Point","coordinates":[2.2261351,41.4412985]}},{"type":"Feature","properties":{"cat":"comercio"},"geometry":{"type":"Point","coordinates":[2.2184578,41.4426365]}},{"type":"Feature","properties":{"cat":"comercio"},"geometry":{"type":"Point","coordinates":[2.168672,41.4302932]}},{"type":"Feature","properties":{"cat":"comercio"},"geometry":{"type":"Point","coordinates":[2.1564315,41.4004787]}},{"type":"Feature","properties":{"cat":"comercio"},"geometry":{"type":"Point","coordinates":[2.1781103,41.3832762]}},{"type":"Feature","properties":{"cat":"comercio"},"geometry":{"type":"Point","coordinates":[2.1784794,41.3829993]}},{"type":"Feature","properties":{"cat":"comercio"},"geometry":{"type":"Point","coordinates":[2.1787426,41.3828056]}},{"type":"Feature","properties":{"cat":"comercio"},"geometry":{"type":"Point","coordinates":[2.176844,41.3823442]}},{"type":"Feature","properties":{"cat":"comercio"},"geometry":{"type":"Point","coordinates":[2.184051,41.3848478]}},{"type":"Feature","properties":{"cat":"comercio"},"geometry":{"type":"Point","coordinates":[2.1743111,41.3790469]}},{"type":"Feature","properties":{"cat":"comercio"},"geometry":{"type":"Point","coordinates":[2.1866095,41.4234284]}},{"type":"Feature","properties":{"cat":"comercio"},"geometry":{"type":"Point","coordinates":[2.2191989,41.4451658]}},{"type":"Feature","properties":{"cat":"comercio"},"geometry":{"type":"Point","coordinates":[2.2207438,41.4456666]}},{"type":"Feature","properties":{"cat":"comercio"},"geometry":{"type":"Point","coordinates":[2.2223452,41.445035]}},{"type":"Feature","properties":{"cat":"comercio"},"geometry":{"type":"Point","coordinates":[2.1475207,41.384343]}},{"type":"Feature","properties":{"cat":"comercio"},"geometry":{"type":"Point","coordinates":[2.1570793,41.3949546]}},{"type":"Feature","properties":{"cat":"comercio"},"geometry":{"type":"Point","coordinates":[2.1881989,41.4076]}},{"type":"Feature","properties":{"cat":"comercio"},"geometry":{"type":"Point","coordinates":[2.1639991,41.3973923]}},{"type":"Feature","properties":{"cat":"comercio"},"geometry":{"type":"Point","coordinates":[2.1876767,41.4071096]}},{"type":"Feature","properties":{"cat":"comercio"},"geometry":{"type":"Point","coordinates":[2.1874651,41.4071645]}},{"type":"Feature","properties":{"cat":"comercio"},"geometry":{"type":"Point","coordinates":[2.1770146,41.4003675]}},{"type":"Feature","properties":{"cat":"comercio"},"geometry":{"type":"Point","coordinates":[2.1660339,41.3862577]}},{"type":"Feature","properties":{"cat":"comercio"},"geometry":{"type":"Point","coordinates":[2.1758043,41.3971142]}},{"type":"Feature","properties":{"cat":"comercio"},"geometry":{"type":"Point","coordinates":[2.1782798,41.398694]}},{"type":"Feature","properties":{"cat":"comercio"},"geometry":{"type":"Point","coordinates":[2.1612067,41.3833993]}},{"type":"Feature","properties":{"cat":"comercio"},"geometry":{"type":"Point","coordinates":[2.1370787,41.3870508]}},{"type":"Feature","properties":{"cat":"comercio"},"geometry":{"type":"Point","coordinates":[2.1691716,41.4154967]}},{"type":"Feature","properties":{"cat":"comercio"},"geometry":{"type":"Point","coordinates":[2.1502005,41.3931925]}},{"type":"Feature","properties":{"cat":"comercio"},"geometry":{"type":"Point","coordinates":[2.1801843,41.3826969]}},{"type":"Feature","properties":{"cat":"comercio"},"geometry":{"type":"Point","coordinates":[2.1863598,41.4084129]}},{"type":"Feature","properties":{"cat":"comercio"},"geometry":{"type":"Point","coordinates":[2.1857604,41.407557]}},{"type":"Feature","properties":{"cat":"comercio"},"geometry":{"type":"Point","coordinates":[2.1873726,41.4082721]}},{"type":"Feature","properties":{"cat":"comercio"},"geometry":{"type":"Point","coordinates":[2.1829143,41.4075751]}},{"type":"Feature","properties":{"cat":"comercio"},"geometry":{"type":"Point","coordinates":[2.1833333,41.4062475]}},{"type":"Feature","properties":{"cat":"comercio"},"geometry":{"type":"Point","coordinates":[2.1518598,41.4081939]}},{"type":"Feature","properties":{"cat":"comercio"},"geometry":{"type":"Point","coordinates":[2.1443872,41.4029458]}},{"type":"Feature","properties":{"cat":"comercio"},"geometry":{"type":"Point","coordinates":[2.1485653,41.40341]}},{"type":"Feature","properties":{"cat":"comercio"},"geometry":{"type":"Point","coordinates":[2.1482073,41.4168107]}},{"type":"Feature","properties":{"cat":"comercio"},"geometry":{"type":"Point","coordinates":[2.1810623,41.4180996]}},{"type":"Feature","properties":{"cat":"comercio"},"geometry":{"type":"Point","coordinates":[2.1801389,41.4257931]}},{"type":"Feature","properties":{"cat":"comercio"},"geometry":{"type":"Point","coordinates":[2.1892973,41.407803]}},{"type":"Feature","properties":{"cat":"comercio"},"geometry":{"type":"Point","coordinates":[2.1616647,41.3812978]}},{"type":"Feature","properties":{"cat":"comercio"},"geometry":{"type":"Point","coordinates":[2.1431293,41.3854484]}},{"type":"Feature","properties":{"cat":"comercio"},"geometry":{"type":"Point","coordinates":[2.1316434,41.383764]}},{"type":"Feature","properties":{"cat":"comercio"},"geometry":{"type":"Point","coordinates":[2.1886676,41.4398705]}},{"type":"Feature","properties":{"cat":"comercio"},"geometry":{"type":"Point","coordinates":[2.1717832,41.4320025]}},{"type":"Feature","properties":{"cat":"comercio"},"geometry":{"type":"Point","coordinates":[2.157303,41.4214403]}},{"type":"Feature","properties":{"cat":"comercio"},"geometry":{"type":"Point","coordinates":[2.1052468,41.3738546]}},{"type":"Feature","properties":{"cat":"comercio"},"geometry":{"type":"Point","coordinates":[2.1847265,41.4362161]}},{"type":"Feature","properties":{"cat":"comercio"},"geometry":{"type":"Point","coordinates":[2.1822618,41.4110889]}},{"type":"Feature","properties":{"cat":"comercio"},"geometry":{"type":"Point","coordinates":[2.1818765,41.4146086]}},{"type":"Feature","properties":{"cat":"comercio"},"geometry":{"type":"Point","coordinates":[2.152726,41.3765137]}},{"type":"Feature","properties":{"cat":"comercio"},"geometry":{"type":"Point","coordinates":[2.1562831,41.3789542]}},{"type":"Feature","properties":{"cat":"comercio"},"geometry":{"type":"Point","coordinates":[2.1567592,41.378578]}},{"type":"Feature","properties":{"cat":"comercio"},"geometry":{"type":"Point","coordinates":[2.1633358,41.3839688]}},{"type":"Feature","properties":{"cat":"comercio"},"geometry":{"type":"Point","coordinates":[2.1576121,41.4070294]}},{"type":"Feature","properties":{"cat":"comercio"},"geometry":{"type":"Point","coordinates":[2.1766545,41.4012924]}},{"type":"Feature","properties":{"cat":"comercio"},"geometry":{"type":"Point","coordinates":[2.1835056,41.4022354]}},{"type":"Feature","properties":{"cat":"comercio"},"geometry":{"type":"Point","coordinates":[2.1846694,41.4011237]}},{"type":"Feature","properties":{"cat":"comercio"},"geometry":{"type":"Point","coordinates":[2.1715295,41.3886619]}},{"type":"Feature","properties":{"cat":"comercio"},"geometry":{"type":"Point","coordinates":[2.1733214,41.3899277]}},{"type":"Feature","properties":{"cat":"comercio"},"geometry":{"type":"Point","coordinates":[2.1665864,41.3858425]}},{"type":"Feature","properties":{"cat":"comercio"},"geometry":{"type":"Point","coordinates":[2.1361407,41.3856507]}},{"type":"Feature","properties":{"cat":"comercio"},"geometry":{"type":"Point","coordinates":[2.163436,41.3956546]}},{"type":"Feature","properties":{"cat":"comercio"},"geometry":{"type":"Point","coordinates":[2.1804927,41.3917648]}},{"type":"Feature","properties":{"cat":"comercio"},"geometry":{"type":"Point","coordinates":[2.1761006,41.4014517]}},{"type":"Feature","properties":{"cat":"comercio"},"geometry":{"type":"Point","coordinates":[2.1575615,41.4229511]}},{"type":"Feature","properties":{"cat":"comercio"},"geometry":{"type":"Point","coordinates":[2.15797,41.4224081]}},{"type":"Feature","properties":{"cat":"comercio"},"geometry":{"type":"Point","coordinates":[2.1565817,41.3925802]}},{"type":"Feature","properties":{"cat":"comercio"},"geometry":{"type":"Point","coordinates":[2.1536248,41.3923922]}},{"type":"Feature","properties":{"cat":"comercio"},"geometry":{"type":"Point","coordinates":[2.1508179,41.3895766]}},{"type":"Feature","properties":{"cat":"comercio"},"geometry":{"type":"Point","coordinates":[2.1450564,41.3876717]}},{"type":"Feature","properties":{"cat":"comercio"},"geometry":{"type":"Point","coordinates":[2.1425908,41.3873736]}},{"type":"Feature","properties":{"cat":"comercio"},"geometry":{"type":"Point","coordinates":[2.1439428,41.3884715]}},{"type":"Feature","properties":{"cat":"comercio"},"geometry":{"type":"Point","coordinates":[2.1444996,41.3888879]}},{"type":"Feature","properties":{"cat":"comercio"},"geometry":{"type":"Point","coordinates":[2.138497,41.3897962]}},{"type":"Feature","properties":{"cat":"comercio"},"geometry":{"type":"Point","coordinates":[2.1331772,41.3841025]}},{"type":"Feature","properties":{"cat":"comercio"},"geometry":{"type":"Point","coordinates":[2.1321858,41.3838536]}},{"type":"Feature","properties":{"cat":"comercio"},"geometry":{"type":"Point","coordinates":[2.1369805,41.3854271]}},{"type":"Feature","properties":{"cat":"comercio"},"geometry":{"type":"Point","coordinates":[2.1376642,41.385471]}},{"type":"Feature","properties":{"cat":"comercio"},"geometry":{"type":"Point","coordinates":[2.1511981,41.3919135]}},{"type":"Feature","properties":{"cat":"comercio"},"geometry":{"type":"Point","coordinates":[2.1524883,41.3917323]}},{"type":"Feature","properties":{"cat":"comercio"},"geometry":{"type":"Point","coordinates":[2.1810121,41.3812373]}},{"type":"Feature","properties":{"cat":"comercio"},"geometry":{"type":"Point","coordinates":[2.1809665,41.3812539]}},{"type":"Feature","properties":{"cat":"comercio"},"geometry":{"type":"Point","coordinates":[2.1807707,41.3813188]}},{"type":"Feature","properties":{"cat":"comercio"},"geometry":{"type":"Point","coordinates":[2.1758696,41.4101424]}},{"type":"Feature","properties":{"cat":"comercio"},"geometry":{"type":"Point","coordinates":[2.157912,41.3918462]}},{"type":"Feature","properties":{"cat":"comercio"},"geometry":{"type":"Point","coordinates":[2.1366856,41.387584]}},{"type":"Feature","properties":{"cat":"comercio"},"geometry":{"type":"Point","coordinates":[2.1367997,41.3876625]}},{"type":"Feature","properties":{"cat":"comercio"},"geometry":{"type":"Point","coordinates":[2.1344038,41.3865977]}},{"type":"Feature","properties":{"cat":"comercio"},"geometry":{"type":"Point","coordinates":[2.1403198,41.3588172]}},{"type":"Feature","properties":{"cat":"comercio"},"geometry":{"type":"Point","coordinates":[2.1408533,41.3588634]}},{"type":"Feature","properties":{"cat":"comercio"},"geometry":{"type":"Point","coordinates":[2.1411726,41.3591014]}},{"type":"Feature","properties":{"cat":"comercio"},"geometry":{"type":"Point","coordinates":[2.1554846,41.3903647]}},{"type":"Feature","properties":{"cat":"comercio"},"geometry":{"type":"Point","coordinates":[2.1523835,41.3877117]}},{"type":"Feature","properties":{"cat":"comercio"},"geometry":{"type":"Point","coordinates":[2.1515371,41.3877012]}},{"type":"Feature","properties":{"cat":"comercio"},"geometry":{"type":"Point","coordinates":[2.1420834,41.381875]}},{"type":"Feature","properties":{"cat":"comercio"},"geometry":{"type":"Point","coordinates":[2.1392725,41.3593937]}},{"type":"Feature","properties":{"cat":"comercio"},"geometry":{"type":"Point","coordinates":[2.2046354,41.4188343]}},{"type":"Feature","properties":{"cat":"comercio"},"geometry":{"type":"Point","coordinates":[2.1589426,41.3834182]}},{"type":"Feature","properties":{"cat":"comercio"},"geometry":{"type":"Point","coordinates":[2.1392235,41.3605664]}},{"type":"Feature","properties":{"cat":"comercio"},"geometry":{"type":"Point","coordinates":[2.1416864,41.35923]}},{"type":"Feature","properties":{"cat":"comercio"},"geometry":{"type":"Point","coordinates":[2.1418945,41.3598206]}},{"type":"Feature","properties":{"cat":"comercio"},"geometry":{"type":"Point","coordinates":[2.13296,41.3800115]}},{"type":"Feature","properties":{"cat":"comercio"},"geometry":{"type":"Point","coordinates":[2.1342485,41.3771418]}},{"type":"Feature","properties":{"cat":"comercio"},"geometry":{"type":"Point","coordinates":[2.1388978,41.3648285]}},{"type":"Feature","properties":{"cat":"comercio"},"geometry":{"type":"Point","coordinates":[2.1419523,41.3594054]}},{"type":"Feature","properties":{"cat":"comercio"},"geometry":{"type":"Point","coordinates":[2.1373678,41.3700086]}},{"type":"Feature","properties":{"cat":"comercio"},"geometry":{"type":"Point","coordinates":[2.1404428,41.360469]}},{"type":"Feature","properties":{"cat":"comercio"},"geometry":{"type":"Point","coordinates":[2.1340001,41.3776531]}},{"type":"Feature","properties":{"cat":"comercio"},"geometry":{"type":"Point","coordinates":[2.1358724,41.3732952]}},{"type":"Feature","properties":{"cat":"comercio"},"geometry":{"type":"Point","coordinates":[2.1355784,41.3724305]}},{"type":"Feature","properties":{"cat":"comercio"},"geometry":{"type":"Point","coordinates":[2.1396109,41.3612722]}},{"type":"Feature","properties":{"cat":"comercio"},"geometry":{"type":"Point","coordinates":[2.1347099,41.3679286]}},{"type":"Feature","properties":{"cat":"comercio"},"geometry":{"type":"Point","coordinates":[2.134607,41.366741]}},{"type":"Feature","properties":{"cat":"comercio"},"geometry":{"type":"Point","coordinates":[2.1364732,41.3643321]}},{"type":"Feature","properties":{"cat":"comercio"},"geometry":{"type":"Point","coordinates":[2.1325943,41.3830082]}},{"type":"Feature","properties":{"cat":"comercio"},"geometry":{"type":"Point","coordinates":[2.1323942,41.3755738]}},{"type":"Feature","properties":{"cat":"comercio"},"geometry":{"type":"Point","coordinates":[2.1369131,41.3635096]}},{"type":"Feature","properties":{"cat":"comercio"},"geometry":{"type":"Point","coordinates":[2.1380088,41.3620599]}},{"type":"Feature","properties":{"cat":"comercio"},"geometry":{"type":"Point","coordinates":[2.1662752,41.3939284]}},{"type":"Feature","properties":{"cat":"comercio"},"geometry":{"type":"Point","coordinates":[2.1668699,41.3960742]}},{"type":"Feature","properties":{"cat":"comercio"},"geometry":{"type":"Point","coordinates":[2.1378184,41.3623277]}},{"type":"Feature","properties":{"cat":"comercio"},"geometry":{"type":"Point","coordinates":[2.1394821,41.3609539]}},{"type":"Feature","properties":{"cat":"comercio"},"geometry":{"type":"Point","coordinates":[2.1321661,41.3852607]}},{"type":"Feature","properties":{"cat":"comercio"},"geometry":{"type":"Point","coordinates":[2.1181911,41.3761211]}},{"type":"Feature","properties":{"cat":"comercio"},"geometry":{"type":"Point","coordinates":[2.1679585,41.3926337]}},{"type":"Feature","properties":{"cat":"comercio"},"geometry":{"type":"Point","coordinates":[2.128233,41.3851648]}},{"type":"Feature","properties":{"cat":"comercio"},"geometry":{"type":"Point","coordinates":[2.1370663,41.3811547]}},{"type":"Feature","properties":{"cat":"comercio"},"geometry":{"type":"Point","coordinates":[2.1369362,41.3813703]}},{"type":"Feature","properties":{"cat":"comercio"},"geometry":{"type":"Point","coordinates":[2.1369827,41.3763798]}},{"type":"Feature","properties":{"cat":"comercio"},"geometry":{"type":"Point","coordinates":[2.1764571,41.3906242]}},{"type":"Feature","properties":{"cat":"comercio"},"geometry":{"type":"Point","coordinates":[2.1550546,41.3816048]}},{"type":"Feature","properties":{"cat":"comercio"},"geometry":{"type":"Point","coordinates":[2.1554255,41.3812589]}},{"type":"Feature","properties":{"cat":"comercio"},"geometry":{"type":"Point","coordinates":[2.1314158,41.3833955]}},{"type":"Feature","properties":{"cat":"comercio"},"geometry":{"type":"Point","coordinates":[2.1773882,41.4067698]}},{"type":"Feature","properties":{"cat":"comercio"},"geometry":{"type":"Point","coordinates":[2.1410516,41.3601241]}},{"type":"Feature","properties":{"cat":"comercio"},"geometry":{"type":"Point","coordinates":[2.127844,41.3756646]}},{"type":"Feature","properties":{"cat":"comercio"},"geometry":{"type":"Point","coordinates":[2.1706663,41.3989217]}},{"type":"Feature","properties":{"cat":"comercio"},"geometry":{"type":"Point","coordinates":[2.1682566,41.3949192]}},{"type":"Feature","properties":{"cat":"comercio"},"geometry":{"type":"Point","coordinates":[2.173886,41.3895517]}},{"type":"Feature","properties":{"cat":"comercio"},"geometry":{"type":"Point","coordinates":[2.1772448,41.3957971]}},{"type":"Feature","properties":{"cat":"comercio"},"geometry":{"type":"Point","coordinates":[2.1720957,41.391935]}},{"type":"Feature","properties":{"cat":"comercio"},"geometry":{"type":"Point","coordinates":[2.1642997,41.3998268]}},{"type":"Feature","properties":{"cat":"comercio"},"geometry":{"type":"Point","coordinates":[2.1588705,41.3907371]}},{"type":"Feature","properties":{"cat":"comercio"},"geometry":{"type":"Point","coordinates":[2.1333713,41.3674395]}},{"type":"Feature","properties":{"cat":"comercio"},"geometry":{"type":"Point","coordinates":[2.1282776,41.375457]}},{"type":"Feature","properties":{"cat":"comercio"},"geometry":{"type":"Point","coordinates":[2.1373513,41.4097222]}},{"type":"Feature","properties":{"cat":"comercio"},"geometry":{"type":"Point","coordinates":[2.1371038,41.3596647]}},{"type":"Feature","properties":{"cat":"comercio"},"geometry":{"type":"Point","coordinates":[2.137659,41.3602461]}},{"type":"Feature","properties":{"cat":"comercio"},"geometry":{"type":"Point","coordinates":[2.163271,41.3744473]}},{"type":"Feature","properties":{"cat":"comercio"},"geometry":{"type":"Point","coordinates":[2.1550737,41.4094094]}},{"type":"Feature","properties":{"cat":"comercio"},"geometry":{"type":"Point","coordinates":[2.1558918,41.4098881]}},{"type":"Feature","properties":{"cat":"comercio"},"geometry":{"type":"Point","coordinates":[2.1372686,41.3667154]}},{"type":"Feature","properties":{"cat":"comercio"},"geometry":{"type":"Point","coordinates":[2.1522126,41.4030573]}},{"type":"Feature","properties":{"cat":"comercio"},"geometry":{"type":"Point","coordinates":[2.1622087,41.4056753]}},{"type":"Feature","properties":{"cat":"comercio"},"geometry":{"type":"Point","coordinates":[2.1687008,41.3997067]}},{"type":"Feature","properties":{"cat":"comercio"},"geometry":{"type":"Point","coordinates":[2.2166644,41.4136849]}},{"type":"Feature","properties":{"cat":"comercio"},"geometry":{"type":"Point","coordinates":[2.1372742,41.3630291]}},{"type":"Feature","properties":{"cat":"comercio"},"geometry":{"type":"Point","coordinates":[2.1325963,41.3800021]}},{"type":"Feature","properties":{"cat":"comercio"},"geometry":{"type":"Point","coordinates":[2.1306853,41.3647066]}},{"type":"Feature","properties":{"cat":"comercio"},"geometry":{"type":"Point","coordinates":[2.1330014,41.3695717]}},{"type":"Feature","properties":{"cat":"comercio"},"geometry":{"type":"Point","coordinates":[2.1386472,41.364884]}},{"type":"Feature","properties":{"cat":"comercio"},"geometry":{"type":"Point","coordinates":[2.137255,41.3833476]}},{"type":"Feature","properties":{"cat":"comercio"},"geometry":{"type":"Point","coordinates":[2.1380192,41.3817813]}},{"type":"Feature","properties":{"cat":"comercio"},"geometry":{"type":"Point","coordinates":[2.1378211,41.3795633]}},{"type":"Feature","properties":{"cat":"comercio"},"geometry":{"type":"Point","coordinates":[2.1375643,41.3824375]}},{"type":"Feature","properties":{"cat":"comercio"},"geometry":{"type":"Point","coordinates":[2.1384803,41.3612943]}},{"type":"Feature","properties":{"cat":"comercio"},"geometry":{"type":"Point","coordinates":[2.220218,41.4451127]}},{"type":"Feature","properties":{"cat":"comercio"},"geometry":{"type":"Point","coordinates":[2.1373191,41.3640112]}},{"type":"Feature","properties":{"cat":"comercio"},"geometry":{"type":"Point","coordinates":[2.1297451,41.3869485]}},{"type":"Feature","properties":{"cat":"comercio"},"geometry":{"type":"Point","coordinates":[2.2218306,41.4378615]}},{"type":"Feature","properties":{"cat":"comercio"},"geometry":{"type":"Point","coordinates":[2.1396644,41.3682545]}},{"type":"Feature","properties":{"cat":"comercio"},"geometry":{"type":"Point","coordinates":[2.1882499,41.3744357]}},{"type":"Feature","properties":{"cat":"comercio"},"geometry":{"type":"Point","coordinates":[2.1894534,41.3754895]}},{"type":"Feature","properties":{"cat":"comercio"},"geometry":{"type":"Point","coordinates":[2.132758,41.3682502]}},{"type":"Feature","properties":{"cat":"comercio"},"geometry":{"type":"Point","coordinates":[2.1329385,41.368106]}},{"type":"Feature","properties":{"cat":"comercio"},"geometry":{"type":"Point","coordinates":[2.1304813,41.3826531]}},{"type":"Feature","properties":{"cat":"comercio"},"geometry":{"type":"Point","coordinates":[2.1622315,41.4034507]}},{"type":"Feature","properties":{"cat":"comercio"},"geometry":{"type":"Point","coordinates":[2.1632456,41.402975]}},{"type":"Feature","properties":{"cat":"comercio"},"geometry":{"type":"Point","coordinates":[2.1300694,41.3832193]}},{"type":"Feature","properties":{"cat":"comercio"},"geometry":{"type":"Point","coordinates":[2.1335564,41.3671721]}},{"type":"Feature","properties":{"cat":"comercio"},"geometry":{"type":"Point","coordinates":[2.1313093,41.3855006]}},{"type":"Feature","properties":{"cat":"comercio"},"geometry":{"type":"Point","coordinates":[2.1328587,41.3823987]}},{"type":"Feature","properties":{"cat":"comercio"},"geometry":{"type":"Point","coordinates":[2.1637853,41.3966757]}},{"type":"Feature","properties":{"cat":"comercio"},"geometry":{"type":"Point","coordinates":[2.1479166,41.3974748]}},{"type":"Feature","properties":{"cat":"comercio"},"geometry":{"type":"Point","coordinates":[2.1418123,41.3984575]}},{"type":"Feature","properties":{"cat":"comercio"},"geometry":{"type":"Point","coordinates":[2.1358984,41.3864426]}},{"type":"Feature","properties":{"cat":"comercio"},"geometry":{"type":"Point","coordinates":[2.1330595,41.3693663]}},{"type":"Feature","properties":{"cat":"comercio"},"geometry":{"type":"Point","coordinates":[2.136201,41.3743705]}},{"type":"Feature","properties":{"cat":"comercio"},"geometry":{"type":"Point","coordinates":[2.1337887,41.3680035]}},{"type":"Feature","properties":{"cat":"comercio"},"geometry":{"type":"Point","coordinates":[2.1305144,41.3832041]}},{"type":"Feature","properties":{"cat":"comercio"},"geometry":{"type":"Point","coordinates":[2.1332975,41.3783991]}},{"type":"Feature","properties":{"cat":"comercio"},"geometry":{"type":"Point","coordinates":[2.1474976,41.3721677]}},{"type":"Feature","properties":{"cat":"comercio"},"geometry":{"type":"Point","coordinates":[2.1430272,41.3707814]}},{"type":"Feature","properties":{"cat":"comercio"},"geometry":{"type":"Point","coordinates":[2.1692855,41.3720254]}},{"type":"Feature","properties":{"cat":"comercio"},"geometry":{"type":"Point","coordinates":[2.1620556,41.3723537]}},{"type":"Feature","properties":{"cat":"comercio"},"geometry":{"type":"Point","coordinates":[2.1551389,41.373272]}},{"type":"Feature","properties":{"cat":"comercio"},"geometry":{"type":"Point","coordinates":[2.1450502,41.3723447]}},{"type":"Feature","properties":{"cat":"comercio"},"geometry":{"type":"Point","coordinates":[2.1099584,41.353139]}},{"type":"Feature","properties":{"cat":"comercio"},"geometry":{"type":"Point","coordinates":[2.1901005,41.4003684]}},{"type":"Feature","properties":{"cat":"comercio"},"geometry":{"type":"Point","coordinates":[2.2038758,41.4021373]}},{"type":"Feature","properties":{"cat":"comercio"},"geometry":{"type":"Point","coordinates":[2.2041516,41.3992951]}},{"type":"Feature","properties":{"cat":"comercio"},"geometry":{"type":"Point","coordinates":[2.143188,41.3850559]}},{"type":"Feature","properties":{"cat":"comercio"},"geometry":{"type":"Point","coordinates":[2.1613333,41.4036456]}},{"type":"Feature","properties":{"cat":"comercio"},"geometry":{"type":"Point","coordinates":[2.1968513,41.3990612]}},{"type":"Feature","properties":{"cat":"comercio"},"geometry":{"type":"Point","coordinates":[2.1511939,41.3759387]}},{"type":"Feature","properties":{"cat":"comercio"},"geometry":{"type":"Point","coordinates":[2.1550285,41.3791013]}},{"type":"Feature","properties":{"cat":"comercio"},"geometry":{"type":"Point","coordinates":[2.1506876,41.3758204]}},{"type":"Feature","properties":{"cat":"comercio"},"geometry":{"type":"Point","coordinates":[2.1536518,41.3781118]}},{"type":"Feature","properties":{"cat":"comercio"},"geometry":{"type":"Point","coordinates":[2.1522711,41.3770388]}},{"type":"Feature","properties":{"cat":"comercio"},"geometry":{"type":"Point","coordinates":[2.1533422,41.3778031]}},{"type":"Feature","properties":{"cat":"comercio"},"geometry":{"type":"Point","coordinates":[2.1578353,41.3819564]}},{"type":"Feature","properties":{"cat":"comercio"},"geometry":{"type":"Point","coordinates":[2.1644106,41.385265]}},{"type":"Feature","properties":{"cat":"comercio"},"geometry":{"type":"Point","coordinates":[2.1591296,41.3819627]}},{"type":"Feature","properties":{"cat":"comercio"},"geometry":{"type":"Point","coordinates":[2.1546744,41.3783944]}},{"type":"Feature","properties":{"cat":"comercio"},"geometry":{"type":"Point","coordinates":[2.157385,41.3808799]}},{"type":"Feature","properties":{"cat":"comercio"},"geometry":{"type":"Point","coordinates":[2.1913121,41.3909925]}},{"type":"Feature","properties":{"cat":"comercio"},"geometry":{"type":"Point","coordinates":[2.1557339,41.3796408]}},{"type":"Feature","properties":{"cat":"comercio"},"geometry":{"type":"Point","coordinates":[2.1885988,41.3929076]}},{"type":"Feature","properties":{"cat":"comercio"},"geometry":{"type":"Point","coordinates":[2.184103,41.3897255]}},{"type":"Feature","properties":{"cat":"comercio"},"geometry":{"type":"Point","coordinates":[2.1908654,41.392151]}},{"type":"Feature","properties":{"cat":"comercio"},"geometry":{"type":"Point","coordinates":[2.1880787,41.3919848]}},{"type":"Feature","properties":{"cat":"comercio"},"geometry":{"type":"Point","coordinates":[2.1887696,41.3923461]}},{"type":"Feature","properties":{"cat":"comercio"},"geometry":{"type":"Point","coordinates":[2.166564,41.3799687]}},{"type":"Feature","properties":{"cat":"comercio"},"geometry":{"type":"Point","coordinates":[2.1434146,41.3703694]}},{"type":"Feature","properties":{"cat":"comercio"},"geometry":{"type":"Point","coordinates":[2.1416998,41.3690865]}},{"type":"Feature","properties":{"cat":"comercio"},"geometry":{"type":"Point","coordinates":[2.1625065,41.37794]}},{"type":"Feature","properties":{"cat":"comercio"},"geometry":{"type":"Point","coordinates":[2.1640921,41.3790347]}},{"type":"Feature","properties":{"cat":"comercio"},"geometry":{"type":"Point","coordinates":[2.1649134,41.379078]}},{"type":"Feature","properties":{"cat":"comercio"},"geometry":{"type":"Point","coordinates":[2.1534621,41.3752559]}},{"type":"Feature","properties":{"cat":"comercio"},"geometry":{"type":"Point","coordinates":[2.1555071,41.3747049]}},{"type":"Feature","properties":{"cat":"comercio"},"geometry":{"type":"Point","coordinates":[2.1653973,41.3792703]}},{"type":"Feature","properties":{"cat":"comercio"},"geometry":{"type":"Point","coordinates":[2.1544782,41.3752149]}},{"type":"Feature","properties":{"cat":"comercio"},"geometry":{"type":"Point","coordinates":[2.165973,41.3796379]}},{"type":"Feature","properties":{"cat":"comercio"},"geometry":{"type":"Point","coordinates":[2.1642649,41.378977]}},{"type":"Feature","properties":{"cat":"comercio"},"geometry":{"type":"Point","coordinates":[2.1613516,41.3767851]}},{"type":"Feature","properties":{"cat":"comercio"},"geometry":{"type":"Point","coordinates":[2.1367815,41.3726756]}},{"type":"Feature","properties":{"cat":"comercio"},"geometry":{"type":"Point","coordinates":[2.1296592,41.3712926]}},{"type":"Feature","properties":{"cat":"comercio"},"geometry":{"type":"Point","coordinates":[2.1469851,41.3752972]}},{"type":"Feature","properties":{"cat":"comercio"},"geometry":{"type":"Point","coordinates":[2.1412379,41.3679752]}},{"type":"Feature","properties":{"cat":"comercio"},"geometry":{"type":"Point","coordinates":[2.1338145,41.3750344]}},{"type":"Feature","properties":{"cat":"comercio"},"geometry":{"type":"Point","coordinates":[2.1531549,41.4026072]}},{"type":"Feature","properties":{"cat":"comercio"},"geometry":{"type":"Point","coordinates":[2.1883527,41.4010388]}},{"type":"Feature","properties":{"cat":"comercio"},"geometry":{"type":"Point","coordinates":[2.1240033,41.39021]}},{"type":"Feature","properties":{"cat":"comercio"},"geometry":{"type":"Point","coordinates":[2.183255,41.4003043]}},{"type":"Feature","properties":{"cat":"comercio"},"geometry":{"type":"Point","coordinates":[2.1502091,41.4044022]}},{"type":"Feature","properties":{"cat":"comercio"},"geometry":{"type":"Point","coordinates":[2.204883,41.4000938]}},{"type":"Feature","properties":{"cat":"comercio"},"geometry":{"type":"Point","coordinates":[2.1370552,41.3638438]}},{"type":"Feature","properties":{"cat":"comercio"},"geometry":{"type":"Point","coordinates":[2.1826986,41.3869915]}},{"type":"Feature","properties":{"cat":"comercio"},"geometry":{"type":"Point","coordinates":[2.1735586,41.4114789]}},{"type":"Feature","properties":{"cat":"comercio"},"geometry":{"type":"Point","coordinates":[2.1793456,41.4045345]}},{"type":"Feature","properties":{"cat":"comercio"},"geometry":{"type":"Point","coordinates":[2.1661611,41.3946684]}},{"type":"Feature","properties":{"cat":"comercio"},"geometry":{"type":"Point","coordinates":[2.1791948,41.4056747]}},{"type":"Feature","properties":{"cat":"comercio"},"geometry":{"type":"Point","coordinates":[2.1806835,41.4058528]}},{"type":"Feature","properties":{"cat":"comercio"},"geometry":{"type":"Point","coordinates":[2.1791957,41.4060512]}},{"type":"Feature","properties":{"cat":"comercio"},"geometry":{"type":"Point","coordinates":[2.1793675,41.4062668]}},{"type":"Feature","properties":{"cat":"comercio"},"geometry":{"type":"Point","coordinates":[2.1782736,41.4037491]}},{"type":"Feature","properties":{"cat":"comercio"},"geometry":{"type":"Point","coordinates":[2.1751185,41.4017282]}},{"type":"Feature","properties":{"cat":"comercio"},"geometry":{"type":"Point","coordinates":[2.1774305,41.4034926]}},{"type":"Feature","properties":{"cat":"comercio"},"geometry":{"type":"Point","coordinates":[2.1757782,41.4019041]}},{"type":"Feature","properties":{"cat":"comercio"},"geometry":{"type":"Point","coordinates":[2.1693991,41.395939]}},{"type":"Feature","properties":{"cat":"comercio"},"geometry":{"type":"Point","coordinates":[2.1682575,41.3944689]}},{"type":"Feature","properties":{"cat":"comercio"},"geometry":{"type":"Point","coordinates":[2.1704059,41.4126764]}},{"type":"Feature","properties":{"cat":"comercio"},"geometry":{"type":"Point","coordinates":[2.162099,41.3902776]}},{"type":"Feature","properties":{"cat":"comercio"},"geometry":{"type":"Point","coordinates":[2.1660379,41.3928198]}},{"type":"Feature","properties":{"cat":"comercio"},"geometry":{"type":"Point","coordinates":[2.1782891,41.4054788]}},{"type":"Feature","properties":{"cat":"comercio"},"geometry":{"type":"Point","coordinates":[2.162835,41.390395]}},{"type":"Feature","properties":{"cat":"comercio"},"geometry":{"type":"Point","coordinates":[2.1515928,41.3993503]}},{"type":"Feature","properties":{"cat":"comercio"},"geometry":{"type":"Point","coordinates":[2.1512799,41.3992763]}},{"type":"Feature","properties":{"cat":"comercio"},"geometry":{"type":"Point","coordinates":[2.1884605,41.4069581]}},{"type":"Feature","properties":{"cat":"comercio"},"geometry":{"type":"Point","coordinates":[2.1812124,41.4080053]}},{"type":"Feature","properties":{"cat":"comercio"},"geometry":{"type":"Point","coordinates":[2.1830719,41.4078296]}},{"type":"Feature","properties":{"cat":"comercio"},"geometry":{"type":"Point","coordinates":[2.1844447,41.4066542]}},{"type":"Feature","properties":{"cat":"comercio"},"geometry":{"type":"Point","coordinates":[2.1848523,41.4065032]}},{"type":"Feature","properties":{"cat":"comercio"},"geometry":{"type":"Point","coordinates":[2.1838243,41.4082521]}},{"type":"Feature","properties":{"cat":"comercio"},"geometry":{"type":"Point","coordinates":[2.1860673,41.4099568]}},{"type":"Feature","properties":{"cat":"comercio"},"geometry":{"type":"Point","coordinates":[2.1856318,41.4096043]}},{"type":"Feature","properties":{"cat":"comercio"},"geometry":{"type":"Point","coordinates":[2.1655829,41.3795329]}},{"type":"Feature","properties":{"cat":"comercio"},"geometry":{"type":"Point","coordinates":[2.1763238,41.4032265]}},{"type":"Feature","properties":{"cat":"comercio"},"geometry":{"type":"Point","coordinates":[2.1727475,41.4016499]}},{"type":"Feature","properties":{"cat":"comercio"},"geometry":{"type":"Point","coordinates":[2.172812,41.4013831]}},{"type":"Feature","properties":{"cat":"comercio"},"geometry":{"type":"Point","coordinates":[2.1717201,41.4005548]}},{"type":"Feature","properties":{"cat":"comercio"},"geometry":{"type":"Point","coordinates":[2.1799406,41.4054596]}},{"type":"Feature","properties":{"cat":"comercio"},"geometry":{"type":"Point","coordinates":[2.1758875,41.4065469]}},{"type":"Feature","properties":{"cat":"comercio"},"geometry":{"type":"Point","coordinates":[2.1760612,41.4067419]}},{"type":"Feature","properties":{"cat":"comercio"},"geometry":{"type":"Point","coordinates":[2.1769199,41.4078789]}},{"type":"Feature","properties":{"cat":"comercio"},"geometry":{"type":"Point","coordinates":[2.1750674,41.4050667]}},{"type":"Feature","properties":{"cat":"comercio"},"geometry":{"type":"Point","coordinates":[2.1693312,41.400476]}},{"type":"Feature","properties":{"cat":"comercio"},"geometry":{"type":"Point","coordinates":[2.1636294,41.377084]}},{"type":"Feature","properties":{"cat":"comercio"},"geometry":{"type":"Point","coordinates":[2.1839471,41.3837383]}},{"type":"Feature","properties":{"cat":"comercio"},"geometry":{"type":"Point","coordinates":[2.1544815,41.4000826]}},{"type":"Feature","properties":{"cat":"comercio"},"geometry":{"type":"Point","coordinates":[2.1557366,41.4212526]}},{"type":"Feature","properties":{"cat":"comercio"},"geometry":{"type":"Point","coordinates":[2.1302493,41.3876553]}},{"type":"Feature","properties":{"cat":"comercio"},"geometry":{"type":"Point","coordinates":[2.1351776,41.382462]}},{"type":"Feature","properties":{"cat":"comercio"},"geometry":{"type":"Point","coordinates":[2.2171154,41.413891]}},{"type":"Feature","properties":{"cat":"comercio"},"geometry":{"type":"Point","coordinates":[2.217644,41.4173948]}},{"type":"Feature","properties":{"cat":"comercio"},"geometry":{"type":"Point","coordinates":[2.1777099,41.3788153]}},{"type":"Feature","properties":{"cat":"comercio"},"geometry":{"type":"Point","coordinates":[2.1632288,41.4093495]}},{"type":"Feature","properties":{"cat":"comercio"},"geometry":{"type":"Point","coordinates":[2.1623185,41.4064063]}},{"type":"Feature","properties":{"cat":"comercio"},"geometry":{"type":"Point","coordinates":[2.160212,41.3905507]}},{"type":"Feature","properties":{"cat":"comercio"},"geometry":{"type":"Point","coordinates":[2.2042257,41.4363788]}},{"type":"Feature","properties":{"cat":"comercio"},"geometry":{"type":"Point","coordinates":[2.206343,41.435976]}},{"type":"Feature","properties":{"cat":"comercio"},"geometry":{"type":"Point","coordinates":[2.1332007,41.3808591]}},{"type":"Feature","properties":{"cat":"comercio"},"geometry":{"type":"Point","coordinates":[2.2168175,41.4328743]}},{"type":"Feature","properties":{"cat":"comercio"},"geometry":{"type":"Point","coordinates":[2.1715044,41.3762956]}},{"type":"Feature","properties":{"cat":"comercio"},"geometry":{"type":"Point","coordinates":[2.1624169,41.3751957]}},{"type":"Feature","properties":{"cat":"comercio"},"geometry":{"type":"Point","coordinates":[2.1560938,41.4228853]}},{"type":"Feature","properties":{"cat":"comercio"},"geometry":{"type":"Point","coordinates":[2.2206934,41.4355297]}},{"type":"Feature","properties":{"cat":"comercio"},"geometry":{"type":"Point","coordinates":[2.2193649,41.4402181]}},{"type":"Feature","properties":{"cat":"comercio"},"geometry":{"type":"Point","coordinates":[2.1304735,41.365622]}},{"type":"Feature","properties":{"cat":"comercio"},"geometry":{"type":"Point","coordinates":[2.1257888,41.3668509]}},{"type":"Feature","properties":{"cat":"comercio"},"geometry":{"type":"Point","coordinates":[2.2106425,41.4497161]}},{"type":"Feature","properties":{"cat":"comercio"},"geometry":{"type":"Point","coordinates":[2.136431,41.3698879]}},{"type":"Feature","properties":{"cat":"comercio"},"geometry":{"type":"Point","coordinates":[2.1644902,41.4391367]}},{"type":"Feature","properties":{"cat":"comercio"},"geometry":{"type":"Point","coordinates":[2.172253,41.4302146]}},{"type":"Feature","properties":{"cat":"comercio"},"geometry":{"type":"Point","coordinates":[2.1597404,41.3983856]}},{"type":"Feature","properties":{"cat":"comercio"},"geometry":{"type":"Point","coordinates":[2.1977119,41.3910359]}},{"type":"Feature","properties":{"cat":"comercio"},"geometry":{"type":"Point","coordinates":[2.1337971,41.3862704]}},{"type":"Feature","properties":{"cat":"comercio"},"geometry":{"type":"Point","coordinates":[2.1565088,41.4243546]}},{"type":"Feature","properties":{"cat":"comercio"},"geometry":{"type":"Point","coordinates":[2.1567329,41.4244807]}},{"type":"Feature","properties":{"cat":"comercio"},"geometry":{"type":"Point","coordinates":[2.1669584,41.3990353]}},{"type":"Feature","properties":{"cat":"comercio"},"geometry":{"type":"Point","coordinates":[2.17852,41.3784]}},{"type":"Feature","properties":{"cat":"comercio"},"geometry":{"type":"Point","coordinates":[2.1875262,41.4287294]}},{"type":"Feature","properties":{"cat":"comercio"},"geometry":{"type":"Point","coordinates":[2.1603592,41.3987532]}},{"type":"Feature","properties":{"cat":"comercio"},"geometry":{"type":"Point","coordinates":[2.1879761,41.4075388]}},{"type":"Feature","properties":{"cat":"comercio"},"geometry":{"type":"Point","coordinates":[2.1875741,41.4082223]}},{"type":"Feature","properties":{"cat":"comercio"},"geometry":{"type":"Point","coordinates":[2.1875155,41.4082394]}},{"type":"Feature","properties":{"cat":"comercio"},"geometry":{"type":"Point","coordinates":[2.1408967,41.3579844]}},{"type":"Feature","properties":{"cat":"comercio"},"geometry":{"type":"Point","coordinates":[2.1615558,41.4139009]}},{"type":"Feature","properties":{"cat":"comercio"},"geometry":{"type":"Point","coordinates":[2.1200073,41.3639312]}},{"type":"Feature","properties":{"cat":"comercio"},"geometry":{"type":"Point","coordinates":[2.1014719,41.3592116]}},{"type":"Feature","properties":{"cat":"comercio"},"geometry":{"type":"Point","coordinates":[2.1624567,41.3905525]}},{"type":"Feature","properties":{"cat":"comercio"},"geometry":{"type":"Point","coordinates":[2.125955,41.3654304]}},{"type":"Feature","properties":{"cat":"comercio"},"geometry":{"type":"Point","coordinates":[2.1259449,41.3724355]}},{"type":"Feature","properties":{"cat":"comercio"},"geometry":{"type":"Point","coordinates":[2.1274988,41.3831348]}},{"type":"Feature","properties":{"cat":"comercio"},"geometry":{"type":"Point","coordinates":[2.1816499,41.4032182]}},{"type":"Feature","properties":{"cat":"comercio"},"geometry":{"type":"Point","coordinates":[2.1603862,41.4356474]}},{"type":"Feature","properties":{"cat":"comercio"},"geometry":{"type":"Point","coordinates":[2.1413248,41.3592297]}},{"type":"Feature","properties":{"cat":"comercio"},"geometry":{"type":"Point","coordinates":[2.1886614,41.409062]}},{"type":"Feature","properties":{"cat":"comercio"},"geometry":{"type":"Point","coordinates":[2.1464554,41.3718773]}},{"type":"Feature","properties":{"cat":"comercio"},"geometry":{"type":"Point","coordinates":[2.2180077,41.4494254]}},{"type":"Feature","properties":{"cat":"comercio"},"geometry":{"type":"Point","coordinates":[2.2107559,41.4484021]}},{"type":"Feature","properties":{"cat":"comercio"},"geometry":{"type":"Point","coordinates":[2.2119829,41.4470838]}},{"type":"Feature","properties":{"cat":"comercio"},"geometry":{"type":"Point","coordinates":[2.2132824,41.4476794]}},{"type":"Feature","properties":{"cat":"comercio"},"geometry":{"type":"Point","coordinates":[2.2186968,41.4485962]}},{"type":"Feature","properties":{"cat":"comercio"},"geometry":{"type":"Point","coordinates":[2.2076464,41.4491254]}},{"type":"Feature","properties":{"cat":"comercio"},"geometry":{"type":"Point","coordinates":[2.2085396,41.4471906]}},{"type":"Feature","properties":{"cat":"comercio"},"geometry":{"type":"Point","coordinates":[2.1794619,41.4205197]}},{"type":"Feature","properties":{"cat":"comercio"},"geometry":{"type":"Point","coordinates":[2.2131148,41.4475477]}},{"type":"Feature","properties":{"cat":"comercio"},"geometry":{"type":"Point","coordinates":[2.1205502,41.3897506]}},{"type":"Feature","properties":{"cat":"comercio"},"geometry":{"type":"Point","coordinates":[2.1801342,41.4236061]}},{"type":"Feature","properties":{"cat":"comercio"},"geometry":{"type":"Point","coordinates":[2.181557,41.4235341]}},{"type":"Feature","properties":{"cat":"comercio"},"geometry":{"type":"Point","coordinates":[2.182155,41.4234619]}},{"type":"Feature","properties":{"cat":"comercio"},"geometry":{"type":"Point","coordinates":[2.1022997,41.3608471]}},{"type":"Feature","properties":{"cat":"comercio"},"geometry":{"type":"Point","coordinates":[2.1010246,41.3620159]}},{"type":"Feature","properties":{"cat":"comercio"},"geometry":{"type":"Point","coordinates":[2.1070844,41.3616663]}},{"type":"Feature","properties":{"cat":"comercio"},"geometry":{"type":"Point","coordinates":[2.1001654,41.3601933]}},{"type":"Feature","properties":{"cat":"comercio"},"geometry":{"type":"Point","coordinates":[2.1886822,41.4108343]}},{"type":"Feature","properties":{"cat":"comercio"},"geometry":{"type":"Point","coordinates":[2.1827653,41.4129925]}},{"type":"Feature","properties":{"cat":"comercio"},"geometry":{"type":"Point","coordinates":[2.1748632,41.4198454]}},{"type":"Feature","properties":{"cat":"comercio"},"geometry":{"type":"Point","coordinates":[2.1812647,41.4204896]}},{"type":"Feature","properties":{"cat":"comercio"},"geometry":{"type":"Point","coordinates":[2.18642,41.4171025]}},{"type":"Feature","properties":{"cat":"comercio"},"geometry":{"type":"Point","coordinates":[2.1924789,41.4108897]}},{"type":"Feature","properties":{"cat":"comercio"},"geometry":{"type":"Point","coordinates":[2.1816488,41.3977747]}},{"type":"Feature","properties":{"cat":"comercio"},"geometry":{"type":"Point","coordinates":[2.1727325,41.3907093]}},{"type":"Feature","properties":{"cat":"comercio"},"geometry":{"type":"Point","coordinates":[2.1716762,41.38945]}},{"type":"Feature","properties":{"cat":"comercio"},"geometry":{"type":"Point","coordinates":[2.1723117,41.3890737]}},{"type":"Feature","properties":{"cat":"comercio"},"geometry":{"type":"Point","coordinates":[2.1661406,41.3937028]}},{"type":"Feature","properties":{"cat":"comercio"},"geometry":{"type":"Point","coordinates":[2.168241,41.3917285]}},{"type":"Feature","properties":{"cat":"comercio"},"geometry":{"type":"Point","coordinates":[2.1883954,41.4173813]}},{"type":"Feature","properties":{"cat":"comercio"},"geometry":{"type":"Point","coordinates":[2.1586802,41.4074918]}},{"type":"Feature","properties":{"cat":"comercio"},"geometry":{"type":"Point","coordinates":[2.1959694,41.4034908]}},{"type":"Feature","properties":{"cat":"comercio"},"geometry":{"type":"Point","coordinates":[2.2013014,41.4008943]}},{"type":"Feature","properties":{"cat":"comercio"},"geometry":{"type":"Point","coordinates":[2.1999114,41.4009157]}},{"type":"Feature","properties":{"cat":"comercio"},"geometry":{"type":"Point","coordinates":[2.193362,41.4073121]}},{"type":"Feature","properties":{"cat":"comercio"},"geometry":{"type":"Point","coordinates":[2.1856579,41.3974365]}},{"type":"Feature","properties":{"cat":"comercio"},"geometry":{"type":"Point","coordinates":[2.1795095,41.3982086]}},{"type":"Feature","properties":{"cat":"comercio"},"geometry":{"type":"Point","coordinates":[2.2023234,41.3995862]}},{"type":"Feature","properties":{"cat":"comercio"},"geometry":{"type":"Point","coordinates":[2.1558587,41.3754822]}},{"type":"Feature","properties":{"cat":"comercio"},"geometry":{"type":"Point","coordinates":[2.1721937,41.374492]}},{"type":"Feature","properties":{"cat":"comercio"},"geometry":{"type":"Point","coordinates":[2.1333089,41.3750037]}},{"type":"Feature","properties":{"cat":"comercio"},"geometry":{"type":"Point","coordinates":[2.1319359,41.3753665]}},{"type":"Feature","properties":{"cat":"comercio"},"geometry":{"type":"Point","coordinates":[2.1298631,41.3753817]}},{"type":"Feature","properties":{"cat":"comercio"},"geometry":{"type":"Point","coordinates":[2.1294932,41.3754021]}},{"type":"Feature","properties":{"cat":"comercio"},"geometry":{"type":"Point","coordinates":[2.1294406,41.3756373]}},{"type":"Feature","properties":{"cat":"comercio"},"geometry":{"type":"Point","coordinates":[2.1290217,41.371474]}},{"type":"Feature","properties":{"cat":"comercio"},"geometry":{"type":"Point","coordinates":[2.1294937,41.3724919]}},{"type":"Feature","properties":{"cat":"comercio"},"geometry":{"type":"Point","coordinates":[2.1296406,41.3741307]}},{"type":"Feature","properties":{"cat":"comercio"},"geometry":{"type":"Point","coordinates":[2.1260562,41.3774745]}},{"type":"Feature","properties":{"cat":"comercio"},"geometry":{"type":"Point","coordinates":[2.126692,41.3770408]}},{"type":"Feature","properties":{"cat":"comercio"},"geometry":{"type":"Point","coordinates":[2.1251261,41.3769222]}},{"type":"Feature","properties":{"cat":"comercio"},"geometry":{"type":"Point","coordinates":[2.1270239,41.3757032]}},{"type":"Feature","properties":{"cat":"comercio"},"geometry":{"type":"Point","coordinates":[2.1264252,41.3760056]}},{"type":"Feature","properties":{"cat":"comercio"},"geometry":{"type":"Point","coordinates":[2.131048,41.3747914]}},{"type":"Feature","properties":{"cat":"comercio"},"geometry":{"type":"Point","coordinates":[2.1237985,41.3757573]}},{"type":"Feature","properties":{"cat":"comercio"},"geometry":{"type":"Point","coordinates":[2.1648161,41.3736825]}},{"type":"Feature","properties":{"cat":"comercio"},"geometry":{"type":"Point","coordinates":[2.1264606,41.3757391]}},{"type":"Feature","properties":{"cat":"comercio"},"geometry":{"type":"Point","coordinates":[2.1256781,41.3757186]}},{"type":"Feature","properties":{"cat":"comercio"},"geometry":{"type":"Point","coordinates":[2.1222731,41.3767182]}},{"type":"Feature","properties":{"cat":"comercio"},"geometry":{"type":"Point","coordinates":[2.1221574,41.3766549]}},{"type":"Feature","properties":{"cat":"comercio"},"geometry":{"type":"Point","coordinates":[2.121989,41.3759771]}},{"type":"Feature","properties":{"cat":"comercio"},"geometry":{"type":"Point","coordinates":[2.1286368,41.3736418]}},{"type":"Feature","properties":{"cat":"comercio"},"geometry":{"type":"Point","coordinates":[2.1285974,41.3739311]}},{"type":"Feature","properties":{"cat":"comercio"},"geometry":{"type":"Point","coordinates":[2.127746,41.37474]}},{"type":"Feature","properties":{"cat":"comercio"},"geometry":{"type":"Point","coordinates":[2.1271454,41.3754781]}},{"type":"Feature","properties":{"cat":"comercio"},"geometry":{"type":"Point","coordinates":[2.1264462,41.3749627]}},{"type":"Feature","properties":{"cat":"comercio"},"geometry":{"type":"Point","coordinates":[2.1723038,41.3792789]}},{"type":"Feature","properties":{"cat":"comercio"},"geometry":{"type":"Point","coordinates":[2.1273498,41.3737437]}},{"type":"Feature","properties":{"cat":"comercio"},"geometry":{"type":"Point","coordinates":[2.1375485,41.3602287]}},{"type":"Feature","properties":{"cat":"comercio"},"geometry":{"type":"Point","coordinates":[2.154838,41.4036338]}},{"type":"Feature","properties":{"cat":"comercio"},"geometry":{"type":"Point","coordinates":[2.1761255,41.3892087]}},{"type":"Feature","properties":{"cat":"comercio"},"geometry":{"type":"Point","coordinates":[2.1736146,41.3813814]}},{"type":"Feature","properties":{"cat":"comercio"},"geometry":{"type":"Point","coordinates":[2.2167758,41.4096553]}},{"type":"Feature","properties":{"cat":"comercio"},"geometry":{"type":"Point","coordinates":[2.2044271,41.4020368]}},{"type":"Feature","properties":{"cat":"comercio"},"geometry":{"type":"Point","coordinates":[2.1710016,41.4122177]}},{"type":"Feature","properties":{"cat":"comercio"},"geometry":{"type":"Point","coordinates":[2.1754608,41.4197662]}},{"type":"Feature","properties":{"cat":"comercio"},"geometry":{"type":"Point","coordinates":[2.1744392,41.4208229]}},{"type":"Feature","properties":{"cat":"comercio"},"geometry":{"type":"Point","coordinates":[2.1864932,41.430009]}},{"type":"Feature","properties":{"cat":"comercio"},"geometry":{"type":"Point","coordinates":[2.1749632,41.4092612]}},{"type":"Feature","properties":{"cat":"comercio"},"geometry":{"type":"Point","coordinates":[2.1761387,41.4079883]}},{"type":"Feature","properties":{"cat":"comercio"},"geometry":{"type":"Point","coordinates":[2.1785306,41.4077681]}},{"type":"Feature","properties":{"cat":"comercio"},"geometry":{"type":"Point","coordinates":[2.1651175,41.4094695]}},{"type":"Feature","properties":{"cat":"comercio"},"geometry":{"type":"Point","coordinates":[2.1758946,41.4098077]}},{"type":"Feature","properties":{"cat":"comercio"},"geometry":{"type":"Point","coordinates":[2.1697789,41.4125103]}},{"type":"Feature","properties":{"cat":"comercio"},"geometry":{"type":"Point","coordinates":[2.1773466,41.4086652]}},{"type":"Feature","properties":{"cat":"comercio"},"geometry":{"type":"Point","coordinates":[2.1747176,41.4110401]}},{"type":"Feature","properties":{"cat":"comercio"},"geometry":{"type":"Point","coordinates":[2.1707715,41.4130631]}},{"type":"Feature","properties":{"cat":"comercio"},"geometry":{"type":"Point","coordinates":[2.1227755,41.3623273]}},{"type":"Feature","properties":{"cat":"comercio"},"geometry":{"type":"Point","coordinates":[2.1620015,41.3862019]}},{"type":"Feature","properties":{"cat":"comercio"},"geometry":{"type":"Point","coordinates":[2.1717188,41.409669]}},{"type":"Feature","properties":{"cat":"comercio"},"geometry":{"type":"Point","coordinates":[2.1752264,41.4054039]}},{"type":"Feature","properties":{"cat":"comercio"},"geometry":{"type":"Point","coordinates":[2.1734267,41.4067355]}},{"type":"Feature","properties":{"cat":"comercio"},"geometry":{"type":"Point","coordinates":[2.1768951,41.4041145]}},{"type":"Feature","properties":{"cat":"comercio"},"geometry":{"type":"Point","coordinates":[2.1796834,41.4052532]}},{"type":"Feature","properties":{"cat":"comercio"},"geometry":{"type":"Point","coordinates":[2.1759068,41.4051723]}},{"type":"Feature","properties":{"cat":"comercio"},"geometry":{"type":"Point","coordinates":[2.1753661,41.407292]}},{"type":"Feature","properties":{"cat":"comercio"},"geometry":{"type":"Point","coordinates":[2.1670191,41.4103091]}},{"type":"Feature","properties":{"cat":"comercio"},"geometry":{"type":"Point","coordinates":[2.1672139,41.4101548]}},{"type":"Feature","properties":{"cat":"comercio"},"geometry":{"type":"Point","coordinates":[2.1759325,41.4032065]}},{"type":"Feature","properties":{"cat":"comercio"},"geometry":{"type":"Point","coordinates":[2.1485774,41.4091288]}},{"type":"Feature","properties":{"cat":"comercio"},"geometry":{"type":"Point","coordinates":[2.1998865,41.3971067]}},{"type":"Feature","properties":{"cat":"comercio"},"geometry":{"type":"Point","coordinates":[2.20027,41.3963902]}},{"type":"Feature","properties":{"cat":"comercio"},"geometry":{"type":"Point","coordinates":[2.1816192,41.4089351]}},{"type":"Feature","properties":{"cat":"comercio"},"geometry":{"type":"Point","coordinates":[2.1812649,41.4091767]}},{"type":"Feature","properties":{"cat":"comercio"},"geometry":{"type":"Point","coordinates":[2.1705274,41.4053674]}},{"type":"Feature","properties":{"cat":"comercio"},"geometry":{"type":"Point","coordinates":[2.1703137,41.4074779]}},{"type":"Feature","properties":{"cat":"comercio"},"geometry":{"type":"Point","coordinates":[2.1689919,41.4064841]}},{"type":"Feature","properties":{"cat":"comercio"},"geometry":{"type":"Point","coordinates":[2.1724116,41.4042369]}},{"type":"Feature","properties":{"cat":"comercio"},"geometry":{"type":"Point","coordinates":[2.2036251,41.4010308]}},{"type":"Feature","properties":{"cat":"comercio"},"geometry":{"type":"Point","coordinates":[2.2039023,41.400844]}},{"type":"Feature","properties":{"cat":"comercio"},"geometry":{"type":"Point","coordinates":[2.2003397,41.4028707]}},{"type":"Feature","properties":{"cat":"comercio"},"geometry":{"type":"Point","coordinates":[2.203253,41.4034478]}},{"type":"Feature","properties":{"cat":"comercio"},"geometry":{"type":"Point","coordinates":[2.2012078,41.4022269]}},{"type":"Feature","properties":{"cat":"comercio"},"geometry":{"type":"Point","coordinates":[2.2057971,41.4053914]}},{"type":"Feature","properties":{"cat":"comercio"},"geometry":{"type":"Point","coordinates":[2.2029209,41.4035709]}},{"type":"Feature","properties":{"cat":"comercio"},"geometry":{"type":"Point","coordinates":[2.2017887,41.4009084]}},{"type":"Feature","properties":{"cat":"comercio"},"geometry":{"type":"Point","coordinates":[2.107601,41.3522157]}},{"type":"Feature","properties":{"cat":"comercio"},"geometry":{"type":"Point","coordinates":[2.2040922,41.4006032]}},{"type":"Feature","properties":{"cat":"comercio"},"geometry":{"type":"Point","coordinates":[2.2025453,41.401134]}},{"type":"Feature","properties":{"cat":"comercio"},"geometry":{"type":"Point","coordinates":[2.206319,41.4084239]}},{"type":"Feature","properties":{"cat":"comercio"},"geometry":{"type":"Point","coordinates":[2.2030518,41.403051]}},{"type":"Feature","properties":{"cat":"comercio"},"geometry":{"type":"Point","coordinates":[2.1992632,41.4044578]}},{"type":"Feature","properties":{"cat":"comercio"},"geometry":{"type":"Point","coordinates":[2.1897073,41.4058657]}},{"type":"Feature","properties":{"cat":"comercio"},"geometry":{"type":"Point","coordinates":[2.1601827,41.3858607]}},{"type":"Feature","properties":{"cat":"comercio"},"geometry":{"type":"Point","coordinates":[2.1642862,41.378031]}},{"type":"Feature","properties":{"cat":"comercio"},"geometry":{"type":"Point","coordinates":[2.142686,41.3763245]}},{"type":"Feature","properties":{"cat":"comercio"},"geometry":{"type":"Point","coordinates":[2.1806859,41.387812]}},{"type":"Feature","properties":{"cat":"comercio"},"geometry":{"type":"Point","coordinates":[2.1580486,41.427598]}},{"type":"Feature","properties":{"cat":"comercio"},"geometry":{"type":"Point","coordinates":[2.1758174,41.3902948]}},{"type":"Feature","properties":{"cat":"comercio"},"geometry":{"type":"Point","coordinates":[2.1414047,41.3642739]}},{"type":"Feature","properties":{"cat":"comercio"},"geometry":{"type":"Point","coordinates":[2.156684,41.3986928]}},{"type":"Feature","properties":{"cat":"comercio"},"geometry":{"type":"Point","coordinates":[2.1722801,41.4034828]}},{"type":"Feature","properties":{"cat":"comercio"},"geometry":{"type":"Point","coordinates":[2.1625929,41.3906663]}},{"type":"Feature","properties":{"cat":"comercio"},"geometry":{"type":"Point","coordinates":[2.1723868,41.4039551]}},{"type":"Feature","properties":{"cat":"comercio"},"geometry":{"type":"Point","coordinates":[2.1713319,41.4053806]}},{"type":"Feature","properties":{"cat":"comercio"},"geometry":{"type":"Point","coordinates":[2.1559385,41.4043043]}},{"type":"Feature","properties":{"cat":"comercio"},"geometry":{"type":"Point","coordinates":[2.1555534,41.3811767]}},{"type":"Feature","properties":{"cat":"comercio"},"geometry":{"type":"Point","coordinates":[2.1471455,41.4219397]}},{"type":"Feature","properties":{"cat":"comercio"},"geometry":{"type":"Point","coordinates":[2.1469129,41.4217179]}},{"type":"Feature","properties":{"cat":"comercio"},"geometry":{"type":"Point","coordinates":[2.1460169,41.4215763]}},{"type":"Feature","properties":{"cat":"comercio"},"geometry":{"type":"Point","coordinates":[2.1486557,41.4219251]}},{"type":"Feature","properties":{"cat":"comercio"},"geometry":{"type":"Point","coordinates":[2.148408,41.4218439]}},{"type":"Feature","properties":{"cat":"comercio"},"geometry":{"type":"Point","coordinates":[2.1518651,41.4246144]}},{"type":"Feature","properties":{"cat":"comercio"},"geometry":{"type":"Point","coordinates":[2.1516593,41.4246984]}},{"type":"Feature","properties":{"cat":"comercio"},"geometry":{"type":"Point","coordinates":[2.1487946,41.4233721]}},{"type":"Feature","properties":{"cat":"comercio"},"geometry":{"type":"Point","coordinates":[2.1692252,41.4049417]}},{"type":"Feature","properties":{"cat":"comercio"},"geometry":{"type":"Point","coordinates":[2.1710867,41.4032323]}},{"type":"Feature","properties":{"cat":"comercio"},"geometry":{"type":"Point","coordinates":[2.1645102,41.4079177]}},{"type":"Feature","properties":{"cat":"comercio"},"geometry":{"type":"Point","coordinates":[2.1716662,41.4030955]}},{"type":"Feature","properties":{"cat":"comercio"},"geometry":{"type":"Point","coordinates":[2.1524844,41.4242103]}},{"type":"Feature","properties":{"cat":"comercio"},"geometry":{"type":"Point","coordinates":[2.1500484,41.4234518]}},{"type":"Feature","properties":{"cat":"comercio"},"geometry":{"type":"Point","coordinates":[2.1425694,41.4238364]}},{"type":"Feature","properties":{"cat":"comercio"},"geometry":{"type":"Point","coordinates":[2.1267475,41.3921822]}},{"type":"Feature","properties":{"cat":"comercio"},"geometry":{"type":"Point","coordinates":[2.1495538,41.4212574]}},{"type":"Feature","properties":{"cat":"comercio"},"geometry":{"type":"Point","coordinates":[2.1313618,41.3756118]}},{"type":"Feature","properties":{"cat":"comercio"},"geometry":{"type":"Point","coordinates":[2.1685381,41.4037802]}},{"type":"Feature","properties":{"cat":"comercio"},"geometry":{"type":"Point","coordinates":[2.1729608,41.4004374]}},{"type":"Feature","properties":{"cat":"comercio"},"geometry":{"type":"Point","coordinates":[2.1746658,41.4010765]}},{"type":"Feature","properties":{"cat":"comercio"},"geometry":{"type":"Point","coordinates":[2.1725298,41.4007613]}},{"type":"Feature","properties":{"cat":"comercio"},"geometry":{"type":"Point","coordinates":[2.1616955,41.4088299]}},{"type":"Feature","properties":{"cat":"comercio"},"geometry":{"type":"Point","coordinates":[2.1646689,41.4046594]}},{"type":"Feature","properties":{"cat":"comercio"},"geometry":{"type":"Point","coordinates":[2.1470066,41.4231367]}},{"type":"Feature","properties":{"cat":"comercio"},"geometry":{"type":"Point","coordinates":[2.1425451,41.424067]}},{"type":"Feature","properties":{"cat":"comercio"},"geometry":{"type":"Point","coordinates":[2.1426501,41.4240535]}},{"type":"Feature","properties":{"cat":"comercio"},"geometry":{"type":"Point","coordinates":[2.1520345,41.4249089]}},{"type":"Feature","properties":{"cat":"comercio"},"geometry":{"type":"Point","coordinates":[2.1457641,41.4233916]}},{"type":"Feature","properties":{"cat":"comercio"},"geometry":{"type":"Point","coordinates":[2.1504647,41.3997802]}},{"type":"Feature","properties":{"cat":"comercio"},"geometry":{"type":"Point","coordinates":[2.1637324,41.3897625]}},{"type":"Feature","properties":{"cat":"comercio"},"geometry":{"type":"Point","coordinates":[2.1640178,41.391742]}},{"type":"Feature","properties":{"cat":"comercio"},"geometry":{"type":"Point","coordinates":[2.1756027,41.4308633]}},{"type":"Feature","properties":{"cat":"comercio"},"geometry":{"type":"Point","coordinates":[2.1469253,41.4239869]}},{"type":"Feature","properties":{"cat":"comercio"},"geometry":{"type":"Point","coordinates":[2.1486433,41.4239003]}},{"type":"Feature","properties":{"cat":"comercio"},"geometry":{"type":"Point","coordinates":[2.1764704,41.4114321]}},{"type":"Feature","properties":{"cat":"comercio"},"geometry":{"type":"Point","coordinates":[2.1733883,41.4106408]}},{"type":"Feature","properties":{"cat":"comercio"},"geometry":{"type":"Point","coordinates":[2.1591236,41.401698]}},{"type":"Feature","properties":{"cat":"comercio"},"geometry":{"type":"Point","coordinates":[2.1510365,41.4239839]}},{"type":"Feature","properties":{"cat":"comercio"},"geometry":{"type":"Point","coordinates":[2.1514361,41.4244526]}},{"type":"Feature","properties":{"cat":"comercio"},"geometry":{"type":"Point","coordinates":[2.1752435,41.4051806]}},{"type":"Feature","properties":{"cat":"comercio"},"geometry":{"type":"Point","coordinates":[2.1724151,41.4031708]}},{"type":"Feature","properties":{"cat":"comercio"},"geometry":{"type":"Point","coordinates":[2.1537626,41.4256283]}},{"type":"Feature","properties":{"cat":"comercio"},"geometry":{"type":"Point","coordinates":[2.1516394,41.4244374]}},{"type":"Feature","properties":{"cat":"comercio"},"geometry":{"type":"Point","coordinates":[2.170697,41.406583]}},{"type":"Feature","properties":{"cat":"comercio"},"geometry":{"type":"Point","coordinates":[2.1613721,41.4021639]}},{"type":"Feature","properties":{"cat":"comercio"},"geometry":{"type":"Point","coordinates":[2.1592954,41.3980911]}},{"type":"Feature","properties":{"cat":"comercio"},"geometry":{"type":"Point","coordinates":[2.1621366,41.4039086]}},{"type":"Feature","properties":{"cat":"comercio"},"geometry":{"type":"Point","coordinates":[2.1647653,41.4038158]}},{"type":"Feature","properties":{"cat":"comercio"},"geometry":{"type":"Point","coordinates":[2.1692693,41.4075396]}},{"type":"Feature","properties":{"cat":"comercio"},"geometry":{"type":"Point","coordinates":[2.1735426,41.4073905]}},{"type":"Feature","properties":{"cat":"comercio"},"geometry":{"type":"Point","coordinates":[2.1718689,41.4057677]}},{"type":"Feature","properties":{"cat":"comercio"},"geometry":{"type":"Point","coordinates":[2.1689656,41.4022418]}},{"type":"Feature","properties":{"cat":"comercio"},"geometry":{"type":"Point","coordinates":[2.1782436,41.4080496]}},{"type":"Feature","properties":{"cat":"comercio"},"geometry":{"type":"Point","coordinates":[2.1772369,41.4081247]}},{"type":"Feature","properties":{"cat":"comercio"},"geometry":{"type":"Point","coordinates":[2.1676369,41.4388373]}},{"type":"Feature","properties":{"cat":"comercio"},"geometry":{"type":"Point","coordinates":[2.1669418,41.4389556]}},{"type":"Feature","properties":{"cat":"comercio"},"geometry":{"type":"Point","coordinates":[2.1749281,41.4063597]}},{"type":"Feature","properties":{"cat":"comercio"},"geometry":{"type":"Point","coordinates":[2.1561266,41.4038996]}},{"type":"Feature","properties":{"cat":"comercio"},"geometry":{"type":"Point","coordinates":[2.1573676,41.4051465]}},{"type":"Feature","properties":{"cat":"comercio"},"geometry":{"type":"Point","coordinates":[2.1527458,41.3982912]}},{"type":"Feature","properties":{"cat":"comercio"},"geometry":{"type":"Point","coordinates":[2.1774594,41.4068675]}},{"type":"Feature","properties":{"cat":"comercio"},"geometry":{"type":"Point","coordinates":[2.2246819,41.4384065]}},{"type":"Feature","properties":{"cat":"comercio"},"geometry":{"type":"Point","coordinates":[2.1601112,41.3744984]}},{"type":"Feature","properties":{"cat":"comercio"},"geometry":{"type":"Point","coordinates":[2.1674105,41.4041095]}},{"type":"Feature","properties":{"cat":"comercio"},"geometry":{"type":"Point","coordinates":[2.1747985,41.4099836]}},{"type":"Feature","properties":{"cat":"comercio"},"geometry":{"type":"Point","coordinates":[2.1739445,41.4090306]}},{"type":"Feature","properties":{"cat":"comercio"},"geometry":{"type":"Point","coordinates":[2.1792298,41.4095051]}},{"type":"Feature","properties":{"cat":"comercio"},"geometry":{"type":"Point","coordinates":[2.1750447,41.394124]}},{"type":"Feature","properties":{"cat":"comercio"},"geometry":{"type":"Point","coordinates":[2.1590846,41.4015523]}},{"type":"Feature","properties":{"cat":"comercio"},"geometry":{"type":"Point","coordinates":[2.1368219,41.403631]}},{"type":"Feature","properties":{"cat":"comercio"},"geometry":{"type":"Point","coordinates":[2.1332375,41.3753219]}},{"type":"Feature","properties":{"cat":"comercio"},"geometry":{"type":"Point","coordinates":[2.1557942,41.4251828]}},{"type":"Feature","properties":{"cat":"comercio"},"geometry":{"type":"Point","coordinates":[2.1542041,41.4032168]}},{"type":"Feature","properties":{"cat":"comercio"},"geometry":{"type":"Point","coordinates":[2.1725784,41.4341328]}},{"type":"Feature","properties":{"cat":"comercio"},"geometry":{"type":"Point","coordinates":[2.1505135,41.402095]}},{"type":"Feature","properties":{"cat":"comercio"},"geometry":{"type":"Point","coordinates":[2.1539247,41.4005992]}},{"type":"Feature","properties":{"cat":"comercio"},"geometry":{"type":"Point","coordinates":[2.175008,41.3904129]}},{"type":"Feature","properties":{"cat":"comercio"},"geometry":{"type":"Point","coordinates":[2.1903896,41.4285496]}},{"type":"Feature","properties":{"cat":"comercio"},"geometry":{"type":"Point","coordinates":[2.1764596,41.4253234]}},{"type":"Feature","properties":{"cat":"comercio"},"geometry":{"type":"Point","coordinates":[2.1583481,41.3745563]}},{"type":"Feature","properties":{"cat":"comercio"},"geometry":{"type":"Point","coordinates":[2.203517,41.4004914]}},{"type":"Feature","properties":{"cat":"comercio"},"geometry":{"type":"Point","coordinates":[2.150225,41.4043461]}},{"type":"Feature","properties":{"cat":"comercio"},"geometry":{"type":"Point","coordinates":[2.2010138,41.4018083]}},{"type":"Feature","properties":{"cat":"comercio"},"geometry":{"type":"Point","coordinates":[2.162503,41.4096787]}},{"type":"Feature","properties":{"cat":"comercio"},"geometry":{"type":"Point","coordinates":[2.1825341,41.3970387]}},{"type":"Feature","properties":{"cat":"comercio"},"geometry":{"type":"Point","coordinates":[2.2010186,41.4133397]}},{"type":"Feature","properties":{"cat":"comercio"},"geometry":{"type":"Point","coordinates":[2.1679573,41.4302855]}},{"type":"Feature","properties":{"cat":"comercio"},"geometry":{"type":"Point","coordinates":[2.1335712,41.3809203]}},{"type":"Feature","properties":{"cat":"comercio"},"geometry":{"type":"Point","coordinates":[2.1625974,41.3772234]}},{"type":"Feature","properties":{"cat":"comercio"},"geometry":{"type":"Point","coordinates":[2.1227944,41.3962605]}},{"type":"Feature","properties":{"cat":"comercio"},"geometry":{"type":"Point","coordinates":[2.1764075,41.4027904]}},{"type":"Feature","properties":{"cat":"comercio"},"geometry":{"type":"Point","coordinates":[2.1728916,41.3750603]}},{"type":"Feature","properties":{"cat":"comercio"},"geometry":{"type":"Point","coordinates":[2.1416618,41.4213919]}},{"type":"Feature","properties":{"cat":"comercio"},"geometry":{"type":"Point","coordinates":[2.1417103,41.4214076]}},{"type":"Feature","properties":{"cat":"comercio"},"geometry":{"type":"Point","coordinates":[2.1566149,41.4244122]}},{"type":"Feature","properties":{"cat":"comercio"},"geometry":{"type":"Point","coordinates":[2.1556292,41.4271008]}},{"type":"Feature","properties":{"cat":"comercio"},"geometry":{"type":"Point","coordinates":[2.1548349,41.4265747]}},{"type":"Feature","properties":{"cat":"comercio"},"geometry":{"type":"Point","coordinates":[2.1544384,41.4262045]}},{"type":"Feature","properties":{"cat":"comercio"},"geometry":{"type":"Point","coordinates":[2.154229,41.426007]}},{"type":"Feature","properties":{"cat":"comercio"},"geometry":{"type":"Point","coordinates":[2.1539016,41.4258573]}},{"type":"Feature","properties":{"cat":"comercio"},"geometry":{"type":"Point","coordinates":[2.1563669,41.4274987]}},{"type":"Feature","properties":{"cat":"comercio"},"geometry":{"type":"Point","coordinates":[2.1216516,41.3956723]}},{"type":"Feature","properties":{"cat":"comercio"},"geometry":{"type":"Point","coordinates":[2.1549576,41.4239525]}},{"type":"Feature","properties":{"cat":"comercio"},"geometry":{"type":"Point","coordinates":[2.1512922,41.4217688]}},{"type":"Feature","properties":{"cat":"comercio"},"geometry":{"type":"Point","coordinates":[2.1518709,41.4220727]}},{"type":"Feature","properties":{"cat":"comercio"},"geometry":{"type":"Point","coordinates":[2.1555737,41.4241304]}},{"type":"Feature","properties":{"cat":"comercio"},"geometry":{"type":"Point","coordinates":[2.1554212,41.4255359]}},{"type":"Feature","properties":{"cat":"comercio"},"geometry":{"type":"Point","coordinates":[2.1545442,41.4252722]}},{"type":"Feature","properties":{"cat":"comercio"},"geometry":{"type":"Point","coordinates":[2.1551434,41.426654]}},{"type":"Feature","properties":{"cat":"comercio"},"geometry":{"type":"Point","coordinates":[2.1552676,41.4267539]}},{"type":"Feature","properties":{"cat":"comercio"},"geometry":{"type":"Point","coordinates":[2.1572699,41.4265804]}},{"type":"Feature","properties":{"cat":"comercio"},"geometry":{"type":"Point","coordinates":[2.157183,41.4270606]}},{"type":"Feature","properties":{"cat":"comercio"},"geometry":{"type":"Point","coordinates":[2.155784,41.4207285]}},{"type":"Feature","properties":{"cat":"comercio"},"geometry":{"type":"Point","coordinates":[2.1554576,41.4216756]}},{"type":"Feature","properties":{"cat":"comercio"},"geometry":{"type":"Point","coordinates":[2.1553608,41.4208615]}},{"type":"Feature","properties":{"cat":"comercio"},"geometry":{"type":"Point","coordinates":[2.1565851,41.4206092]}},{"type":"Feature","properties":{"cat":"comercio"},"geometry":{"type":"Point","coordinates":[2.1547766,41.4202823]}},{"type":"Feature","properties":{"cat":"comercio"},"geometry":{"type":"Point","coordinates":[2.1554545,41.4220761]}},{"type":"Feature","properties":{"cat":"comercio"},"geometry":{"type":"Point","coordinates":[2.1547664,41.422111]}},{"type":"Feature","properties":{"cat":"comercio"},"geometry":{"type":"Point","coordinates":[2.1546606,41.4232272]}},{"type":"Feature","properties":{"cat":"comercio"},"geometry":{"type":"Point","coordinates":[2.1546068,41.4233188]}},{"type":"Feature","properties":{"cat":"comercio"},"geometry":{"type":"Point","coordinates":[2.1578365,41.4241568]}},{"type":"Feature","properties":{"cat":"comercio"},"geometry":{"type":"Point","coordinates":[2.1787725,41.3918668]}},{"type":"Feature","properties":{"cat":"comercio"},"geometry":{"type":"Point","coordinates":[2.1354917,41.4023957]}},{"type":"Feature","properties":{"cat":"comercio"},"geometry":{"type":"Point","coordinates":[2.1373768,41.3752524]}},{"type":"Feature","properties":{"cat":"comercio"},"geometry":{"type":"Point","coordinates":[2.1660567,41.3949556]}},{"type":"Feature","properties":{"cat":"comercio"},"geometry":{"type":"Point","coordinates":[2.1413574,41.3737588]}},{"type":"Feature","properties":{"cat":"comercio"},"geometry":{"type":"Point","coordinates":[2.1508827,41.3949238]}},{"type":"Feature","properties":{"cat":"comercio"},"geometry":{"type":"Point","coordinates":[2.1393169,41.3631128]}},{"type":"Feature","properties":{"cat":"comercio"},"geometry":{"type":"Point","coordinates":[2.1621788,41.3868747]}},{"type":"Feature","properties":{"cat":"comercio"},"geometry":{"type":"Point","coordinates":[2.1779771,41.3971217]}},{"type":"Feature","properties":{"cat":"comercio"},"geometry":{"type":"Point","coordinates":[2.1812818,41.3821997]}},{"type":"Feature","properties":{"cat":"comercio"},"geometry":{"type":"Point","coordinates":[2.160064,41.3854393]}},{"type":"Feature","properties":{"cat":"comercio"},"geometry":{"type":"Point","coordinates":[2.1610668,41.3869676]}},{"type":"Feature","properties":{"cat":"comercio"},"geometry":{"type":"Point","coordinates":[2.1402282,41.3610405]}},{"type":"Feature","properties":{"cat":"comercio"},"geometry":{"type":"Point","coordinates":[2.1598688,41.4018957]}},{"type":"Feature","properties":{"cat":"comercio"},"geometry":{"type":"Point","coordinates":[2.1594632,41.401632]}},{"type":"Feature","properties":{"cat":"comercio"},"geometry":{"type":"Point","coordinates":[2.1010058,41.3735429]}},{"type":"Feature","properties":{"cat":"comercio"},"geometry":{"type":"Point","coordinates":[2.1372331,41.3847429]}},{"type":"Feature","properties":{"cat":"comercio"},"geometry":{"type":"Point","coordinates":[2.1544728,41.3895942]}},{"type":"Feature","properties":{"cat":"comercio"},"geometry":{"type":"Point","coordinates":[2.1666853,41.3949272]}},{"type":"Feature","properties":{"cat":"comercio"},"geometry":{"type":"Point","coordinates":[2.1387727,41.3859747]}},{"type":"Feature","properties":{"cat":"comercio"},"geometry":{"type":"Point","coordinates":[2.137747,41.3858499]}},{"type":"Feature","properties":{"cat":"comercio"},"geometry":{"type":"Point","coordinates":[2.1391217,41.3797458]}},{"type":"Feature","properties":{"cat":"comercio"},"geometry":{"type":"Point","coordinates":[2.1477278,41.381139]}},{"type":"Feature","properties":{"cat":"comercio"},"geometry":{"type":"Point","coordinates":[2.1370047,41.3853519]}},{"type":"Feature","properties":{"cat":"comercio"},"geometry":{"type":"Point","coordinates":[2.1682498,41.3996725]}},{"type":"Feature","properties":{"cat":"comercio"},"geometry":{"type":"Point","coordinates":[2.1757495,41.3887397]}},{"type":"Feature","properties":{"cat":"comercio"},"geometry":{"type":"Point","coordinates":[2.2233321,41.4232152]}},{"type":"Feature","properties":{"cat":"comercio"},"geometry":{"type":"Point","coordinates":[2.1821706,41.3828983]}},{"type":"Feature","properties":{"cat":"comercio"},"geometry":{"type":"Point","coordinates":[2.143055,41.3962729]}},{"type":"Feature","properties":{"cat":"comercio"},"geometry":{"type":"Point","coordinates":[2.1478583,41.3948658]}},{"type":"Feature","properties":{"cat":"comercio"},"geometry":{"type":"Point","coordinates":[2.1800414,41.3863718]}},{"type":"Feature","properties":{"cat":"comercio"},"geometry":{"type":"Point","coordinates":[2.1804539,41.3873906]}},{"type":"Feature","properties":{"cat":"comercio"},"geometry":{"type":"Point","coordinates":[2.165215,41.3851898]}},{"type":"Feature","properties":{"cat":"comercio"},"geometry":{"type":"Point","coordinates":[2.1619927,41.3850597]}},{"type":"Feature","properties":{"cat":"comercio"},"geometry":{"type":"Point","coordinates":[2.1555065,41.3880256]}},{"type":"Feature","properties":{"cat":"comercio"},"geometry":{"type":"Point","coordinates":[2.1771049,41.3909216]}},{"type":"Feature","properties":{"cat":"comercio"},"geometry":{"type":"Point","coordinates":[2.1777038,41.3871334]}},{"type":"Feature","properties":{"cat":"comercio"},"geometry":{"type":"Point","coordinates":[2.1824262,41.3865857]}},{"type":"Feature","properties":{"cat":"comercio"},"geometry":{"type":"Point","coordinates":[2.1424951,41.3869503]}},{"type":"Feature","properties":{"cat":"comercio"},"geometry":{"type":"Point","coordinates":[2.1638999,41.3831822]}},{"type":"Feature","properties":{"cat":"comercio"},"geometry":{"type":"Point","coordinates":[2.1786682,41.3818026]}},{"type":"Feature","properties":{"cat":"comercio"},"geometry":{"type":"Point","coordinates":[2.160105,41.3901081]}},{"type":"Feature","properties":{"cat":"comercio"},"geometry":{"type":"Point","coordinates":[2.1491285,41.3817981]}},{"type":"Feature","properties":{"cat":"comercio"},"geometry":{"type":"Point","coordinates":[2.1562845,41.3875762]}},{"type":"Feature","properties":{"cat":"comercio"},"geometry":{"type":"Point","coordinates":[2.1544324,41.3858301]}},{"type":"Feature","properties":{"cat":"comercio"},"geometry":{"type":"Point","coordinates":[2.1515523,41.383622]}},{"type":"Feature","properties":{"cat":"comercio"},"geometry":{"type":"Point","coordinates":[2.1487622,41.3812291]}},{"type":"Feature","properties":{"cat":"comercio"},"geometry":{"type":"Point","coordinates":[2.1608418,41.3905125]}},{"type":"Feature","properties":{"cat":"comercio"},"geometry":{"type":"Point","coordinates":[2.1493768,41.3819953]}},{"type":"Feature","properties":{"cat":"comercio"},"geometry":{"type":"Point","coordinates":[2.1576673,41.388274]}},{"type":"Feature","properties":{"cat":"comercio"},"geometry":{"type":"Point","coordinates":[2.2234813,41.4162033]}},{"type":"Feature","properties":{"cat":"comercio"},"geometry":{"type":"Point","coordinates":[2.1090639,41.372796]}},{"type":"Feature","properties":{"cat":"comercio"},"geometry":{"type":"Point","coordinates":[2.1089814,41.3725995]}},{"type":"Feature","properties":{"cat":"comercio"},"geometry":{"type":"Point","coordinates":[2.1165364,41.3778863]}},{"type":"Feature","properties":{"cat":"comercio"},"geometry":{"type":"Point","coordinates":[2.1000382,41.3719219]}},{"type":"Feature","properties":{"cat":"comercio"},"geometry":{"type":"Point","coordinates":[2.1720008,41.3790929]}},{"type":"Feature","properties":{"cat":"comercio"},"geometry":{"type":"Point","coordinates":[2.1535042,41.3803705]}},{"type":"Feature","properties":{"cat":"comercio"},"geometry":{"type":"Point","coordinates":[2.1515795,41.3785938]}},{"type":"Feature","properties":{"cat":"comercio"},"geometry":{"type":"Point","coordinates":[2.1519956,41.3789254]}},{"type":"Feature","properties":{"cat":"comercio"},"geometry":{"type":"Point","coordinates":[2.1982348,41.4032097]}},{"type":"Feature","properties":{"cat":"comercio"},"geometry":{"type":"Point","coordinates":[2.1482436,41.3953924]}},{"type":"Feature","properties":{"cat":"comercio"},"geometry":{"type":"Point","coordinates":[2.1892741,41.420166]}},{"type":"Feature","properties":{"cat":"comercio"},"geometry":{"type":"Point","coordinates":[2.1277642,41.3969308]}},{"type":"Feature","properties":{"cat":"comercio"},"geometry":{"type":"Point","coordinates":[2.1424305,41.3592033]}},{"type":"Feature","properties":{"cat":"comercio"},"geometry":{"type":"Point","coordinates":[2.1348064,41.369503]}},{"type":"Feature","properties":{"cat":"comercio"},"geometry":{"type":"Point","coordinates":[2.1441289,41.4044669]}},{"type":"Feature","properties":{"cat":"comercio"},"geometry":{"type":"Point","coordinates":[2.1274314,41.3835857]}},{"type":"Feature","properties":{"cat":"comercio"},"geometry":{"type":"Point","coordinates":[2.1143124,41.3744144]}},{"type":"Feature","properties":{"cat":"comercio"},"geometry":{"type":"Point","coordinates":[2.1151309,41.3734067]}},{"type":"Feature","properties":{"cat":"comercio"},"geometry":{"type":"Point","coordinates":[2.1134268,41.3728156]}},{"type":"Feature","properties":{"cat":"comercio"},"geometry":{"type":"Point","coordinates":[2.1272921,41.3820041]}},{"type":"Feature","properties":{"cat":"comercio"},"geometry":{"type":"Point","coordinates":[2.1551264,41.3962489]}},{"type":"Feature","properties":{"cat":"comercio"},"geometry":{"type":"Point","coordinates":[2.1579818,41.391938]}},{"type":"Feature","properties":{"cat":"comercio"},"geometry":{"type":"Point","coordinates":[2.1577399,41.4370962]}},{"type":"Feature","properties":{"cat":"comercio"},"geometry":{"type":"Point","coordinates":[2.1296689,41.3676723]}},{"type":"Feature","properties":{"cat":"comercio"},"geometry":{"type":"Point","coordinates":[2.1276222,41.3642891]}},{"type":"Feature","properties":{"cat":"comercio"},"geometry":{"type":"Point","coordinates":[2.1526184,41.3773323]}},{"type":"Feature","properties":{"cat":"comercio"},"geometry":{"type":"Point","coordinates":[2.1471105,41.3730869]}},{"type":"Feature","properties":{"cat":"comercio"},"geometry":{"type":"Point","coordinates":[2.2099456,41.4098158]}},{"type":"Feature","properties":{"cat":"comercio"},"geometry":{"type":"Point","coordinates":[2.2252206,41.4137345]}},{"type":"Feature","properties":{"cat":"comercio"},"geometry":{"type":"Point","coordinates":[2.1441256,41.3883224]}},{"type":"Feature","properties":{"cat":"comercio"},"geometry":{"type":"Point","coordinates":[2.1752298,41.386773]}},{"type":"Feature","properties":{"cat":"comercio"},"geometry":{"type":"Point","coordinates":[2.1614151,41.3905804]}},{"type":"Feature","properties":{"cat":"comercio"},"geometry":{"type":"Point","coordinates":[2.159983,41.4043319]}},{"type":"Feature","properties":{"cat":"comercio"},"geometry":{"type":"Point","coordinates":[2.1558773,41.403768]}},{"type":"Feature","properties":{"cat":"comercio"},"geometry":{"type":"Point","coordinates":[2.1878315,41.4147595]}},{"type":"Feature","properties":{"cat":"comercio"},"geometry":{"type":"Point","coordinates":[2.1905541,41.4160387]}},{"type":"Feature","properties":{"cat":"comercio"},"geometry":{"type":"Point","coordinates":[2.1545068,41.3746799]}},{"type":"Feature","properties":{"cat":"comercio"},"geometry":{"type":"Point","coordinates":[2.1879343,41.4299646]}},{"type":"Feature","properties":{"cat":"comercio"},"geometry":{"type":"Point","coordinates":[2.1505062,41.3879381]}},{"type":"Feature","properties":{"cat":"comercio"},"geometry":{"type":"Point","coordinates":[2.149787,41.3873173]}},{"type":"Feature","properties":{"cat":"comercio"},"geometry":{"type":"Point","coordinates":[2.1409762,41.3833415]}},{"type":"Feature","properties":{"cat":"comercio"},"geometry":{"type":"Point","coordinates":[2.1515968,41.4059341]}},{"type":"Feature","properties":{"cat":"comercio"},"geometry":{"type":"Point","coordinates":[2.1432361,41.3841984]}},{"type":"Feature","properties":{"cat":"comercio"},"geometry":{"type":"Point","coordinates":[2.1490762,41.3906556]}},{"type":"Feature","properties":{"cat":"comercio"},"geometry":{"type":"Point","coordinates":[2.1423002,41.3850621]}},{"type":"Feature","properties":{"cat":"comercio"},"geometry":{"type":"Point","coordinates":[2.1431567,41.3897873]}},{"type":"Feature","properties":{"cat":"comercio"},"geometry":{"type":"Point","coordinates":[2.1422047,41.3837382]}},{"type":"Feature","properties":{"cat":"comercio"},"geometry":{"type":"Point","coordinates":[2.1471563,41.3750152]}},{"type":"Feature","properties":{"cat":"comercio"},"geometry":{"type":"Point","coordinates":[2.136303,41.3657131]}},{"type":"Feature","properties":{"cat":"comercio"},"geometry":{"type":"Point","coordinates":[2.1392882,41.369109]}},{"type":"Feature","properties":{"cat":"comercio"},"geometry":{"type":"Point","coordinates":[2.1413597,41.3722853]}},{"type":"Feature","properties":{"cat":"comercio"},"geometry":{"type":"Point","coordinates":[2.1459188,41.377447]}},{"type":"Feature","properties":{"cat":"comercio"},"geometry":{"type":"Point","coordinates":[2.1453536,41.3761484]}},{"type":"Feature","properties":{"cat":"comercio"},"geometry":{"type":"Point","coordinates":[2.1475215,41.390624]}},{"type":"Feature","properties":{"cat":"comercio"},"geometry":{"type":"Point","coordinates":[2.1978459,41.3996622]}},{"type":"Feature","properties":{"cat":"comercio"},"geometry":{"type":"Point","coordinates":[2.1984615,41.4001622]}},{"type":"Feature","properties":{"cat":"comercio"},"geometry":{"type":"Point","coordinates":[2.1435729,41.3843773]}},{"type":"Feature","properties":{"cat":"comercio"},"geometry":{"type":"Point","coordinates":[2.1463037,41.3939155]}},{"type":"Feature","properties":{"cat":"comercio"},"geometry":{"type":"Point","coordinates":[2.1693211,41.402132]}},{"type":"Feature","properties":{"cat":"comercio"},"geometry":{"type":"Point","coordinates":[2.1545744,41.391366]}},{"type":"Feature","properties":{"cat":"comercio"},"geometry":{"type":"Point","coordinates":[2.1483313,41.3845702]}},{"type":"Feature","properties":{"cat":"comercio"},"geometry":{"type":"Point","coordinates":[2.1461251,41.3937644]}},{"type":"Feature","properties":{"cat":"comercio"},"geometry":{"type":"Point","coordinates":[2.1374479,41.3618892]}},{"type":"Feature","properties":{"cat":"comercio"},"geometry":{"type":"Point","coordinates":[2.1816355,41.4190756]}},{"type":"Feature","properties":{"cat":"comercio"},"geometry":{"type":"Point","coordinates":[2.1467646,41.3959984]}},{"type":"Feature","properties":{"cat":"comercio"},"geometry":{"type":"Point","coordinates":[2.1463433,41.3939451]}},{"type":"Feature","properties":{"cat":"comercio"},"geometry":{"type":"Point","coordinates":[2.140303,41.4008729]}},{"type":"Feature","properties":{"cat":"comercio"},"geometry":{"type":"Point","coordinates":[2.1096313,41.3607328]}},{"type":"Feature","properties":{"cat":"comercio"},"geometry":{"type":"Point","coordinates":[2.1258227,41.3670327]}},{"type":"Feature","properties":{"cat":"comercio"},"geometry":{"type":"Point","coordinates":[2.1310694,41.3686071]}},{"type":"Feature","properties":{"cat":"comercio"},"geometry":{"type":"Point","coordinates":[2.1374753,41.3790295]}},{"type":"Feature","properties":{"cat":"comercio"},"geometry":{"type":"Point","coordinates":[2.1370177,41.3797181]}},{"type":"Feature","properties":{"cat":"comercio"},"geometry":{"type":"Point","coordinates":[2.1373666,41.3776503]}},{"type":"Feature","properties":{"cat":"comercio"},"geometry":{"type":"Point","coordinates":[2.1377936,41.3785669]}},{"type":"Feature","properties":{"cat":"comercio"},"geometry":{"type":"Point","coordinates":[2.1413032,41.3823294]}},{"type":"Feature","properties":{"cat":"comercio"},"geometry":{"type":"Point","coordinates":[2.1409637,41.3841264]}},{"type":"Feature","properties":{"cat":"comercio"},"geometry":{"type":"Point","coordinates":[2.171267,41.3965802]}},{"type":"Feature","properties":{"cat":"comercio"},"geometry":{"type":"Point","coordinates":[2.1659005,41.3825285]}},{"type":"Feature","properties":{"cat":"comercio"},"geometry":{"type":"Point","coordinates":[2.1655923,41.3828342]}},{"type":"Feature","properties":{"cat":"comercio"},"geometry":{"type":"Point","coordinates":[2.162396,41.3829296]}},{"type":"Feature","properties":{"cat":"comercio"},"geometry":{"type":"Point","coordinates":[2.1467552,41.3823415]}},{"type":"Feature","properties":{"cat":"comercio"},"geometry":{"type":"Point","coordinates":[2.1564712,41.376415]}},{"type":"Feature","properties":{"cat":"comercio"},"geometry":{"type":"Point","coordinates":[2.1734737,41.4018597]}},{"type":"Feature","properties":{"cat":"comercio"},"geometry":{"type":"Point","coordinates":[2.1842583,41.4239255]}},{"type":"Feature","properties":{"cat":"comercio"},"geometry":{"type":"Point","coordinates":[2.1708307,41.3839523]}},{"type":"Feature","properties":{"cat":"comercio"},"geometry":{"type":"Point","coordinates":[2.1002923,41.3714357]}},{"type":"Feature","properties":{"cat":"comercio"},"geometry":{"type":"Point","coordinates":[2.1009469,41.371086]}},{"type":"Feature","properties":{"cat":"comercio"},"geometry":{"type":"Point","coordinates":[2.1675682,41.379594]}},{"type":"Feature","properties":{"cat":"comercio"},"geometry":{"type":"Point","coordinates":[2.1648341,41.3898164]}},{"type":"Feature","properties":{"cat":"comercio"},"geometry":{"type":"Point","coordinates":[2.1987269,41.4225396]}},{"type":"Feature","properties":{"cat":"comercio"},"geometry":{"type":"Point","coordinates":[2.1089579,41.3507689]}},{"type":"Feature","properties":{"cat":"comercio"},"geometry":{"type":"Point","coordinates":[2.1589489,41.4304518]}},{"type":"Feature","properties":{"cat":"comercio"},"geometry":{"type":"Point","coordinates":[2.1336988,41.3746133]}},{"type":"Feature","properties":{"cat":"comercio"},"geometry":{"type":"Point","coordinates":[2.1128402,41.3501622]}},{"type":"Feature","properties":{"cat":"comercio"},"geometry":{"type":"Point","coordinates":[2.1572618,41.4059995]}},{"type":"Feature","properties":{"cat":"comercio"},"geometry":{"type":"Point","coordinates":[2.1561695,41.4085594]}},{"type":"Feature","properties":{"cat":"comercio"},"geometry":{"type":"Point","coordinates":[2.1562697,41.4002744]}},{"type":"Feature","properties":{"cat":"comercio"},"geometry":{"type":"Point","coordinates":[2.1578753,41.4049716]}},{"type":"Feature","properties":{"cat":"comercio"},"geometry":{"type":"Point","coordinates":[2.1564777,41.4087052]}},{"type":"Feature","properties":{"cat":"comercio"},"geometry":{"type":"Point","coordinates":[2.1951791,41.4151978]}},{"type":"Feature","properties":{"cat":"comercio"},"geometry":{"type":"Point","coordinates":[2.1297249,41.3681647]}},{"type":"Feature","properties":{"cat":"comercio"},"geometry":{"type":"Point","coordinates":[2.1511771,41.3851122]}},{"type":"Feature","properties":{"cat":"comercio"},"geometry":{"type":"Point","coordinates":[2.152396,41.3852532]}},{"type":"Feature","properties":{"cat":"comercio"},"geometry":{"type":"Point","coordinates":[2.1537501,41.3870433]}},{"type":"Feature","properties":{"cat":"comercio"},"geometry":{"type":"Point","coordinates":[2.1545636,41.3866671]}},{"type":"Feature","properties":{"cat":"comercio"},"geometry":{"type":"Point","coordinates":[2.2255248,41.4381868]}},{"type":"Feature","properties":{"cat":"comercio"},"geometry":{"type":"Point","coordinates":[2.1449091,41.4135583]}},{"type":"Feature","properties":{"cat":"comercio"},"geometry":{"type":"Point","coordinates":[2.1946917,41.4283624]}},{"type":"Feature","properties":{"cat":"comercio"},"geometry":{"type":"Point","coordinates":[2.1919988,41.4227856]}},{"type":"Feature","properties":{"cat":"comercio"},"geometry":{"type":"Point","coordinates":[2.1312254,41.3812788]}},{"type":"Feature","properties":{"cat":"comercio"},"geometry":{"type":"Point","coordinates":[2.1987792,41.4003662]}},{"type":"Feature","properties":{"cat":"comercio"},"geometry":{"type":"Point","coordinates":[2.1002053,41.3725726]}},{"type":"Feature","properties":{"cat":"comercio"},"geometry":{"type":"Point","coordinates":[2.14819,41.3966927]}},{"type":"Feature","properties":{"cat":"comercio"},"geometry":{"type":"Point","coordinates":[2.1295994,41.3756298]}},{"type":"Feature","properties":{"cat":"comercio"},"geometry":{"type":"Point","coordinates":[2.1829056,41.3854996]}},{"type":"Feature","properties":{"cat":"comercio"},"geometry":{"type":"Point","coordinates":[2.190223,41.3785931]}},{"type":"Feature","properties":{"cat":"comercio"},"geometry":{"type":"Point","coordinates":[2.1900662,41.3783379]}},{"type":"Feature","properties":{"cat":"comercio"},"geometry":{"type":"Point","coordinates":[2.1773608,41.3870621]}},{"type":"Feature","properties":{"cat":"comercio"},"geometry":{"type":"Point","coordinates":[2.1773247,41.387029]}},{"type":"Feature","properties":{"cat":"comercio"},"geometry":{"type":"Point","coordinates":[2.1759498,41.3864152]}},{"type":"Feature","properties":{"cat":"comercio"},"geometry":{"type":"Point","coordinates":[2.1808244,41.3896906]}},{"type":"Feature","properties":{"cat":"comercio"},"geometry":{"type":"Point","coordinates":[2.1787676,41.3883957]}},{"type":"Feature","properties":{"cat":"comercio"},"geometry":{"type":"Point","coordinates":[2.1532532,41.4026746]}},{"type":"Feature","properties":{"cat":"comercio"},"geometry":{"type":"Point","coordinates":[2.1549726,41.403691]}},{"type":"Feature","properties":{"cat":"comercio"},"geometry":{"type":"Point","coordinates":[2.1565544,41.4046227]}},{"type":"Feature","properties":{"cat":"comercio"},"geometry":{"type":"Point","coordinates":[2.1603921,41.3992103]}},{"type":"Feature","properties":{"cat":"comercio"},"geometry":{"type":"Point","coordinates":[2.1635929,41.3995641]}},{"type":"Feature","properties":{"cat":"comercio"},"geometry":{"type":"Point","coordinates":[2.1277593,41.3667568]}},{"type":"Feature","properties":{"cat":"comercio"},"geometry":{"type":"Point","coordinates":[2.1267387,41.3659473]}},{"type":"Feature","properties":{"cat":"comercio"},"geometry":{"type":"Point","coordinates":[2.1281559,41.3658663]}},{"type":"Feature","properties":{"cat":"comercio"},"geometry":{"type":"Point","coordinates":[2.1786833,41.391376]}},{"type":"Feature","properties":{"cat":"comercio"},"geometry":{"type":"Point","coordinates":[2.1777307,41.38963]}},{"type":"Feature","properties":{"cat":"comercio"},"geometry":{"type":"Point","coordinates":[2.1644035,41.3839322]}},{"type":"Feature","properties":{"cat":"comercio"},"geometry":{"type":"Point","coordinates":[2.2096981,41.4261672]}},{"type":"Feature","properties":{"cat":"comercio"},"geometry":{"type":"Point","coordinates":[2.1653671,41.3830151]}},{"type":"Feature","properties":{"cat":"comercio"},"geometry":{"type":"Point","coordinates":[2.1841379,41.4183665]}},{"type":"Feature","properties":{"cat":"comercio"},"geometry":{"type":"Point","coordinates":[2.2075838,41.4245433]}},{"type":"Feature","properties":{"cat":"comercio"},"geometry":{"type":"Point","coordinates":[2.1383023,41.3830524]}},{"type":"Feature","properties":{"cat":"comercio"},"geometry":{"type":"Point","coordinates":[2.19223,41.3800632]}},{"type":"Feature","properties":{"cat":"comercio"},"geometry":{"type":"Point","coordinates":[2.17465,41.3807805]}},{"type":"Feature","properties":{"cat":"comercio"},"geometry":{"type":"Point","coordinates":[2.1734411,41.3794436]}},{"type":"Feature","properties":{"cat":"comercio"},"geometry":{"type":"Point","coordinates":[2.1727973,41.3790518]}},{"type":"Feature","properties":{"cat":"comercio"},"geometry":{"type":"Point","coordinates":[2.1697688,41.3778886]}},{"type":"Feature","properties":{"cat":"comercio"},"geometry":{"type":"Point","coordinates":[2.1699105,41.377779]}},{"type":"Feature","properties":{"cat":"comercio"},"geometry":{"type":"Point","coordinates":[2.1693915,41.3782268]}},{"type":"Feature","properties":{"cat":"comercio"},"geometry":{"type":"Point","coordinates":[2.1694704,41.37816]}},{"type":"Feature","properties":{"cat":"comercio"},"geometry":{"type":"Point","coordinates":[2.1702411,41.3775334]}},{"type":"Feature","properties":{"cat":"comercio"},"geometry":{"type":"Point","coordinates":[2.122234,41.3977748]}},{"type":"Feature","properties":{"cat":"comercio"},"geometry":{"type":"Point","coordinates":[2.1009051,41.3596576]}},{"type":"Feature","properties":{"cat":"comercio"},"geometry":{"type":"Point","coordinates":[2.1261259,41.3654548]}},{"type":"Feature","properties":{"cat":"comercio"},"geometry":{"type":"Point","coordinates":[2.1770892,41.4256055]}},{"type":"Feature","properties":{"cat":"comercio"},"geometry":{"type":"Point","coordinates":[2.1699992,41.4306147]}},{"type":"Feature","properties":{"cat":"comercio"},"geometry":{"type":"Point","coordinates":[2.1702022,41.430511]}},{"type":"Feature","properties":{"cat":"comercio"},"geometry":{"type":"Point","coordinates":[2.172749,41.4219416]}},{"type":"Feature","properties":{"cat":"comercio"},"geometry":{"type":"Point","coordinates":[2.1725425,41.4236612]}},{"type":"Feature","properties":{"cat":"comercio"},"geometry":{"type":"Point","coordinates":[2.1762514,41.4248323]}},{"type":"Feature","properties":{"cat":"comercio"},"geometry":{"type":"Point","coordinates":[2.176165,41.4247319]}},{"type":"Feature","properties":{"cat":"comercio"},"geometry":{"type":"Point","coordinates":[2.1716647,41.385503]}},{"type":"Feature","properties":{"cat":"comercio"},"geometry":{"type":"Point","coordinates":[2.162702,41.4141535]}},{"type":"Feature","properties":{"cat":"comercio"},"geometry":{"type":"Point","coordinates":[2.1525132,41.4003827]}},{"type":"Feature","properties":{"cat":"comercio"},"geometry":{"type":"Point","coordinates":[2.1573465,41.3997747]}},{"type":"Feature","properties":{"cat":"comercio"},"geometry":{"type":"Point","coordinates":[2.1559535,41.3771623]}},{"type":"Feature","properties":{"cat":"comercio"},"geometry":{"type":"Point","coordinates":[2.1433757,41.3716451]}},{"type":"Feature","properties":{"cat":"comercio"},"geometry":{"type":"Point","coordinates":[2.1614658,41.3998142]}},{"type":"Feature","properties":{"cat":"comercio"},"geometry":{"type":"Point","coordinates":[2.1739275,41.4073684]}},{"type":"Feature","properties":{"cat":"comercio"},"geometry":{"type":"Point","coordinates":[2.1623492,41.4095878]}},{"type":"Feature","properties":{"cat":"comercio"},"geometry":{"type":"Point","coordinates":[2.1715614,41.389192]}},{"type":"Feature","properties":{"cat":"comercio"},"geometry":{"type":"Point","coordinates":[2.1171697,41.3565549]}},{"type":"Feature","properties":{"cat":"comercio"},"geometry":{"type":"Point","coordinates":[2.1179428,41.3550158]}},{"type":"Feature","properties":{"cat":"comercio"},"geometry":{"type":"Point","coordinates":[2.1137234,41.3528436]}},{"type":"Feature","properties":{"cat":"comercio"},"geometry":{"type":"Point","coordinates":[2.1773934,41.3938432]}},{"type":"Feature","properties":{"cat":"comercio"},"geometry":{"type":"Point","coordinates":[2.101772,41.3573712]}},{"type":"Feature","properties":{"cat":"comercio"},"geometry":{"type":"Point","coordinates":[2.1003123,41.3632424]}},{"type":"Feature","properties":{"cat":"comercio"},"geometry":{"type":"Point","coordinates":[2.1162575,41.3515176]}},{"type":"Feature","properties":{"cat":"comercio"},"geometry":{"type":"Point","coordinates":[2.1130968,41.3541882]}},{"type":"Feature","properties":{"cat":"comercio"},"geometry":{"type":"Point","coordinates":[2.1592533,41.3981292]}},{"type":"Feature","properties":{"cat":"comercio"},"geometry":{"type":"Point","coordinates":[2.1058925,41.3513617]}},{"type":"Feature","properties":{"cat":"comercio"},"geometry":{"type":"Point","coordinates":[2.113005,41.3497794]}},{"type":"Feature","properties":{"cat":"comercio"},"geometry":{"type":"Point","coordinates":[2.1139823,41.3572387]}},{"type":"Feature","properties":{"cat":"comercio"},"geometry":{"type":"Point","coordinates":[2.1118349,41.3525106]}},{"type":"Feature","properties":{"cat":"comercio"},"geometry":{"type":"Point","coordinates":[2.1443556,41.3523033]}},{"type":"Feature","properties":{"cat":"comercio"},"geometry":{"type":"Point","coordinates":[2.1409791,41.3685371]}},{"type":"Feature","properties":{"cat":"comercio"},"geometry":{"type":"Point","coordinates":[2.1458131,41.3721062]}},{"type":"Feature","properties":{"cat":"comercio"},"geometry":{"type":"Point","coordinates":[2.1978428,41.4039029]}},{"type":"Feature","properties":{"cat":"comercio"},"geometry":{"type":"Point","coordinates":[2.1629275,41.4007569]}},{"type":"Feature","properties":{"cat":"comercio"},"geometry":{"type":"Point","coordinates":[2.1023398,41.3565912]}},{"type":"Feature","properties":{"cat":"comercio"},"geometry":{"type":"Point","coordinates":[2.1107022,41.353095]}},{"type":"Feature","properties":{"cat":"comercio"},"geometry":{"type":"Point","coordinates":[2.1690993,41.4137544]}},{"type":"Feature","properties":{"cat":"comercio"},"geometry":{"type":"Point","coordinates":[2.1784188,41.4150217]}},{"type":"Feature","properties":{"cat":"comercio"},"geometry":{"type":"Point","coordinates":[2.1120023,41.3520745]}},{"type":"Feature","properties":{"cat":"comercio"},"geometry":{"type":"Point","coordinates":[2.1924372,41.4296624]}},{"type":"Feature","properties":{"cat":"comercio"},"geometry":{"type":"Point","coordinates":[2.1761755,41.40765]}},{"type":"Feature","properties":{"cat":"comercio"},"geometry":{"type":"Point","coordinates":[2.112208,41.3559923]}},{"type":"Feature","properties":{"cat":"comercio"},"geometry":{"type":"Point","coordinates":[2.1121815,41.356037]}},{"type":"Feature","properties":{"cat":"comercio"},"geometry":{"type":"Point","coordinates":[2.1125363,41.3554954]}},{"type":"Feature","properties":{"cat":"comercio"},"geometry":{"type":"Point","coordinates":[2.110451,41.3545141]}},{"type":"Feature","properties":{"cat":"comercio"},"geometry":{"type":"Point","coordinates":[2.1579943,41.4008627]}},{"type":"Feature","properties":{"cat":"comercio"},"geometry":{"type":"Point","coordinates":[2.1146859,41.3555666]}},{"type":"Feature","properties":{"cat":"comercio"},"geometry":{"type":"Point","coordinates":[2.1590304,41.4017946]}},{"type":"Feature","properties":{"cat":"comercio"},"geometry":{"type":"Point","coordinates":[2.1583971,41.4023547]}},{"type":"Feature","properties":{"cat":"comercio"},"geometry":{"type":"Point","coordinates":[2.1564556,41.4003992]}},{"type":"Feature","properties":{"cat":"comercio"},"geometry":{"type":"Point","coordinates":[2.1687536,41.3854345]}},{"type":"Feature","properties":{"cat":"comercio"},"geometry":{"type":"Point","coordinates":[2.1607267,41.403236]}},{"type":"Feature","properties":{"cat":"comercio"},"geometry":{"type":"Point","coordinates":[2.1684124,41.3732968]}},{"type":"Feature","properties":{"cat":"comercio"},"geometry":{"type":"Point","coordinates":[2.167878,41.3730236]}},{"type":"Feature","properties":{"cat":"comercio"},"geometry":{"type":"Point","coordinates":[2.1740717,41.3744636]}},{"type":"Feature","properties":{"cat":"comercio"},"geometry":{"type":"Point","coordinates":[2.1727559,41.372946]}},{"type":"Feature","properties":{"cat":"comercio"},"geometry":{"type":"Point","coordinates":[2.1686694,41.3735288]}},{"type":"Feature","properties":{"cat":"comercio"},"geometry":{"type":"Point","coordinates":[2.1682584,41.3742383]}},{"type":"Feature","properties":{"cat":"comercio"},"geometry":{"type":"Point","coordinates":[2.1690649,41.3742587]}},{"type":"Feature","properties":{"cat":"comercio"},"geometry":{"type":"Point","coordinates":[2.1665389,41.3745309]}},{"type":"Feature","properties":{"cat":"comercio"},"geometry":{"type":"Point","coordinates":[2.1660028,41.3767034]}},{"type":"Feature","properties":{"cat":"comercio"},"geometry":{"type":"Point","coordinates":[2.1634934,41.3801228]}},{"type":"Feature","properties":{"cat":"comercio"},"geometry":{"type":"Point","coordinates":[2.1808115,41.396163]}},{"type":"Feature","properties":{"cat":"comercio"},"geometry":{"type":"Point","coordinates":[2.179892,41.3961071]}},{"type":"Feature","properties":{"cat":"comercio"},"geometry":{"type":"Point","coordinates":[2.1794167,41.3934787]}},{"type":"Feature","properties":{"cat":"comercio"},"geometry":{"type":"Point","coordinates":[2.1596201,41.4017459]}},{"type":"Feature","properties":{"cat":"comercio"},"geometry":{"type":"Point","coordinates":[2.1595831,41.4017121]}},{"type":"Feature","properties":{"cat":"comercio"},"geometry":{"type":"Point","coordinates":[2.1291135,41.37953]}},{"type":"Feature","properties":{"cat":"comercio"},"geometry":{"type":"Point","coordinates":[2.2043118,41.3931122]}},{"type":"Feature","properties":{"cat":"comercio"},"geometry":{"type":"Point","coordinates":[2.1656814,41.3924922]}},{"type":"Feature","properties":{"cat":"comercio"},"geometry":{"type":"Point","coordinates":[2.166575,41.4277646]}},{"type":"Feature","properties":{"cat":"comercio"},"geometry":{"type":"Point","coordinates":[2.1636532,41.4071173]}},{"type":"Feature","properties":{"cat":"comercio"},"geometry":{"type":"Point","coordinates":[2.1489709,41.4088013]}},{"type":"Feature","properties":{"cat":"comercio"},"geometry":{"type":"Point","coordinates":[2.1397277,41.4105353]}},{"type":"Feature","properties":{"cat":"comercio"},"geometry":{"type":"Point","coordinates":[2.1381362,41.4115631]}},{"type":"Feature","properties":{"cat":"comercio"},"geometry":{"type":"Point","coordinates":[2.168616,41.4179275]}},{"type":"Feature","properties":{"cat":"comercio"},"geometry":{"type":"Point","coordinates":[2.1695994,41.4175679]}},{"type":"Feature","properties":{"cat":"comercio"},"geometry":{"type":"Point","coordinates":[2.1476435,41.3956586]}},{"type":"Feature","properties":{"cat":"comercio"},"geometry":{"type":"Point","coordinates":[2.1995876,41.4197173]}},{"type":"Feature","properties":{"cat":"comercio"},"geometry":{"type":"Point","coordinates":[2.2058367,41.399463]}},{"type":"Feature","properties":{"cat":"comercio"},"geometry":{"type":"Point","coordinates":[2.1102312,41.3504542]}},{"type":"Feature","properties":{"cat":"comercio"},"geometry":{"type":"Point","coordinates":[2.2086274,41.4020007]}},{"type":"Feature","properties":{"cat":"comercio"},"geometry":{"type":"Point","coordinates":[2.1793358,41.3862835]}},{"type":"Feature","properties":{"cat":"comercio"},"geometry":{"type":"Point","coordinates":[2.2041966,41.4213592]}},{"type":"Feature","properties":{"cat":"comercio"},"geometry":{"type":"Point","coordinates":[2.2046063,41.420856]}},{"type":"Feature","properties":{"cat":"comercio"},"geometry":{"type":"Point","coordinates":[2.2052539,41.4187499]}},{"type":"Feature","properties":{"cat":"comercio"},"geometry":{"type":"Point","coordinates":[2.1534211,41.4087254]}},{"type":"Feature","properties":{"cat":"comercio"},"geometry":{"type":"Point","coordinates":[2.1651652,41.427874]}},{"type":"Feature","properties":{"cat":"comercio"},"geometry":{"type":"Point","coordinates":[2.1603872,41.3805833]}},{"type":"Feature","properties":{"cat":"comercio"},"geometry":{"type":"Point","coordinates":[2.158981,41.3807348]}},{"type":"Feature","properties":{"cat":"comercio"},"geometry":{"type":"Point","coordinates":[2.1358101,41.3811972]}},{"type":"Feature","properties":{"cat":"comercio"},"geometry":{"type":"Point","coordinates":[2.2296442,41.4265639]}},{"type":"Feature","properties":{"cat":"comercio"},"geometry":{"type":"Point","coordinates":[2.1211266,41.36965]}},{"type":"Feature","properties":{"cat":"comercio"},"geometry":{"type":"Point","coordinates":[2.1209828,41.3719072]}},{"type":"Feature","properties":{"cat":"comercio"},"geometry":{"type":"Point","coordinates":[2.1617485,41.4160536]}},{"type":"Feature","properties":{"cat":"comercio"},"geometry":{"type":"Point","coordinates":[2.157651,41.3818648]}},{"type":"Feature","properties":{"cat":"comercio"},"geometry":{"type":"Point","coordinates":[2.2032161,41.4149878]}},{"type":"Feature","properties":{"cat":"comercio"},"geometry":{"type":"Point","coordinates":[2.1661852,41.3751697]}},{"type":"Feature","properties":{"cat":"comercio"},"geometry":{"type":"Point","coordinates":[2.1593769,41.4002872]}},{"type":"Feature","properties":{"cat":"comercio"},"geometry":{"type":"Point","coordinates":[2.146415,41.382985]}},{"type":"Feature","properties":{"cat":"comercio"},"geometry":{"type":"Point","coordinates":[2.180471,41.4322129]}},{"type":"Feature","properties":{"cat":"comercio"},"geometry":{"type":"Point","coordinates":[2.1492897,41.3988815]}},{"type":"Feature","properties":{"cat":"comercio"},"geometry":{"type":"Point","coordinates":[2.2053079,41.4344544]}},{"type":"Feature","properties":{"cat":"comercio"},"geometry":{"type":"Point","coordinates":[2.1713685,41.3955557]}},{"type":"Feature","properties":{"cat":"comercio"},"geometry":{"type":"Point","coordinates":[2.1585948,41.4004238]}},{"type":"Feature","properties":{"cat":"comercio"},"geometry":{"type":"Point","coordinates":[2.1509987,41.4067088]}},{"type":"Feature","properties":{"cat":"comercio"},"geometry":{"type":"Point","coordinates":[2.1347741,41.4054162]}},{"type":"Feature","properties":{"cat":"comercio"},"geometry":{"type":"Point","coordinates":[2.1570522,41.3982682]}},{"type":"Feature","properties":{"cat":"comercio"},"geometry":{"type":"Point","coordinates":[2.1743269,41.3989346]}},{"type":"Feature","properties":{"cat":"comercio"},"geometry":{"type":"Point","coordinates":[2.1658382,41.3986582]}},{"type":"Feature","properties":{"cat":"comercio"},"geometry":{"type":"Point","coordinates":[2.2057015,41.4000644]}},{"type":"Feature","properties":{"cat":"comercio"},"geometry":{"type":"Point","coordinates":[2.1725182,41.435391]}},{"type":"Feature","properties":{"cat":"comercio"},"geometry":{"type":"Point","coordinates":[2.1160939,41.3726414]}},{"type":"Feature","properties":{"cat":"comercio"},"geometry":{"type":"Point","coordinates":[2.1607083,41.4027507]}},{"type":"Feature","properties":{"cat":"comercio"},"geometry":{"type":"Point","coordinates":[2.1571138,41.3962054]}},{"type":"Feature","properties":{"cat":"comercio"},"geometry":{"type":"Point","coordinates":[2.2020638,41.4010617]}},{"type":"Feature","properties":{"cat":"comercio"},"geometry":{"type":"Point","coordinates":[2.1712123,41.4176156]}},{"type":"Feature","properties":{"cat":"comercio"},"geometry":{"type":"Point","coordinates":[2.1796879,41.3786252]}},{"type":"Feature","properties":{"cat":"comercio"},"geometry":{"type":"Point","coordinates":[2.1588735,41.4012852]}},{"type":"Feature","properties":{"cat":"comercio"},"geometry":{"type":"Point","coordinates":[2.1791874,41.4116301]}},{"type":"Feature","properties":{"cat":"comercio"},"geometry":{"type":"Point","coordinates":[2.183204,41.389844]}},{"type":"Feature","properties":{"cat":"comercio"},"geometry":{"type":"Point","coordinates":[2.1691,41.3904044]}},{"type":"Feature","properties":{"cat":"comercio"},"geometry":{"type":"Point","coordinates":[2.1666292,41.4406293]}},{"type":"Feature","properties":{"cat":"comercio"},"geometry":{"type":"Point","coordinates":[2.1702162,41.4380629]}},{"type":"Feature","properties":{"cat":"comercio"},"geometry":{"type":"Point","coordinates":[2.1734268,41.4312442]}},{"type":"Feature","properties":{"cat":"comercio"},"geometry":{"type":"Point","coordinates":[2.178337,41.4232483]}},{"type":"Feature","properties":{"cat":"comercio"},"geometry":{"type":"Point","coordinates":[2.1793648,41.422214]}},{"type":"Feature","properties":{"cat":"comercio"},"geometry":{"type":"Point","coordinates":[2.166213,41.3803914]}},{"type":"Feature","properties":{"cat":"comercio"},"geometry":{"type":"Point","coordinates":[2.1036197,41.3714695]}},{"type":"Feature","properties":{"cat":"comercio"},"geometry":{"type":"Point","coordinates":[2.1117035,41.3680682]}},{"type":"Feature","properties":{"cat":"comercio"},"geometry":{"type":"Point","coordinates":[2.1624493,41.3987369]}},{"type":"Feature","properties":{"cat":"comercio"},"geometry":{"type":"Point","coordinates":[2.1627142,41.3989212]}},{"type":"Feature","properties":{"cat":"comercio"},"geometry":{"type":"Point","coordinates":[2.1656101,41.4005146]}},{"type":"Feature","properties":{"cat":"comercio"},"geometry":{"type":"Point","coordinates":[2.1666222,41.3919376]}},{"type":"Feature","properties":{"cat":"comercio"},"geometry":{"type":"Point","coordinates":[2.1931595,41.3936052]}},{"type":"Feature","properties":{"cat":"comercio"},"geometry":{"type":"Point","coordinates":[2.1720999,41.3874475]}},{"type":"Feature","properties":{"cat":"comercio"},"geometry":{"type":"Point","coordinates":[2.1450308,41.3870415]}},{"type":"Feature","properties":{"cat":"comercio"},"geometry":{"type":"Point","coordinates":[2.1432709,41.3845975]}},{"type":"Feature","properties":{"cat":"comercio"},"geometry":{"type":"Point","coordinates":[2.1466024,41.3842363]}},{"type":"Feature","properties":{"cat":"comercio"},"geometry":{"type":"Point","coordinates":[2.1509485,41.3795411]}},{"type":"Feature","properties":{"cat":"comercio"},"geometry":{"type":"Point","coordinates":[2.1507677,41.3793211]}},{"type":"Feature","properties":{"cat":"comercio"},"geometry":{"type":"Point","coordinates":[2.1420149,41.3937344]}},{"type":"Feature","properties":{"cat":"comercio"},"geometry":{"type":"Point","coordinates":[2.1510082,41.4070231]}},{"type":"Feature","properties":{"cat":"comercio"},"geometry":{"type":"Point","coordinates":[2.1532308,41.4055597]}},{"type":"Feature","properties":{"cat":"comercio"},"geometry":{"type":"Point","coordinates":[2.15863,41.4035142]}},{"type":"Feature","properties":{"cat":"comercio"},"geometry":{"type":"Point","coordinates":[2.1479327,41.3724764]}},{"type":"Feature","properties":{"cat":"comercio"},"geometry":{"type":"Point","coordinates":[2.1538246,41.4010382]}},{"type":"Feature","properties":{"cat":"comercio"},"geometry":{"type":"Point","coordinates":[2.1742905,41.3880022]}},{"type":"Feature","properties":{"cat":"comercio"},"geometry":{"type":"Point","coordinates":[2.1706897,41.394683]}},{"type":"Feature","properties":{"cat":"comercio"},"geometry":{"type":"Point","coordinates":[2.1594796,41.3777925]}},{"type":"Feature","properties":{"cat":"comercio"},"geometry":{"type":"Point","coordinates":[2.1879588,41.3792038]}},{"type":"Feature","properties":{"cat":"comercio"},"geometry":{"type":"Point","coordinates":[2.1885941,41.4073495]}},{"type":"Feature","properties":{"cat":"comercio"},"geometry":{"type":"Point","coordinates":[2.1800343,41.3850787]}},{"type":"Feature","properties":{"cat":"comercio"},"geometry":{"type":"Point","coordinates":[2.144471,41.3854476]}},{"type":"Feature","properties":{"cat":"comercio"},"geometry":{"type":"Point","coordinates":[2.1765305,41.4058461]}},{"type":"Feature","properties":{"cat":"comercio"},"geometry":{"type":"Point","coordinates":[2.1519429,41.4090956]}},{"type":"Feature","properties":{"cat":"comercio"},"geometry":{"type":"Point","coordinates":[2.2053929,41.3980983]}},{"type":"Feature","properties":{"cat":"comercio"},"geometry":{"type":"Point","coordinates":[2.1436128,41.374973]}},{"type":"Feature","properties":{"cat":"comercio"},"geometry":{"type":"Point","coordinates":[2.1884172,41.4344232]}},{"type":"Feature","properties":{"cat":"comercio"},"geometry":{"type":"Point","coordinates":[2.127381,41.394403]}},{"type":"Feature","properties":{"cat":"comercio"},"geometry":{"type":"Point","coordinates":[2.1841333,41.4484259]}},{"type":"Feature","properties":{"cat":"comercio"},"geometry":{"type":"Point","coordinates":[2.1707622,41.4095865]}},{"type":"Feature","properties":{"cat":"comercio"},"geometry":{"type":"Point","coordinates":[2.1711463,41.4175048]}},{"type":"Feature","properties":{"cat":"comercio"},"geometry":{"type":"Point","coordinates":[2.158217,41.4009941]}},{"type":"Feature","properties":{"cat":"comercio"},"geometry":{"type":"Point","coordinates":[2.1887829,41.3987364]}},{"type":"Feature","properties":{"cat":"comercio"},"geometry":{"type":"Point","coordinates":[2.121896,41.3771558]}},{"type":"Feature","properties":{"cat":"comercio"},"geometry":{"type":"Point","coordinates":[2.1575025,41.399923]}},{"type":"Feature","properties":{"cat":"comercio"},"geometry":{"type":"Point","coordinates":[2.1612414,41.375309]}},{"type":"Feature","properties":{"cat":"comercio"},"geometry":{"type":"Point","coordinates":[2.1530947,41.3996295]}},{"type":"Feature","properties":{"cat":"comercio"},"geometry":{"type":"Point","coordinates":[2.1539309,41.3990388]}},{"type":"Feature","properties":{"cat":"comercio"},"geometry":{"type":"Point","coordinates":[2.1703506,41.3951173]}},{"type":"Feature","properties":{"cat":"comercio"},"geometry":{"type":"Point","coordinates":[2.1905694,41.3767971]}},{"type":"Feature","properties":{"cat":"comercio"},"geometry":{"type":"Point","coordinates":[2.1831722,41.4046173]}},{"type":"Feature","properties":{"cat":"comercio"},"geometry":{"type":"Point","coordinates":[2.1793079,41.4002509]}},{"type":"Feature","properties":{"cat":"comercio"},"geometry":{"type":"Point","coordinates":[2.1566768,41.3810422]}},{"type":"Feature","properties":{"cat":"comercio"},"geometry":{"type":"Point","coordinates":[2.1163361,41.3743802]}},{"type":"Feature","properties":{"cat":"comercio"},"geometry":{"type":"Point","coordinates":[2.1176368,41.3729357]}},{"type":"Feature","properties":{"cat":"comercio"},"geometry":{"type":"Point","coordinates":[2.1433604,41.3859929]}},{"type":"Feature","properties":{"cat":"comercio"},"geometry":{"type":"Point","coordinates":[2.1829651,41.408975]}},{"type":"Feature","properties":{"cat":"comercio"},"geometry":{"type":"Point","coordinates":[2.1212883,41.3698016]}},{"type":"Feature","properties":{"cat":"comercio"},"geometry":{"type":"Point","coordinates":[2.1206618,41.3705823]}},{"type":"Feature","properties":{"cat":"comercio"},"geometry":{"type":"Point","coordinates":[2.1207451,41.3706295]}},{"type":"Feature","properties":{"cat":"comercio"},"geometry":{"type":"Point","coordinates":[2.1206706,41.3723368]}},{"type":"Feature","properties":{"cat":"comercio"},"geometry":{"type":"Point","coordinates":[2.1598316,41.4034012]}},{"type":"Feature","properties":{"cat":"comercio"},"geometry":{"type":"Point","coordinates":[2.1595165,41.4030919]}},{"type":"Feature","properties":{"cat":"comercio"},"geometry":{"type":"Point","coordinates":[2.1543626,41.39063]}},{"type":"Feature","properties":{"cat":"comercio"},"geometry":{"type":"Point","coordinates":[2.1662431,41.3729678]}},{"type":"Feature","properties":{"cat":"comercio"},"geometry":{"type":"Point","coordinates":[2.1633165,41.4060329]}},{"type":"Feature","properties":{"cat":"comercio"},"geometry":{"type":"Point","coordinates":[2.1318517,41.367796]}},{"type":"Feature","properties":{"cat":"comercio"},"geometry":{"type":"Point","coordinates":[2.148175,41.4094308]}},{"type":"Feature","properties":{"cat":"comercio"},"geometry":{"type":"Point","coordinates":[2.1614361,41.3780989]}},{"type":"Feature","properties":{"cat":"comercio"},"geometry":{"type":"Point","coordinates":[2.1661817,41.3859086]}},{"type":"Feature","properties":{"cat":"comercio"},"geometry":{"type":"Point","coordinates":[2.1847168,41.3968635]}},{"type":"Feature","properties":{"cat":"comercio"},"geometry":{"type":"Point","coordinates":[2.1743315,41.3818107]}},{"type":"Feature","properties":{"cat":"comercio"},"geometry":{"type":"Point","coordinates":[2.1788897,41.4474927]}},{"type":"Feature","properties":{"cat":"comercio"},"geometry":{"type":"Point","coordinates":[2.1733912,41.4260974]}},{"type":"Feature","properties":{"cat":"comercio"},"geometry":{"type":"Point","coordinates":[2.1746318,41.4257481]}},{"type":"Feature","properties":{"cat":"comercio"},"geometry":{"type":"Point","coordinates":[2.1582135,41.3994509]}},{"type":"Feature","properties":{"cat":"comercio"},"geometry":{"type":"Point","coordinates":[2.1576854,41.4004806]}},{"type":"Feature","properties":{"cat":"comercio"},"geometry":{"type":"Point","coordinates":[2.1580767,41.4007883]}},{"type":"Feature","properties":{"cat":"comercio"},"geometry":{"type":"Point","coordinates":[2.1720696,41.3908535]}},{"type":"Feature","properties":{"cat":"comercio"},"geometry":{"type":"Point","coordinates":[2.1702171,41.3922498]}},{"type":"Feature","properties":{"cat":"comercio"},"geometry":{"type":"Point","coordinates":[2.1708187,41.3896043]}},{"type":"Feature","properties":{"cat":"comercio"},"geometry":{"type":"Point","coordinates":[2.1506015,41.3850409]}},{"type":"Feature","properties":{"cat":"comercio"},"geometry":{"type":"Point","coordinates":[2.1347925,41.3617718]}},{"type":"Feature","properties":{"cat":"comercio"},"geometry":{"type":"Point","coordinates":[2.1327818,41.360197]}},{"type":"Feature","properties":{"cat":"comercio"},"geometry":{"type":"Point","coordinates":[2.1638489,41.4094094]}},{"type":"Feature","properties":{"cat":"comercio"},"geometry":{"type":"Point","coordinates":[2.1668275,41.397241]}},{"type":"Feature","properties":{"cat":"comercio"},"geometry":{"type":"Point","coordinates":[2.1127897,41.3692955]}},{"type":"Feature","properties":{"cat":"comercio"},"geometry":{"type":"Point","coordinates":[2.1634754,41.3997978]}},{"type":"Feature","properties":{"cat":"comercio"},"geometry":{"type":"Point","coordinates":[2.1690745,41.4437563]}},{"type":"Feature","properties":{"cat":"comercio"},"geometry":{"type":"Point","coordinates":[2.1643535,41.4418846]}},{"type":"Feature","properties":{"cat":"comercio"},"geometry":{"type":"Point","coordinates":[2.1556257,41.4073576]}},{"type":"Feature","properties":{"cat":"comercio"},"geometry":{"type":"Point","coordinates":[2.1610257,41.4294953]}},{"type":"Feature","properties":{"cat":"comercio"},"geometry":{"type":"Point","coordinates":[2.1628986,41.4285793]}},{"type":"Feature","properties":{"cat":"comercio"},"geometry":{"type":"Point","coordinates":[2.1606047,41.4301228]}},{"type":"Feature","properties":{"cat":"comercio"},"geometry":{"type":"Point","coordinates":[2.1609543,41.4297058]}},{"type":"Feature","properties":{"cat":"comercio"},"geometry":{"type":"Point","coordinates":[2.1692097,41.4149465]}},{"type":"Feature","properties":{"cat":"comercio"},"geometry":{"type":"Point","coordinates":[2.1964851,41.404502]}},{"type":"Feature","properties":{"cat":"comercio"},"geometry":{"type":"Point","coordinates":[2.2020461,41.4003244]}},{"type":"Feature","properties":{"cat":"comercio"},"geometry":{"type":"Point","coordinates":[2.1585916,41.4120537]}},{"type":"Feature","properties":{"cat":"comercio"},"geometry":{"type":"Point","coordinates":[2.2125101,41.4171228]}},{"type":"Feature","properties":{"cat":"comercio"},"geometry":{"type":"Point","coordinates":[2.1696544,41.4273372]}},{"type":"Feature","properties":{"cat":"comercio"},"geometry":{"type":"Point","coordinates":[2.1162239,41.3748714]}},{"type":"Feature","properties":{"cat":"comercio"},"geometry":{"type":"Point","coordinates":[2.129676,41.3841907]}},{"type":"Feature","properties":{"cat":"comercio"},"geometry":{"type":"Point","coordinates":[2.1722489,41.3880602]}},{"type":"Feature","properties":{"cat":"comercio"},"geometry":{"type":"Point","coordinates":[2.1627721,41.3908362]}},{"type":"Feature","properties":{"cat":"comercio"},"geometry":{"type":"Point","coordinates":[2.1631386,41.4024399]}},{"type":"Feature","properties":{"cat":"comercio"},"geometry":{"type":"Point","coordinates":[2.1664193,41.4068459]}},{"type":"Feature","properties":{"cat":"comercio"},"geometry":{"type":"Point","coordinates":[2.1857615,41.4300133]}},{"type":"Feature","properties":{"cat":"comercio"},"geometry":{"type":"Point","coordinates":[2.1551111,41.4046412]}},{"type":"Feature","properties":{"cat":"comercio"},"geometry":{"type":"Point","coordinates":[2.1793667,41.447245]}},{"type":"Feature","properties":{"cat":"comercio"},"geometry":{"type":"Point","coordinates":[2.16946,41.3899573]}},{"type":"Feature","properties":{"cat":"comercio"},"geometry":{"type":"Point","coordinates":[2.1609131,41.3876333]}},{"type":"Feature","properties":{"cat":"comercio"},"geometry":{"type":"Point","coordinates":[2.1743107,41.3890785]}},{"type":"Feature","properties":{"cat":"comercio"},"geometry":{"type":"Point","coordinates":[2.1789074,41.3828634]}},{"type":"Feature","properties":{"cat":"comercio"},"geometry":{"type":"Point","coordinates":[2.1311723,41.3802494]}},{"type":"Feature","properties":{"cat":"comercio"},"geometry":{"type":"Point","coordinates":[2.1739602,41.4009435]}},{"type":"Feature","properties":{"cat":"comercio"},"geometry":{"type":"Point","coordinates":[2.1339501,41.3839442]}},{"type":"Feature","properties":{"cat":"comercio"},"geometry":{"type":"Point","coordinates":[2.1342996,41.383421]}},{"type":"Feature","properties":{"cat":"comercio"},"geometry":{"type":"Point","coordinates":[2.1962947,41.4183087]}},{"type":"Feature","properties":{"cat":"comercio"},"geometry":{"type":"Point","coordinates":[2.1690698,41.3965146]}},{"type":"Feature","properties":{"cat":"comercio"},"geometry":{"type":"Point","coordinates":[2.2170256,41.4320924]}},{"type":"Feature","properties":{"cat":"comercio"},"geometry":{"type":"Point","coordinates":[2.2254949,41.4261216]}},{"type":"Feature","properties":{"cat":"comercio"},"geometry":{"type":"Point","coordinates":[2.1563805,41.3853768]}},{"type":"Feature","properties":{"cat":"comercio"},"geometry":{"type":"Point","coordinates":[2.1529771,41.3995218]}},{"type":"Feature","properties":{"cat":"comercio"},"geometry":{"type":"Point","coordinates":[2.1661733,41.400345]}},{"type":"Feature","properties":{"cat":"comercio"},"geometry":{"type":"Point","coordinates":[2.1769157,41.3974563]}},{"type":"Feature","properties":{"cat":"comercio"},"geometry":{"type":"Point","coordinates":[2.1189701,41.3758342]}},{"type":"Feature","properties":{"cat":"comercio"},"geometry":{"type":"Point","coordinates":[2.165521,41.4046902]}},{"type":"Feature","properties":{"cat":"comercio"},"geometry":{"type":"Point","coordinates":[2.1623916,41.3854366]}},{"type":"Feature","properties":{"cat":"comercio"},"geometry":{"type":"Point","coordinates":[2.1687929,41.4066699]}},{"type":"Feature","properties":{"cat":"comercio"},"geometry":{"type":"Point","coordinates":[2.1253365,41.3924406]}},{"type":"Feature","properties":{"cat":"comercio"},"geometry":{"type":"Point","coordinates":[2.1619037,41.4103755]}},{"type":"Feature","properties":{"cat":"comercio"},"geometry":{"type":"Point","coordinates":[2.1431017,41.3754123]}},{"type":"Feature","properties":{"cat":"comercio"},"geometry":{"type":"Point","coordinates":[2.1806448,41.4170433]}},{"type":"Feature","properties":{"cat":"comercio"},"geometry":{"type":"Point","coordinates":[2.1573377,41.3855697]}},{"type":"Feature","properties":{"cat":"comercio"},"geometry":{"type":"Point","coordinates":[2.1874338,41.4218424]}},{"type":"Feature","properties":{"cat":"comercio"},"geometry":{"type":"Point","coordinates":[2.1999014,41.4124831]}},{"type":"Feature","properties":{"cat":"comercio"},"geometry":{"type":"Point","coordinates":[2.1787518,41.4146603]}},{"type":"Feature","properties":{"cat":"comercio"},"geometry":{"type":"Point","coordinates":[2.1710945,41.4084641]}},{"type":"Feature","properties":{"cat":"comercio"},"geometry":{"type":"Point","coordinates":[2.1697342,41.4075827]}},{"type":"Feature","properties":{"cat":"comercio"},"geometry":{"type":"Point","coordinates":[2.204638,41.4027133]}},{"type":"Feature","properties":{"cat":"comercio"},"geometry":{"type":"Point","coordinates":[2.1650285,41.4022804]}},{"type":"Feature","properties":{"cat":"comercio"},"geometry":{"type":"Point","coordinates":[2.176353,41.4431779]}},{"type":"Feature","properties":{"cat":"comercio"},"geometry":{"type":"Point","coordinates":[2.2283173,41.424265]}},{"type":"Feature","properties":{"cat":"comercio"},"geometry":{"type":"Point","coordinates":[2.1807348,41.4381691]}},{"type":"Feature","properties":{"cat":"comercio"},"geometry":{"type":"Point","coordinates":[2.1853427,41.442735]}},{"type":"Feature","properties":{"cat":"comercio"},"geometry":{"type":"Point","coordinates":[2.1244879,41.3958701]}},{"type":"Feature","properties":{"cat":"comercio"},"geometry":{"type":"Point","coordinates":[2.171072,41.4068293]}},{"type":"Feature","properties":{"cat":"comercio"},"geometry":{"type":"Point","coordinates":[2.1961013,41.3900836]}},{"type":"Feature","properties":{"cat":"comercio"},"geometry":{"type":"Point","coordinates":[2.1756594,41.3987971]}},{"type":"Feature","properties":{"cat":"comercio"},"geometry":{"type":"Point","coordinates":[2.1797687,41.3959768]}},{"type":"Feature","properties":{"cat":"comercio"},"geometry":{"type":"Point","coordinates":[2.1182839,41.3756616]}},{"type":"Feature","properties":{"cat":"comercio"},"geometry":{"type":"Point","coordinates":[2.1066828,41.3758671]}},{"type":"Feature","properties":{"cat":"comercio"},"geometry":{"type":"Point","coordinates":[2.1188193,41.3656296]}},{"type":"Feature","properties":{"cat":"comercio"},"geometry":{"type":"Point","coordinates":[2.1769431,41.4445537]}},{"type":"Feature","properties":{"cat":"comercio"},"geometry":{"type":"Point","coordinates":[2.175192,41.4481231]}},{"type":"Feature","properties":{"cat":"comercio"},"geometry":{"type":"Point","coordinates":[2.1748957,41.4479014]}},{"type":"Feature","properties":{"cat":"comercio"},"geometry":{"type":"Point","coordinates":[2.1647072,41.3998216]}},{"type":"Feature","properties":{"cat":"comercio"},"geometry":{"type":"Point","coordinates":[2.148467,41.4063193]}},{"type":"Feature","properties":{"cat":"comercio"},"geometry":{"type":"Point","coordinates":[2.1576033,41.4047295]}},{"type":"Feature","properties":{"cat":"comercio"},"geometry":{"type":"Point","coordinates":[2.1573387,41.3730597]}},{"type":"Feature","properties":{"cat":"comercio"},"geometry":{"type":"Point","coordinates":[2.1672457,41.386722]}},{"type":"Feature","properties":{"cat":"comercio"},"geometry":{"type":"Point","coordinates":[2.165173,41.3867273]}},{"type":"Feature","properties":{"cat":"comercio"},"geometry":{"type":"Point","coordinates":[2.1681408,41.3935216]}},{"type":"Feature","properties":{"cat":"comercio"},"geometry":{"type":"Point","coordinates":[2.195251,41.4011125]}},{"type":"Feature","properties":{"cat":"comercio"},"geometry":{"type":"Point","coordinates":[2.1624583,41.3887824]}},{"type":"Feature","properties":{"cat":"comercio"},"geometry":{"type":"Point","coordinates":[2.1828153,41.4012222]}},{"type":"Feature","properties":{"cat":"comercio"},"geometry":{"type":"Point","coordinates":[2.1821268,41.4015208]}},{"type":"Feature","properties":{"cat":"comercio"},"geometry":{"type":"Point","coordinates":[2.1712594,41.3954729]}},{"type":"Feature","properties":{"cat":"comercio"},"geometry":{"type":"Point","coordinates":[2.1714385,41.3952191]}},{"type":"Feature","properties":{"cat":"comercio"},"geometry":{"type":"Point","coordinates":[2.1057598,41.3509596]}},{"type":"Feature","properties":{"cat":"comercio"},"geometry":{"type":"Point","coordinates":[2.1203447,41.372848]}},{"type":"Feature","properties":{"cat":"comercio"},"geometry":{"type":"Point","coordinates":[2.1552965,41.3850846]}},{"type":"Feature","properties":{"cat":"comercio"},"geometry":{"type":"Point","coordinates":[2.153273,41.3863459]}},{"type":"Feature","properties":{"cat":"comercio"},"geometry":{"type":"Point","coordinates":[2.1219039,41.3763184]}},{"type":"Feature","properties":{"cat":"comercio"},"geometry":{"type":"Point","coordinates":[2.1077811,41.3468638]}},{"type":"Feature","properties":{"cat":"comercio"},"geometry":{"type":"Point","coordinates":[2.2087601,41.4226799]}},{"type":"Feature","properties":{"cat":"comercio"},"geometry":{"type":"Point","coordinates":[2.2033189,41.4163921]}},{"type":"Feature","properties":{"cat":"comercio"},"geometry":{"type":"Point","coordinates":[2.1737581,41.4092021]}},{"type":"Feature","properties":{"cat":"comercio"},"geometry":{"type":"Point","coordinates":[2.1726731,41.4076002]}},{"type":"Feature","properties":{"cat":"comercio"},"geometry":{"type":"Point","coordinates":[2.1566505,41.3854297]}},{"type":"Feature","properties":{"cat":"comercio"},"geometry":{"type":"Point","coordinates":[2.1740388,41.3978876]}},{"type":"Feature","properties":{"cat":"comercio"},"geometry":{"type":"Point","coordinates":[2.1661971,41.4031674]}},{"type":"Feature","properties":{"cat":"comercio"},"geometry":{"type":"Point","coordinates":[2.165769,41.4028356]}},{"type":"Feature","properties":{"cat":"comercio"},"geometry":{"type":"Point","coordinates":[2.1462309,41.3558137]}},{"type":"Feature","properties":{"cat":"comercio"},"geometry":{"type":"Point","coordinates":[2.1619906,41.3901998]}},{"type":"Feature","properties":{"cat":"comercio"},"geometry":{"type":"Point","coordinates":[2.1617927,41.3917076]}},{"type":"Feature","properties":{"cat":"comercio"},"geometry":{"type":"Point","coordinates":[2.1386697,41.4071231]}},{"type":"Feature","properties":{"cat":"comercio"},"geometry":{"type":"Point","coordinates":[2.1790392,41.4219976]}},{"type":"Feature","properties":{"cat":"comercio"},"geometry":{"type":"Point","coordinates":[2.1333905,41.3746747]}},{"type":"Feature","properties":{"cat":"comercio"},"geometry":{"type":"Point","coordinates":[2.1841108,41.3972049]}},{"type":"Feature","properties":{"cat":"comercio"},"geometry":{"type":"Point","coordinates":[2.1629895,41.3772262]}},{"type":"Feature","properties":{"cat":"comercio"},"geometry":{"type":"Point","coordinates":[2.1009163,41.3569223]}},{"type":"Feature","properties":{"cat":"comercio"},"geometry":{"type":"Point","coordinates":[2.1285471,41.373476]}},{"type":"Feature","properties":{"cat":"comercio"},"geometry":{"type":"Point","coordinates":[2.184547,41.4275091]}},{"type":"Feature","properties":{"cat":"comercio"},"geometry":{"type":"Point","coordinates":[2.1418302,41.4115409]}},{"type":"Feature","properties":{"cat":"comercio"},"geometry":{"type":"Point","coordinates":[2.1428936,41.4113988]}},{"type":"Feature","properties":{"cat":"comercio"},"geometry":{"type":"Point","coordinates":[2.1676749,41.3796021]}},{"type":"Feature","properties":{"cat":"comercio"},"geometry":{"type":"Point","coordinates":[2.168871,41.3840128]}},{"type":"Feature","properties":{"cat":"comercio"},"geometry":{"type":"Point","coordinates":[2.151138,41.4016994]}},{"type":"Feature","properties":{"cat":"comercio"},"geometry":{"type":"Point","coordinates":[2.1501909,41.4029353]}},{"type":"Feature","properties":{"cat":"comercio"},"geometry":{"type":"Point","coordinates":[2.1534372,41.4059009]}},{"type":"Feature","properties":{"cat":"comercio"},"geometry":{"type":"Point","coordinates":[2.1389493,41.3758768]}},{"type":"Feature","properties":{"cat":"comercio"},"geometry":{"type":"Point","coordinates":[2.1803683,41.4187556]}},{"type":"Feature","properties":{"cat":"comercio"},"geometry":{"type":"Point","coordinates":[2.1296178,41.3790093]}},{"type":"Feature","properties":{"cat":"comercio"},"geometry":{"type":"Point","coordinates":[2.1580937,41.3826974]}},{"type":"Feature","properties":{"cat":"comercio"},"geometry":{"type":"Point","coordinates":[2.2034119,41.3996265]}},{"type":"Feature","properties":{"cat":"comercio"},"geometry":{"type":"Point","coordinates":[2.2036541,41.4091955]}},{"type":"Feature","properties":{"cat":"comercio"},"geometry":{"type":"Point","coordinates":[2.203642,41.4093417]}},{"type":"Feature","properties":{"cat":"comercio"},"geometry":{"type":"Point","coordinates":[2.2033473,41.4082483]}},{"type":"Feature","properties":{"cat":"comercio"},"geometry":{"type":"Point","coordinates":[2.1426053,41.3789522]}},{"type":"Feature","properties":{"cat":"comercio"},"geometry":{"type":"Point","coordinates":[2.1534405,41.4059281]}},{"type":"Feature","properties":{"cat":"comercio"},"geometry":{"type":"Point","coordinates":[2.1375344,41.4012582]}},{"type":"Feature","properties":{"cat":"comercio"},"geometry":{"type":"Point","coordinates":[2.1538217,41.4088868]}},{"type":"Feature","properties":{"cat":"comercio"},"geometry":{"type":"Point","coordinates":[2.123375,41.4011748]}},{"type":"Feature","properties":{"cat":"comercio"},"geometry":{"type":"Point","coordinates":[2.1423603,41.4036136]}},{"type":"Feature","properties":{"cat":"comercio"},"geometry":{"type":"Point","coordinates":[2.139999,41.4051359]}},{"type":"Feature","properties":{"cat":"comercio"},"geometry":{"type":"Point","coordinates":[2.1854745,41.4236876]}},{"type":"Feature","properties":{"cat":"comercio"},"geometry":{"type":"Point","coordinates":[2.2209486,41.415409]}},{"type":"Feature","properties":{"cat":"comercio"},"geometry":{"type":"Point","coordinates":[2.2019679,41.434619]}},{"type":"Feature","properties":{"cat":"comercio"},"geometry":{"type":"Point","coordinates":[2.1913859,41.4210535]}},{"type":"Feature","properties":{"cat":"comercio"},"geometry":{"type":"Point","coordinates":[2.192745,41.4097446]}},{"type":"Feature","properties":{"cat":"comercio"},"geometry":{"type":"Point","coordinates":[2.155903,41.3835459]}},{"type":"Feature","properties":{"cat":"comercio"},"geometry":{"type":"Point","coordinates":[2.1693356,41.4120147]}},{"type":"Feature","properties":{"cat":"comercio"},"geometry":{"type":"Point","coordinates":[2.1484315,41.4337042]}},{"type":"Feature","properties":{"cat":"comercio"},"geometry":{"type":"Point","coordinates":[2.144396,41.3998329]}},{"type":"Feature","properties":{"cat":"comercio"},"geometry":{"type":"Point","coordinates":[2.1688071,41.413585]}},{"type":"Feature","properties":{"cat":"comercio"},"geometry":{"type":"Point","coordinates":[2.1690799,41.3982397]}},{"type":"Feature","properties":{"cat":"comercio"},"geometry":{"type":"Point","coordinates":[2.1661699,41.4004417]}},{"type":"Feature","properties":{"cat":"comercio"},"geometry":{"type":"Point","coordinates":[2.1623896,41.4032938]}},{"type":"Feature","properties":{"cat":"comercio"},"geometry":{"type":"Point","coordinates":[2.1704726,41.396857]}},{"type":"Feature","properties":{"cat":"comercio"},"geometry":{"type":"Point","coordinates":[2.1719634,41.3955727]}},{"type":"Feature","properties":{"cat":"comercio"},"geometry":{"type":"Point","coordinates":[2.1737799,41.3946765]}},{"type":"Feature","properties":{"cat":"comercio"},"geometry":{"type":"Point","coordinates":[2.1626345,41.4030968]}},{"type":"Feature","properties":{"cat":"comercio"},"geometry":{"type":"Point","coordinates":[2.1728133,41.3949296]}},{"type":"Feature","properties":{"cat":"comercio"},"geometry":{"type":"Point","coordinates":[2.1696379,41.3972965]}},{"type":"Feature","properties":{"cat":"comercio"},"geometry":{"type":"Point","coordinates":[2.1640544,41.4116962]}},{"type":"Feature","properties":{"cat":"comercio"},"geometry":{"type":"Point","coordinates":[2.1642657,41.4109617]}},{"type":"Feature","properties":{"cat":"comercio"},"geometry":{"type":"Point","coordinates":[2.1640515,41.4102181]}},{"type":"Feature","properties":{"cat":"comercio"},"geometry":{"type":"Point","coordinates":[2.2218418,41.4239962]}},{"type":"Feature","properties":{"cat":"comercio"},"geometry":{"type":"Point","coordinates":[2.1761596,41.3908731]}},{"type":"Feature","properties":{"cat":"comercio"},"geometry":{"type":"Point","coordinates":[2.1339572,41.3805832]}},{"type":"Feature","properties":{"cat":"comercio"},"geometry":{"type":"Point","coordinates":[2.2053018,41.416517]}},{"type":"Feature","properties":{"cat":"comercio"},"geometry":{"type":"Point","coordinates":[2.2093612,41.4195553]}},{"type":"Feature","properties":{"cat":"comercio"},"geometry":{"type":"Point","coordinates":[2.2102099,41.4201843]}},{"type":"Feature","properties":{"cat":"comercio"},"geometry":{"type":"Point","coordinates":[2.2106871,41.4205602]}},{"type":"Feature","properties":{"cat":"comercio"},"geometry":{"type":"Point","coordinates":[2.1425809,41.4335663]}},{"type":"Feature","properties":{"cat":"comercio"},"geometry":{"type":"Point","coordinates":[2.1298394,41.3795533]}},{"type":"Feature","properties":{"cat":"comercio"},"geometry":{"type":"Point","coordinates":[2.2071788,41.399973]}},{"type":"Feature","properties":{"cat":"comercio"},"geometry":{"type":"Point","coordinates":[2.2009198,41.3949422]}},{"type":"Feature","properties":{"cat":"comercio"},"geometry":{"type":"Point","coordinates":[2.2032042,41.4048511]}},{"type":"Feature","properties":{"cat":"comercio"},"geometry":{"type":"Point","coordinates":[2.2041884,41.4054904]}},{"type":"Feature","properties":{"cat":"comercio"},"geometry":{"type":"Point","coordinates":[2.2043579,41.4053795]}},{"type":"Feature","properties":{"cat":"comercio"},"geometry":{"type":"Point","coordinates":[2.2047596,41.4049262]}},{"type":"Feature","properties":{"cat":"comercio"},"geometry":{"type":"Point","coordinates":[2.2054156,41.4048737]}},{"type":"Feature","properties":{"cat":"comercio"},"geometry":{"type":"Point","coordinates":[2.1402358,41.4129791]}},{"type":"Feature","properties":{"cat":"comercio"},"geometry":{"type":"Point","coordinates":[2.1527158,41.408853]}},{"type":"Feature","properties":{"cat":"comercio"},"geometry":{"type":"Point","coordinates":[2.164725,41.4007692]}},{"type":"Feature","properties":{"cat":"comercio"},"geometry":{"type":"Point","coordinates":[2.2136925,41.4050457]}},{"type":"Feature","properties":{"cat":"comercio"},"geometry":{"type":"Point","coordinates":[2.1382801,41.3837946]}},{"type":"Feature","properties":{"cat":"comercio"},"geometry":{"type":"Point","coordinates":[2.1832605,41.3851579]}},{"type":"Feature","properties":{"cat":"comercio"},"geometry":{"type":"Point","coordinates":[2.1092974,41.3516525]}},{"type":"Feature","properties":{"cat":"comercio"},"geometry":{"type":"Point","coordinates":[2.1652739,41.3803653]}},{"type":"Feature","properties":{"cat":"comercio"},"geometry":{"type":"Point","coordinates":[2.2008359,41.4165758]}},{"type":"Feature","properties":{"cat":"comercio"},"geometry":{"type":"Point","coordinates":[2.1501311,41.3904267]}},{"type":"Feature","properties":{"cat":"comercio"},"geometry":{"type":"Point","coordinates":[2.1650886,41.4148812]}},{"type":"Feature","properties":{"cat":"comercio"},"geometry":{"type":"Point","coordinates":[2.1739983,41.3911102]}},{"type":"Feature","properties":{"cat":"comercio"},"geometry":{"type":"Point","coordinates":[2.2006337,41.3918898]}},{"type":"Feature","properties":{"cat":"comercio"},"geometry":{"type":"Point","coordinates":[2.1741348,41.4313478]}},{"type":"Feature","properties":{"cat":"comercio"},"geometry":{"type":"Point","coordinates":[2.1626232,41.3744525]}},{"type":"Feature","properties":{"cat":"comercio"},"geometry":{"type":"Point","coordinates":[2.1621003,41.3745379]}},{"type":"Feature","properties":{"cat":"comercio"},"geometry":{"type":"Point","coordinates":[2.1665078,41.3741427]}},{"type":"Feature","properties":{"cat":"comercio"},"geometry":{"type":"Point","coordinates":[2.1625594,41.3744802]}},{"type":"Feature","properties":{"cat":"comercio"},"geometry":{"type":"Point","coordinates":[2.1641119,41.3729261]}},{"type":"Feature","properties":{"cat":"comercio"},"geometry":{"type":"Point","coordinates":[2.1628216,41.3733134]}},{"type":"Feature","properties":{"cat":"comercio"},"geometry":{"type":"Point","coordinates":[2.1261586,41.3855434]}},{"type":"Feature","properties":{"cat":"comercio"},"geometry":{"type":"Point","coordinates":[2.1578178,41.4188732]}},{"type":"Feature","properties":{"cat":"comercio"},"geometry":{"type":"Point","coordinates":[2.1683313,41.3732131]}},{"type":"Feature","properties":{"cat":"comercio"},"geometry":{"type":"Point","coordinates":[2.1673303,41.3739981]}},{"type":"Feature","properties":{"cat":"comercio"},"geometry":{"type":"Point","coordinates":[2.1673632,41.3722786]}},{"type":"Feature","properties":{"cat":"comercio"},"geometry":{"type":"Point","coordinates":[2.1671725,41.3740449]}},{"type":"Feature","properties":{"cat":"comercio"},"geometry":{"type":"Point","coordinates":[2.1650281,41.3735539]}},{"type":"Feature","properties":{"cat":"comercio"},"geometry":{"type":"Point","coordinates":[2.1434376,41.3801819]}},{"type":"Feature","properties":{"cat":"comercio"},"geometry":{"type":"Point","coordinates":[2.1699768,41.3737574]}},{"type":"Feature","properties":{"cat":"comercio"},"geometry":{"type":"Point","coordinates":[2.1582166,41.3757494]}},{"type":"Feature","properties":{"cat":"comercio"},"geometry":{"type":"Point","coordinates":[2.1383721,41.3752414]}},{"type":"Feature","properties":{"cat":"comercio"},"geometry":{"type":"Point","coordinates":[2.1569208,41.3764083]}},{"type":"Feature","properties":{"cat":"comercio"},"geometry":{"type":"Point","coordinates":[2.1376506,41.3754614]}},{"type":"Feature","properties":{"cat":"comercio"},"geometry":{"type":"Point","coordinates":[2.1571451,41.3748103]}},{"type":"Feature","properties":{"cat":"comercio"},"geometry":{"type":"Point","coordinates":[2.1577802,41.375757]}},{"type":"Feature","properties":{"cat":"comercio"},"geometry":{"type":"Point","coordinates":[2.1562439,41.3763688]}},{"type":"Feature","properties":{"cat":"comercio"},"geometry":{"type":"Point","coordinates":[2.1370704,41.3754791]}},{"type":"Feature","properties":{"cat":"comercio"},"geometry":{"type":"Point","coordinates":[2.1566688,41.3765045]}},{"type":"Feature","properties":{"cat":"comercio"},"geometry":{"type":"Point","coordinates":[2.1576161,41.37519]}},{"type":"Feature","properties":{"cat":"comercio"},"geometry":{"type":"Point","coordinates":[2.1033004,41.3674888]}},{"type":"Feature","properties":{"cat":"comercio"},"geometry":{"type":"Point","coordinates":[2.1774099,41.397097]}},{"type":"Feature","properties":{"cat":"comercio"},"geometry":{"type":"Point","coordinates":[2.1368649,41.3724824]}},{"type":"Feature","properties":{"cat":"comercio"},"geometry":{"type":"Point","coordinates":[2.1395932,41.3736247]}},{"type":"Feature","properties":{"cat":"comercio"},"geometry":{"type":"Point","coordinates":[2.1841805,41.4098972]}},{"type":"Feature","properties":{"cat":"comercio"},"geometry":{"type":"Point","coordinates":[2.124353,41.3732873]}},{"type":"Feature","properties":{"cat":"comercio"},"geometry":{"type":"Point","coordinates":[2.1585404,41.4367072]}},{"type":"Feature","properties":{"cat":"comercio"},"geometry":{"type":"Point","coordinates":[2.1579995,41.4365458]}},{"type":"Feature","properties":{"cat":"comercio"},"geometry":{"type":"Point","coordinates":[2.1616967,41.4372701]}},{"type":"Feature","properties":{"cat":"comercio"},"geometry":{"type":"Point","coordinates":[2.1615875,41.4367326]}},{"type":"Feature","properties":{"cat":"comercio"},"geometry":{"type":"Point","coordinates":[2.1190228,41.3749112]}},{"type":"Feature","properties":{"cat":"comercio"},"geometry":{"type":"Point","coordinates":[2.1191919,41.374829]}},{"type":"Feature","properties":{"cat":"comercio"},"geometry":{"type":"Point","coordinates":[2.1839579,41.4295176]}},{"type":"Feature","properties":{"cat":"comercio"},"geometry":{"type":"Point","coordinates":[2.1898351,41.4340183]}},{"type":"Feature","properties":{"cat":"comercio"},"geometry":{"type":"Point","coordinates":[2.1383344,41.3716501]}},{"type":"Feature","properties":{"cat":"comercio"},"geometry":{"type":"Point","coordinates":[2.14612,41.3990252]}},{"type":"Feature","properties":{"cat":"comercio"},"geometry":{"type":"Point","coordinates":[2.1855654,41.4177641]}},{"type":"Feature","properties":{"cat":"comercio"},"geometry":{"type":"Point","coordinates":[2.175224,41.4176642]}},{"type":"Feature","properties":{"cat":"comercio"},"geometry":{"type":"Point","coordinates":[2.1297018,41.3753245]}},{"type":"Feature","properties":{"cat":"comercio"},"geometry":{"type":"Point","coordinates":[2.1587361,41.4298017]}},{"type":"Feature","properties":{"cat":"comercio"},"geometry":{"type":"Point","coordinates":[2.1586877,41.4297927]}},{"type":"Feature","properties":{"cat":"comercio"},"geometry":{"type":"Point","coordinates":[2.1588211,41.4298387]}},{"type":"Feature","properties":{"cat":"comercio"},"geometry":{"type":"Point","coordinates":[2.1342388,41.375545]}},{"type":"Feature","properties":{"cat":"comercio"},"geometry":{"type":"Point","coordinates":[2.1112921,41.3613041]}},{"type":"Feature","properties":{"cat":"comercio"},"geometry":{"type":"Point","coordinates":[2.123757,41.365416]}},{"type":"Feature","properties":{"cat":"comercio"},"geometry":{"type":"Point","coordinates":[2.1259685,41.3646091]}},{"type":"Feature","properties":{"cat":"comercio"},"geometry":{"type":"Point","coordinates":[2.1261896,41.3648002]}},{"type":"Feature","properties":{"cat":"comercio"},"geometry":{"type":"Point","coordinates":[2.1243919,41.3653808]}},{"type":"Feature","properties":{"cat":"comercio"},"geometry":{"type":"Point","coordinates":[2.1476398,41.3742383]}},{"type":"Feature","properties":{"cat":"comercio"},"geometry":{"type":"Point","coordinates":[2.1238786,41.3654103]}},{"type":"Feature","properties":{"cat":"comercio"},"geometry":{"type":"Point","coordinates":[2.137108,41.3668355]}},{"type":"Feature","properties":{"cat":"comercio"},"geometry":{"type":"Point","coordinates":[2.1032846,41.358398]}},{"type":"Feature","properties":{"cat":"comercio"},"geometry":{"type":"Point","coordinates":[2.1223794,41.3649324]}},{"type":"Feature","properties":{"cat":"comercio"},"geometry":{"type":"Point","coordinates":[2.12589,41.3646348]}},{"type":"Feature","properties":{"cat":"comercio"},"geometry":{"type":"Point","coordinates":[2.2283133,41.4351991]}},{"type":"Feature","properties":{"cat":"comercio"},"geometry":{"type":"Point","coordinates":[2.1797413,41.4468944]}},{"type":"Feature","properties":{"cat":"comercio"},"geometry":{"type":"Point","coordinates":[2.1630042,41.409582]}},{"type":"Feature","properties":{"cat":"comercio"},"geometry":{"type":"Point","coordinates":[2.1580997,41.4295823]}},{"type":"Feature","properties":{"cat":"comercio"},"geometry":{"type":"Point","coordinates":[2.1657811,41.3865251]}},{"type":"Feature","properties":{"cat":"comercio"},"geometry":{"type":"Point","coordinates":[2.1664732,41.3898143]}},{"type":"Feature","properties":{"cat":"comercio"},"geometry":{"type":"Point","coordinates":[2.1665133,41.3890426]}},{"type":"Feature","properties":{"cat":"comercio"},"geometry":{"type":"Point","coordinates":[2.1636567,41.3843608]}},{"type":"Feature","properties":{"cat":"comercio"},"geometry":{"type":"Point","coordinates":[2.1381896,41.3816903]}},{"type":"Feature","properties":{"cat":"comercio"},"geometry":{"type":"Point","coordinates":[2.1376524,41.3624375]}},{"type":"Feature","properties":{"cat":"comercio"},"geometry":{"type":"Point","coordinates":[2.1647189,41.3899198]}},{"type":"Feature","properties":{"cat":"comercio"},"geometry":{"type":"Point","coordinates":[2.175138,41.4435044]}},{"type":"Feature","properties":{"cat":"comercio"},"geometry":{"type":"Point","coordinates":[2.1738656,41.4424407]}},{"type":"Feature","properties":{"cat":"comercio"},"geometry":{"type":"Point","coordinates":[2.1751806,41.4403825]}},{"type":"Feature","properties":{"cat":"comercio"},"geometry":{"type":"Point","coordinates":[2.1899593,41.3809264]}},{"type":"Feature","properties":{"cat":"comercio"},"geometry":{"type":"Point","coordinates":[2.1618766,41.4130849]}},{"type":"Feature","properties":{"cat":"comercio"},"geometry":{"type":"Point","coordinates":[2.176232,41.3864526]}},{"type":"Feature","properties":{"cat":"comercio"},"geometry":{"type":"Point","coordinates":[2.1759815,41.4431494]}},{"type":"Feature","properties":{"cat":"comercio"},"geometry":{"type":"Point","coordinates":[2.1759973,41.4429671]}},{"type":"Feature","properties":{"cat":"comercio"},"geometry":{"type":"Point","coordinates":[2.1517759,41.3997078]}},{"type":"Feature","properties":{"cat":"comercio"},"geometry":{"type":"Point","coordinates":[2.1765522,41.4169762]}},{"type":"Feature","properties":{"cat":"comercio"},"geometry":{"type":"Point","coordinates":[2.1272241,41.3655299]}},{"type":"Feature","properties":{"cat":"comercio"},"geometry":{"type":"Point","coordinates":[2.1595384,41.4294203]}},{"type":"Feature","properties":{"cat":"comercio"},"geometry":{"type":"Point","coordinates":[2.1785169,41.3861461]}},{"type":"Feature","properties":{"cat":"comercio"},"geometry":{"type":"Point","coordinates":[2.2172917,41.4425413]}},{"type":"Feature","properties":{"cat":"comercio"},"geometry":{"type":"Point","coordinates":[2.1883938,41.4347738]}},{"type":"Feature","properties":{"cat":"comercio"},"geometry":{"type":"Point","coordinates":[2.1383642,41.4054627]}},{"type":"Feature","properties":{"cat":"comercio"},"geometry":{"type":"Point","coordinates":[2.1333814,41.3746565]}},{"type":"Feature","properties":{"cat":"comercio"},"geometry":{"type":"Point","coordinates":[2.1644001,41.4417165]}},{"type":"Feature","properties":{"cat":"comercio"},"geometry":{"type":"Point","coordinates":[2.1203126,41.3749085]}},{"type":"Feature","properties":{"cat":"comercio"},"geometry":{"type":"Point","coordinates":[2.1152563,41.3701146]}},{"type":"Feature","properties":{"cat":"comercio"},"geometry":{"type":"Point","coordinates":[2.1082916,41.3702476]}},{"type":"Feature","properties":{"cat":"comercio"},"geometry":{"type":"Point","coordinates":[2.2052472,41.4008487]}},{"type":"Feature","properties":{"cat":"comercio"},"geometry":{"type":"Point","coordinates":[2.1853948,41.4280452]}},{"type":"Feature","properties":{"cat":"comercio"},"geometry":{"type":"Point","coordinates":[2.1891867,41.3803769]}},{"type":"Feature","properties":{"cat":"comercio"},"geometry":{"type":"Point","coordinates":[2.1534854,41.3998626]}},{"type":"Feature","properties":{"cat":"comercio"},"geometry":{"type":"Point","coordinates":[2.1210397,41.3759438]}},{"type":"Feature","properties":{"cat":"comercio"},"geometry":{"type":"Point","coordinates":[2.1701111,41.4383239]}},{"type":"Feature","properties":{"cat":"comercio"},"geometry":{"type":"Point","coordinates":[2.1734853,41.430735]}},{"type":"Feature","properties":{"cat":"comercio"},"geometry":{"type":"Point","coordinates":[2.1311541,41.4000027]}},{"type":"Feature","properties":{"cat":"comercio"},"geometry":{"type":"Point","coordinates":[2.1686382,41.395878]}},{"type":"Feature","properties":{"cat":"comercio"},"geometry":{"type":"Point","coordinates":[2.163695,41.4100282]}},{"type":"Feature","properties":{"cat":"comercio"},"geometry":{"type":"Point","coordinates":[2.1520643,41.4090872]}},{"type":"Feature","properties":{"cat":"comercio"},"geometry":{"type":"Point","coordinates":[2.1557456,41.423676]}},{"type":"Feature","properties":{"cat":"comercio"},"geometry":{"type":"Point","coordinates":[2.1840607,41.448381]}},{"type":"Feature","properties":{"cat":"comercio"},"geometry":{"type":"Point","coordinates":[2.1852409,41.4222162]}},{"type":"Feature","properties":{"cat":"comercio"},"geometry":{"type":"Point","coordinates":[2.1438348,41.3749469]}},{"type":"Feature","properties":{"cat":"comercio"},"geometry":{"type":"Point","coordinates":[2.1394483,41.3605441]}},{"type":"Feature","properties":{"cat":"comercio"},"geometry":{"type":"Point","coordinates":[2.1823982,41.3954649]}},{"type":"Feature","properties":{"cat":"comercio"},"geometry":{"type":"Point","coordinates":[2.196205,41.4196386]}},{"type":"Feature","properties":{"cat":"comercio"},"geometry":{"type":"Point","coordinates":[2.2155806,41.4188433]}},{"type":"Feature","properties":{"cat":"comercio"},"geometry":{"type":"Point","coordinates":[2.186145,41.4010094]}},{"type":"Feature","properties":{"cat":"comercio"},"geometry":{"type":"Point","coordinates":[2.1620494,41.3786233]}},{"type":"Feature","properties":{"cat":"comercio"},"geometry":{"type":"Point","coordinates":[2.1541155,41.3880578]}},{"type":"Feature","properties":{"cat":"comercio"},"geometry":{"type":"Point","coordinates":[2.1573278,41.382697]}},{"type":"Feature","properties":{"cat":"comercio"},"geometry":{"type":"Point","coordinates":[2.1436656,41.3966461]}},{"type":"Feature","properties":{"cat":"comercio"},"geometry":{"type":"Point","coordinates":[2.1378206,41.4271085]}},{"type":"Feature","properties":{"cat":"comercio"},"geometry":{"type":"Point","coordinates":[2.1736224,41.4335148]}},{"type":"Feature","properties":{"cat":"comercio"},"geometry":{"type":"Point","coordinates":[2.1220893,41.406988]}},{"type":"Feature","properties":{"cat":"comercio"},"geometry":{"type":"Point","coordinates":[2.1168558,41.3544399]}},{"type":"Feature","properties":{"cat":"comercio"},"geometry":{"type":"Point","coordinates":[2.2245826,41.4421221]}},{"type":"Feature","properties":{"cat":"comercio"},"geometry":{"type":"Point","coordinates":[2.1279161,41.4020384]}},{"type":"Feature","properties":{"cat":"comercio"},"geometry":{"type":"Point","coordinates":[2.1984025,41.4106151]}},{"type":"Feature","properties":{"cat":"comercio"},"geometry":{"type":"Point","coordinates":[2.1987917,41.4185466]}},{"type":"Feature","properties":{"cat":"comercio"},"geometry":{"type":"Point","coordinates":[2.2024989,41.4250947]}},{"type":"Feature","properties":{"cat":"comercio"},"geometry":{"type":"Point","coordinates":[2.2013622,41.4259725]}},{"type":"Feature","properties":{"cat":"comercio"},"geometry":{"type":"Point","coordinates":[2.1887405,41.4074961]}},{"type":"Feature","properties":{"cat":"comercio"},"geometry":{"type":"Point","coordinates":[2.2157859,41.4193604]}},{"type":"Feature","properties":{"cat":"comercio"},"geometry":{"type":"Point","coordinates":[2.2273663,41.4303022]}},{"type":"Feature","properties":{"cat":"comercio"},"geometry":{"type":"Point","coordinates":[2.1828148,41.3956479]}},{"type":"Feature","properties":{"cat":"comercio"},"geometry":{"type":"Point","coordinates":[2.1785784,41.4193054]}},{"type":"Feature","properties":{"cat":"comercio"},"geometry":{"type":"Point","coordinates":[2.2151122,41.4500063]}},{"type":"Feature","properties":{"cat":"comercio"},"geometry":{"type":"Point","coordinates":[2.1007498,41.3738257]}},{"type":"Feature","properties":{"cat":"comercio"},"geometry":{"type":"Point","coordinates":[2.101694,41.3713592]}},{"type":"Feature","properties":{"cat":"comercio"},"geometry":{"type":"Point","coordinates":[2.0997724,41.3674706]}},{"type":"Feature","properties":{"cat":"comercio"},"geometry":{"type":"Point","coordinates":[2.20984,41.4489838]}},{"type":"Feature","properties":{"cat":"comercio"},"geometry":{"type":"Point","coordinates":[2.2108222,41.450079]}},{"type":"Feature","properties":{"cat":"comercio"},"geometry":{"type":"Point","coordinates":[2.1142842,41.3568192]}},{"type":"Feature","properties":{"cat":"comercio"},"geometry":{"type":"Point","coordinates":[2.1987499,41.4421167]}},{"type":"Feature","properties":{"cat":"comercio"},"geometry":{"type":"Point","coordinates":[2.1698702,41.4306719]}},{"type":"Feature","properties":{"cat":"comercio"},"geometry":{"type":"Point","coordinates":[2.2061815,41.4357984]}},{"type":"Feature","properties":{"cat":"comercio"},"geometry":{"type":"Point","coordinates":[2.1212491,41.3911291]}},{"type":"Feature","properties":{"cat":"comercio"},"geometry":{"type":"Point","coordinates":[2.1206303,41.3999056]}},{"type":"Feature","properties":{"cat":"comercio"},"geometry":{"type":"Point","coordinates":[2.1297489,41.384037]}},{"type":"Feature","properties":{"cat":"comercio"},"geometry":{"type":"Point","coordinates":[2.0998653,41.3823438]}},{"type":"Feature","properties":{"cat":"comercio"},"geometry":{"type":"Point","coordinates":[2.2055041,41.418743]}},{"type":"Feature","properties":{"cat":"comercio"},"geometry":{"type":"Point","coordinates":[2.1246487,41.3594214]}},{"type":"Feature","properties":{"cat":"comercio"},"geometry":{"type":"Point","coordinates":[2.1529669,41.4005665]}},{"type":"Feature","properties":{"cat":"comercio"},"geometry":{"type":"Point","coordinates":[2.11243,41.352846]}},{"type":"Feature","properties":{"cat":"comercio"},"geometry":{"type":"Point","coordinates":[2.1102704,41.3633947]}},{"type":"Feature","properties":{"cat":"comercio"},"geometry":{"type":"Point","coordinates":[2.1881863,41.4439277]}},{"type":"Feature","properties":{"cat":"comercio"},"geometry":{"type":"Point","coordinates":[2.1647726,41.4030462]}},{"type":"Feature","properties":{"cat":"comercio"},"geometry":{"type":"Point","coordinates":[2.1696058,41.4258404]}},{"type":"Feature","properties":{"cat":"comercio"},"geometry":{"type":"Point","coordinates":[2.1794396,41.4468426]}},{"type":"Feature","properties":{"cat":"comercio"},"geometry":{"type":"Point","coordinates":[2.1179485,41.3742295]}},{"type":"Feature","properties":{"cat":"comercio"},"geometry":{"type":"Point","coordinates":[2.1570924,41.4294487]}},{"type":"Feature","properties":{"cat":"comercio"},"geometry":{"type":"Point","coordinates":[2.1649658,41.4284355]}},{"type":"Feature","properties":{"cat":"comercio"},"geometry":{"type":"Point","coordinates":[2.1120934,41.3755355]}},{"type":"Feature","properties":{"cat":"comercio"},"geometry":{"type":"Point","coordinates":[2.2178522,41.4492419]}},{"type":"Feature","properties":{"cat":"comercio"},"geometry":{"type":"Point","coordinates":[2.217813,41.449385]}},{"type":"Feature","properties":{"cat":"comercio"},"geometry":{"type":"Point","coordinates":[2.2178917,41.4494463]}},{"type":"Feature","properties":{"cat":"comercio"},"geometry":{"type":"Point","coordinates":[2.1337458,41.3747061]}},{"type":"Feature","properties":{"cat":"comercio"},"geometry":{"type":"Point","coordinates":[2.1333757,41.3746612]}},{"type":"Feature","properties":{"cat":"comercio"},"geometry":{"type":"Point","coordinates":[2.1715777,41.3817347]}},{"type":"Feature","properties":{"cat":"comercio"},"geometry":{"type":"Point","coordinates":[2.1425474,41.4239548]}},{"type":"Feature","properties":{"cat":"comercio"},"geometry":{"type":"Point","coordinates":[2.143001,41.4239232]}},{"type":"Feature","properties":{"cat":"transporte"},"geometry":{"type":"Point","coordinates":[2.174338,41.4440607]}},{"type":"Feature","properties":{"cat":"transporte"},"geometry":{"type":"Point","coordinates":[2.1704306,41.375051]}},{"type":"Feature","properties":{"cat":"transporte"},"geometry":{"type":"Point","coordinates":[2.1191479,41.3900281]}},{"type":"Feature","properties":{"cat":"transporte"},"geometry":{"type":"Point","coordinates":[2.1141524,41.3959245]}},{"type":"Feature","properties":{"cat":"transporte"},"geometry":{"type":"Point","coordinates":[2.1264077,41.3882064]}},{"type":"Feature","properties":{"cat":"transporte"},"geometry":{"type":"Point","coordinates":[2.1601502,41.3911218]}},{"type":"Feature","properties":{"cat":"transporte"},"geometry":{"type":"Point","coordinates":[2.1257901,41.3908488]}},{"type":"Feature","properties":{"cat":"transporte"},"geometry":{"type":"Point","coordinates":[2.2130197,41.43722]}},{"type":"Feature","properties":{"cat":"transporte"},"geometry":{"type":"Point","coordinates":[2.2273941,41.4348788]}},{"type":"Feature","properties":{"cat":"transporte"},"geometry":{"type":"Point","coordinates":[2.2221588,41.4354115]}},{"type":"Feature","properties":{"cat":"transporte"},"geometry":{"type":"Point","coordinates":[2.2202467,41.437755]}},{"type":"Feature","properties":{"cat":"transporte"},"geometry":{"type":"Point","coordinates":[2.2183462,41.4373528]}},{"type":"Feature","properties":{"cat":"transporte"},"geometry":{"type":"Point","coordinates":[2.2160283,41.4382934]}},{"type":"Feature","properties":{"cat":"transporte"},"geometry":{"type":"Point","coordinates":[2.2198955,41.4417975]}},{"type":"Feature","properties":{"cat":"transporte"},"geometry":{"type":"Point","coordinates":[2.2196607,41.4429597]}},{"type":"Feature","properties":{"cat":"transporte"},"geometry":{"type":"Point","coordinates":[2.2173635,41.4432525]}},{"type":"Feature","properties":{"cat":"transporte"},"geometry":{"type":"Point","coordinates":[2.1751625,41.4465704]}},{"type":"Feature","properties":{"cat":"transporte"},"geometry":{"type":"Point","coordinates":[2.2166991,41.4122092]}},{"type":"Feature","properties":{"cat":"transporte"},"geometry":{"type":"Point","coordinates":[2.1237544,41.4117089]}},{"type":"Feature","properties":{"cat":"transporte"},"geometry":{"type":"Point","coordinates":[2.1786555,41.3924203]}},{"type":"Feature","properties":{"cat":"transporte"},"geometry":{"type":"Point","coordinates":[2.1111376,41.3856226]}},{"type":"Feature","properties":{"cat":"transporte"},"geometry":{"type":"Point","coordinates":[2.1113129,41.3848616]}},{"type":"Feature","properties":{"cat":"transporte"},"geometry":{"type":"Point","coordinates":[2.1638959,41.4039837]}},{"type":"Feature","properties":{"cat":"transporte"},"geometry":{"type":"Point","coordinates":[2.2179253,41.4366708]}},{"type":"Feature","properties":{"cat":"transporte"},"geometry":{"type":"Point","coordinates":[2.2167143,41.4370785]}},{"type":"Feature","properties":{"cat":"transporte"},"geometry":{"type":"Point","coordinates":[2.2169693,41.4420689]}},{"type":"Feature","properties":{"cat":"transporte"},"geometry":{"type":"Point","coordinates":[2.1406913,41.417414]}},{"type":"Feature","properties":{"cat":"transporte"},"geometry":{"type":"Point","coordinates":[2.2165257,41.433825]}},{"type":"Feature","properties":{"cat":"transporte"},"geometry":{"type":"Point","coordinates":[2.126498,41.4104745]}},{"type":"Feature","properties":{"cat":"transporte"},"geometry":{"type":"Point","coordinates":[2.2155266,41.4396019]}},{"type":"Feature","properties":{"cat":"transporte"},"geometry":{"type":"Point","coordinates":[2.2138246,41.4377501]}},{"type":"Feature","properties":{"cat":"transporte"},"geometry":{"type":"Point","coordinates":[2.2143171,41.4354923]}},{"type":"Feature","properties":{"cat":"transporte"},"geometry":{"type":"Point","coordinates":[2.2143297,41.4403166]}},{"type":"Feature","properties":{"cat":"transporte"},"geometry":{"type":"Point","coordinates":[2.21941,41.4417291]}},{"type":"Feature","properties":{"cat":"transporte"},"geometry":{"type":"Point","coordinates":[2.173958,41.4461345]}},{"type":"Feature","properties":{"cat":"transporte"},"geometry":{"type":"Point","coordinates":[2.2225329,41.4407092]}},{"type":"Feature","properties":{"cat":"transporte"},"geometry":{"type":"Point","coordinates":[2.228317,41.4393449]}},{"type":"Feature","properties":{"cat":"transporte"},"geometry":{"type":"Point","coordinates":[2.1307433,41.3753239]}},{"type":"Feature","properties":{"cat":"transporte"},"geometry":{"type":"Point","coordinates":[2.1368005,41.3753365]}},{"type":"Feature","properties":{"cat":"transporte"},"geometry":{"type":"Point","coordinates":[2.1395872,41.3752462]}},{"type":"Feature","properties":{"cat":"transporte"},"geometry":{"type":"Point","coordinates":[2.1500719,41.4036343]}},{"type":"Feature","properties":{"cat":"transporte"},"geometry":{"type":"Point","coordinates":[2.1612219,41.3626976]}},{"type":"Feature","properties":{"cat":"transporte"},"geometry":{"type":"Point","coordinates":[2.1143313,41.381445]}},{"type":"Feature","properties":{"cat":"transporte"},"geometry":{"type":"Point","coordinates":[2.157727,41.3896887]}},{"type":"Feature","properties":{"cat":"transporte"},"geometry":{"type":"Point","coordinates":[2.2171678,41.4122256]}},{"type":"Feature","properties":{"cat":"transporte"},"geometry":{"type":"Point","coordinates":[2.120497,41.3811878]}},{"type":"Feature","properties":{"cat":"transporte"},"geometry":{"type":"Point","coordinates":[2.1709365,41.3874247]}},{"type":"Feature","properties":{"cat":"transporte"},"geometry":{"type":"Point","coordinates":[2.114007,41.3958399]}},{"type":"Feature","properties":{"cat":"transporte"},"geometry":{"type":"Point","coordinates":[2.1200261,41.3994555]}},{"type":"Feature","properties":{"cat":"transporte"},"geometry":{"type":"Point","coordinates":[2.1563818,41.4105943]}},{"type":"Feature","properties":{"cat":"transporte"},"geometry":{"type":"Point","coordinates":[2.1702688,41.3776189]}},{"type":"Feature","properties":{"cat":"transporte"},"geometry":{"type":"Point","coordinates":[2.1687907,41.3794766]}},{"type":"Feature","properties":{"cat":"transporte"},"geometry":{"type":"Point","coordinates":[2.1703062,41.3781865]}},{"type":"Feature","properties":{"cat":"transporte"},"geometry":{"type":"Point","coordinates":[2.1681349,41.3793873]}},{"type":"Feature","properties":{"cat":"transporte"},"geometry":{"type":"Point","coordinates":[2.1701542,41.4165253]}},{"type":"Feature","properties":{"cat":"transporte"},"geometry":{"type":"Point","coordinates":[2.1698913,41.416031]}},{"type":"Feature","properties":{"cat":"transporte"},"geometry":{"type":"Point","coordinates":[2.1675737,41.4156504]}},{"type":"Feature","properties":{"cat":"transporte"},"geometry":{"type":"Point","coordinates":[2.1692738,41.3868594]}},{"type":"Feature","properties":{"cat":"transporte"},"geometry":{"type":"Point","coordinates":[2.1688503,41.3875958]}},{"type":"Feature","properties":{"cat":"transporte"},"geometry":{"type":"Point","coordinates":[2.100942,41.3642387]}},{"type":"Feature","properties":{"cat":"transporte"},"geometry":{"type":"Point","coordinates":[2.1391566,41.4178384]}},{"type":"Feature","properties":{"cat":"transporte"},"geometry":{"type":"Point","coordinates":[2.1408265,41.4173646]}},{"type":"Feature","properties":{"cat":"transporte"},"geometry":{"type":"Point","coordinates":[2.1404795,41.4174977]}},{"type":"Feature","properties":{"cat":"transporte"},"geometry":{"type":"Point","coordinates":[2.1403133,41.4175705]}},{"type":"Feature","properties":{"cat":"transporte"},"geometry":{"type":"Point","coordinates":[2.1385712,41.4185528]}},{"type":"Feature","properties":{"cat":"transporte"},"geometry":{"type":"Point","coordinates":[2.1384663,41.4206429]}},{"type":"Feature","properties":{"cat":"transporte"},"geometry":{"type":"Point","coordinates":[2.1404661,41.421543]}},{"type":"Feature","properties":{"cat":"transporte"},"geometry":{"type":"Point","coordinates":[2.1249266,41.4107444]}},{"type":"Feature","properties":{"cat":"transporte"},"geometry":{"type":"Point","coordinates":[2.1759617,41.4115859]}},{"type":"Feature","properties":{"cat":"transporte"},"geometry":{"type":"Point","coordinates":[2.1769296,41.4108238]}},{"type":"Feature","properties":{"cat":"transporte"},"geometry":{"type":"Point","coordinates":[2.1710465,41.3865508]}},{"type":"Feature","properties":{"cat":"transporte"},"geometry":{"type":"Point","coordinates":[2.1390633,41.418639]}},{"type":"Feature","properties":{"cat":"transporte"},"geometry":{"type":"Point","coordinates":[2.1770222,41.4041048]}},{"type":"Feature","properties":{"cat":"transporte"},"geometry":{"type":"Point","coordinates":[2.1173486,41.3784865]}},{"type":"Feature","properties":{"cat":"transporte"},"geometry":{"type":"Point","coordinates":[2.1163439,41.3776493]}},{"type":"Feature","properties":{"cat":"transporte"},"geometry":{"type":"Point","coordinates":[2.1214232,41.3774486]}},{"type":"Feature","properties":{"cat":"transporte"},"geometry":{"type":"Point","coordinates":[2.1198459,41.3770646]}},{"type":"Feature","properties":{"cat":"transporte"},"geometry":{"type":"Point","coordinates":[2.1498412,41.3894615]}},{"type":"Feature","properties":{"cat":"transporte"},"geometry":{"type":"Point","coordinates":[2.1521794,41.4035051]}},{"type":"Feature","properties":{"cat":"transporte"},"geometry":{"type":"Point","coordinates":[2.1500472,41.4061662]}},{"type":"Feature","properties":{"cat":"transporte"},"geometry":{"type":"Point","coordinates":[2.1389927,41.4118048]}},{"type":"Feature","properties":{"cat":"transporte"},"geometry":{"type":"Point","coordinates":[2.1477437,41.4092507]}},{"type":"Feature","properties":{"cat":"transporte"},"geometry":{"type":"Point","coordinates":[2.138261,41.4144875]}},{"type":"Feature","properties":{"cat":"transporte"},"geometry":{"type":"Point","coordinates":[2.1425449,41.4116078]}},{"type":"Feature","properties":{"cat":"transporte"},"geometry":{"type":"Point","coordinates":[2.1588855,41.4007928]}},{"type":"Feature","properties":{"cat":"transporte"},"geometry":{"type":"Point","coordinates":[2.1566675,41.4021727]}},{"type":"Feature","properties":{"cat":"transporte"},"geometry":{"type":"Point","coordinates":[2.1544787,41.4009379]}},{"type":"Feature","properties":{"cat":"transporte"},"geometry":{"type":"Point","coordinates":[2.1532808,41.4018041]}},{"type":"Feature","properties":{"cat":"transporte"},"geometry":{"type":"Point","coordinates":[2.1218521,41.3879858]}},{"type":"Feature","properties":{"cat":"transporte"},"geometry":{"type":"Point","coordinates":[2.123491,41.3906885]}},{"type":"Feature","properties":{"cat":"transporte"},"geometry":{"type":"Point","coordinates":[2.1538886,41.427446]}},{"type":"Feature","properties":{"cat":"transporte"},"geometry":{"type":"Point","coordinates":[2.1455136,41.4227688]}},{"type":"Feature","properties":{"cat":"transporte"},"geometry":{"type":"Point","coordinates":[2.1429156,41.421857]}},{"type":"Feature","properties":{"cat":"transporte"},"geometry":{"type":"Point","coordinates":[2.1241108,41.3942099]}},{"type":"Feature","properties":{"cat":"transporte"},"geometry":{"type":"Point","coordinates":[2.1225472,41.3878012]}},{"type":"Feature","properties":{"cat":"transporte"},"geometry":{"type":"Point","coordinates":[2.1215605,41.3869772]}},{"type":"Feature","properties":{"cat":"transporte"},"geometry":{"type":"Point","coordinates":[2.1704925,41.3875895]}},{"type":"Feature","properties":{"cat":"transporte"},"geometry":{"type":"Point","coordinates":[2.1708952,41.3872608]}},{"type":"Feature","properties":{"cat":"transporte"},"geometry":{"type":"Point","coordinates":[2.1266003,41.3878413]}},{"type":"Feature","properties":{"cat":"transporte"},"geometry":{"type":"Point","coordinates":[2.1191947,41.380786]}},{"type":"Feature","properties":{"cat":"transporte"},"geometry":{"type":"Point","coordinates":[2.1156641,41.3850647]}},{"type":"Feature","properties":{"cat":"transporte"},"geometry":{"type":"Point","coordinates":[2.1430899,41.3859176]}},{"type":"Feature","properties":{"cat":"transporte"},"geometry":{"type":"Point","coordinates":[2.1272727,41.3818975]}},{"type":"Feature","properties":{"cat":"transporte"},"geometry":{"type":"Point","coordinates":[2.1358128,41.3872705]}},{"type":"Feature","properties":{"cat":"transporte"},"geometry":{"type":"Point","coordinates":[2.1458167,41.3898116]}},{"type":"Feature","properties":{"cat":"transporte"},"geometry":{"type":"Point","coordinates":[2.1416072,41.3854241]}},{"type":"Feature","properties":{"cat":"transporte"},"geometry":{"type":"Point","coordinates":[2.1589993,41.4079465]}},{"type":"Feature","properties":{"cat":"transporte"},"geometry":{"type":"Point","coordinates":[2.1306852,41.4153909]}},{"type":"Feature","properties":{"cat":"transporte"},"geometry":{"type":"Point","coordinates":[2.1297114,41.4156309]}},{"type":"Feature","properties":{"cat":"transporte"},"geometry":{"type":"Point","coordinates":[2.131888,41.4160934]}},{"type":"Feature","properties":{"cat":"transporte"},"geometry":{"type":"Point","coordinates":[2.1349167,41.4131825]}},{"type":"Feature","properties":{"cat":"transporte"},"geometry":{"type":"Point","coordinates":[2.1334309,41.4151031]}},{"type":"Feature","properties":{"cat":"transporte"},"geometry":{"type":"Point","coordinates":[2.1368495,41.4104671]}},{"type":"Feature","properties":{"cat":"transporte"},"geometry":{"type":"Point","coordinates":[2.1178825,41.3806959]}},{"type":"Feature","properties":{"cat":"transporte"},"geometry":{"type":"Point","coordinates":[2.1358433,41.4191741]}},{"type":"Feature","properties":{"cat":"transporte"},"geometry":{"type":"Point","coordinates":[2.1348646,41.420202]}},{"type":"Feature","properties":{"cat":"transporte"},"geometry":{"type":"Point","coordinates":[2.134077,41.4209994]}},{"type":"Feature","properties":{"cat":"transporte"},"geometry":{"type":"Point","coordinates":[2.1083722,41.3836366]}},{"type":"Feature","properties":{"cat":"transporte"},"geometry":{"type":"Point","coordinates":[2.1250636,41.380445]}},{"type":"Feature","properties":{"cat":"transporte"},"geometry":{"type":"Point","coordinates":[2.1269878,41.3876677]}},{"type":"Feature","properties":{"cat":"transporte"},"geometry":{"type":"Point","coordinates":[2.1161582,41.3856111]}},{"type":"Feature","properties":{"cat":"transporte"},"geometry":{"type":"Point","coordinates":[2.1440582,41.3884914]}},{"type":"Feature","properties":{"cat":"transporte"},"geometry":{"type":"Point","coordinates":[2.1462922,41.3931045]}},{"type":"Feature","properties":{"cat":"transporte"},"geometry":{"type":"Point","coordinates":[2.1476062,41.3920609]}},{"type":"Feature","properties":{"cat":"transporte"},"geometry":{"type":"Point","coordinates":[2.1435598,41.3891716]}},{"type":"Feature","properties":{"cat":"transporte"},"geometry":{"type":"Point","coordinates":[2.1280983,41.3880112]}},{"type":"Feature","properties":{"cat":"transporte"},"geometry":{"type":"Point","coordinates":[2.1207109,41.3752126]}},{"type":"Feature","properties":{"cat":"transporte"},"geometry":{"type":"Point","coordinates":[2.1656769,41.4394196]}},{"type":"Feature","properties":{"cat":"transporte"},"geometry":{"type":"Point","coordinates":[2.1657339,41.4392069]}},{"type":"Feature","properties":{"cat":"transporte"},"geometry":{"type":"Point","coordinates":[2.1429785,41.3863936]}},{"type":"Feature","properties":{"cat":"transporte"},"geometry":{"type":"Point","coordinates":[2.2145821,41.4486669]}},{"type":"Feature","properties":{"cat":"transporte"},"geometry":{"type":"Point","coordinates":[2.2108394,41.446883]}},{"type":"Feature","properties":{"cat":"transporte"},"geometry":{"type":"Point","coordinates":[2.2078842,41.4482042]}},{"type":"Feature","properties":{"cat":"transporte"},"geometry":{"type":"Point","coordinates":[2.2178032,41.4489661]}},{"type":"Feature","properties":{"cat":"transporte"},"geometry":{"type":"Point","coordinates":[2.2175203,41.4489239]}},{"type":"Feature","properties":{"cat":"transporte"},"geometry":{"type":"Point","coordinates":[2.2148967,41.4474595]}},{"type":"Feature","properties":{"cat":"transporte"},"geometry":{"type":"Point","coordinates":[2.224343,41.4488353]}},{"type":"Feature","properties":{"cat":"transporte"},"geometry":{"type":"Point","coordinates":[2.2242078,41.4487341]}},{"type":"Feature","properties":{"cat":"transporte"},"geometry":{"type":"Point","coordinates":[2.2212117,41.4475159]}},{"type":"Feature","properties":{"cat":"transporte"},"geometry":{"type":"Point","coordinates":[2.2195486,41.4461328]}},{"type":"Feature","properties":{"cat":"transporte"},"geometry":{"type":"Point","coordinates":[2.2175961,41.4442914]}},{"type":"Feature","properties":{"cat":"transporte"},"geometry":{"type":"Point","coordinates":[2.2223219,41.4478586]}},{"type":"Feature","properties":{"cat":"transporte"},"geometry":{"type":"Point","coordinates":[2.2224515,41.4477585]}},{"type":"Feature","properties":{"cat":"transporte"},"geometry":{"type":"Point","coordinates":[2.2175372,41.444556]}},{"type":"Feature","properties":{"cat":"transporte"},"geometry":{"type":"Point","coordinates":[2.1068659,41.3604765]}},{"type":"Feature","properties":{"cat":"transporte"},"geometry":{"type":"Point","coordinates":[2.1825932,41.4235776]}},{"type":"Feature","properties":{"cat":"transporte"},"geometry":{"type":"Point","coordinates":[2.17458,41.4282923]}},{"type":"Feature","properties":{"cat":"transporte"},"geometry":{"type":"Point","coordinates":[2.1266453,41.3812157]}},{"type":"Feature","properties":{"cat":"transporte"},"geometry":{"type":"Point","coordinates":[2.1496088,41.3756919]}},{"type":"Feature","properties":{"cat":"transporte"},"geometry":{"type":"Point","coordinates":[2.2127943,41.4112083]}},{"type":"Feature","properties":{"cat":"transporte"},"geometry":{"type":"Point","coordinates":[2.1318636,41.4151973]}},{"type":"Feature","properties":{"cat":"transporte"},"geometry":{"type":"Point","coordinates":[2.1336901,41.4147574]}},{"type":"Feature","properties":{"cat":"transporte"},"geometry":{"type":"Point","coordinates":[2.1294738,41.41533]}},{"type":"Feature","properties":{"cat":"transporte"},"geometry":{"type":"Point","coordinates":[2.135251,41.4126544]}},{"type":"Feature","properties":{"cat":"transporte"},"geometry":{"type":"Point","coordinates":[2.1274569,41.3884779]}},{"type":"Feature","properties":{"cat":"transporte"},"geometry":{"type":"Point","coordinates":[2.1226287,41.3855769]}},{"type":"Feature","properties":{"cat":"transporte"},"geometry":{"type":"Point","coordinates":[2.1363311,41.3907255]}},{"type":"Feature","properties":{"cat":"transporte"},"geometry":{"type":"Point","coordinates":[2.114791,41.3877038]}},{"type":"Feature","properties":{"cat":"transporte"},"geometry":{"type":"Point","coordinates":[2.2130969,41.4100551]}},{"type":"Feature","properties":{"cat":"transporte"},"geometry":{"type":"Point","coordinates":[2.1959179,41.384986]}},{"type":"Feature","properties":{"cat":"transporte"},"geometry":{"type":"Point","coordinates":[2.1945725,41.3857227]}},{"type":"Feature","properties":{"cat":"transporte"},"geometry":{"type":"Point","coordinates":[2.1947852,41.386207]}},{"type":"Feature","properties":{"cat":"transporte"},"geometry":{"type":"Point","coordinates":[2.1429105,41.4252248]}},{"type":"Feature","properties":{"cat":"transporte"},"geometry":{"type":"Point","coordinates":[2.1404117,41.4252427]}},{"type":"Feature","properties":{"cat":"transporte"},"geometry":{"type":"Point","coordinates":[2.1401143,41.4303221]}},{"type":"Feature","properties":{"cat":"transporte"},"geometry":{"type":"Point","coordinates":[2.1415199,41.4330339]}},{"type":"Feature","properties":{"cat":"transporte"},"geometry":{"type":"Point","coordinates":[2.140797,41.4250689]}},{"type":"Feature","properties":{"cat":"transporte"},"geometry":{"type":"Point","coordinates":[2.1440568,41.4319774]}},{"type":"Feature","properties":{"cat":"transporte"},"geometry":{"type":"Point","coordinates":[2.2097385,41.4082404]}},{"type":"Feature","properties":{"cat":"transporte"},"geometry":{"type":"Point","coordinates":[2.2057947,41.4036743]}},{"type":"Feature","properties":{"cat":"transporte"},"geometry":{"type":"Point","coordinates":[2.1680469,41.3980375]}},{"type":"Feature","properties":{"cat":"transporte"},"geometry":{"type":"Point","coordinates":[2.1703944,41.3986506]}},{"type":"Feature","properties":{"cat":"transporte"},"geometry":{"type":"Point","coordinates":[2.1724403,41.3973645]}},{"type":"Feature","properties":{"cat":"transporte"},"geometry":{"type":"Point","coordinates":[2.2135811,41.4376157]}},{"type":"Feature","properties":{"cat":"transporte"},"geometry":{"type":"Point","coordinates":[2.2254251,41.4473384]}},{"type":"Feature","properties":{"cat":"transporte"},"geometry":{"type":"Point","coordinates":[2.2208748,41.4470675]}},{"type":"Feature","properties":{"cat":"transporte"},"geometry":{"type":"Point","coordinates":[2.2247428,41.4429533]}},{"type":"Feature","properties":{"cat":"transporte"},"geometry":{"type":"Point","coordinates":[2.2141074,41.4410445]}},{"type":"Feature","properties":{"cat":"transporte"},"geometry":{"type":"Point","coordinates":[2.2276286,41.4474897]}},{"type":"Feature","properties":{"cat":"transporte"},"geometry":{"type":"Point","coordinates":[2.2194103,41.4461909]}},{"type":"Feature","properties":{"cat":"transporte"},"geometry":{"type":"Point","coordinates":[2.2251689,41.4470615]}},{"type":"Feature","properties":{"cat":"transporte"},"geometry":{"type":"Point","coordinates":[2.221537,41.4458]}},{"type":"Feature","properties":{"cat":"transporte"},"geometry":{"type":"Point","coordinates":[2.2163063,41.4432102]}},{"type":"Feature","properties":{"cat":"transporte"},"geometry":{"type":"Point","coordinates":[2.2257994,41.4482296]}},{"type":"Feature","properties":{"cat":"transporte"},"geometry":{"type":"Point","coordinates":[2.2230479,41.4452126]}},{"type":"Feature","properties":{"cat":"transporte"},"geometry":{"type":"Point","coordinates":[2.2238011,41.4422019]}},{"type":"Feature","properties":{"cat":"transporte"},"geometry":{"type":"Point","coordinates":[2.2162363,41.4430132]}},{"type":"Feature","properties":{"cat":"transporte"},"geometry":{"type":"Point","coordinates":[2.2261315,41.4440591]}},{"type":"Feature","properties":{"cat":"transporte"},"geometry":{"type":"Point","coordinates":[2.2268395,41.4472541]}},{"type":"Feature","properties":{"cat":"transporte"},"geometry":{"type":"Point","coordinates":[2.2223793,41.4442208]}},{"type":"Feature","properties":{"cat":"transporte"},"geometry":{"type":"Point","coordinates":[2.2266628,41.4440314]}},{"type":"Feature","properties":{"cat":"transporte"},"geometry":{"type":"Point","coordinates":[2.2256411,41.4482557]}},{"type":"Feature","properties":{"cat":"transporte"},"geometry":{"type":"Point","coordinates":[2.1400042,41.3790068]}},{"type":"Feature","properties":{"cat":"transporte"},"geometry":{"type":"Point","coordinates":[2.1171735,41.403936]}},{"type":"Feature","properties":{"cat":"transporte"},"geometry":{"type":"Point","coordinates":[2.1146674,41.4039322]}},{"type":"Feature","properties":{"cat":"transporte"},"geometry":{"type":"Point","coordinates":[2.1203696,41.4020606]}},{"type":"Feature","properties":{"cat":"transporte"},"geometry":{"type":"Point","coordinates":[2.1258971,41.398463]}},{"type":"Feature","properties":{"cat":"transporte"},"geometry":{"type":"Point","coordinates":[2.1238556,41.4001391]}},{"type":"Feature","properties":{"cat":"transporte"},"geometry":{"type":"Point","coordinates":[2.1233197,41.399984]}},{"type":"Feature","properties":{"cat":"transporte"},"geometry":{"type":"Point","coordinates":[2.1253579,41.3985344]}},{"type":"Feature","properties":{"cat":"transporte"},"geometry":{"type":"Point","coordinates":[2.1270236,41.3970894]}},{"type":"Feature","properties":{"cat":"transporte"},"geometry":{"type":"Point","coordinates":[2.1262884,41.3964815]}},{"type":"Feature","properties":{"cat":"transporte"},"geometry":{"type":"Point","coordinates":[2.1269205,41.3948189]}},{"type":"Feature","properties":{"cat":"transporte"},"geometry":{"type":"Point","coordinates":[2.1274521,41.3945334]}},{"type":"Feature","properties":{"cat":"transporte"},"geometry":{"type":"Point","coordinates":[2.1293624,41.3929304]}},{"type":"Feature","properties":{"cat":"transporte"},"geometry":{"type":"Point","coordinates":[2.1308227,41.392521]}},{"type":"Feature","properties":{"cat":"transporte"},"geometry":{"type":"Point","coordinates":[2.1328882,41.3891177]}},{"type":"Feature","properties":{"cat":"transporte"},"geometry":{"type":"Point","coordinates":[2.134947,41.3891633]}},{"type":"Feature","properties":{"cat":"transporte"},"geometry":{"type":"Point","coordinates":[2.137805,41.3862384]}},{"type":"Feature","properties":{"cat":"transporte"},"geometry":{"type":"Point","coordinates":[2.1413469,41.3812068]}},{"type":"Feature","properties":{"cat":"transporte"},"geometry":{"type":"Point","coordinates":[2.141864,41.3828875]}},{"type":"Feature","properties":{"cat":"transporte"},"geometry":{"type":"Point","coordinates":[2.1452694,41.3784727]}},{"type":"Feature","properties":{"cat":"transporte"},"geometry":{"type":"Point","coordinates":[2.1437368,41.3805169]}},{"type":"Feature","properties":{"cat":"transporte"},"geometry":{"type":"Point","coordinates":[2.145198,41.3783741]}},{"type":"Feature","properties":{"cat":"transporte"},"geometry":{"type":"Point","coordinates":[2.1462903,41.3694152]}},{"type":"Feature","properties":{"cat":"transporte"},"geometry":{"type":"Point","coordinates":[2.1471577,41.4351549]}},{"type":"Feature","properties":{"cat":"transporte"},"geometry":{"type":"Point","coordinates":[2.1466193,41.3920254]}},{"type":"Feature","properties":{"cat":"transporte"},"geometry":{"type":"Point","coordinates":[2.112031,41.3763836]}},{"type":"Feature","properties":{"cat":"transporte"},"geometry":{"type":"Point","coordinates":[2.1016933,41.409024]}},{"type":"Feature","properties":{"cat":"transporte"},"geometry":{"type":"Point","coordinates":[2.1213536,41.3998709]}},{"type":"Feature","properties":{"cat":"transporte"},"geometry":{"type":"Point","coordinates":[2.1234313,41.4009709]}},{"type":"Feature","properties":{"cat":"transporte"},"geometry":{"type":"Point","coordinates":[2.1337455,41.4065889]}},{"type":"Feature","properties":{"cat":"transporte"},"geometry":{"type":"Point","coordinates":[2.1334274,41.4062114]}},{"type":"Feature","properties":{"cat":"transporte"},"geometry":{"type":"Point","coordinates":[2.1356068,41.415754]}},{"type":"Feature","properties":{"cat":"transporte"},"geometry":{"type":"Point","coordinates":[2.1366121,41.4147158]}},{"type":"Feature","properties":{"cat":"transporte"},"geometry":{"type":"Point","coordinates":[2.1435732,41.3991964]}},{"type":"Feature","properties":{"cat":"transporte"},"geometry":{"type":"Point","coordinates":[2.1479015,41.400866]}},{"type":"Feature","properties":{"cat":"transporte"},"geometry":{"type":"Point","coordinates":[2.1473967,41.4014065]}},{"type":"Feature","properties":{"cat":"transporte"},"geometry":{"type":"Point","coordinates":[2.1555642,41.3844984]}},{"type":"Feature","properties":{"cat":"transporte"},"geometry":{"type":"Point","coordinates":[2.1514801,41.382462]}},{"type":"Feature","properties":{"cat":"transporte"},"geometry":{"type":"Point","coordinates":[2.1564229,41.3854342]}},{"type":"Feature","properties":{"cat":"transporte"},"geometry":{"type":"Point","coordinates":[2.1683456,41.4274877]}},{"type":"Feature","properties":{"cat":"transporte"},"geometry":{"type":"Point","coordinates":[2.1913122,41.4180957]}},{"type":"Feature","properties":{"cat":"transporte"},"geometry":{"type":"Point","coordinates":[2.1915075,41.4177875]}},{"type":"Feature","properties":{"cat":"transporte"},"geometry":{"type":"Point","coordinates":[2.1669824,41.364963]}},{"type":"Feature","properties":{"cat":"transporte"},"geometry":{"type":"Point","coordinates":[2.2034025,41.4081021]}},{"type":"Feature","properties":{"cat":"transporte"},"geometry":{"type":"Point","coordinates":[2.1973549,41.4126239]}},{"type":"Feature","properties":{"cat":"transporte"},"geometry":{"type":"Point","coordinates":[2.1943087,41.4149376]}},{"type":"Feature","properties":{"cat":"transporte"},"geometry":{"type":"Point","coordinates":[2.1774137,41.4293174]}},{"type":"Feature","properties":{"cat":"transporte"},"geometry":{"type":"Point","coordinates":[2.1730623,41.4303022]}},{"type":"Feature","properties":{"cat":"transporte"},"geometry":{"type":"Point","coordinates":[2.1633084,41.4333466]}},{"type":"Feature","properties":{"cat":"transporte"},"geometry":{"type":"Point","coordinates":[2.1646309,41.4367269]}},{"type":"Feature","properties":{"cat":"transporte"},"geometry":{"type":"Point","coordinates":[2.1622038,41.4414717]}},{"type":"Feature","properties":{"cat":"transporte"},"geometry":{"type":"Point","coordinates":[2.1622166,41.4426131]}},{"type":"Feature","properties":{"cat":"transporte"},"geometry":{"type":"Point","coordinates":[2.1619855,41.4435189]}},{"type":"Feature","properties":{"cat":"transporte"},"geometry":{"type":"Point","coordinates":[2.1652094,41.4443365]}},{"type":"Feature","properties":{"cat":"transporte"},"geometry":{"type":"Point","coordinates":[2.1678241,41.4448095]}},{"type":"Feature","properties":{"cat":"transporte"},"geometry":{"type":"Point","coordinates":[2.1882666,41.3740625]}},{"type":"Feature","properties":{"cat":"transporte"},"geometry":{"type":"Point","coordinates":[2.1876583,41.3705662]}},{"type":"Feature","properties":{"cat":"transporte"},"geometry":{"type":"Point","coordinates":[2.2019621,41.3941298]}},{"type":"Feature","properties":{"cat":"transporte"},"geometry":{"type":"Point","coordinates":[2.1959827,41.39052]}},{"type":"Feature","properties":{"cat":"transporte"},"geometry":{"type":"Point","coordinates":[2.1990106,41.3931234]}},{"type":"Feature","properties":{"cat":"transporte"},"geometry":{"type":"Point","coordinates":[2.1073848,41.3906583]}},{"type":"Feature","properties":{"cat":"transporte"},"geometry":{"type":"Point","coordinates":[2.1065757,41.3879311]}},{"type":"Feature","properties":{"cat":"transporte"},"geometry":{"type":"Point","coordinates":[2.185309,41.3904356]}},{"type":"Feature","properties":{"cat":"transporte"},"geometry":{"type":"Point","coordinates":[2.1835534,41.3894933]}},{"type":"Feature","properties":{"cat":"transporte"},"geometry":{"type":"Point","coordinates":[2.1850499,41.389978]}},{"type":"Feature","properties":{"cat":"transporte"},"geometry":{"type":"Point","coordinates":[2.1812427,41.3912486]}},{"type":"Feature","properties":{"cat":"transporte"},"geometry":{"type":"Point","coordinates":[2.1728072,41.3890252]}},{"type":"Feature","properties":{"cat":"transporte"},"geometry":{"type":"Point","coordinates":[2.1748709,41.3764222]}},{"type":"Feature","properties":{"cat":"transporte"},"geometry":{"type":"Point","coordinates":[2.1729674,41.3768312]}},{"type":"Feature","properties":{"cat":"transporte"},"geometry":{"type":"Point","coordinates":[2.2131995,41.4048456]}},{"type":"Feature","properties":{"cat":"transporte"},"geometry":{"type":"Point","coordinates":[2.1198051,41.4257526]}},{"type":"Feature","properties":{"cat":"transporte"},"geometry":{"type":"Point","coordinates":[2.1948756,41.3833609]}},{"type":"Feature","properties":{"cat":"transporte"},"geometry":{"type":"Point","coordinates":[2.1959886,41.3861856]}},{"type":"Feature","properties":{"cat":"transporte"},"geometry":{"type":"Point","coordinates":[2.1928471,41.3803265]}},{"type":"Feature","properties":{"cat":"transporte"},"geometry":{"type":"Point","coordinates":[2.2153643,41.4070921]}},{"type":"Feature","properties":{"cat":"transporte"},"geometry":{"type":"Point","coordinates":[2.2155037,41.4070144]}},{"type":"Feature","properties":{"cat":"transporte"},"geometry":{"type":"Point","coordinates":[2.2183172,41.4103077]}},{"type":"Feature","properties":{"cat":"transporte"},"geometry":{"type":"Point","coordinates":[2.169336,41.387777]}},{"type":"Feature","properties":{"cat":"transporte"},"geometry":{"type":"Point","coordinates":[2.1312786,41.4142108]}},{"type":"Feature","properties":{"cat":"transporte"},"geometry":{"type":"Point","coordinates":[2.1304521,41.4131925]}},{"type":"Feature","properties":{"cat":"transporte"},"geometry":{"type":"Point","coordinates":[2.1341644,41.4142625]}},{"type":"Feature","properties":{"cat":"transporte"},"geometry":{"type":"Point","coordinates":[2.133176,41.4143324]}},{"type":"Feature","properties":{"cat":"transporte"},"geometry":{"type":"Point","coordinates":[2.1366122,41.4104998]}},{"type":"Feature","properties":{"cat":"transporte"},"geometry":{"type":"Point","coordinates":[2.138207,41.4120938]}},{"type":"Feature","properties":{"cat":"transporte"},"geometry":{"type":"Point","coordinates":[2.1626684,41.3799893]}},{"type":"Feature","properties":{"cat":"transporte"},"geometry":{"type":"Point","coordinates":[2.1626865,41.3834222]}},{"type":"Feature","properties":{"cat":"transporte"},"geometry":{"type":"Point","coordinates":[2.1681395,41.4273865]}},{"type":"Feature","properties":{"cat":"transporte"},"geometry":{"type":"Point","coordinates":[2.1729857,41.4262747]}},{"type":"Feature","properties":{"cat":"transporte"},"geometry":{"type":"Point","coordinates":[2.1804966,41.4188984]}},{"type":"Feature","properties":{"cat":"transporte"},"geometry":{"type":"Point","coordinates":[2.1796922,41.4152978]}},{"type":"Feature","properties":{"cat":"transporte"},"geometry":{"type":"Point","coordinates":[2.1681676,41.4066275]}},{"type":"Feature","properties":{"cat":"transporte"},"geometry":{"type":"Point","coordinates":[2.1657038,41.4013659]}},{"type":"Feature","properties":{"cat":"transporte"},"geometry":{"type":"Point","coordinates":[2.1737752,41.4108459]}},{"type":"Feature","properties":{"cat":"transporte"},"geometry":{"type":"Point","coordinates":[2.1703566,41.4082742]}},{"type":"Feature","properties":{"cat":"transporte"},"geometry":{"type":"Point","coordinates":[2.1725267,41.3885675]}},{"type":"Feature","properties":{"cat":"transporte"},"geometry":{"type":"Point","coordinates":[2.1633545,41.3989035]}},{"type":"Feature","properties":{"cat":"transporte"},"geometry":{"type":"Point","coordinates":[2.1804039,41.3791186]}},{"type":"Feature","properties":{"cat":"transporte"},"geometry":{"type":"Point","coordinates":[2.1600159,41.3748789]}},{"type":"Feature","properties":{"cat":"transporte"},"geometry":{"type":"Point","coordinates":[2.1819258,41.380877]}},{"type":"Feature","properties":{"cat":"transporte"},"geometry":{"type":"Point","coordinates":[2.1335444,41.4150703]}},{"type":"Feature","properties":{"cat":"transporte"},"geometry":{"type":"Point","coordinates":[2.1439506,41.4113554]}},{"type":"Feature","properties":{"cat":"transporte"},"geometry":{"type":"Point","coordinates":[2.1548665,41.4103341]}},{"type":"Feature","properties":{"cat":"transporte"},"geometry":{"type":"Point","coordinates":[2.153489,41.4070334]}},{"type":"Feature","properties":{"cat":"transporte"},"geometry":{"type":"Point","coordinates":[2.1538507,41.4123903]}},{"type":"Feature","properties":{"cat":"transporte"},"geometry":{"type":"Point","coordinates":[2.1530491,41.4133947]}},{"type":"Feature","properties":{"cat":"transporte"},"geometry":{"type":"Point","coordinates":[2.1556268,41.410982]}},{"type":"Feature","properties":{"cat":"transporte"},"geometry":{"type":"Point","coordinates":[2.1456326,41.3917803]}},{"type":"Feature","properties":{"cat":"transporte"},"geometry":{"type":"Point","coordinates":[2.1511685,41.3762532]}},{"type":"Feature","properties":{"cat":"transporte"},"geometry":{"type":"Point","coordinates":[2.1803363,41.38528]}},{"type":"Feature","properties":{"cat":"transporte"},"geometry":{"type":"Point","coordinates":[2.1653236,41.3862638]}},{"type":"Feature","properties":{"cat":"transporte"},"geometry":{"type":"Point","coordinates":[2.1616769,41.3843601]}},{"type":"Feature","properties":{"cat":"transporte"},"geometry":{"type":"Point","coordinates":[2.1655662,41.3972392]}},{"type":"Feature","properties":{"cat":"transporte"},"geometry":{"type":"Point","coordinates":[2.1669328,41.3927785]}},{"type":"Feature","properties":{"cat":"transporte"},"geometry":{"type":"Point","coordinates":[2.1774308,41.3848724]}},{"type":"Feature","properties":{"cat":"transporte"},"geometry":{"type":"Point","coordinates":[2.1499032,41.3712013]}},{"type":"Feature","properties":{"cat":"transporte"},"geometry":{"type":"Point","coordinates":[2.142084,41.3811935]}},{"type":"Feature","properties":{"cat":"transporte"},"geometry":{"type":"Point","coordinates":[2.1427031,41.3828648]}},{"type":"Feature","properties":{"cat":"transporte"},"geometry":{"type":"Point","coordinates":[2.2024559,41.3943111]}},{"type":"Feature","properties":{"cat":"transporte"},"geometry":{"type":"Point","coordinates":[2.2015739,41.3944311]}},{"type":"Feature","properties":{"cat":"transporte"},"geometry":{"type":"Point","coordinates":[2.1993073,41.3930089]}},{"type":"Feature","properties":{"cat":"transporte"},"geometry":{"type":"Point","coordinates":[2.1990047,41.3903508]}},{"type":"Feature","properties":{"cat":"transporte"},"geometry":{"type":"Point","coordinates":[2.1963491,41.3904005]}},{"type":"Feature","properties":{"cat":"transporte"},"geometry":{"type":"Point","coordinates":[2.1922088,41.3909293]}},{"type":"Feature","properties":{"cat":"transporte"},"geometry":{"type":"Point","coordinates":[2.1614533,41.3764941]}},{"type":"Feature","properties":{"cat":"transporte"},"geometry":{"type":"Point","coordinates":[2.1652098,41.3686274]}},{"type":"Feature","properties":{"cat":"transporte"},"geometry":{"type":"Point","coordinates":[2.1276999,41.3787119]}},{"type":"Feature","properties":{"cat":"transporte"},"geometry":{"type":"Point","coordinates":[2.1327249,41.380833]}},{"type":"Feature","properties":{"cat":"transporte"},"geometry":{"type":"Point","coordinates":[2.1313464,41.3805977]}},{"type":"Feature","properties":{"cat":"transporte"},"geometry":{"type":"Point","coordinates":[2.1360621,41.3819051]}},{"type":"Feature","properties":{"cat":"transporte"},"geometry":{"type":"Point","coordinates":[2.1448183,41.3751556]}},{"type":"Feature","properties":{"cat":"transporte"},"geometry":{"type":"Point","coordinates":[2.1445792,41.3752817]}},{"type":"Feature","properties":{"cat":"transporte"},"geometry":{"type":"Point","coordinates":[2.1365697,41.375406]}},{"type":"Feature","properties":{"cat":"transporte"},"geometry":{"type":"Point","coordinates":[2.1374286,41.3846113]}},{"type":"Feature","properties":{"cat":"transporte"},"geometry":{"type":"Point","coordinates":[2.1475062,41.3752002]}},{"type":"Feature","properties":{"cat":"transporte"},"geometry":{"type":"Point","coordinates":[2.1468805,41.3750844]}},{"type":"Feature","properties":{"cat":"transporte"},"geometry":{"type":"Point","coordinates":[2.138897,41.3785219]}},{"type":"Feature","properties":{"cat":"transporte"},"geometry":{"type":"Point","coordinates":[2.13192,41.3754172]}},{"type":"Feature","properties":{"cat":"transporte"},"geometry":{"type":"Point","coordinates":[2.139409,41.37537]}},{"type":"Feature","properties":{"cat":"transporte"},"geometry":{"type":"Point","coordinates":[2.1310786,41.3755334]}},{"type":"Feature","properties":{"cat":"transporte"},"geometry":{"type":"Point","coordinates":[2.150136,41.3737943]}},{"type":"Feature","properties":{"cat":"transporte"},"geometry":{"type":"Point","coordinates":[2.1483735,41.3759917]}},{"type":"Feature","properties":{"cat":"transporte"},"geometry":{"type":"Point","coordinates":[2.1528414,41.3751276]}},{"type":"Feature","properties":{"cat":"transporte"},"geometry":{"type":"Point","coordinates":[2.1554362,41.3748881]}},{"type":"Feature","properties":{"cat":"transporte"},"geometry":{"type":"Point","coordinates":[2.1560152,41.3756]}},{"type":"Feature","properties":{"cat":"transporte"},"geometry":{"type":"Point","coordinates":[2.1543169,41.3742176]}},{"type":"Feature","properties":{"cat":"transporte"},"geometry":{"type":"Point","coordinates":[2.1551645,41.3742196]}},{"type":"Feature","properties":{"cat":"transporte"},"geometry":{"type":"Point","coordinates":[2.1505342,41.374903]}},{"type":"Feature","properties":{"cat":"transporte"},"geometry":{"type":"Point","coordinates":[2.1501957,41.3754921]}},{"type":"Feature","properties":{"cat":"transporte"},"geometry":{"type":"Point","coordinates":[2.1534213,41.3757492]}},{"type":"Feature","properties":{"cat":"transporte"},"geometry":{"type":"Point","coordinates":[2.1543426,41.3922433]}},{"type":"Feature","properties":{"cat":"transporte"},"geometry":{"type":"Point","coordinates":[2.1525912,41.3904327]}},{"type":"Feature","properties":{"cat":"transporte"},"geometry":{"type":"Point","coordinates":[2.1511208,41.3912723]}},{"type":"Feature","properties":{"cat":"transporte"},"geometry":{"type":"Point","coordinates":[2.153483,41.3921997]}},{"type":"Feature","properties":{"cat":"transporte"},"geometry":{"type":"Point","coordinates":[2.1534435,41.3910753]}},{"type":"Feature","properties":{"cat":"transporte"},"geometry":{"type":"Point","coordinates":[2.1567146,41.3885943]}},{"type":"Feature","properties":{"cat":"transporte"},"geometry":{"type":"Point","coordinates":[2.1555763,41.3903665]}},{"type":"Feature","properties":{"cat":"transporte"},"geometry":{"type":"Point","coordinates":[2.1702017,41.442691]}},{"type":"Feature","properties":{"cat":"transporte"},"geometry":{"type":"Point","coordinates":[2.1702597,41.4442061]}},{"type":"Feature","properties":{"cat":"transporte"},"geometry":{"type":"Point","coordinates":[2.1704712,41.444269]}},{"type":"Feature","properties":{"cat":"transporte"},"geometry":{"type":"Point","coordinates":[2.1707865,41.4443662]}},{"type":"Feature","properties":{"cat":"transporte"},"geometry":{"type":"Point","coordinates":[2.1654007,41.3916226]}},{"type":"Feature","properties":{"cat":"transporte"},"geometry":{"type":"Point","coordinates":[2.1654106,41.3918876]}},{"type":"Feature","properties":{"cat":"transporte"},"geometry":{"type":"Point","coordinates":[2.1646484,41.3945562]}},{"type":"Feature","properties":{"cat":"transporte"},"geometry":{"type":"Point","coordinates":[2.2130392,41.4091423]}},{"type":"Feature","properties":{"cat":"transporte"},"geometry":{"type":"Point","coordinates":[2.1237072,41.3785429]}},{"type":"Feature","properties":{"cat":"transporte"},"geometry":{"type":"Point","coordinates":[2.1771653,41.3748162]}},{"type":"Feature","properties":{"cat":"transporte"},"geometry":{"type":"Point","coordinates":[2.1596401,41.3678768]}},{"type":"Feature","properties":{"cat":"transporte"},"geometry":{"type":"Point","coordinates":[2.1574095,41.3653259]}},{"type":"Feature","properties":{"cat":"transporte"},"geometry":{"type":"Point","coordinates":[2.1572861,41.3657104]}},{"type":"Feature","properties":{"cat":"transporte"},"geometry":{"type":"Point","coordinates":[2.1547418,41.3799802]}},{"type":"Feature","properties":{"cat":"transporte"},"geometry":{"type":"Point","coordinates":[2.1570165,41.3782442]}},{"type":"Feature","properties":{"cat":"transporte"},"geometry":{"type":"Point","coordinates":[2.1784411,41.3767122]}},{"type":"Feature","properties":{"cat":"transporte"},"geometry":{"type":"Point","coordinates":[2.1767888,41.3747931]}},{"type":"Feature","properties":{"cat":"transporte"},"geometry":{"type":"Point","coordinates":[2.1817734,41.3808369]}},{"type":"Feature","properties":{"cat":"transporte"},"geometry":{"type":"Point","coordinates":[2.1529343,41.3615717]}},{"type":"Feature","properties":{"cat":"transporte"},"geometry":{"type":"Point","coordinates":[2.1702579,41.432832]}},{"type":"Feature","properties":{"cat":"transporte"},"geometry":{"type":"Point","coordinates":[2.1449503,41.3653982]}},{"type":"Feature","properties":{"cat":"transporte"},"geometry":{"type":"Point","coordinates":[2.1415276,41.3654283]}},{"type":"Feature","properties":{"cat":"transporte"},"geometry":{"type":"Point","coordinates":[2.1430916,41.3602914]}},{"type":"Feature","properties":{"cat":"transporte"},"geometry":{"type":"Point","coordinates":[2.1413212,41.3613257]}},{"type":"Feature","properties":{"cat":"transporte"},"geometry":{"type":"Point","coordinates":[2.1418339,41.3629007]}},{"type":"Feature","properties":{"cat":"transporte"},"geometry":{"type":"Point","coordinates":[2.1254543,41.3774572]}},{"type":"Feature","properties":{"cat":"transporte"},"geometry":{"type":"Point","coordinates":[2.1829824,41.3766593]}},{"type":"Feature","properties":{"cat":"transporte"},"geometry":{"type":"Point","coordinates":[2.172438,41.4012615]}},{"type":"Feature","properties":{"cat":"transporte"},"geometry":{"type":"Point","coordinates":[2.11887,41.4216102]}},{"type":"Feature","properties":{"cat":"transporte"},"geometry":{"type":"Point","coordinates":[2.1550525,41.3964593]}},{"type":"Feature","properties":{"cat":"transporte"},"geometry":{"type":"Point","coordinates":[2.174653,41.3954322]}},{"type":"Feature","properties":{"cat":"transporte"},"geometry":{"type":"Point","coordinates":[2.1736649,41.3937613]}},{"type":"Feature","properties":{"cat":"transporte"},"geometry":{"type":"Point","coordinates":[2.2227242,41.436558]}},{"type":"Feature","properties":{"cat":"transporte"},"geometry":{"type":"Point","coordinates":[2.21596,41.4328319]}},{"type":"Feature","properties":{"cat":"transporte"},"geometry":{"type":"Point","coordinates":[2.2160516,41.4327213]}},{"type":"Feature","properties":{"cat":"transporte"},"geometry":{"type":"Point","coordinates":[2.1785342,41.3766861]}},{"type":"Feature","properties":{"cat":"transporte"},"geometry":{"type":"Point","coordinates":[2.1923018,41.3791659]}},{"type":"Feature","properties":{"cat":"transporte"},"geometry":{"type":"Point","coordinates":[2.1919879,41.4013551]}},{"type":"Feature","properties":{"cat":"transporte"},"geometry":{"type":"Point","coordinates":[2.1955987,41.3883866]}},{"type":"Feature","properties":{"cat":"transporte"},"geometry":{"type":"Point","coordinates":[2.1988332,41.396116]}},{"type":"Feature","properties":{"cat":"transporte"},"geometry":{"type":"Point","coordinates":[2.1954495,41.3986969]}},{"type":"Feature","properties":{"cat":"transporte"},"geometry":{"type":"Point","coordinates":[2.187143,41.4181804]}},{"type":"Feature","properties":{"cat":"transporte"},"geometry":{"type":"Point","coordinates":[2.193852,41.3883742]}},{"type":"Feature","properties":{"cat":"transporte"},"geometry":{"type":"Point","coordinates":[2.1640027,41.4095975]}},{"type":"Feature","properties":{"cat":"transporte"},"geometry":{"type":"Point","coordinates":[2.1607161,41.4132018]}},{"type":"Feature","properties":{"cat":"transporte"},"geometry":{"type":"Point","coordinates":[2.1459583,41.4153189]}},{"type":"Feature","properties":{"cat":"transporte"},"geometry":{"type":"Point","coordinates":[2.1475664,41.4177536]}},{"type":"Feature","properties":{"cat":"transporte"},"geometry":{"type":"Point","coordinates":[2.1510906,41.4014006]}},{"type":"Feature","properties":{"cat":"transporte"},"geometry":{"type":"Point","coordinates":[2.1526935,41.398893]}},{"type":"Feature","properties":{"cat":"transporte"},"geometry":{"type":"Point","coordinates":[2.1537126,41.3986933]}},{"type":"Feature","properties":{"cat":"transporte"},"geometry":{"type":"Point","coordinates":[2.2162685,41.4104893]}},{"type":"Feature","properties":{"cat":"transporte"},"geometry":{"type":"Point","coordinates":[2.11433,41.4017887]}},{"type":"Feature","properties":{"cat":"transporte"},"geometry":{"type":"Point","coordinates":[2.137533,41.4103313]}},{"type":"Feature","properties":{"cat":"transporte"},"geometry":{"type":"Point","coordinates":[2.111591,41.3922324]}},{"type":"Feature","properties":{"cat":"transporte"},"geometry":{"type":"Point","coordinates":[2.1120061,41.3932575]}},{"type":"Feature","properties":{"cat":"transporte"},"geometry":{"type":"Point","coordinates":[2.1201902,41.397177]}},{"type":"Feature","properties":{"cat":"transporte"},"geometry":{"type":"Point","coordinates":[2.1173771,41.3990759]}},{"type":"Feature","properties":{"cat":"transporte"},"geometry":{"type":"Point","coordinates":[2.116727,41.3995733]}},{"type":"Feature","properties":{"cat":"transporte"},"geometry":{"type":"Point","coordinates":[2.1191674,41.3981324]}},{"type":"Feature","properties":{"cat":"transporte"},"geometry":{"type":"Point","coordinates":[2.109103,41.402014]}},{"type":"Feature","properties":{"cat":"transporte"},"geometry":{"type":"Point","coordinates":[2.1067875,41.4024585]}},{"type":"Feature","properties":{"cat":"transporte"},"geometry":{"type":"Point","coordinates":[2.1117577,41.4018885]}},{"type":"Feature","properties":{"cat":"transporte"},"geometry":{"type":"Point","coordinates":[2.1074062,41.4022916]}},{"type":"Feature","properties":{"cat":"transporte"},"geometry":{"type":"Point","coordinates":[2.1205048,41.3994007]}},{"type":"Feature","properties":{"cat":"transporte"},"geometry":{"type":"Point","coordinates":[2.1121605,41.4008797]}},{"type":"Feature","properties":{"cat":"transporte"},"geometry":{"type":"Point","coordinates":[2.1220033,41.3972661]}},{"type":"Feature","properties":{"cat":"transporte"},"geometry":{"type":"Point","coordinates":[2.1102536,41.4021954]}},{"type":"Feature","properties":{"cat":"transporte"},"geometry":{"type":"Point","coordinates":[2.1191024,41.4023703]}},{"type":"Feature","properties":{"cat":"transporte"},"geometry":{"type":"Point","coordinates":[2.1149926,41.4039048]}},{"type":"Feature","properties":{"cat":"transporte"},"geometry":{"type":"Point","coordinates":[2.1085552,41.403847]}},{"type":"Feature","properties":{"cat":"transporte"},"geometry":{"type":"Point","coordinates":[2.1085039,41.4031638]}},{"type":"Feature","properties":{"cat":"transporte"},"geometry":{"type":"Point","coordinates":[2.1098065,41.403403]}},{"type":"Feature","properties":{"cat":"transporte"},"geometry":{"type":"Point","coordinates":[2.1181405,41.3998863]}},{"type":"Feature","properties":{"cat":"transporte"},"geometry":{"type":"Point","coordinates":[2.1201898,41.400916]}},{"type":"Feature","properties":{"cat":"transporte"},"geometry":{"type":"Point","coordinates":[2.1139338,41.4009334]}},{"type":"Feature","properties":{"cat":"transporte"},"geometry":{"type":"Point","coordinates":[2.1142487,41.4014739]}},{"type":"Feature","properties":{"cat":"transporte"},"geometry":{"type":"Point","coordinates":[2.1120315,41.4018014]}},{"type":"Feature","properties":{"cat":"transporte"},"geometry":{"type":"Point","coordinates":[2.1199832,41.3955251]}},{"type":"Feature","properties":{"cat":"transporte"},"geometry":{"type":"Point","coordinates":[2.1210556,41.3933747]}},{"type":"Feature","properties":{"cat":"transporte"},"geometry":{"type":"Point","coordinates":[2.1263198,41.3936613]}},{"type":"Feature","properties":{"cat":"transporte"},"geometry":{"type":"Point","coordinates":[2.1241673,41.3960347]}},{"type":"Feature","properties":{"cat":"transporte"},"geometry":{"type":"Point","coordinates":[2.1219798,41.397625]}},{"type":"Feature","properties":{"cat":"transporte"},"geometry":{"type":"Point","coordinates":[2.1256417,41.3954662]}},{"type":"Feature","properties":{"cat":"transporte"},"geometry":{"type":"Point","coordinates":[2.1216998,41.3928197]}},{"type":"Feature","properties":{"cat":"transporte"},"geometry":{"type":"Point","coordinates":[2.1235408,41.3937792]}},{"type":"Feature","properties":{"cat":"transporte"},"geometry":{"type":"Point","coordinates":[2.1218466,41.3930482]}},{"type":"Feature","properties":{"cat":"transporte"},"geometry":{"type":"Point","coordinates":[2.1895505,41.4031756]}},{"type":"Feature","properties":{"cat":"transporte"},"geometry":{"type":"Point","coordinates":[2.1471278,41.4147531]}},{"type":"Feature","properties":{"cat":"transporte"},"geometry":{"type":"Point","coordinates":[2.1483422,41.4161315]}},{"type":"Feature","properties":{"cat":"transporte"},"geometry":{"type":"Point","coordinates":[2.1897533,41.4495028]}},{"type":"Feature","properties":{"cat":"transporte"},"geometry":{"type":"Point","coordinates":[2.1113141,41.4092615]}},{"type":"Feature","properties":{"cat":"transporte"},"geometry":{"type":"Point","coordinates":[2.1611483,41.4152108]}},{"type":"Feature","properties":{"cat":"transporte"},"geometry":{"type":"Point","coordinates":[2.1629534,41.4130797]}},{"type":"Feature","properties":{"cat":"transporte"},"geometry":{"type":"Point","coordinates":[2.1600485,41.4160736]}},{"type":"Feature","properties":{"cat":"transporte"},"geometry":{"type":"Point","coordinates":[2.1623285,41.4141769]}},{"type":"Feature","properties":{"cat":"transporte"},"geometry":{"type":"Point","coordinates":[2.1606787,41.4140172]}},{"type":"Feature","properties":{"cat":"transporte"},"geometry":{"type":"Point","coordinates":[2.1621829,41.4162068]}},{"type":"Feature","properties":{"cat":"transporte"},"geometry":{"type":"Point","coordinates":[2.1634833,41.416462]}},{"type":"Feature","properties":{"cat":"transporte"},"geometry":{"type":"Point","coordinates":[2.1626977,41.4172786]}},{"type":"Feature","properties":{"cat":"transporte"},"geometry":{"type":"Point","coordinates":[2.1690618,41.4186066]}},{"type":"Feature","properties":{"cat":"transporte"},"geometry":{"type":"Point","coordinates":[2.1663749,41.4152264]}},{"type":"Feature","properties":{"cat":"transporte"},"geometry":{"type":"Point","coordinates":[2.1681101,41.4183246]}},{"type":"Feature","properties":{"cat":"transporte"},"geometry":{"type":"Point","coordinates":[2.1663529,41.4163215]}},{"type":"Feature","properties":{"cat":"transporte"},"geometry":{"type":"Point","coordinates":[2.1663221,41.4165587]}},{"type":"Feature","properties":{"cat":"transporte"},"geometry":{"type":"Point","coordinates":[2.1612131,41.4167147]}},{"type":"Feature","properties":{"cat":"transporte"},"geometry":{"type":"Point","coordinates":[2.1372557,41.4092768]}},{"type":"Feature","properties":{"cat":"transporte"},"geometry":{"type":"Point","coordinates":[2.1849395,41.3825594]}},{"type":"Feature","properties":{"cat":"transporte"},"geometry":{"type":"Point","coordinates":[2.176881,41.3961813]}},{"type":"Feature","properties":{"cat":"transporte"},"geometry":{"type":"Point","coordinates":[2.1446103,41.41144]}},{"type":"Feature","properties":{"cat":"transporte"},"geometry":{"type":"Point","coordinates":[2.1843449,41.3968721]}},{"type":"Feature","properties":{"cat":"transporte"},"geometry":{"type":"Point","coordinates":[2.2170847,41.4408313]}},{"type":"Feature","properties":{"cat":"transporte"},"geometry":{"type":"Point","coordinates":[2.2170868,41.4409298]}},{"type":"Feature","properties":{"cat":"transporte"},"geometry":{"type":"Point","coordinates":[2.1569035,41.4158566]}},{"type":"Feature","properties":{"cat":"transporte"},"geometry":{"type":"Point","coordinates":[2.1442416,41.4029797]}},{"type":"Feature","properties":{"cat":"transporte"},"geometry":{"type":"Point","coordinates":[2.1387132,41.4068606]}},{"type":"Feature","properties":{"cat":"transporte"},"geometry":{"type":"Point","coordinates":[2.1769868,41.4245848]}},{"type":"Feature","properties":{"cat":"transporte"},"geometry":{"type":"Point","coordinates":[2.186368,41.3953406]}},{"type":"Feature","properties":{"cat":"transporte"},"geometry":{"type":"Point","coordinates":[2.1107103,41.3458031]}},{"type":"Feature","properties":{"cat":"transporte"},"geometry":{"type":"Point","coordinates":[2.2153167,41.410569]}},{"type":"Feature","properties":{"cat":"transporte"},"geometry":{"type":"Point","coordinates":[2.1553672,41.3953936]}},{"type":"Feature","properties":{"cat":"transporte"},"geometry":{"type":"Point","coordinates":[2.1498346,41.406151]}},{"type":"Feature","properties":{"cat":"transporte"},"geometry":{"type":"Point","coordinates":[2.1912554,41.404585]}},{"type":"Feature","properties":{"cat":"transporte"},"geometry":{"type":"Point","coordinates":[2.1504987,41.3941687]}},{"type":"Feature","properties":{"cat":"transporte"},"geometry":{"type":"Point","coordinates":[2.160416,41.396849]}},{"type":"Feature","properties":{"cat":"transporte"},"geometry":{"type":"Point","coordinates":[2.2103536,41.4222721]}},{"type":"Feature","properties":{"cat":"transporte"},"geometry":{"type":"Point","coordinates":[2.2135446,41.4171697]}},{"type":"Feature","properties":{"cat":"transporte"},"geometry":{"type":"Point","coordinates":[2.2135869,41.4171932]}},{"type":"Feature","properties":{"cat":"transporte"},"geometry":{"type":"Point","coordinates":[2.1868584,41.3975452]}},{"type":"Feature","properties":{"cat":"transporte"},"geometry":{"type":"Point","coordinates":[2.1869019,41.3975471]}},{"type":"Feature","properties":{"cat":"transporte"},"geometry":{"type":"Point","coordinates":[2.2096149,41.4201024]}},{"type":"Feature","properties":{"cat":"transporte"},"geometry":{"type":"Point","coordinates":[2.2095826,41.4201141]}},{"type":"Feature","properties":{"cat":"transporte"},"geometry":{"type":"Point","coordinates":[2.191515,41.404363]}},{"type":"Feature","properties":{"cat":"transporte"},"geometry":{"type":"Point","coordinates":[2.1914398,41.404517]}},{"type":"Feature","properties":{"cat":"transporte"},"geometry":{"type":"Point","coordinates":[2.1936474,41.4080857]}},{"type":"Feature","properties":{"cat":"transporte"},"geometry":{"type":"Point","coordinates":[2.1935727,41.4081175]}},{"type":"Feature","properties":{"cat":"transporte"},"geometry":{"type":"Point","coordinates":[2.2229671,41.4152344]}},{"type":"Feature","properties":{"cat":"transporte"},"geometry":{"type":"Point","coordinates":[2.2228987,41.4152598]}},{"type":"Feature","properties":{"cat":"transporte"},"geometry":{"type":"Point","coordinates":[2.226179,41.4188705]}},{"type":"Feature","properties":{"cat":"transporte"},"geometry":{"type":"Point","coordinates":[2.2261494,41.4188838]}},{"type":"Feature","properties":{"cat":"transporte"},"geometry":{"type":"Point","coordinates":[2.1918882,41.3876173]}},{"type":"Feature","properties":{"cat":"transporte"},"geometry":{"type":"Point","coordinates":[2.191917,41.3876379]}},{"type":"Feature","properties":{"cat":"transporte"},"geometry":{"type":"Point","coordinates":[2.2156503,41.4104628]}},{"type":"Feature","properties":{"cat":"transporte"},"geometry":{"type":"Point","coordinates":[2.215634,41.4105255]}},{"type":"Feature","properties":{"cat":"transporte"},"geometry":{"type":"Point","coordinates":[2.2227523,41.4305288]}},{"type":"Feature","properties":{"cat":"transporte"},"geometry":{"type":"Point","coordinates":[2.2227104,41.4305587]}},{"type":"Feature","properties":{"cat":"transporte"},"geometry":{"type":"Point","coordinates":[2.19793,41.4113468]}},{"type":"Feature","properties":{"cat":"transporte"},"geometry":{"type":"Point","coordinates":[2.1979225,41.4113792]}},{"type":"Feature","properties":{"cat":"transporte"},"geometry":{"type":"Point","coordinates":[2.2049435,41.4077339]}},{"type":"Feature","properties":{"cat":"transporte"},"geometry":{"type":"Point","coordinates":[2.2048765,41.4078868]}},{"type":"Feature","properties":{"cat":"transporte"},"geometry":{"type":"Point","coordinates":[2.2198859,41.4118206]}},{"type":"Feature","properties":{"cat":"transporte"},"geometry":{"type":"Point","coordinates":[2.2198212,41.4118502]}},{"type":"Feature","properties":{"cat":"transporte"},"geometry":{"type":"Point","coordinates":[2.2219791,41.4226283]}},{"type":"Feature","properties":{"cat":"transporte"},"geometry":{"type":"Point","coordinates":[2.2219075,41.4226667]}},{"type":"Feature","properties":{"cat":"transporte"},"geometry":{"type":"Point","coordinates":[2.2209248,41.4183226]}},{"type":"Feature","properties":{"cat":"transporte"},"geometry":{"type":"Point","coordinates":[2.2210723,41.418424]}},{"type":"Feature","properties":{"cat":"transporte"},"geometry":{"type":"Point","coordinates":[2.186935,41.3940631]}},{"type":"Feature","properties":{"cat":"transporte"},"geometry":{"type":"Point","coordinates":[2.186896,41.3940648]}},{"type":"Feature","properties":{"cat":"transporte"},"geometry":{"type":"Point","coordinates":[2.2176683,41.4194058]}},{"type":"Feature","properties":{"cat":"transporte"},"geometry":{"type":"Point","coordinates":[2.2176113,41.419444]}},{"type":"Feature","properties":{"cat":"transporte"},"geometry":{"type":"Point","coordinates":[2.1982421,41.4060605]}},{"type":"Feature","properties":{"cat":"transporte"},"geometry":{"type":"Point","coordinates":[2.1982588,41.4062304]}},{"type":"Feature","properties":{"cat":"transporte"},"geometry":{"type":"Point","coordinates":[2.2253427,41.4273203]}},{"type":"Feature","properties":{"cat":"transporte"},"geometry":{"type":"Point","coordinates":[2.2254392,41.4274396]}},{"type":"Feature","properties":{"cat":"transporte"},"geometry":{"type":"Point","coordinates":[2.2047556,41.41646]}},{"type":"Feature","properties":{"cat":"transporte"},"geometry":{"type":"Point","coordinates":[2.2047358,41.416499]}},{"type":"Feature","properties":{"cat":"transporte"},"geometry":{"type":"Point","coordinates":[2.2276166,41.4349292]}},{"type":"Feature","properties":{"cat":"transporte"},"geometry":{"type":"Point","coordinates":[2.2275686,41.4349465]}},{"type":"Feature","properties":{"cat":"transporte"},"geometry":{"type":"Point","coordinates":[2.2104564,41.4091122]}},{"type":"Feature","properties":{"cat":"transporte"},"geometry":{"type":"Point","coordinates":[2.2104084,41.4092736]}},{"type":"Feature","properties":{"cat":"transporte"},"geometry":{"type":"Point","coordinates":[2.1885558,41.3901383]}},{"type":"Feature","properties":{"cat":"transporte"},"geometry":{"type":"Point","coordinates":[2.1885831,41.3901589]}},{"type":"Feature","properties":{"cat":"transporte"},"geometry":{"type":"Point","coordinates":[2.1148697,41.3807263]}},{"type":"Feature","properties":{"cat":"transporte"},"geometry":{"type":"Point","coordinates":[2.1147979,41.3807557]}},{"type":"Feature","properties":{"cat":"transporte"},"geometry":{"type":"Point","coordinates":[2.1059363,41.3760647]}},{"type":"Feature","properties":{"cat":"transporte"},"geometry":{"type":"Point","coordinates":[2.1059379,41.3760954]}},{"type":"Feature","properties":{"cat":"transporte"},"geometry":{"type":"Point","coordinates":[2.110775,41.3766921]}},{"type":"Feature","properties":{"cat":"transporte"},"geometry":{"type":"Point","coordinates":[2.1108868,41.3766761]}},{"type":"Feature","properties":{"cat":"transporte"},"geometry":{"type":"Point","coordinates":[2.1432109,41.3921793]}},{"type":"Feature","properties":{"cat":"transporte"},"geometry":{"type":"Point","coordinates":[2.143184,41.3922404]}},{"type":"Feature","properties":{"cat":"transporte"},"geometry":{"type":"Point","coordinates":[2.136533,41.3904953]}},{"type":"Feature","properties":{"cat":"transporte"},"geometry":{"type":"Point","coordinates":[2.136522,41.3905232]}},{"type":"Feature","properties":{"cat":"transporte"},"geometry":{"type":"Point","coordinates":[2.1265109,41.3879548]}},{"type":"Feature","properties":{"cat":"transporte"},"geometry":{"type":"Point","coordinates":[2.1264998,41.3879818]}},{"type":"Feature","properties":{"cat":"transporte"},"geometry":{"type":"Point","coordinates":[2.1319742,41.3893363]}},{"type":"Feature","properties":{"cat":"transporte"},"geometry":{"type":"Point","coordinates":[2.1319611,41.3893636]}},{"type":"Feature","properties":{"cat":"transporte"},"geometry":{"type":"Point","coordinates":[2.1184709,41.3859123]}},{"type":"Feature","properties":{"cat":"transporte"},"geometry":{"type":"Point","coordinates":[2.1184588,41.3859396]}},{"type":"Feature","properties":{"cat":"transporte"},"geometry":{"type":"Point","coordinates":[2.1216148,41.3867075]}},{"type":"Feature","properties":{"cat":"transporte"},"geometry":{"type":"Point","coordinates":[2.1216038,41.3867337]}},{"type":"Feature","properties":{"cat":"transporte"},"geometry":{"type":"Point","coordinates":[2.1144128,41.3842627]}},{"type":"Feature","properties":{"cat":"transporte"},"geometry":{"type":"Point","coordinates":[2.1144492,41.3842711]}},{"type":"Feature","properties":{"cat":"transporte"},"geometry":{"type":"Point","coordinates":[2.1289265,41.3755518]}},{"type":"Feature","properties":{"cat":"transporte"},"geometry":{"type":"Point","coordinates":[2.2048081,41.4361256]}},{"type":"Feature","properties":{"cat":"transporte"},"geometry":{"type":"Point","coordinates":[2.1810127,41.4146858]}},{"type":"Feature","properties":{"cat":"transporte"},"geometry":{"type":"Point","coordinates":[2.1664392,41.4417701]}},{"type":"Feature","properties":{"cat":"transporte"},"geometry":{"type":"Point","coordinates":[2.1184045,41.3758735]}},{"type":"Feature","properties":{"cat":"transporte"},"geometry":{"type":"Point","coordinates":[2.1812853,41.4234164]}},{"type":"Feature","properties":{"cat":"transporte"},"geometry":{"type":"Point","coordinates":[2.1757735,41.3766732]}},{"type":"Feature","properties":{"cat":"transporte"},"geometry":{"type":"Point","coordinates":[2.1449598,41.3839818]}},{"type":"Feature","properties":{"cat":"transporte"},"geometry":{"type":"Point","coordinates":[2.1529786,41.4020564]}},{"type":"Feature","properties":{"cat":"transporte"},"geometry":{"type":"Point","coordinates":[2.1603155,41.4296898]}},{"type":"Feature","properties":{"cat":"transporte"},"geometry":{"type":"Point","coordinates":[2.1505425,41.3881615]}},{"type":"Feature","properties":{"cat":"transporte"},"geometry":{"type":"Point","coordinates":[2.2175477,41.4413034]}},{"type":"Feature","properties":{"cat":"transporte"},"geometry":{"type":"Point","coordinates":[2.176504,41.4250282]}},{"type":"Feature","properties":{"cat":"transporte"},"geometry":{"type":"Point","coordinates":[2.1262221,41.38794]}},{"type":"Feature","properties":{"cat":"transporte"},"geometry":{"type":"Point","coordinates":[2.1450351,41.4305954]}},{"type":"Feature","properties":{"cat":"transporte"},"geometry":{"type":"Point","coordinates":[2.1483831,41.4355422]}},{"type":"Feature","properties":{"cat":"transporte"},"geometry":{"type":"Point","coordinates":[2.193435,41.4297598]}},{"type":"Feature","properties":{"cat":"transporte"},"geometry":{"type":"Point","coordinates":[2.1411326,41.4175413]}},{"type":"Feature","properties":{"cat":"transporte"},"geometry":{"type":"Point","coordinates":[2.1356301,41.3818207]}},{"type":"Feature","properties":{"cat":"transporte"},"geometry":{"type":"Point","coordinates":[2.1071207,41.3738133]}},{"type":"Feature","properties":{"cat":"transporte"},"geometry":{"type":"Point","coordinates":[2.1757834,41.447355]}},{"type":"Feature","properties":{"cat":"transporte"},"geometry":{"type":"Point","coordinates":[2.1453675,41.378444]}},{"type":"Feature","properties":{"cat":"transporte"},"geometry":{"type":"Point","coordinates":[2.1445239,41.4119065]}},{"type":"Feature","properties":{"cat":"transporte"},"geometry":{"type":"Point","coordinates":[2.1568764,41.4380037]}},{"type":"Feature","properties":{"cat":"transporte"},"geometry":{"type":"Point","coordinates":[2.1681725,41.43046]}},{"type":"Feature","properties":{"cat":"transporte"},"geometry":{"type":"Point","coordinates":[2.1116863,41.3842442]}},{"type":"Feature","properties":{"cat":"transporte"},"geometry":{"type":"Point","coordinates":[2.2245758,41.442733]}},{"type":"Feature","properties":{"cat":"transporte"},"geometry":{"type":"Point","coordinates":[2.1308782,41.3841337]}},{"type":"Feature","properties":{"cat":"transporte"},"geometry":{"type":"Point","coordinates":[2.1884501,41.3740636]}},{"type":"Feature","properties":{"cat":"transporte"},"geometry":{"type":"Point","coordinates":[2.182859,41.4235887]}},{"type":"Feature","properties":{"cat":"transporte"},"geometry":{"type":"Point","coordinates":[2.1241624,41.3565464]}},{"type":"Feature","properties":{"cat":"transporte"},"geometry":{"type":"Point","coordinates":[2.1309142,41.3616252]}},{"type":"Feature","properties":{"cat":"transporte"},"geometry":{"type":"Point","coordinates":[2.1220694,41.3549804]}},{"type":"Feature","properties":{"cat":"transporte"},"geometry":{"type":"Point","coordinates":[2.1196482,41.3531582]}},{"type":"Feature","properties":{"cat":"transporte"},"geometry":{"type":"Point","coordinates":[2.166348,41.3882735]}},{"type":"Feature","properties":{"cat":"transporte"},"geometry":{"type":"Point","coordinates":[2.2033766,41.4159947]}},{"type":"Feature","properties":{"cat":"transporte"},"geometry":{"type":"Point","coordinates":[2.1609966,41.3842526]}},{"type":"Feature","properties":{"cat":"transporte"},"geometry":{"type":"Point","coordinates":[2.197654,41.4117106]}},{"type":"Feature","properties":{"cat":"transporte"},"geometry":{"type":"Point","coordinates":[2.1451664,41.3721557]}},{"type":"Feature","properties":{"cat":"transporte"},"geometry":{"type":"Point","coordinates":[2.1366085,41.3658538]}},{"type":"Feature","properties":{"cat":"transporte"},"geometry":{"type":"Point","coordinates":[2.1712488,41.3919509]}},{"type":"Feature","properties":{"cat":"transporte"},"geometry":{"type":"Point","coordinates":[2.206916,41.418643]}},{"type":"Feature","properties":{"cat":"transporte"},"geometry":{"type":"Point","coordinates":[2.1426091,41.3702462]}},{"type":"Feature","properties":{"cat":"transporte"},"geometry":{"type":"Point","coordinates":[2.1948727,41.4096279]}},{"type":"Feature","properties":{"cat":"transporte"},"geometry":{"type":"Point","coordinates":[2.1826304,41.4004741]}},{"type":"Feature","properties":{"cat":"transporte"},"geometry":{"type":"Point","coordinates":[2.1690605,41.3902938]}},{"type":"Feature","properties":{"cat":"transporte"},"geometry":{"type":"Point","coordinates":[2.2006176,41.4139271]}},{"type":"Feature","properties":{"cat":"transporte"},"geometry":{"type":"Point","coordinates":[2.151919,41.3774122]}},{"type":"Feature","properties":{"cat":"transporte"},"geometry":{"type":"Point","coordinates":[2.1589808,41.3827369]}},{"type":"Feature","properties":{"cat":"transporte"},"geometry":{"type":"Point","coordinates":[2.1265761,41.358361]}},{"type":"Feature","properties":{"cat":"transporte"},"geometry":{"type":"Point","coordinates":[2.1633348,41.3859308]}},{"type":"Feature","properties":{"cat":"transporte"},"geometry":{"type":"Point","coordinates":[2.1237698,41.3554198]}},{"type":"Feature","properties":{"cat":"transporte"},"geometry":{"type":"Point","coordinates":[2.1203671,41.352865]}},{"type":"Feature","properties":{"cat":"transporte"},"geometry":{"type":"Point","coordinates":[2.1320153,41.3617931]}},{"type":"Feature","properties":{"cat":"transporte"},"geometry":{"type":"Point","coordinates":[2.1537889,41.3784161]}},{"type":"Feature","properties":{"cat":"transporte"},"geometry":{"type":"Point","coordinates":[2.1419537,41.3695033]}},{"type":"Feature","properties":{"cat":"transporte"},"geometry":{"type":"Point","coordinates":[2.1363803,41.3652082]}},{"type":"Feature","properties":{"cat":"transporte"},"geometry":{"type":"Point","coordinates":[2.1448371,41.3716481]}},{"type":"Feature","properties":{"cat":"transporte"},"geometry":{"type":"Point","coordinates":[2.1560433,41.3801188]}},{"type":"Feature","properties":{"cat":"transporte"},"geometry":{"type":"Point","coordinates":[2.1263722,41.3573818]}},{"type":"Feature","properties":{"cat":"transporte"},"geometry":{"type":"Point","coordinates":[2.1975181,41.4111266]}},{"type":"Feature","properties":{"cat":"transporte"},"geometry":{"type":"Point","coordinates":[2.1664349,41.3879117]}},{"type":"Feature","properties":{"cat":"transporte"},"geometry":{"type":"Point","coordinates":[2.1947741,41.4090156]}},{"type":"Feature","properties":{"cat":"transporte"},"geometry":{"type":"Point","coordinates":[2.1716712,41.3918531]}},{"type":"Feature","properties":{"cat":"transporte"},"geometry":{"type":"Point","coordinates":[2.2061894,41.4176049]}},{"type":"Feature","properties":{"cat":"transporte"},"geometry":{"type":"Point","coordinates":[2.1832728,41.400393]}},{"type":"Feature","properties":{"cat":"transporte"},"geometry":{"type":"Point","coordinates":[2.1693431,41.3901087]}},{"type":"Feature","properties":{"cat":"transporte"},"geometry":{"type":"Point","coordinates":[2.1772624,41.396059]}},{"type":"Feature","properties":{"cat":"transporte"},"geometry":{"type":"Point","coordinates":[2.2009473,41.4136967]}},{"type":"Feature","properties":{"cat":"transporte"},"geometry":{"type":"Point","coordinates":[2.2037336,41.4157816]}},{"type":"Feature","properties":{"cat":"transporte"},"geometry":{"type":"Point","coordinates":[2.2077223,41.4204785]}},{"type":"Feature","properties":{"cat":"transporte"},"geometry":{"type":"Point","coordinates":[2.1742182,41.3937783]}},{"type":"Feature","properties":{"cat":"transporte"},"geometry":{"type":"Point","coordinates":[2.1829161,41.3977182]}},{"type":"Feature","properties":{"cat":"transporte"},"geometry":{"type":"Point","coordinates":[2.1548293,41.3751188]}},{"type":"Feature","properties":{"cat":"transporte"},"geometry":{"type":"Point","coordinates":[2.2190302,41.4345994]}},{"type":"Feature","properties":{"cat":"transporte"},"geometry":{"type":"Point","coordinates":[2.2229875,41.4365144]}},{"type":"Feature","properties":{"cat":"transporte"},"geometry":{"type":"Point","coordinates":[2.225464,41.4380809]}},{"type":"Feature","properties":{"cat":"transporte"},"geometry":{"type":"Point","coordinates":[2.2250976,41.4376438]}},{"type":"Feature","properties":{"cat":"transporte"},"geometry":{"type":"Point","coordinates":[2.2281391,41.4394412]}},{"type":"Feature","properties":{"cat":"transporte"},"geometry":{"type":"Point","coordinates":[2.1236432,41.3761078]}},{"type":"Feature","properties":{"cat":"transporte"},"geometry":{"type":"Point","coordinates":[2.1284386,41.3789035]}},{"type":"Feature","properties":{"cat":"transporte"},"geometry":{"type":"Point","coordinates":[2.1315211,41.3806845]}},{"type":"Feature","properties":{"cat":"transporte"},"geometry":{"type":"Point","coordinates":[2.1905564,41.414942]}},{"type":"Feature","properties":{"cat":"transporte"},"geometry":{"type":"Point","coordinates":[2.1374543,41.3804317]}},{"type":"Feature","properties":{"cat":"transporte"},"geometry":{"type":"Point","coordinates":[2.1928279,41.4141608]}},{"type":"Feature","properties":{"cat":"transporte"},"geometry":{"type":"Point","coordinates":[2.1955447,41.4149757]}},{"type":"Feature","properties":{"cat":"transporte"},"geometry":{"type":"Point","coordinates":[2.1948849,41.4149162]}},{"type":"Feature","properties":{"cat":"transporte"},"geometry":{"type":"Point","coordinates":[2.2111843,41.4269787]}},{"type":"Feature","properties":{"cat":"transporte"},"geometry":{"type":"Point","coordinates":[2.2019925,41.4198363]}},{"type":"Feature","properties":{"cat":"transporte"},"geometry":{"type":"Point","coordinates":[2.2017599,41.4200687]}},{"type":"Feature","properties":{"cat":"transporte"},"geometry":{"type":"Point","coordinates":[2.2085204,41.4247235]}},{"type":"Feature","properties":{"cat":"transporte"},"geometry":{"type":"Point","coordinates":[2.1975475,41.4164948]}},{"type":"Feature","properties":{"cat":"transporte"},"geometry":{"type":"Point","coordinates":[2.205579,41.422897]}},{"type":"Feature","properties":{"cat":"transporte"},"geometry":{"type":"Point","coordinates":[2.2058169,41.4226693]}},{"type":"Feature","properties":{"cat":"transporte"},"geometry":{"type":"Point","coordinates":[2.1982847,41.4174412]}},{"type":"Feature","properties":{"cat":"transporte"},"geometry":{"type":"Point","coordinates":[2.1997679,41.418153]}},{"type":"Feature","properties":{"cat":"transporte"},"geometry":{"type":"Point","coordinates":[2.1587318,41.3910304]}},{"type":"Feature","properties":{"cat":"transporte"},"geometry":{"type":"Point","coordinates":[2.1531882,41.3868574]}},{"type":"Feature","properties":{"cat":"transporte"},"geometry":{"type":"Point","coordinates":[2.1804351,41.4073328]}},{"type":"Feature","properties":{"cat":"transporte"},"geometry":{"type":"Point","coordinates":[2.1758785,41.4039181]}},{"type":"Feature","properties":{"cat":"transporte"},"geometry":{"type":"Point","coordinates":[2.1874075,41.4125105]}},{"type":"Feature","properties":{"cat":"transporte"},"geometry":{"type":"Point","coordinates":[2.172384,41.4013076]}},{"type":"Feature","properties":{"cat":"transporte"},"geometry":{"type":"Point","coordinates":[2.164475,41.3953582]}},{"type":"Feature","properties":{"cat":"transporte"},"geometry":{"type":"Point","coordinates":[2.1618163,41.3933479]}},{"type":"Feature","properties":{"cat":"transporte"},"geometry":{"type":"Point","coordinates":[2.1704339,41.3998564]}},{"type":"Feature","properties":{"cat":"transporte"},"geometry":{"type":"Point","coordinates":[2.1844571,41.4103329]}},{"type":"Feature","properties":{"cat":"transporte"},"geometry":{"type":"Point","coordinates":[2.1500815,41.3845163]}},{"type":"Feature","properties":{"cat":"transporte"},"geometry":{"type":"Point","coordinates":[2.1692375,41.3970851]}},{"type":"Feature","properties":{"cat":"transporte"},"geometry":{"type":"Point","coordinates":[2.1394393,41.3827806]}},{"type":"Feature","properties":{"cat":"transporte"},"geometry":{"type":"Point","coordinates":[2.2106833,41.4270592]}},{"type":"Feature","properties":{"cat":"transporte"},"geometry":{"type":"Point","coordinates":[2.1601701,41.390261]}},{"type":"Feature","properties":{"cat":"transporte"},"geometry":{"type":"Point","coordinates":[2.1545546,41.3860311]}},{"type":"Feature","properties":{"cat":"transporte"},"geometry":{"type":"Point","coordinates":[2.17403,41.4006982]}},{"type":"Feature","properties":{"cat":"transporte"},"geometry":{"type":"Point","coordinates":[2.181874,41.4065364]}},{"type":"Feature","properties":{"cat":"transporte"},"geometry":{"type":"Point","coordinates":[2.1479454,41.381042]}},{"type":"Feature","properties":{"cat":"transporte"},"geometry":{"type":"Point","coordinates":[2.1775169,41.4032793]}},{"type":"Feature","properties":{"cat":"transporte"},"geometry":{"type":"Point","coordinates":[2.1578866,41.3885244]}},{"type":"Feature","properties":{"cat":"transporte"},"geometry":{"type":"Point","coordinates":[2.1880767,41.4111995]}},{"type":"Feature","properties":{"cat":"transporte"},"geometry":{"type":"Point","coordinates":[2.1795343,41.4047817]}},{"type":"Feature","properties":{"cat":"transporte"},"geometry":{"type":"Point","coordinates":[2.178252,41.4056791]}},{"type":"Feature","properties":{"cat":"transporte"},"geometry":{"type":"Point","coordinates":[2.1629712,41.3923596]}},{"type":"Feature","properties":{"cat":"transporte"},"geometry":{"type":"Point","coordinates":[2.1717641,41.3989787]}},{"type":"Feature","properties":{"cat":"transporte"},"geometry":{"type":"Point","coordinates":[2.1856445,41.4093448]}},{"type":"Feature","properties":{"cat":"transporte"},"geometry":{"type":"Point","coordinates":[2.166026,41.3946512]}},{"type":"Feature","properties":{"cat":"transporte"},"geometry":{"type":"Point","coordinates":[2.1512612,41.3835399]}},{"type":"Feature","properties":{"cat":"transporte"},"geometry":{"type":"Point","coordinates":[2.1556033,41.3868171]}},{"type":"Feature","properties":{"cat":"transporte"},"geometry":{"type":"Point","coordinates":[2.1879252,41.3691576]}},{"type":"Feature","properties":{"cat":"transporte"},"geometry":{"type":"Point","coordinates":[2.1696068,41.4429835]}},{"type":"Feature","properties":{"cat":"transporte"},"geometry":{"type":"Point","coordinates":[2.180663,41.3994441]}},{"type":"Feature","properties":{"cat":"transporte"},"geometry":{"type":"Point","coordinates":[2.1820903,41.3985904]}},{"type":"Feature","properties":{"cat":"transporte"},"geometry":{"type":"Point","coordinates":[2.1480194,41.374392]}},{"type":"Feature","properties":{"cat":"transporte"},"geometry":{"type":"Point","coordinates":[2.1133824,41.3473985]}},{"type":"Feature","properties":{"cat":"transporte"},"geometry":{"type":"Point","coordinates":[2.1123064,41.3483305]}},{"type":"Feature","properties":{"cat":"transporte"},"geometry":{"type":"Point","coordinates":[2.1352482,41.3820571]}},{"type":"Feature","properties":{"cat":"transporte"},"geometry":{"type":"Point","coordinates":[2.1058105,41.4142339]}},{"type":"Feature","properties":{"cat":"transporte"},"geometry":{"type":"Point","coordinates":[2.1052886,41.4145393]}},{"type":"Feature","properties":{"cat":"transporte"},"geometry":{"type":"Point","coordinates":[2.1670049,41.4117177]}},{"type":"Feature","properties":{"cat":"transporte"},"geometry":{"type":"Point","coordinates":[2.1663717,41.4122519]}},{"type":"Feature","properties":{"cat":"transporte"},"geometry":{"type":"Point","coordinates":[2.1830157,41.4306936]}},{"type":"Feature","properties":{"cat":"transporte"},"geometry":{"type":"Point","coordinates":[2.2095524,41.4091743]}},{"type":"Feature","properties":{"cat":"transporte"},"geometry":{"type":"Point","coordinates":[2.1787386,41.3912901]}},{"type":"Feature","properties":{"cat":"transporte"},"geometry":{"type":"Point","coordinates":[2.1561681,41.3766122]}},{"type":"Feature","properties":{"cat":"transporte"},"geometry":{"type":"Point","coordinates":[2.158171,41.3781496]}},{"type":"Feature","properties":{"cat":"transporte"},"geometry":{"type":"Point","coordinates":[2.2075129,41.3998665]}},{"type":"Feature","properties":{"cat":"transporte"},"geometry":{"type":"Point","coordinates":[2.2074426,41.4005041]}},{"type":"Feature","properties":{"cat":"transporte"},"geometry":{"type":"Point","coordinates":[2.1802367,41.3907013]}},{"type":"Feature","properties":{"cat":"transporte"},"geometry":{"type":"Point","coordinates":[2.1826852,41.3888311]}},{"type":"Feature","properties":{"cat":"transporte"},"geometry":{"type":"Point","coordinates":[2.2095356,41.4026704]}},{"type":"Feature","properties":{"cat":"transporte"},"geometry":{"type":"Point","coordinates":[2.2107914,41.4030329]}},{"type":"Feature","properties":{"cat":"transporte"},"geometry":{"type":"Point","coordinates":[2.2124465,41.4050192]}},{"type":"Feature","properties":{"cat":"transporte"},"geometry":{"type":"Point","coordinates":[2.143568,41.3536388]}},{"type":"Feature","properties":{"cat":"transporte"},"geometry":{"type":"Point","coordinates":[2.1431905,41.3547572]}},{"type":"Feature","properties":{"cat":"transporte"},"geometry":{"type":"Point","coordinates":[2.1374337,41.3621044]}},{"type":"Feature","properties":{"cat":"transporte"},"geometry":{"type":"Point","coordinates":[2.1412237,41.3568533]}},{"type":"Feature","properties":{"cat":"transporte"},"geometry":{"type":"Point","coordinates":[2.1396382,41.3595695]}},{"type":"Feature","properties":{"cat":"transporte"},"geometry":{"type":"Point","coordinates":[2.1389428,41.3600405]}},{"type":"Feature","properties":{"cat":"transporte"},"geometry":{"type":"Point","coordinates":[2.1376453,41.3622983]}},{"type":"Feature","properties":{"cat":"transporte"},"geometry":{"type":"Point","coordinates":[2.1411427,41.3532526]}},{"type":"Feature","properties":{"cat":"transporte"},"geometry":{"type":"Point","coordinates":[2.1732973,41.3887999]}},{"type":"Feature","properties":{"cat":"transporte"},"geometry":{"type":"Point","coordinates":[2.1906951,41.3901804]}},{"type":"Feature","properties":{"cat":"transporte"},"geometry":{"type":"Point","coordinates":[2.1637929,41.3830438]}},{"type":"Feature","properties":{"cat":"transporte"},"geometry":{"type":"Point","coordinates":[2.175985,41.3902581]}},{"type":"Feature","properties":{"cat":"transporte"},"geometry":{"type":"Point","coordinates":[2.1885393,41.391811]}},{"type":"Feature","properties":{"cat":"transporte"},"geometry":{"type":"Point","coordinates":[2.1546496,41.3773351]}},{"type":"Feature","properties":{"cat":"transporte"},"geometry":{"type":"Point","coordinates":[2.1568682,41.3790146]}},{"type":"Feature","properties":{"cat":"transporte"},"geometry":{"type":"Point","coordinates":[2.1770089,41.3897067]}},{"type":"Feature","properties":{"cat":"transporte"},"geometry":{"type":"Point","coordinates":[2.2087075,41.4078123]}},{"type":"Feature","properties":{"cat":"transporte"},"geometry":{"type":"Point","coordinates":[2.1836615,41.382628]}},{"type":"Feature","properties":{"cat":"transporte"},"geometry":{"type":"Point","coordinates":[2.1627892,41.4287883]}},{"type":"Feature","properties":{"cat":"transporte"},"geometry":{"type":"Point","coordinates":[2.1634156,41.428409]}},{"type":"Feature","properties":{"cat":"transporte"},"geometry":{"type":"Point","coordinates":[2.1631728,41.4039632]}},{"type":"Feature","properties":{"cat":"transporte"},"geometry":{"type":"Point","coordinates":[2.1658725,41.4048948]}},{"type":"Feature","properties":{"cat":"transporte"},"geometry":{"type":"Point","coordinates":[2.1642655,41.392833]}},{"type":"Feature","properties":{"cat":"transporte"},"geometry":{"type":"Point","coordinates":[2.1601149,41.3961672]}},{"type":"Feature","properties":{"cat":"transporte"},"geometry":{"type":"Point","coordinates":[2.1593743,41.38093]}},{"type":"Feature","properties":{"cat":"transporte"},"geometry":{"type":"Point","coordinates":[2.1876037,41.394409]}},{"type":"Feature","properties":{"cat":"transporte"},"geometry":{"type":"Point","coordinates":[2.1140047,41.3848373]}},{"type":"Feature","properties":{"cat":"transporte"},"geometry":{"type":"Point","coordinates":[2.1952055,41.4052054]}},{"type":"Feature","properties":{"cat":"transporte"},"geometry":{"type":"Point","coordinates":[2.2073046,41.4347584]}},{"type":"Feature","properties":{"cat":"transporte"},"geometry":{"type":"Point","coordinates":[2.208413,41.4365406]}},{"type":"Feature","properties":{"cat":"transporte"},"geometry":{"type":"Point","coordinates":[2.2081198,41.439483]}},{"type":"Feature","properties":{"cat":"transporte"},"geometry":{"type":"Point","coordinates":[2.2066243,41.4332011]}},{"type":"Feature","properties":{"cat":"transporte"},"geometry":{"type":"Point","coordinates":[2.2072448,41.4335488]}},{"type":"Feature","properties":{"cat":"transporte"},"geometry":{"type":"Point","coordinates":[2.1146488,41.3771391]}},{"type":"Feature","properties":{"cat":"transporte"},"geometry":{"type":"Point","coordinates":[2.169052,41.3889485]}},{"type":"Feature","properties":{"cat":"transporte"},"geometry":{"type":"Point","coordinates":[2.2059701,41.4336176]}},{"type":"Feature","properties":{"cat":"transporte"},"geometry":{"type":"Point","coordinates":[2.2127514,41.4369033]}},{"type":"Feature","properties":{"cat":"transporte"},"geometry":{"type":"Point","coordinates":[2.1330286,41.3693503]}},{"type":"Feature","properties":{"cat":"transporte"},"geometry":{"type":"Point","coordinates":[2.1346402,41.3665952]}},{"type":"Feature","properties":{"cat":"transporte"},"geometry":{"type":"Point","coordinates":[2.1329737,41.3682434]}},{"type":"Feature","properties":{"cat":"transporte"},"geometry":{"type":"Point","coordinates":[2.1357568,41.3650634]}},{"type":"Feature","properties":{"cat":"transporte"},"geometry":{"type":"Point","coordinates":[2.1340844,41.3665876]}},{"type":"Feature","properties":{"cat":"transporte"},"geometry":{"type":"Point","coordinates":[2.1875383,41.3935797]}},{"type":"Feature","properties":{"cat":"transporte"},"geometry":{"type":"Point","coordinates":[2.187426,41.3942551]}},{"type":"Feature","properties":{"cat":"transporte"},"geometry":{"type":"Point","coordinates":[2.1861533,41.3942909]}},{"type":"Feature","properties":{"cat":"transporte"},"geometry":{"type":"Point","coordinates":[2.1778198,41.3747641]}},{"type":"Feature","properties":{"cat":"transporte"},"geometry":{"type":"Point","coordinates":[2.1632991,41.4064343]}},{"type":"Feature","properties":{"cat":"transporte"},"geometry":{"type":"Point","coordinates":[2.1630623,41.4063334]}},{"type":"Feature","properties":{"cat":"transporte"},"geometry":{"type":"Point","coordinates":[2.1731864,41.4334728]}},{"type":"Feature","properties":{"cat":"transporte"},"geometry":{"type":"Point","coordinates":[2.1723991,41.4359855]}},{"type":"Feature","properties":{"cat":"transporte"},"geometry":{"type":"Point","coordinates":[2.1746077,41.4308416]}},{"type":"Feature","properties":{"cat":"transporte"},"geometry":{"type":"Point","coordinates":[2.174534,41.4307857]}},{"type":"Feature","properties":{"cat":"transporte"},"geometry":{"type":"Point","coordinates":[2.1558973,41.3530888]}},{"type":"Feature","properties":{"cat":"transporte"},"geometry":{"type":"Point","coordinates":[2.1788149,41.3925472]}},{"type":"Feature","properties":{"cat":"transporte"},"geometry":{"type":"Point","coordinates":[2.1934621,41.4312931]}},{"type":"Feature","properties":{"cat":"transporte"},"geometry":{"type":"Point","coordinates":[2.1751798,41.4100161]}},{"type":"Feature","properties":{"cat":"transporte"},"geometry":{"type":"Point","coordinates":[2.1706316,41.3876802]}},{"type":"Feature","properties":{"cat":"transporte"},"geometry":{"type":"Point","coordinates":[2.1694295,41.374407]}},{"type":"Feature","properties":{"cat":"transporte"},"geometry":{"type":"Point","coordinates":[2.1358085,41.410059]}},{"type":"Feature","properties":{"cat":"transporte"},"geometry":{"type":"Point","coordinates":[2.1363428,41.4102253]}},{"type":"Feature","properties":{"cat":"transporte"},"geometry":{"type":"Point","coordinates":[2.1275351,41.3852423]}},{"type":"Feature","properties":{"cat":"transporte"},"geometry":{"type":"Point","coordinates":[2.1284865,41.3821521]}},{"type":"Feature","properties":{"cat":"transporte"},"geometry":{"type":"Point","coordinates":[2.1614247,41.3806107]}},{"type":"Feature","properties":{"cat":"transporte"},"geometry":{"type":"Point","coordinates":[2.157977,41.4189802]}},{"type":"Feature","properties":{"cat":"transporte"},"geometry":{"type":"Point","coordinates":[2.2065301,41.3974292]}},{"type":"Feature","properties":{"cat":"transporte"},"geometry":{"type":"Point","coordinates":[2.205985,41.397074]}},{"type":"Feature","properties":{"cat":"transporte"},"geometry":{"type":"Point","coordinates":[2.1501158,41.391195]}},{"type":"Feature","properties":{"cat":"transporte"},"geometry":{"type":"Point","coordinates":[2.1237198,41.4012555]}},{"type":"Feature","properties":{"cat":"transporte"},"geometry":{"type":"Point","coordinates":[2.1277526,41.4033588]}},{"type":"Feature","properties":{"cat":"transporte"},"geometry":{"type":"Point","coordinates":[2.1276205,41.403402]}},{"type":"Feature","properties":{"cat":"transporte"},"geometry":{"type":"Point","coordinates":[2.1326387,41.4042223]}},{"type":"Feature","properties":{"cat":"transporte"},"geometry":{"type":"Point","coordinates":[2.1986049,41.4069723]}},{"type":"Feature","properties":{"cat":"transporte"},"geometry":{"type":"Point","coordinates":[2.1912532,41.4041799]}},{"type":"Feature","properties":{"cat":"transporte"},"geometry":{"type":"Point","coordinates":[2.1982626,41.4063602]}},{"type":"Feature","properties":{"cat":"transporte"},"geometry":{"type":"Point","coordinates":[2.1995863,41.4062782]}},{"type":"Feature","properties":{"cat":"transporte"},"geometry":{"type":"Point","coordinates":[2.2047752,41.4079656]}},{"type":"Feature","properties":{"cat":"transporte"},"geometry":{"type":"Point","coordinates":[2.2050112,41.4076337]}},{"type":"Feature","properties":{"cat":"transporte"},"geometry":{"type":"Point","coordinates":[2.2099545,41.4088809]}},{"type":"Feature","properties":{"cat":"transporte"},"geometry":{"type":"Point","coordinates":[2.2130498,41.4096413]}},{"type":"Feature","properties":{"cat":"transporte"},"geometry":{"type":"Point","coordinates":[2.2173692,41.4107657]}},{"type":"Feature","properties":{"cat":"transporte"},"geometry":{"type":"Point","coordinates":[2.19664,41.4227488]}},{"type":"Feature","properties":{"cat":"transporte"},"geometry":{"type":"Point","coordinates":[2.1817202,41.4168148]}},{"type":"Feature","properties":{"cat":"transporte"},"geometry":{"type":"Point","coordinates":[2.1785831,41.4161989]}},{"type":"Feature","properties":{"cat":"transporte"},"geometry":{"type":"Point","coordinates":[2.1741255,41.4216998]}},{"type":"Feature","properties":{"cat":"transporte"},"geometry":{"type":"Point","coordinates":[2.1758543,41.4264216]}},{"type":"Feature","properties":{"cat":"transporte"},"geometry":{"type":"Point","coordinates":[2.1714979,41.4191661]}},{"type":"Feature","properties":{"cat":"transporte"},"geometry":{"type":"Point","coordinates":[2.1717972,41.419136]}},{"type":"Feature","properties":{"cat":"transporte"},"geometry":{"type":"Point","coordinates":[2.1723828,41.4182512]}},{"type":"Feature","properties":{"cat":"transporte"},"geometry":{"type":"Point","coordinates":[2.1789692,41.4222079]}},{"type":"Feature","properties":{"cat":"transporte"},"geometry":{"type":"Point","coordinates":[2.1807351,41.4189673]}},{"type":"Feature","properties":{"cat":"transporte"},"geometry":{"type":"Point","coordinates":[2.2096303,41.4033602]}},{"type":"Feature","properties":{"cat":"transporte"},"geometry":{"type":"Point","coordinates":[2.1753122,41.4201206]}},{"type":"Feature","properties":{"cat":"transporte"},"geometry":{"type":"Point","coordinates":[2.1807946,41.4151637]}},{"type":"Feature","properties":{"cat":"transporte"},"geometry":{"type":"Point","coordinates":[2.1801474,41.4163642]}},{"type":"Feature","properties":{"cat":"transporte"},"geometry":{"type":"Point","coordinates":[2.1716907,41.417988]}},{"type":"Feature","properties":{"cat":"transporte"},"geometry":{"type":"Point","coordinates":[2.1743508,41.4176555]}},{"type":"Feature","properties":{"cat":"transporte"},"geometry":{"type":"Point","coordinates":[2.1604723,41.4206684]}},{"type":"Feature","properties":{"cat":"transporte"},"geometry":{"type":"Point","coordinates":[2.1485558,41.3931802]}},{"type":"Feature","properties":{"cat":"transporte"},"geometry":{"type":"Point","coordinates":[2.1280075,41.3818561]}},{"type":"Feature","properties":{"cat":"transporte"},"geometry":{"type":"Point","coordinates":[2.1808908,41.416184]}},{"type":"Feature","properties":{"cat":"transporte"},"geometry":{"type":"Point","coordinates":[2.1769777,41.4132535]}},{"type":"Feature","properties":{"cat":"transporte"},"geometry":{"type":"Point","coordinates":[2.1625487,41.4049683]}},{"type":"Feature","properties":{"cat":"transporte"},"geometry":{"type":"Point","coordinates":[2.1625348,41.4061094]}},{"type":"Feature","properties":{"cat":"transporte"},"geometry":{"type":"Point","coordinates":[2.1746199,41.4396]}},{"type":"Feature","properties":{"cat":"transporte"},"geometry":{"type":"Point","coordinates":[2.1310003,41.4051947]}},{"type":"Feature","properties":{"cat":"transporte"},"geometry":{"type":"Point","coordinates":[2.1719412,41.4185843]}},{"type":"Feature","properties":{"cat":"transporte"},"geometry":{"type":"Point","coordinates":[2.1730681,41.4185901]}},{"type":"Feature","properties":{"cat":"transporte"},"geometry":{"type":"Point","coordinates":[2.1664758,41.3907608]}},{"type":"Feature","properties":{"cat":"transporte"},"geometry":{"type":"Point","coordinates":[2.1582757,41.3817987]}},{"type":"Feature","properties":{"cat":"transporte"},"geometry":{"type":"Point","coordinates":[2.1046731,41.3852455]}},{"type":"Feature","properties":{"cat":"transporte"},"geometry":{"type":"Point","coordinates":[2.1014878,41.3835705]}},{"type":"Feature","properties":{"cat":"transporte"},"geometry":{"type":"Point","coordinates":[2.1039812,41.3849551]}},{"type":"Feature","properties":{"cat":"transporte"},"geometry":{"type":"Point","coordinates":[2.2041099,41.4112825]}},{"type":"Feature","properties":{"cat":"transporte"},"geometry":{"type":"Point","coordinates":[2.1099654,41.3880966]}},{"type":"Feature","properties":{"cat":"transporte"},"geometry":{"type":"Point","coordinates":[2.1123683,41.3898776]}},{"type":"Feature","properties":{"cat":"transporte"},"geometry":{"type":"Point","coordinates":[2.1864839,41.4460117]}},{"type":"Feature","properties":{"cat":"transporte"},"geometry":{"type":"Point","coordinates":[2.1184875,41.3757177]}},{"type":"Feature","properties":{"cat":"transporte"},"geometry":{"type":"Point","coordinates":[2.1228443,41.3756248]}},{"type":"Feature","properties":{"cat":"transporte"},"geometry":{"type":"Point","coordinates":[2.1280277,41.3755222]}},{"type":"Feature","properties":{"cat":"transporte"},"geometry":{"type":"Point","coordinates":[2.1343027,41.3753903]}},{"type":"Feature","properties":{"cat":"transporte"},"geometry":{"type":"Point","coordinates":[2.1645692,41.3748658]}},{"type":"Feature","properties":{"cat":"transporte"},"geometry":{"type":"Point","coordinates":[2.1672715,41.37489]}},{"type":"Feature","properties":{"cat":"transporte"},"geometry":{"type":"Point","coordinates":[2.1747399,41.3745435]}},{"type":"Feature","properties":{"cat":"transporte"},"geometry":{"type":"Point","coordinates":[2.1802722,41.3788238]}},{"type":"Feature","properties":{"cat":"transporte"},"geometry":{"type":"Point","coordinates":[2.1840999,41.3820931]}},{"type":"Feature","properties":{"cat":"transporte"},"geometry":{"type":"Point","coordinates":[2.1872686,41.3799373]}},{"type":"Feature","properties":{"cat":"transporte"},"geometry":{"type":"Point","coordinates":[2.1900717,41.3784202]}},{"type":"Feature","properties":{"cat":"transporte"},"geometry":{"type":"Point","coordinates":[2.1934643,41.3810595]}},{"type":"Feature","properties":{"cat":"transporte"},"geometry":{"type":"Point","coordinates":[2.1897456,41.3784392]}},{"type":"Feature","properties":{"cat":"transporte"},"geometry":{"type":"Point","coordinates":[2.1921359,41.3791582]}},{"type":"Feature","properties":{"cat":"transporte"},"geometry":{"type":"Point","coordinates":[2.1874362,41.3800394]}},{"type":"Feature","properties":{"cat":"transporte"},"geometry":{"type":"Point","coordinates":[2.1746463,41.3747712]}},{"type":"Feature","properties":{"cat":"transporte"},"geometry":{"type":"Point","coordinates":[2.167195,41.375075]}},{"type":"Feature","properties":{"cat":"transporte"},"geometry":{"type":"Point","coordinates":[2.1638463,41.3751017]}},{"type":"Feature","properties":{"cat":"transporte"},"geometry":{"type":"Point","coordinates":[2.1341502,41.375499]}},{"type":"Feature","properties":{"cat":"transporte"},"geometry":{"type":"Point","coordinates":[2.1287455,41.3755933]}},{"type":"Feature","properties":{"cat":"transporte"},"geometry":{"type":"Point","coordinates":[2.1250762,41.3764376]}},{"type":"Feature","properties":{"cat":"transporte"},"geometry":{"type":"Point","coordinates":[2.1146227,41.3758983]}},{"type":"Feature","properties":{"cat":"transporte"},"geometry":{"type":"Point","coordinates":[2.1034815,41.3574815]}},{"type":"Feature","properties":{"cat":"transporte"},"geometry":{"type":"Point","coordinates":[2.102605,41.3600217]}},{"type":"Feature","properties":{"cat":"transporte"},"geometry":{"type":"Point","coordinates":[2.1053186,41.3631254]}},{"type":"Feature","properties":{"cat":"transporte"},"geometry":{"type":"Point","coordinates":[2.1038433,41.3672015]}},{"type":"Feature","properties":{"cat":"transporte"},"geometry":{"type":"Point","coordinates":[2.1040153,41.3690243]}},{"type":"Feature","properties":{"cat":"transporte"},"geometry":{"type":"Point","coordinates":[2.1073242,41.3697378]}},{"type":"Feature","properties":{"cat":"transporte"},"geometry":{"type":"Point","coordinates":[2.1102039,41.3691607]}},{"type":"Feature","properties":{"cat":"transporte"},"geometry":{"type":"Point","coordinates":[2.1137539,41.3692202]}},{"type":"Feature","properties":{"cat":"transporte"},"geometry":{"type":"Point","coordinates":[2.1172405,41.3687543]}},{"type":"Feature","properties":{"cat":"transporte"},"geometry":{"type":"Point","coordinates":[2.119947,41.3702636]}},{"type":"Feature","properties":{"cat":"transporte"},"geometry":{"type":"Point","coordinates":[2.1208391,41.3711694]}},{"type":"Feature","properties":{"cat":"transporte"},"geometry":{"type":"Point","coordinates":[2.1188644,41.3743693]}},{"type":"Feature","properties":{"cat":"transporte"},"geometry":{"type":"Point","coordinates":[2.1908874,41.4061178]}},{"type":"Feature","properties":{"cat":"transporte"},"geometry":{"type":"Point","coordinates":[2.1763486,41.3951534]}},{"type":"Feature","properties":{"cat":"transporte"},"geometry":{"type":"Point","coordinates":[2.1692294,41.38881]}},{"type":"Feature","properties":{"cat":"transporte"},"geometry":{"type":"Point","coordinates":[2.2097889,41.4203065]}},{"type":"Feature","properties":{"cat":"transporte"},"geometry":{"type":"Point","coordinates":[2.2156159,41.4314939]}},{"type":"Feature","properties":{"cat":"transporte"},"geometry":{"type":"Point","coordinates":[2.210973,41.4236011]}},{"type":"Feature","properties":{"cat":"transporte"},"geometry":{"type":"Point","coordinates":[2.2229348,41.4477743]}},{"type":"Feature","properties":{"cat":"transporte"},"geometry":{"type":"Point","coordinates":[2.2244367,41.4448632]}},{"type":"Feature","properties":{"cat":"transporte"},"geometry":{"type":"Point","coordinates":[2.2155319,41.439766]}},{"type":"Feature","properties":{"cat":"transporte"},"geometry":{"type":"Point","coordinates":[2.2147347,41.4319914]}},{"type":"Feature","properties":{"cat":"transporte"},"geometry":{"type":"Point","coordinates":[2.212692,41.4335007]}},{"type":"Feature","properties":{"cat":"transporte"},"geometry":{"type":"Point","coordinates":[2.2132273,41.4355144]}},{"type":"Feature","properties":{"cat":"transporte"},"geometry":{"type":"Point","coordinates":[2.2091728,41.4203141]}},{"type":"Feature","properties":{"cat":"transporte"},"geometry":{"type":"Point","coordinates":[2.1555505,41.3801448]}},{"type":"Feature","properties":{"cat":"transporte"},"geometry":{"type":"Point","coordinates":[2.1218425,41.3730808]}},{"type":"Feature","properties":{"cat":"transporte"},"geometry":{"type":"Point","coordinates":[2.1069145,41.3595689]}},{"type":"Feature","properties":{"cat":"transporte"},"geometry":{"type":"Point","coordinates":[2.1067767,41.3603107]}},{"type":"Feature","properties":{"cat":"transporte"},"geometry":{"type":"Point","coordinates":[2.1053703,41.3626669]}},{"type":"Feature","properties":{"cat":"transporte"},"geometry":{"type":"Point","coordinates":[2.1037125,41.3664057]}},{"type":"Feature","properties":{"cat":"transporte"},"geometry":{"type":"Point","coordinates":[2.1032261,41.3685934]}},{"type":"Feature","properties":{"cat":"transporte"},"geometry":{"type":"Point","coordinates":[2.105499,41.372572]}},{"type":"Feature","properties":{"cat":"transporte"},"geometry":{"type":"Point","coordinates":[2.1071036,41.3724946]}},{"type":"Feature","properties":{"cat":"transporte"},"geometry":{"type":"Point","coordinates":[2.109536,41.3710292]}},{"type":"Feature","properties":{"cat":"transporte"},"geometry":{"type":"Point","coordinates":[2.113654,41.3693082]}},{"type":"Feature","properties":{"cat":"transporte"},"geometry":{"type":"Point","coordinates":[2.1182775,41.3704396]}},{"type":"Feature","properties":{"cat":"transporte"},"geometry":{"type":"Point","coordinates":[2.1441466,41.4129611]}},{"type":"Feature","properties":{"cat":"transporte"},"geometry":{"type":"Point","coordinates":[2.148948,41.4201038]}},{"type":"Feature","properties":{"cat":"transporte"},"geometry":{"type":"Point","coordinates":[2.1510922,41.4202289]}},{"type":"Feature","properties":{"cat":"transporte"},"geometry":{"type":"Point","coordinates":[2.1551063,41.4199186]}},{"type":"Feature","properties":{"cat":"transporte"},"geometry":{"type":"Point","coordinates":[2.1582297,41.4191622]}},{"type":"Feature","properties":{"cat":"transporte"},"geometry":{"type":"Point","coordinates":[2.160191,41.4200872]}},{"type":"Feature","properties":{"cat":"transporte"},"geometry":{"type":"Point","coordinates":[2.164982,41.4201341]}},{"type":"Feature","properties":{"cat":"transporte"},"geometry":{"type":"Point","coordinates":[2.1414872,41.4040586]}},{"type":"Feature","properties":{"cat":"transporte"},"geometry":{"type":"Point","coordinates":[2.1391895,41.4054556]}},{"type":"Feature","properties":{"cat":"transporte"},"geometry":{"type":"Point","coordinates":[2.1539966,41.395796]}},{"type":"Feature","properties":{"cat":"transporte"},"geometry":{"type":"Point","coordinates":[2.1511451,41.3982716]}},{"type":"Feature","properties":{"cat":"transporte"},"geometry":{"type":"Point","coordinates":[2.1451447,41.4024524]}},{"type":"Feature","properties":{"cat":"transporte"},"geometry":{"type":"Point","coordinates":[2.1667892,41.3860876]}},{"type":"Feature","properties":{"cat":"transporte"},"geometry":{"type":"Point","coordinates":[2.1646755,41.3876925]}},{"type":"Feature","properties":{"cat":"transporte"},"geometry":{"type":"Point","coordinates":[2.1623993,41.3894218]}},{"type":"Feature","properties":{"cat":"transporte"},"geometry":{"type":"Point","coordinates":[2.1568814,41.3935813]}},{"type":"Feature","properties":{"cat":"transporte"},"geometry":{"type":"Point","coordinates":[2.178268,41.3758083]}},{"type":"Feature","properties":{"cat":"transporte"},"geometry":{"type":"Point","coordinates":[2.1394804,41.388528]}},{"type":"Feature","properties":{"cat":"transporte"},"geometry":{"type":"Point","coordinates":[2.1500431,41.3801439]}},{"type":"Feature","properties":{"cat":"transporte"},"geometry":{"type":"Point","coordinates":[2.1523896,41.3783203]}},{"type":"Feature","properties":{"cat":"transporte"},"geometry":{"type":"Point","coordinates":[2.1405884,41.4042125]}},{"type":"Feature","properties":{"cat":"transporte"},"geometry":{"type":"Point","coordinates":[2.1384301,41.4030437]}},{"type":"Feature","properties":{"cat":"transporte"},"geometry":{"type":"Point","coordinates":[2.1362666,41.4010785]}},{"type":"Feature","properties":{"cat":"transporte"},"geometry":{"type":"Point","coordinates":[2.1338846,41.3988653]}},{"type":"Feature","properties":{"cat":"transporte"},"geometry":{"type":"Point","coordinates":[2.1360703,41.3920814]}},{"type":"Feature","properties":{"cat":"transporte"},"geometry":{"type":"Point","coordinates":[2.1627795,41.4121481]}},{"type":"Feature","properties":{"cat":"transporte"},"geometry":{"type":"Point","coordinates":[2.1566384,41.4104867]}},{"type":"Feature","properties":{"cat":"transporte"},"geometry":{"type":"Point","coordinates":[2.153531,41.4088797]}},{"type":"Feature","properties":{"cat":"transporte"},"geometry":{"type":"Point","coordinates":[2.1466191,41.405646]}},{"type":"Feature","properties":{"cat":"transporte"},"geometry":{"type":"Point","coordinates":[2.1440297,41.4053039]}},{"type":"Feature","properties":{"cat":"transporte"},"geometry":{"type":"Point","coordinates":[2.1817061,41.4005627]}},{"type":"Feature","properties":{"cat":"transporte"},"geometry":{"type":"Point","coordinates":[2.1793107,41.4024107]}},{"type":"Feature","properties":{"cat":"transporte"},"geometry":{"type":"Point","coordinates":[2.1748071,41.4057854]}},{"type":"Feature","properties":{"cat":"transporte"},"geometry":{"type":"Point","coordinates":[2.17149,41.4082901]}},{"type":"Feature","properties":{"cat":"transporte"},"geometry":{"type":"Point","coordinates":[2.1698767,41.4095188]}},{"type":"Feature","properties":{"cat":"transporte"},"geometry":{"type":"Point","coordinates":[2.1879476,41.3833375]}},{"type":"Feature","properties":{"cat":"transporte"},"geometry":{"type":"Point","coordinates":[2.1952636,41.3875671]}},{"type":"Feature","properties":{"cat":"transporte"},"geometry":{"type":"Point","coordinates":[2.1918731,41.3908805]}},{"type":"Feature","properties":{"cat":"transporte"},"geometry":{"type":"Point","coordinates":[2.1895115,41.3926627]}},{"type":"Feature","properties":{"cat":"transporte"},"geometry":{"type":"Point","coordinates":[2.1866992,41.395984]}},{"type":"Feature","properties":{"cat":"transporte"},"geometry":{"type":"Point","coordinates":[2.187756,41.3826172]}},{"type":"Feature","properties":{"cat":"transporte"},"geometry":{"type":"Point","coordinates":[2.1782731,41.3758345]}},{"type":"Feature","properties":{"cat":"transporte"},"geometry":{"type":"Point","coordinates":[2.1898573,41.3927056]}},{"type":"Feature","properties":{"cat":"transporte"},"geometry":{"type":"Point","coordinates":[2.1781558,41.4017437]}},{"type":"Feature","properties":{"cat":"transporte"},"geometry":{"type":"Point","coordinates":[2.1714712,41.4134105]}},{"type":"Feature","properties":{"cat":"transporte"},"geometry":{"type":"Point","coordinates":[2.1739924,41.4115124]}},{"type":"Feature","properties":{"cat":"transporte"},"geometry":{"type":"Point","coordinates":[2.1462328,41.4058091]}},{"type":"Feature","properties":{"cat":"transporte"},"geometry":{"type":"Point","coordinates":[2.1592703,41.4124394]}},{"type":"Feature","properties":{"cat":"transporte"},"geometry":{"type":"Point","coordinates":[2.1649218,41.4148156]}},{"type":"Feature","properties":{"cat":"transporte"},"geometry":{"type":"Point","coordinates":[2.1334617,41.398761]}},{"type":"Feature","properties":{"cat":"transporte"},"geometry":{"type":"Point","coordinates":[2.1351194,41.4004544]}},{"type":"Feature","properties":{"cat":"transporte"},"geometry":{"type":"Point","coordinates":[2.137576,41.4026466]}},{"type":"Feature","properties":{"cat":"transporte"},"geometry":{"type":"Point","coordinates":[2.1410715,41.4046575]}},{"type":"Feature","properties":{"cat":"transporte"},"geometry":{"type":"Point","coordinates":[2.1434696,41.4053974]}},{"type":"Feature","properties":{"cat":"transporte"},"geometry":{"type":"Point","coordinates":[2.1306934,41.3915478]}},{"type":"Feature","properties":{"cat":"transporte"},"geometry":{"type":"Point","coordinates":[2.1313014,41.3932721]}},{"type":"Feature","properties":{"cat":"transporte"},"geometry":{"type":"Point","coordinates":[2.1334264,41.3947949]}},{"type":"Feature","properties":{"cat":"transporte"},"geometry":{"type":"Point","coordinates":[2.1474041,41.3767135]}},{"type":"Feature","properties":{"cat":"transporte"},"geometry":{"type":"Point","coordinates":[2.1453053,41.3517702]}},{"type":"Feature","properties":{"cat":"transporte"},"geometry":{"type":"Point","coordinates":[2.1461415,41.3444679]}},{"type":"Feature","properties":{"cat":"transporte"},"geometry":{"type":"Point","coordinates":[2.1448725,41.3423956]}},{"type":"Feature","properties":{"cat":"transporte"},"geometry":{"type":"Point","coordinates":[2.1753195,41.3954611]}},{"type":"Feature","properties":{"cat":"transporte"},"geometry":{"type":"Point","coordinates":[2.1782805,41.4049214]}},{"type":"Feature","properties":{"cat":"transporte"},"geometry":{"type":"Point","coordinates":[2.1793798,41.4220009]}},{"type":"Feature","properties":{"cat":"transporte"},"geometry":{"type":"Point","coordinates":[2.1784729,41.4126068]}},{"type":"Feature","properties":{"cat":"transporte"},"geometry":{"type":"Point","coordinates":[2.175144,41.4073352]}},{"type":"Feature","properties":{"cat":"transporte"},"geometry":{"type":"Point","coordinates":[2.1773447,41.4266354]}},{"type":"Feature","properties":{"cat":"transporte"},"geometry":{"type":"Point","coordinates":[2.1774184,41.424755]}},{"type":"Feature","properties":{"cat":"transporte"},"geometry":{"type":"Point","coordinates":[2.1817532,41.4483983]}},{"type":"Feature","properties":{"cat":"transporte"},"geometry":{"type":"Point","coordinates":[2.1807662,41.4474412]}},{"type":"Feature","properties":{"cat":"transporte"},"geometry":{"type":"Point","coordinates":[2.1796187,41.4455383]}},{"type":"Feature","properties":{"cat":"transporte"},"geometry":{"type":"Point","coordinates":[2.178721,41.4435268]}},{"type":"Feature","properties":{"cat":"transporte"},"geometry":{"type":"Point","coordinates":[2.1775731,41.4415807]}},{"type":"Feature","properties":{"cat":"transporte"},"geometry":{"type":"Point","coordinates":[2.1734658,41.4369558]}},{"type":"Feature","properties":{"cat":"transporte"},"geometry":{"type":"Point","coordinates":[2.1789659,41.4450101]}},{"type":"Feature","properties":{"cat":"transporte"},"geometry":{"type":"Point","coordinates":[2.1805013,41.4474147]}},{"type":"Feature","properties":{"cat":"transporte"},"geometry":{"type":"Point","coordinates":[2.1821535,41.448935]}},{"type":"Feature","properties":{"cat":"transporte"},"geometry":{"type":"Point","coordinates":[2.179928,41.4212098]}},{"type":"Feature","properties":{"cat":"transporte"},"geometry":{"type":"Point","coordinates":[2.1770621,41.4242781]}},{"type":"Feature","properties":{"cat":"transporte"},"geometry":{"type":"Point","coordinates":[2.172502,41.397073]}},{"type":"Feature","properties":{"cat":"transporte"},"geometry":{"type":"Point","coordinates":[2.1445185,41.3522642]}},{"type":"Feature","properties":{"cat":"transporte"},"geometry":{"type":"Point","coordinates":[2.1444315,41.3425363]}},{"type":"Feature","properties":{"cat":"transporte"},"geometry":{"type":"Point","coordinates":[2.1251531,41.3770296]}},{"type":"Feature","properties":{"cat":"transporte"},"geometry":{"type":"Point","coordinates":[2.1477721,41.3894153]}},{"type":"Feature","properties":{"cat":"transporte"},"geometry":{"type":"Point","coordinates":[2.1599471,41.3861569]}},{"type":"Feature","properties":{"cat":"transporte"},"geometry":{"type":"Point","coordinates":[2.1870532,41.4094073]}},{"type":"Feature","properties":{"cat":"transporte"},"geometry":{"type":"Point","coordinates":[2.1864942,41.4065966]}},{"type":"Feature","properties":{"cat":"transporte"},"geometry":{"type":"Point","coordinates":[2.1819944,41.4032267]}},{"type":"Feature","properties":{"cat":"transporte"},"geometry":{"type":"Point","coordinates":[2.1875305,41.4417066]}},{"type":"Feature","properties":{"cat":"transporte"},"geometry":{"type":"Point","coordinates":[2.1861709,41.4396074]}},{"type":"Feature","properties":{"cat":"transporte"},"geometry":{"type":"Point","coordinates":[2.1844422,41.4355203]}},{"type":"Feature","properties":{"cat":"transporte"},"geometry":{"type":"Point","coordinates":[2.1836022,41.4332556]}},{"type":"Feature","properties":{"cat":"transporte"},"geometry":{"type":"Point","coordinates":[2.1908739,41.4427405]}},{"type":"Feature","properties":{"cat":"transporte"},"geometry":{"type":"Point","coordinates":[2.1848815,41.407276]}},{"type":"Feature","properties":{"cat":"transporte"},"geometry":{"type":"Point","coordinates":[2.1867057,41.4108597]}},{"type":"Feature","properties":{"cat":"transporte"},"geometry":{"type":"Point","coordinates":[2.1867297,41.4142897]}},{"type":"Feature","properties":{"cat":"transporte"},"geometry":{"type":"Point","coordinates":[2.1867291,41.4167799]}},{"type":"Feature","properties":{"cat":"transporte"},"geometry":{"type":"Point","coordinates":[2.1830175,41.4058825]}},{"type":"Feature","properties":{"cat":"transporte"},"geometry":{"type":"Point","coordinates":[2.162598,41.3860049]}},{"type":"Feature","properties":{"cat":"transporte"},"geometry":{"type":"Point","coordinates":[2.1600974,41.3879075]}},{"type":"Feature","properties":{"cat":"transporte"},"geometry":{"type":"Point","coordinates":[2.1634095,41.3935051]}},{"type":"Feature","properties":{"cat":"transporte"},"geometry":{"type":"Point","coordinates":[2.1676785,41.390059]}},{"type":"Feature","properties":{"cat":"transporte"},"geometry":{"type":"Point","coordinates":[2.1692752,41.3888592]}},{"type":"Feature","properties":{"cat":"transporte"},"geometry":{"type":"Point","coordinates":[2.1402789,41.4047499]}},{"type":"Feature","properties":{"cat":"transporte"},"geometry":{"type":"Point","coordinates":[2.1522967,41.3995837]}},{"type":"Feature","properties":{"cat":"transporte"},"geometry":{"type":"Point","coordinates":[2.1555786,41.3959902]}},{"type":"Feature","properties":{"cat":"transporte"},"geometry":{"type":"Point","coordinates":[2.1444741,41.4131405]}},{"type":"Feature","properties":{"cat":"transporte"},"geometry":{"type":"Point","coordinates":[2.1386019,41.4133907]}},{"type":"Feature","properties":{"cat":"transporte"},"geometry":{"type":"Point","coordinates":[2.1374096,41.4093289]}},{"type":"Feature","properties":{"cat":"transporte"},"geometry":{"type":"Point","coordinates":[2.1641004,41.4202038]}},{"type":"Feature","properties":{"cat":"transporte"},"geometry":{"type":"Point","coordinates":[2.1617953,41.4206837]}},{"type":"Feature","properties":{"cat":"transporte"},"geometry":{"type":"Point","coordinates":[2.1595815,41.4196892]}},{"type":"Feature","properties":{"cat":"transporte"},"geometry":{"type":"Point","coordinates":[2.1550645,41.4198254]}},{"type":"Feature","properties":{"cat":"transporte"},"geometry":{"type":"Point","coordinates":[2.1513534,41.4201417]}},{"type":"Feature","properties":{"cat":"transporte"},"geometry":{"type":"Point","coordinates":[2.1490928,41.4201301]}},{"type":"Feature","properties":{"cat":"transporte"},"geometry":{"type":"Point","coordinates":[2.1477429,41.4178878]}},{"type":"Feature","properties":{"cat":"transporte"},"geometry":{"type":"Point","coordinates":[2.1463996,41.4154627]}},{"type":"Feature","properties":{"cat":"transporte"},"geometry":{"type":"Point","coordinates":[2.1761412,41.448394]}},{"type":"Feature","properties":{"cat":"transporte"},"geometry":{"type":"Point","coordinates":[2.1746389,41.444899]}},{"type":"Feature","properties":{"cat":"transporte"},"geometry":{"type":"Point","coordinates":[2.1774788,41.4458634]}},{"type":"Feature","properties":{"cat":"transporte"},"geometry":{"type":"Point","coordinates":[2.1737127,41.4384045]}},{"type":"Feature","properties":{"cat":"transporte"},"geometry":{"type":"Point","coordinates":[2.1699828,41.4387874]}},{"type":"Feature","properties":{"cat":"transporte"},"geometry":{"type":"Point","coordinates":[2.1624644,41.4393883]}},{"type":"Feature","properties":{"cat":"transporte"},"geometry":{"type":"Point","coordinates":[2.1668176,41.441972]}},{"type":"Feature","properties":{"cat":"transporte"},"geometry":{"type":"Point","coordinates":[2.1761305,41.4245418]}},{"type":"Feature","properties":{"cat":"transporte"},"geometry":{"type":"Point","coordinates":[2.1615565,41.4131348]}},{"type":"Feature","properties":{"cat":"transporte"},"geometry":{"type":"Point","coordinates":[2.1690961,41.3885497]}},{"type":"Feature","properties":{"cat":"transporte"},"geometry":{"type":"Point","coordinates":[2.167494,41.3899326]}},{"type":"Feature","properties":{"cat":"transporte"},"geometry":{"type":"Point","coordinates":[2.1632439,41.3933626]}},{"type":"Feature","properties":{"cat":"transporte"},"geometry":{"type":"Point","coordinates":[2.1972716,41.3880717]}},{"type":"Feature","properties":{"cat":"transporte"},"geometry":{"type":"Point","coordinates":[2.2022475,41.3986668]}},{"type":"Feature","properties":{"cat":"transporte"},"geometry":{"type":"Point","coordinates":[2.2031473,41.3916684]}},{"type":"Feature","properties":{"cat":"transporte"},"geometry":{"type":"Point","coordinates":[2.203445,41.4019214]}},{"type":"Feature","properties":{"cat":"transporte"},"geometry":{"type":"Point","coordinates":[2.2182937,41.4197617]}},{"type":"Feature","properties":{"cat":"transporte"},"geometry":{"type":"Point","coordinates":[2.2146371,41.4151353]}},{"type":"Feature","properties":{"cat":"transporte"},"geometry":{"type":"Point","coordinates":[2.2200318,41.4316051]}},{"type":"Feature","properties":{"cat":"transporte"},"geometry":{"type":"Point","coordinates":[2.22137,41.4303236]}},{"type":"Feature","properties":{"cat":"transporte"},"geometry":{"type":"Point","coordinates":[2.223152,41.4286222]}},{"type":"Feature","properties":{"cat":"transporte"},"geometry":{"type":"Point","coordinates":[2.2254589,41.4275164]}},{"type":"Feature","properties":{"cat":"transporte"},"geometry":{"type":"Point","coordinates":[2.2254533,41.4261905]}},{"type":"Feature","properties":{"cat":"transporte"},"geometry":{"type":"Point","coordinates":[2.2108489,41.4447274]}},{"type":"Feature","properties":{"cat":"transporte"},"geometry":{"type":"Point","coordinates":[2.2106874,41.4424889]}},{"type":"Feature","properties":{"cat":"transporte"},"geometry":{"type":"Point","coordinates":[2.2111343,41.4390315]}},{"type":"Feature","properties":{"cat":"transporte"},"geometry":{"type":"Point","coordinates":[2.213053,41.4374811]}},{"type":"Feature","properties":{"cat":"transporte"},"geometry":{"type":"Point","coordinates":[2.2104366,41.4484001]}},{"type":"Feature","properties":{"cat":"transporte"},"geometry":{"type":"Point","coordinates":[2.211233,41.4386942]}},{"type":"Feature","properties":{"cat":"transporte"},"geometry":{"type":"Point","coordinates":[2.2105989,41.4418291]}},{"type":"Feature","properties":{"cat":"transporte"},"geometry":{"type":"Point","coordinates":[2.210733,41.4436905]}},{"type":"Feature","properties":{"cat":"transporte"},"geometry":{"type":"Point","coordinates":[2.2096018,41.4449395]}},{"type":"Feature","properties":{"cat":"transporte"},"geometry":{"type":"Point","coordinates":[2.2250812,41.4274009]}},{"type":"Feature","properties":{"cat":"transporte"},"geometry":{"type":"Point","coordinates":[2.2228428,41.4284817]}},{"type":"Feature","properties":{"cat":"transporte"},"geometry":{"type":"Point","coordinates":[2.2213968,41.4298883]}},{"type":"Feature","properties":{"cat":"transporte"},"geometry":{"type":"Point","coordinates":[2.2177254,41.4122265]}},{"type":"Feature","properties":{"cat":"transporte"},"geometry":{"type":"Point","coordinates":[2.2148713,41.4143359]}},{"type":"Feature","properties":{"cat":"transporte"},"geometry":{"type":"Point","coordinates":[2.2058709,41.4056505]}},{"type":"Feature","properties":{"cat":"transporte"},"geometry":{"type":"Point","coordinates":[2.2022675,41.3927744]}},{"type":"Feature","properties":{"cat":"transporte"},"geometry":{"type":"Point","coordinates":[2.2010861,41.397717]}},{"type":"Feature","properties":{"cat":"transporte"},"geometry":{"type":"Point","coordinates":[2.1990387,41.4005045]}},{"type":"Feature","properties":{"cat":"transporte"},"geometry":{"type":"Point","coordinates":[2.2023927,41.4030057]}},{"type":"Feature","properties":{"cat":"transporte"},"geometry":{"type":"Point","coordinates":[2.1643166,41.3778307]}},{"type":"Feature","properties":{"cat":"transporte"},"geometry":{"type":"Point","coordinates":[2.1659918,41.3765825]}},{"type":"Feature","properties":{"cat":"transporte"},"geometry":{"type":"Point","coordinates":[2.1657923,41.395499]}},{"type":"Feature","properties":{"cat":"transporte"},"geometry":{"type":"Point","coordinates":[2.1658369,41.3996491]}},{"type":"Feature","properties":{"cat":"transporte"},"geometry":{"type":"Point","coordinates":[2.1637424,41.3980624]}},{"type":"Feature","properties":{"cat":"transporte"},"geometry":{"type":"Point","coordinates":[2.158995,41.4098072]}},{"type":"Feature","properties":{"cat":"transporte"},"geometry":{"type":"Point","coordinates":[2.1608097,41.4079443]}},{"type":"Feature","properties":{"cat":"transporte"},"geometry":{"type":"Point","coordinates":[2.1742821,41.4216772]}},{"type":"Feature","properties":{"cat":"transporte"},"geometry":{"type":"Point","coordinates":[2.1668746,41.4151572]}},{"type":"Feature","properties":{"cat":"transporte"},"geometry":{"type":"Point","coordinates":[2.1743707,41.4473975]}},{"type":"Feature","properties":{"cat":"transporte"},"geometry":{"type":"Point","coordinates":[2.1723953,41.4454946]}},{"type":"Feature","properties":{"cat":"transporte"},"geometry":{"type":"Point","coordinates":[2.169042,41.4390642]}},{"type":"Feature","properties":{"cat":"transporte"},"geometry":{"type":"Point","coordinates":[2.1735217,41.438623]}},{"type":"Feature","properties":{"cat":"transporte"},"geometry":{"type":"Point","coordinates":[2.1292386,41.3916742]}},{"type":"Feature","properties":{"cat":"transporte"},"geometry":{"type":"Point","coordinates":[2.1280473,41.3893358]}},{"type":"Feature","properties":{"cat":"transporte"},"geometry":{"type":"Point","coordinates":[2.1337432,41.3948812]}},{"type":"Feature","properties":{"cat":"transporte"},"geometry":{"type":"Point","coordinates":[2.1510673,41.3894749]}},{"type":"Feature","properties":{"cat":"transporte"},"geometry":{"type":"Point","coordinates":[2.1449269,41.3935408]}},{"type":"Feature","properties":{"cat":"transporte"},"geometry":{"type":"Point","coordinates":[2.1418048,41.3960336]}},{"type":"Feature","properties":{"cat":"transporte"},"geometry":{"type":"Point","coordinates":[2.1392257,41.3977421]}},{"type":"Feature","properties":{"cat":"transporte"},"geometry":{"type":"Point","coordinates":[2.1359038,41.3977234]}},{"type":"Feature","properties":{"cat":"transporte"},"geometry":{"type":"Point","coordinates":[2.133655,41.3976907]}},{"type":"Feature","properties":{"cat":"transporte"},"geometry":{"type":"Point","coordinates":[2.1948225,41.4054422]}},{"type":"Feature","properties":{"cat":"transporte"},"geometry":{"type":"Point","coordinates":[2.1706537,41.3882923]}},{"type":"Feature","properties":{"cat":"transporte"},"geometry":{"type":"Point","coordinates":[2.1693426,41.3909537]}},{"type":"Feature","properties":{"cat":"transporte"},"geometry":{"type":"Point","coordinates":[2.144145,41.3970051]}},{"type":"Feature","properties":{"cat":"transporte"},"geometry":{"type":"Point","coordinates":[2.1468817,41.394858]}},{"type":"Feature","properties":{"cat":"transporte"},"geometry":{"type":"Point","coordinates":[2.1567268,41.389505]}},{"type":"Feature","properties":{"cat":"transporte"},"geometry":{"type":"Point","coordinates":[2.1349,41.3984989]}},{"type":"Feature","properties":{"cat":"transporte"},"geometry":{"type":"Point","coordinates":[2.1407967,41.3980835]}},{"type":"Feature","properties":{"cat":"transporte"},"geometry":{"type":"Point","coordinates":[2.1282273,41.3921646]}},{"type":"Feature","properties":{"cat":"transporte"},"geometry":{"type":"Point","coordinates":[2.1184531,41.398496]}},{"type":"Feature","properties":{"cat":"transporte"},"geometry":{"type":"Point","coordinates":[2.121075,41.3999043]}},{"type":"Feature","properties":{"cat":"transporte"},"geometry":{"type":"Point","coordinates":[2.1179956,41.4041347]}},{"type":"Feature","properties":{"cat":"transporte"},"geometry":{"type":"Point","coordinates":[2.1147122,41.4014746]}},{"type":"Feature","properties":{"cat":"transporte"},"geometry":{"type":"Point","coordinates":[2.1134639,41.4012829]}},{"type":"Feature","properties":{"cat":"transporte"},"geometry":{"type":"Point","coordinates":[2.1489227,41.3945156]}},{"type":"Feature","properties":{"cat":"transporte"},"geometry":{"type":"Point","coordinates":[2.1457169,41.3969099]}},{"type":"Feature","properties":{"cat":"transporte"},"geometry":{"type":"Point","coordinates":[2.1434828,41.3985945]}},{"type":"Feature","properties":{"cat":"transporte"},"geometry":{"type":"Point","coordinates":[2.141746,41.3998711]}},{"type":"Feature","properties":{"cat":"transporte"},"geometry":{"type":"Point","coordinates":[2.1399012,41.4012453]}},{"type":"Feature","properties":{"cat":"transporte"},"geometry":{"type":"Point","coordinates":[2.1376295,41.4029786]}},{"type":"Feature","properties":{"cat":"transporte"},"geometry":{"type":"Point","coordinates":[2.1359169,41.4045162]}},{"type":"Feature","properties":{"cat":"transporte"},"geometry":{"type":"Point","coordinates":[2.1744813,41.3870929]}},{"type":"Feature","properties":{"cat":"transporte"},"geometry":{"type":"Point","coordinates":[2.184438,41.3811522]}},{"type":"Feature","properties":{"cat":"transporte"},"geometry":{"type":"Point","coordinates":[2.1797222,41.3831381]}},{"type":"Feature","properties":{"cat":"transporte"},"geometry":{"type":"Point","coordinates":[2.2021421,41.4275902]}},{"type":"Feature","properties":{"cat":"transporte"},"geometry":{"type":"Point","coordinates":[2.2047439,41.4226323]}},{"type":"Feature","properties":{"cat":"transporte"},"geometry":{"type":"Point","coordinates":[2.2139688,41.4462893]}},{"type":"Feature","properties":{"cat":"transporte"},"geometry":{"type":"Point","coordinates":[2.2098097,41.4442153]}},{"type":"Feature","properties":{"cat":"transporte"},"geometry":{"type":"Point","coordinates":[2.2044437,41.4392244]}},{"type":"Feature","properties":{"cat":"transporte"},"geometry":{"type":"Point","coordinates":[2.2096145,41.4443449]}},{"type":"Feature","properties":{"cat":"transporte"},"geometry":{"type":"Point","coordinates":[2.2140294,41.4496522]}},{"type":"Feature","properties":{"cat":"transporte"},"geometry":{"type":"Point","coordinates":[2.2041713,41.4377442]}},{"type":"Feature","properties":{"cat":"transporte"},"geometry":{"type":"Point","coordinates":[2.2036254,41.4393989]}},{"type":"Feature","properties":{"cat":"transporte"},"geometry":{"type":"Point","coordinates":[2.2007822,41.4392287]}},{"type":"Feature","properties":{"cat":"transporte"},"geometry":{"type":"Point","coordinates":[2.199812,41.4417073]}},{"type":"Feature","properties":{"cat":"transporte"},"geometry":{"type":"Point","coordinates":[2.1992535,41.4445969]}},{"type":"Feature","properties":{"cat":"transporte"},"geometry":{"type":"Point","coordinates":[2.2026699,41.4440424]}},{"type":"Feature","properties":{"cat":"transporte"},"geometry":{"type":"Point","coordinates":[2.2043894,41.422318]}},{"type":"Feature","properties":{"cat":"transporte"},"geometry":{"type":"Point","coordinates":[2.2009021,41.4248607]}},{"type":"Feature","properties":{"cat":"transporte"},"geometry":{"type":"Point","coordinates":[2.2025995,41.4282915]}},{"type":"Feature","properties":{"cat":"transporte"},"geometry":{"type":"Point","coordinates":[2.1963272,41.4115391]}},{"type":"Feature","properties":{"cat":"transporte"},"geometry":{"type":"Point","coordinates":[2.1968037,41.4003391]}},{"type":"Feature","properties":{"cat":"transporte"},"geometry":{"type":"Point","coordinates":[2.1946092,41.3987006]}},{"type":"Feature","properties":{"cat":"transporte"},"geometry":{"type":"Point","coordinates":[2.1945033,41.4038496]}},{"type":"Feature","properties":{"cat":"transporte"},"geometry":{"type":"Point","coordinates":[2.1964354,41.388404]}},{"type":"Feature","properties":{"cat":"transporte"},"geometry":{"type":"Point","coordinates":[2.1803179,41.3828563]}},{"type":"Feature","properties":{"cat":"transporte"},"geometry":{"type":"Point","coordinates":[2.1473675,41.3978342]}},{"type":"Feature","properties":{"cat":"transporte"},"geometry":{"type":"Point","coordinates":[2.1504118,41.3951971]}},{"type":"Feature","properties":{"cat":"transporte"},"geometry":{"type":"Point","coordinates":[2.1310048,41.4052958]}},{"type":"Feature","properties":{"cat":"transporte"},"geometry":{"type":"Point","coordinates":[2.1317241,41.4052996]}},{"type":"Feature","properties":{"cat":"transporte"},"geometry":{"type":"Point","coordinates":[2.1355977,41.4017607]}},{"type":"Feature","properties":{"cat":"transporte"},"geometry":{"type":"Point","coordinates":[2.1391817,41.401018]}},{"type":"Feature","properties":{"cat":"transporte"},"geometry":{"type":"Point","coordinates":[2.1407793,41.3997211]}},{"type":"Feature","properties":{"cat":"transporte"},"geometry":{"type":"Point","coordinates":[2.1659705,41.4024069]}},{"type":"Feature","properties":{"cat":"transporte"},"geometry":{"type":"Point","coordinates":[2.1695503,41.3865469]}},{"type":"Feature","properties":{"cat":"transporte"},"geometry":{"type":"Point","coordinates":[2.1995242,41.4483393]}},{"type":"Feature","properties":{"cat":"transporte"},"geometry":{"type":"Point","coordinates":[2.1935497,41.4462146]}},{"type":"Feature","properties":{"cat":"transporte"},"geometry":{"type":"Point","coordinates":[2.1907589,41.4442331]}},{"type":"Feature","properties":{"cat":"transporte"},"geometry":{"type":"Point","coordinates":[2.1909134,41.4418254]}},{"type":"Feature","properties":{"cat":"transporte"},"geometry":{"type":"Point","coordinates":[2.1911007,41.4394833]}},{"type":"Feature","properties":{"cat":"transporte"},"geometry":{"type":"Point","coordinates":[2.1912515,41.4369669]}},{"type":"Feature","properties":{"cat":"transporte"},"geometry":{"type":"Point","coordinates":[2.1918361,41.4351852]}},{"type":"Feature","properties":{"cat":"transporte"},"geometry":{"type":"Point","coordinates":[2.1927191,41.433413]}},{"type":"Feature","properties":{"cat":"transporte"},"geometry":{"type":"Point","coordinates":[2.1948194,41.4309351]}},{"type":"Feature","properties":{"cat":"transporte"},"geometry":{"type":"Point","coordinates":[2.1916761,41.4269838]}},{"type":"Feature","properties":{"cat":"transporte"},"geometry":{"type":"Point","coordinates":[2.1905654,41.4139258]}},{"type":"Feature","properties":{"cat":"transporte"},"geometry":{"type":"Point","coordinates":[2.1370256,41.3915801]}},{"type":"Feature","properties":{"cat":"transporte"},"geometry":{"type":"Point","coordinates":[2.1997601,41.4485791]}},{"type":"Feature","properties":{"cat":"transporte"},"geometry":{"type":"Point","coordinates":[2.1924549,41.4335075]}},{"type":"Feature","properties":{"cat":"transporte"},"geometry":{"type":"Point","coordinates":[2.190943,41.4393797]}},{"type":"Feature","properties":{"cat":"transporte"},"geometry":{"type":"Point","coordinates":[2.1907076,41.4423179]}},{"type":"Feature","properties":{"cat":"transporte"},"geometry":{"type":"Point","coordinates":[2.1905555,41.4445758]}},{"type":"Feature","properties":{"cat":"transporte"},"geometry":{"type":"Point","coordinates":[2.1935383,41.4464317]}},{"type":"Feature","properties":{"cat":"transporte"},"geometry":{"type":"Point","coordinates":[2.1910864,41.4229883]}},{"type":"Feature","properties":{"cat":"transporte"},"geometry":{"type":"Point","coordinates":[2.190914,41.4263076]}},{"type":"Feature","properties":{"cat":"transporte"},"geometry":{"type":"Point","coordinates":[2.1901104,41.4292583]}},{"type":"Feature","properties":{"cat":"transporte"},"geometry":{"type":"Point","coordinates":[2.1725244,41.3890983]}},{"type":"Feature","properties":{"cat":"transporte"},"geometry":{"type":"Point","coordinates":[2.1763129,41.3919305]}},{"type":"Feature","properties":{"cat":"transporte"},"geometry":{"type":"Point","coordinates":[2.1783895,41.3934604]}},{"type":"Feature","properties":{"cat":"transporte"},"geometry":{"type":"Point","coordinates":[2.1809133,41.3953344]}},{"type":"Feature","properties":{"cat":"transporte"},"geometry":{"type":"Point","coordinates":[2.1044122,41.4130463]}},{"type":"Feature","properties":{"cat":"transporte"},"geometry":{"type":"Point","coordinates":[2.1071236,41.4176695]}},{"type":"Feature","properties":{"cat":"transporte"},"geometry":{"type":"Point","coordinates":[2.1046323,41.4129773]}},{"type":"Feature","properties":{"cat":"transporte"},"geometry":{"type":"Point","coordinates":[2.1908349,41.39597]}},{"type":"Feature","properties":{"cat":"transporte"},"geometry":{"type":"Point","coordinates":[2.2128455,41.4214368]}},{"type":"Feature","properties":{"cat":"transporte"},"geometry":{"type":"Point","coordinates":[2.2117656,41.4202201]}},{"type":"Feature","properties":{"cat":"transporte"},"geometry":{"type":"Point","coordinates":[2.2079119,41.4159441]}},{"type":"Feature","properties":{"cat":"transporte"},"geometry":{"type":"Point","coordinates":[2.207088,41.4149028]}},{"type":"Feature","properties":{"cat":"transporte"},"geometry":{"type":"Point","coordinates":[2.217518,41.433618]}},{"type":"Feature","properties":{"cat":"transporte"},"geometry":{"type":"Point","coordinates":[2.2119025,41.4204815]}},{"type":"Feature","properties":{"cat":"transporte"},"geometry":{"type":"Point","coordinates":[2.182713,41.3917344]}},{"type":"Feature","properties":{"cat":"transporte"},"geometry":{"type":"Point","coordinates":[2.1176741,41.386002]}},{"type":"Feature","properties":{"cat":"transporte"},"geometry":{"type":"Point","coordinates":[2.1226538,41.3872554]}},{"type":"Feature","properties":{"cat":"transporte"},"geometry":{"type":"Point","coordinates":[2.1316374,41.3895327]}},{"type":"Feature","properties":{"cat":"transporte"},"geometry":{"type":"Point","coordinates":[2.1400053,41.3916584]}},{"type":"Feature","properties":{"cat":"transporte"},"geometry":{"type":"Point","coordinates":[2.1433243,41.392499]}},{"type":"Feature","properties":{"cat":"transporte"},"geometry":{"type":"Point","coordinates":[2.1442618,41.3915851]}},{"type":"Feature","properties":{"cat":"transporte"},"geometry":{"type":"Point","coordinates":[2.1450176,41.3903821]}},{"type":"Feature","properties":{"cat":"transporte"},"geometry":{"type":"Point","coordinates":[2.1533172,41.3861688]}},{"type":"Feature","properties":{"cat":"transporte"},"geometry":{"type":"Point","coordinates":[2.1058091,41.3870491]}},{"type":"Feature","properties":{"cat":"transporte"},"geometry":{"type":"Point","coordinates":[2.1115904,41.3842047]}},{"type":"Feature","properties":{"cat":"transporte"},"geometry":{"type":"Point","coordinates":[2.1092116,41.3855688]}},{"type":"Feature","properties":{"cat":"transporte"},"geometry":{"type":"Point","coordinates":[2.140289,41.3913233]}},{"type":"Feature","properties":{"cat":"transporte"},"geometry":{"type":"Point","coordinates":[2.1364097,41.3903272]}},{"type":"Feature","properties":{"cat":"transporte"},"geometry":{"type":"Point","coordinates":[2.133569,41.3896046]}},{"type":"Feature","properties":{"cat":"transporte"},"geometry":{"type":"Point","coordinates":[2.1289186,41.3884167]}},{"type":"Feature","properties":{"cat":"transporte"},"geometry":{"type":"Point","coordinates":[2.1256713,41.3876059]}},{"type":"Feature","properties":{"cat":"transporte"},"geometry":{"type":"Point","coordinates":[2.1187625,41.3858505]}},{"type":"Feature","properties":{"cat":"transporte"},"geometry":{"type":"Point","coordinates":[2.1591448,41.3833606]}},{"type":"Feature","properties":{"cat":"transporte"},"geometry":{"type":"Point","coordinates":[2.1467607,41.3909658]}},{"type":"Feature","properties":{"cat":"transporte"},"geometry":{"type":"Point","coordinates":[2.1692172,41.3869202]}},{"type":"Feature","properties":{"cat":"transporte"},"geometry":{"type":"Point","coordinates":[2.1020302,41.3608689]}},{"type":"Feature","properties":{"cat":"transporte"},"geometry":{"type":"Point","coordinates":[2.1055371,41.3616569]}},{"type":"Feature","properties":{"cat":"transporte"},"geometry":{"type":"Point","coordinates":[2.1080223,41.3621501]}},{"type":"Feature","properties":{"cat":"transporte"},"geometry":{"type":"Point","coordinates":[2.1188499,41.3655793]}},{"type":"Feature","properties":{"cat":"transporte"},"geometry":{"type":"Point","coordinates":[2.1224525,41.3663534]}},{"type":"Feature","properties":{"cat":"transporte"},"geometry":{"type":"Point","coordinates":[2.1259458,41.3670072]}},{"type":"Feature","properties":{"cat":"transporte"},"geometry":{"type":"Point","coordinates":[2.130801,41.367972]}},{"type":"Feature","properties":{"cat":"transporte"},"geometry":{"type":"Point","coordinates":[2.1320162,41.3654097]}},{"type":"Feature","properties":{"cat":"transporte"},"geometry":{"type":"Point","coordinates":[2.1126864,41.3635291]}},{"type":"Feature","properties":{"cat":"transporte"},"geometry":{"type":"Point","coordinates":[2.1090613,41.3624498]}},{"type":"Feature","properties":{"cat":"transporte"},"geometry":{"type":"Point","coordinates":[2.1067056,41.3612367]}},{"type":"Feature","properties":{"cat":"transporte"},"geometry":{"type":"Point","coordinates":[2.1024156,41.3576406]}},{"type":"Feature","properties":{"cat":"transporte"},"geometry":{"type":"Point","coordinates":[2.1323105,41.3662868]}},{"type":"Feature","properties":{"cat":"transporte"},"geometry":{"type":"Point","coordinates":[2.1307096,41.3677856]}},{"type":"Feature","properties":{"cat":"transporte"},"geometry":{"type":"Point","coordinates":[2.1280658,41.3671321]}},{"type":"Feature","properties":{"cat":"transporte"},"geometry":{"type":"Point","coordinates":[2.1232879,41.3664402]}},{"type":"Feature","properties":{"cat":"transporte"},"geometry":{"type":"Point","coordinates":[2.1196844,41.3655894]}},{"type":"Feature","properties":{"cat":"transporte"},"geometry":{"type":"Point","coordinates":[2.1015232,41.3765104]}},{"type":"Feature","properties":{"cat":"transporte"},"geometry":{"type":"Point","coordinates":[2.1059125,41.3762018]}},{"type":"Feature","properties":{"cat":"transporte"},"geometry":{"type":"Point","coordinates":[2.1108261,41.3759803]}},{"type":"Feature","properties":{"cat":"transporte"},"geometry":{"type":"Point","coordinates":[2.1146234,41.3757724]}},{"type":"Feature","properties":{"cat":"transporte"},"geometry":{"type":"Point","coordinates":[2.1103246,41.3758434]}},{"type":"Feature","properties":{"cat":"transporte"},"geometry":{"type":"Point","coordinates":[2.1060617,41.3759644]}},{"type":"Feature","properties":{"cat":"transporte"},"geometry":{"type":"Point","coordinates":[2.1034243,41.3761515]}},{"type":"Feature","properties":{"cat":"transporte"},"geometry":{"type":"Point","coordinates":[2.109431,41.3525139]}},{"type":"Feature","properties":{"cat":"transporte"},"geometry":{"type":"Point","coordinates":[2.1108191,41.3515375]}},{"type":"Feature","properties":{"cat":"transporte"},"geometry":{"type":"Point","coordinates":[2.1119364,41.3497588]}},{"type":"Feature","properties":{"cat":"transporte"},"geometry":{"type":"Point","coordinates":[2.1002452,41.3639435]}},{"type":"Feature","properties":{"cat":"transporte"},"geometry":{"type":"Point","coordinates":[2.1030426,41.362466]}},{"type":"Feature","properties":{"cat":"transporte"},"geometry":{"type":"Point","coordinates":[2.1032949,41.357762]}},{"type":"Feature","properties":{"cat":"transporte"},"geometry":{"type":"Point","coordinates":[2.1062732,41.3537606]}},{"type":"Feature","properties":{"cat":"transporte"},"geometry":{"type":"Point","coordinates":[2.1111876,41.3499321]}},{"type":"Feature","properties":{"cat":"transporte"},"geometry":{"type":"Point","coordinates":[2.1101476,41.3516839]}},{"type":"Feature","properties":{"cat":"transporte"},"geometry":{"type":"Point","coordinates":[2.1089239,41.3523366]}},{"type":"Feature","properties":{"cat":"transporte"},"geometry":{"type":"Point","coordinates":[2.1077448,41.3536645]}},{"type":"Feature","properties":{"cat":"transporte"},"geometry":{"type":"Point","coordinates":[2.1069431,41.3559029]}},{"type":"Feature","properties":{"cat":"transporte"},"geometry":{"type":"Point","coordinates":[2.1072488,41.3459561]}},{"type":"Feature","properties":{"cat":"transporte"},"geometry":{"type":"Point","coordinates":[2.2202268,41.4125017]}},{"type":"Feature","properties":{"cat":"transporte"},"geometry":{"type":"Point","coordinates":[2.2180984,41.4097299]}},{"type":"Feature","properties":{"cat":"transporte"},"geometry":{"type":"Point","coordinates":[2.105064,41.3434117]}},{"type":"Feature","properties":{"cat":"transporte"},"geometry":{"type":"Point","coordinates":[2.1101135,41.3461643]}},{"type":"Feature","properties":{"cat":"transporte"},"geometry":{"type":"Point","coordinates":[2.1065688,41.3426172]}},{"type":"Feature","properties":{"cat":"transporte"},"geometry":{"type":"Point","coordinates":[2.1214815,41.3760182]}},{"type":"Feature","properties":{"cat":"transporte"},"geometry":{"type":"Point","coordinates":[2.2124295,41.4437669]}},{"type":"Feature","properties":{"cat":"transporte"},"geometry":{"type":"Point","coordinates":[2.2067086,41.4454095]}},{"type":"Feature","properties":{"cat":"transporte"},"geometry":{"type":"Point","coordinates":[2.2069308,41.4454598]}},{"type":"Feature","properties":{"cat":"transporte"},"geometry":{"type":"Point","coordinates":[2.204615,41.4479026]}},{"type":"Feature","properties":{"cat":"transporte"},"geometry":{"type":"Point","coordinates":[2.2039918,41.4482916]}},{"type":"Feature","properties":{"cat":"transporte"},"geometry":{"type":"Point","coordinates":[2.2133964,41.4413823]}},{"type":"Feature","properties":{"cat":"transporte"},"geometry":{"type":"Point","coordinates":[2.2152807,41.4446998]}},{"type":"Feature","properties":{"cat":"transporte"},"geometry":{"type":"Point","coordinates":[2.2165534,41.4457704]}},{"type":"Feature","properties":{"cat":"transporte"},"geometry":{"type":"Point","coordinates":[2.2172306,41.4461464]}},{"type":"Feature","properties":{"cat":"transporte"},"geometry":{"type":"Point","coordinates":[2.2129633,41.4366962]}},{"type":"Feature","properties":{"cat":"transporte"},"geometry":{"type":"Point","coordinates":[2.2135372,41.441899]}},{"type":"Feature","properties":{"cat":"transporte"},"geometry":{"type":"Point","coordinates":[2.2202354,41.448838]}},{"type":"Feature","properties":{"cat":"transporte"},"geometry":{"type":"Point","coordinates":[2.2192249,41.4472914]}},{"type":"Feature","properties":{"cat":"transporte"},"geometry":{"type":"Point","coordinates":[2.2176605,41.4473255]}},{"type":"Feature","properties":{"cat":"transporte"},"geometry":{"type":"Point","coordinates":[2.2126092,41.444926]}},{"type":"Feature","properties":{"cat":"transporte"},"geometry":{"type":"Point","coordinates":[2.2140951,41.4453381]}},{"type":"Feature","properties":{"cat":"transporte"},"geometry":{"type":"Point","coordinates":[2.2122887,41.4411118]}},{"type":"Feature","properties":{"cat":"transporte"},"geometry":{"type":"Point","coordinates":[2.1144971,41.3960673]}},{"type":"Feature","properties":{"cat":"transporte"},"geometry":{"type":"Point","coordinates":[2.1091719,41.3898818]}},{"type":"Feature","properties":{"cat":"transporte"},"geometry":{"type":"Point","coordinates":[2.1066381,41.3874487]}},{"type":"Feature","properties":{"cat":"transporte"},"geometry":{"type":"Point","coordinates":[2.1086849,41.3870652]}},{"type":"Feature","properties":{"cat":"transporte"},"geometry":{"type":"Point","coordinates":[2.1115687,41.3870091]}},{"type":"Feature","properties":{"cat":"transporte"},"geometry":{"type":"Point","coordinates":[2.1577401,41.4390684]}},{"type":"Feature","properties":{"cat":"transporte"},"geometry":{"type":"Point","coordinates":[2.1534347,41.4380723]}},{"type":"Feature","properties":{"cat":"transporte"},"geometry":{"type":"Point","coordinates":[2.1483455,41.4356103]}},{"type":"Feature","properties":{"cat":"transporte"},"geometry":{"type":"Point","coordinates":[2.1457761,41.4314121]}},{"type":"Feature","properties":{"cat":"transporte"},"geometry":{"type":"Point","coordinates":[2.1441859,41.4279398]}},{"type":"Feature","properties":{"cat":"transporte"},"geometry":{"type":"Point","coordinates":[2.1412891,41.4223323]}},{"type":"Feature","properties":{"cat":"transporte"},"geometry":{"type":"Point","coordinates":[2.139827,41.4193199]}},{"type":"Feature","properties":{"cat":"transporte"},"geometry":{"type":"Point","coordinates":[2.1383193,41.4162903]}},{"type":"Feature","properties":{"cat":"transporte"},"geometry":{"type":"Point","coordinates":[2.216481,41.438241]}},{"type":"Feature","properties":{"cat":"transporte"},"geometry":{"type":"Point","coordinates":[2.2260982,41.4404523]}},{"type":"Feature","properties":{"cat":"transporte"},"geometry":{"type":"Point","coordinates":[2.2247004,41.4425253]}},{"type":"Feature","properties":{"cat":"transporte"},"geometry":{"type":"Point","coordinates":[2.2181195,41.4370778]}},{"type":"Feature","properties":{"cat":"transporte"},"geometry":{"type":"Point","coordinates":[2.2243977,41.4407835]}},{"type":"Feature","properties":{"cat":"transporte"},"geometry":{"type":"Point","coordinates":[2.213614,41.437807]}},{"type":"Feature","properties":{"cat":"transporte"},"geometry":{"type":"Point","coordinates":[2.229832,41.433809]}},{"type":"Feature","properties":{"cat":"transporte"},"geometry":{"type":"Point","coordinates":[2.216928,41.435947]}},{"type":"Feature","properties":{"cat":"transporte"},"geometry":{"type":"Point","coordinates":[2.226392,41.439254]}},{"type":"Feature","properties":{"cat":"transporte"},"geometry":{"type":"Point","coordinates":[2.229754,41.44242]}},{"type":"Feature","properties":{"cat":"transporte"},"geometry":{"type":"Point","coordinates":[2.229986,41.444052]}},{"type":"Feature","properties":{"cat":"transporte"},"geometry":{"type":"Point","coordinates":[2.22027,41.438717]}},{"type":"Feature","properties":{"cat":"transporte"},"geometry":{"type":"Point","coordinates":[2.2209413,41.4391476]}},{"type":"Feature","properties":{"cat":"transporte"},"geometry":{"type":"Point","coordinates":[2.222139,41.440558]}},{"type":"Feature","properties":{"cat":"transporte"},"geometry":{"type":"Point","coordinates":[2.229308,41.43667]}},{"type":"Feature","properties":{"cat":"transporte"},"geometry":{"type":"Point","coordinates":[2.2183109,41.4327102]}},{"type":"Feature","properties":{"cat":"transporte"},"geometry":{"type":"Point","coordinates":[2.2171784,41.4331865]}},{"type":"Feature","properties":{"cat":"transporte"},"geometry":{"type":"Point","coordinates":[2.2258055,41.4350054]}},{"type":"Feature","properties":{"cat":"transporte"},"geometry":{"type":"Point","coordinates":[2.221422,41.4352838]}},{"type":"Feature","properties":{"cat":"transporte"},"geometry":{"type":"Point","coordinates":[2.2276083,41.4341279]}},{"type":"Feature","properties":{"cat":"transporte"},"geometry":{"type":"Point","coordinates":[2.220039,41.434995]}},{"type":"Feature","properties":{"cat":"transporte"},"geometry":{"type":"Point","coordinates":[2.1825001,41.4392884]}},{"type":"Feature","properties":{"cat":"transporte"},"geometry":{"type":"Point","coordinates":[2.1792533,41.4388887]}},{"type":"Feature","properties":{"cat":"transporte"},"geometry":{"type":"Point","coordinates":[2.1961179,41.4367408]}},{"type":"Feature","properties":{"cat":"transporte"},"geometry":{"type":"Point","coordinates":[2.1993666,41.4387032]}},{"type":"Feature","properties":{"cat":"transporte"},"geometry":{"type":"Point","coordinates":[2.201021,41.4365026]}},{"type":"Feature","properties":{"cat":"transporte"},"geometry":{"type":"Point","coordinates":[2.2037319,41.4361125]}},{"type":"Feature","properties":{"cat":"transporte"},"geometry":{"type":"Point","coordinates":[2.2080415,41.4392825]}},{"type":"Feature","properties":{"cat":"transporte"},"geometry":{"type":"Point","coordinates":[2.2048207,41.4392052]}},{"type":"Feature","properties":{"cat":"transporte"},"geometry":{"type":"Point","coordinates":[2.1976222,41.4389034]}},{"type":"Feature","properties":{"cat":"transporte"},"geometry":{"type":"Point","coordinates":[2.1927828,41.4342139]}},{"type":"Feature","properties":{"cat":"transporte"},"geometry":{"type":"Point","coordinates":[2.1911221,41.4369294]}},{"type":"Feature","properties":{"cat":"transporte"},"geometry":{"type":"Point","coordinates":[2.1908223,41.4413864]}},{"type":"Feature","properties":{"cat":"transporte"},"geometry":{"type":"Point","coordinates":[2.1864425,41.4397168]}},{"type":"Feature","properties":{"cat":"transporte"},"geometry":{"type":"Point","coordinates":[2.1882297,41.4422648]}},{"type":"Feature","properties":{"cat":"transporte"},"geometry":{"type":"Point","coordinates":[2.1453598,41.4320167]}},{"type":"Feature","properties":{"cat":"transporte"},"geometry":{"type":"Point","coordinates":[2.1497484,41.4372052]}},{"type":"Feature","properties":{"cat":"transporte"},"geometry":{"type":"Point","coordinates":[2.1583446,41.4397386]}},{"type":"Feature","properties":{"cat":"transporte"},"geometry":{"type":"Point","coordinates":[2.1617321,41.4406986]}},{"type":"Feature","properties":{"cat":"transporte"},"geometry":{"type":"Point","coordinates":[2.141667,41.4242317]}},{"type":"Feature","properties":{"cat":"transporte"},"geometry":{"type":"Point","coordinates":[2.1434095,41.4278045]}},{"type":"Feature","properties":{"cat":"transporte"},"geometry":{"type":"Point","coordinates":[2.1448208,41.4307523]}},{"type":"Feature","properties":{"cat":"transporte"},"geometry":{"type":"Point","coordinates":[2.1339798,41.4072085]}},{"type":"Feature","properties":{"cat":"transporte"},"geometry":{"type":"Point","coordinates":[2.1091119,41.3900238]}},{"type":"Feature","properties":{"cat":"transporte"},"geometry":{"type":"Point","coordinates":[2.1972217,41.4020884]}},{"type":"Feature","properties":{"cat":"transporte"},"geometry":{"type":"Point","coordinates":[2.1831005,41.3877869]}},{"type":"Feature","properties":{"cat":"transporte"},"geometry":{"type":"Point","coordinates":[2.1854431,41.384889]}},{"type":"Feature","properties":{"cat":"transporte"},"geometry":{"type":"Point","coordinates":[2.1673134,41.3755987]}},{"type":"Feature","properties":{"cat":"transporte"},"geometry":{"type":"Point","coordinates":[2.2059193,41.4111462]}},{"type":"Feature","properties":{"cat":"transporte"},"geometry":{"type":"Point","coordinates":[2.2024023,41.4079638]}},{"type":"Feature","properties":{"cat":"transporte"},"geometry":{"type":"Point","coordinates":[2.1998309,41.4052866]}},{"type":"Feature","properties":{"cat":"transporte"},"geometry":{"type":"Point","coordinates":[2.215862,41.4179885]}},{"type":"Feature","properties":{"cat":"transporte"},"geometry":{"type":"Point","coordinates":[2.2124366,41.4156318]}},{"type":"Feature","properties":{"cat":"transporte"},"geometry":{"type":"Point","coordinates":[2.2155765,41.4180269]}},{"type":"Feature","properties":{"cat":"transporte"},"geometry":{"type":"Point","coordinates":[2.2221751,41.4226502]}},{"type":"Feature","properties":{"cat":"transporte"},"geometry":{"type":"Point","coordinates":[2.2013313,41.4090279]}},{"type":"Feature","properties":{"cat":"transporte"},"geometry":{"type":"Point","coordinates":[2.2039389,41.4112557]}},{"type":"Feature","properties":{"cat":"transporte"},"geometry":{"type":"Point","coordinates":[2.1873156,41.3985122]}},{"type":"Feature","properties":{"cat":"transporte"},"geometry":{"type":"Point","coordinates":[2.1911692,41.4013681]}},{"type":"Feature","properties":{"cat":"transporte"},"geometry":{"type":"Point","coordinates":[2.183463,41.3871759]}},{"type":"Feature","properties":{"cat":"transporte"},"geometry":{"type":"Point","coordinates":[2.1867646,41.3941296]}},{"type":"Feature","properties":{"cat":"transporte"},"geometry":{"type":"Point","coordinates":[2.1839008,41.3834812]}},{"type":"Feature","properties":{"cat":"transporte"},"geometry":{"type":"Point","coordinates":[2.1200647,41.3955701]}},{"type":"Feature","properties":{"cat":"transporte"},"geometry":{"type":"Point","coordinates":[2.1427235,41.3455191]}},{"type":"Feature","properties":{"cat":"transporte"},"geometry":{"type":"Point","coordinates":[2.1287195,41.379803]}},{"type":"Feature","properties":{"cat":"transporte"},"geometry":{"type":"Point","coordinates":[2.1272403,41.3842989]}},{"type":"Feature","properties":{"cat":"transporte"},"geometry":{"type":"Point","coordinates":[2.126608,41.3889682]}},{"type":"Feature","properties":{"cat":"transporte"},"geometry":{"type":"Point","coordinates":[2.1190559,41.3980611]}},{"type":"Feature","properties":{"cat":"transporte"},"geometry":{"type":"Point","coordinates":[2.1399188,41.3664503]}},{"type":"Feature","properties":{"cat":"transporte"},"geometry":{"type":"Point","coordinates":[2.1394647,41.3640404]}},{"type":"Feature","properties":{"cat":"transporte"},"geometry":{"type":"Point","coordinates":[2.1439912,41.3583529]}},{"type":"Feature","properties":{"cat":"transporte"},"geometry":{"type":"Point","coordinates":[2.1454373,41.3549385]}},{"type":"Feature","properties":{"cat":"transporte"},"geometry":{"type":"Point","coordinates":[2.1299102,41.3836917]}},{"type":"Feature","properties":{"cat":"transporte"},"geometry":{"type":"Point","coordinates":[2.1342944,41.3846361]}},{"type":"Feature","properties":{"cat":"transporte"},"geometry":{"type":"Point","coordinates":[2.1362373,41.382265]}},{"type":"Feature","properties":{"cat":"transporte"},"geometry":{"type":"Point","coordinates":[2.1361485,41.375689]}},{"type":"Feature","properties":{"cat":"transporte"},"geometry":{"type":"Point","coordinates":[2.1364052,41.3741793]}},{"type":"Feature","properties":{"cat":"transporte"},"geometry":{"type":"Point","coordinates":[2.137067,41.3718768]}},{"type":"Feature","properties":{"cat":"transporte"},"geometry":{"type":"Point","coordinates":[2.1377597,41.3702039]}},{"type":"Feature","properties":{"cat":"transporte"},"geometry":{"type":"Point","coordinates":[2.1390133,41.368203]}},{"type":"Feature","properties":{"cat":"transporte"},"geometry":{"type":"Point","coordinates":[2.1338765,41.3773216]}},{"type":"Feature","properties":{"cat":"transporte"},"geometry":{"type":"Point","coordinates":[2.132532,41.3803594]}},{"type":"Feature","properties":{"cat":"transporte"},"geometry":{"type":"Point","coordinates":[2.1310075,41.3837463]}},{"type":"Feature","properties":{"cat":"transporte"},"geometry":{"type":"Point","coordinates":[2.1287049,41.3827026]}},{"type":"Feature","properties":{"cat":"transporte"},"geometry":{"type":"Point","coordinates":[2.1189886,41.3899365]}},{"type":"Feature","properties":{"cat":"transporte"},"geometry":{"type":"Point","coordinates":[2.1151466,41.3929515]}},{"type":"Feature","properties":{"cat":"transporte"},"geometry":{"type":"Point","coordinates":[2.1143843,41.3957722]}},{"type":"Feature","properties":{"cat":"transporte"},"geometry":{"type":"Point","coordinates":[2.1152598,41.3930397]}},{"type":"Feature","properties":{"cat":"transporte"},"geometry":{"type":"Point","coordinates":[2.1433548,41.3583154]}},{"type":"Feature","properties":{"cat":"transporte"},"geometry":{"type":"Point","coordinates":[2.1403129,41.3606316]}},{"type":"Feature","properties":{"cat":"transporte"},"geometry":{"type":"Point","coordinates":[2.1391825,41.364016]}},{"type":"Feature","properties":{"cat":"transporte"},"geometry":{"type":"Point","coordinates":[2.1382765,41.3658033]}},{"type":"Feature","properties":{"cat":"transporte"},"geometry":{"type":"Point","coordinates":[2.1422996,41.3709715]}},{"type":"Feature","properties":{"cat":"transporte"},"geometry":{"type":"Point","coordinates":[2.1425074,41.3743757]}},{"type":"Feature","properties":{"cat":"transporte"},"geometry":{"type":"Point","coordinates":[2.1796761,41.372414]}},{"type":"Feature","properties":{"cat":"transporte"},"geometry":{"type":"Point","coordinates":[2.1579948,41.3826676]}},{"type":"Feature","properties":{"cat":"transporte"},"geometry":{"type":"Point","coordinates":[2.1603869,41.3808712]}},{"type":"Feature","properties":{"cat":"transporte"},"geometry":{"type":"Point","coordinates":[2.163679,41.3783625]}},{"type":"Feature","properties":{"cat":"transporte"},"geometry":{"type":"Point","coordinates":[2.1338364,41.3978558]}},{"type":"Feature","properties":{"cat":"transporte"},"geometry":{"type":"Point","coordinates":[2.1366285,41.3978715]}},{"type":"Feature","properties":{"cat":"transporte"},"geometry":{"type":"Point","coordinates":[2.161613,41.3815019]}},{"type":"Feature","properties":{"cat":"transporte"},"geometry":{"type":"Point","coordinates":[2.1440394,41.3909614]}},{"type":"Feature","properties":{"cat":"transporte"},"geometry":{"type":"Point","coordinates":[2.1523273,41.3978145]}},{"type":"Feature","properties":{"cat":"transporte"},"geometry":{"type":"Point","coordinates":[2.1484742,41.3953639]}},{"type":"Feature","properties":{"cat":"transporte"},"geometry":{"type":"Point","coordinates":[2.1501191,41.4057354]}},{"type":"Feature","properties":{"cat":"transporte"},"geometry":{"type":"Point","coordinates":[2.1512072,41.4015755]}},{"type":"Feature","properties":{"cat":"transporte"},"geometry":{"type":"Point","coordinates":[2.1773267,41.4221732]}},{"type":"Feature","properties":{"cat":"transporte"},"geometry":{"type":"Point","coordinates":[2.147302,41.360746]}},{"type":"Feature","properties":{"cat":"transporte"},"geometry":{"type":"Point","coordinates":[2.1728214,41.4418625]}},{"type":"Feature","properties":{"cat":"transporte"},"geometry":{"type":"Point","coordinates":[2.1719975,41.443095]}},{"type":"Feature","properties":{"cat":"transporte"},"geometry":{"type":"Point","coordinates":[2.1697811,41.4439336]}},{"type":"Feature","properties":{"cat":"transporte"},"geometry":{"type":"Point","coordinates":[2.1516979,41.3665535]}},{"type":"Feature","properties":{"cat":"transporte"},"geometry":{"type":"Point","coordinates":[2.1622836,41.3689901]}},{"type":"Feature","properties":{"cat":"transporte"},"geometry":{"type":"Point","coordinates":[2.1574827,41.3665201]}},{"type":"Feature","properties":{"cat":"transporte"},"geometry":{"type":"Point","coordinates":[2.1688549,41.3679257]}},{"type":"Feature","properties":{"cat":"transporte"},"geometry":{"type":"Point","coordinates":[2.1579575,41.3665216]}},{"type":"Feature","properties":{"cat":"transporte"},"geometry":{"type":"Point","coordinates":[2.1553217,41.366163]}},{"type":"Feature","properties":{"cat":"transporte"},"geometry":{"type":"Point","coordinates":[2.1624852,41.3671724]}},{"type":"Feature","properties":{"cat":"transporte"},"geometry":{"type":"Point","coordinates":[2.1605526,41.3658339]}},{"type":"Feature","properties":{"cat":"transporte"},"geometry":{"type":"Point","coordinates":[2.1752744,41.4427648]}},{"type":"Feature","properties":{"cat":"transporte"},"geometry":{"type":"Point","coordinates":[2.1722565,41.4434504]}},{"type":"Feature","properties":{"cat":"transporte"},"geometry":{"type":"Point","coordinates":[2.1742798,41.4291686]}},{"type":"Feature","properties":{"cat":"transporte"},"geometry":{"type":"Point","coordinates":[2.1730539,41.4334215]}},{"type":"Feature","properties":{"cat":"transporte"},"geometry":{"type":"Point","coordinates":[2.1424792,41.386405]}},{"type":"Feature","properties":{"cat":"transporte"},"geometry":{"type":"Point","coordinates":[2.1431356,41.3895035]}},{"type":"Feature","properties":{"cat":"transporte"},"geometry":{"type":"Point","coordinates":[2.1437535,41.3916245]}},{"type":"Feature","properties":{"cat":"transporte"},"geometry":{"type":"Point","coordinates":[2.1454351,41.3934384]}},{"type":"Feature","properties":{"cat":"transporte"},"geometry":{"type":"Point","coordinates":[2.1487481,41.3956521]}},{"type":"Feature","properties":{"cat":"transporte"},"geometry":{"type":"Point","coordinates":[2.1489844,41.4027946]}},{"type":"Feature","properties":{"cat":"transporte"},"geometry":{"type":"Point","coordinates":[2.1495006,41.4067414]}},{"type":"Feature","properties":{"cat":"transporte"},"geometry":{"type":"Point","coordinates":[2.1530419,41.4089129]}},{"type":"Feature","properties":{"cat":"transporte"},"geometry":{"type":"Point","coordinates":[2.1607805,41.4139553]}},{"type":"Feature","properties":{"cat":"transporte"},"geometry":{"type":"Point","coordinates":[2.1017233,41.4089503]}},{"type":"Feature","properties":{"cat":"transporte"},"geometry":{"type":"Point","coordinates":[2.1415615,41.3534386]}},{"type":"Feature","properties":{"cat":"transporte"},"geometry":{"type":"Point","coordinates":[2.1208792,41.3865811]}},{"type":"Feature","properties":{"cat":"transporte"},"geometry":{"type":"Point","coordinates":[2.1257736,41.3878192]}},{"type":"Feature","properties":{"cat":"transporte"},"geometry":{"type":"Point","coordinates":[2.1311458,41.3930201]}},{"type":"Feature","properties":{"cat":"transporte"},"geometry":{"type":"Point","coordinates":[2.2203249,41.4311421]}},{"type":"Feature","properties":{"cat":"transporte"},"geometry":{"type":"Point","coordinates":[2.2209875,41.42416]}},{"type":"Feature","properties":{"cat":"transporte"},"geometry":{"type":"Point","coordinates":[2.220941,41.424365]}},{"type":"Feature","properties":{"cat":"transporte"},"geometry":{"type":"Point","coordinates":[2.2203324,41.4159298]}},{"type":"Feature","properties":{"cat":"transporte"},"geometry":{"type":"Point","coordinates":[2.2221587,41.4179788]}},{"type":"Feature","properties":{"cat":"transporte"},"geometry":{"type":"Point","coordinates":[2.2249181,41.4246497]}},{"type":"Feature","properties":{"cat":"transporte"},"geometry":{"type":"Point","coordinates":[2.225035,41.4247576]}},{"type":"Feature","properties":{"cat":"transporte"},"geometry":{"type":"Point","coordinates":[2.2263635,41.4267426]}},{"type":"Feature","properties":{"cat":"transporte"},"geometry":{"type":"Point","coordinates":[2.2155366,41.4321888]}},{"type":"Feature","properties":{"cat":"transporte"},"geometry":{"type":"Point","coordinates":[2.2295475,41.4254728]}},{"type":"Feature","properties":{"cat":"transporte"},"geometry":{"type":"Point","coordinates":[2.2294201,41.4252205]}},{"type":"Feature","properties":{"cat":"transporte"},"geometry":{"type":"Point","coordinates":[2.2194107,41.4158122]}},{"type":"Feature","properties":{"cat":"transporte"},"geometry":{"type":"Point","coordinates":[2.2222095,41.4260756]}},{"type":"Feature","properties":{"cat":"transporte"},"geometry":{"type":"Point","coordinates":[2.2283001,41.4260962]}},{"type":"Feature","properties":{"cat":"transporte"},"geometry":{"type":"Point","coordinates":[2.2252042,41.4262908]}},{"type":"Feature","properties":{"cat":"transporte"},"geometry":{"type":"Point","coordinates":[2.2217101,41.4226268]}},{"type":"Feature","properties":{"cat":"transporte"},"geometry":{"type":"Point","coordinates":[2.2187568,41.4204306]}},{"type":"Feature","properties":{"cat":"transporte"},"geometry":{"type":"Point","coordinates":[2.2179367,41.4174727]}},{"type":"Feature","properties":{"cat":"transporte"},"geometry":{"type":"Point","coordinates":[2.2184208,41.4299214]}},{"type":"Feature","properties":{"cat":"transporte"},"geometry":{"type":"Point","coordinates":[2.2230683,41.4188029]}},{"type":"Feature","properties":{"cat":"transporte"},"geometry":{"type":"Point","coordinates":[2.2200843,41.4154148]}},{"type":"Feature","properties":{"cat":"transporte"},"geometry":{"type":"Point","coordinates":[2.2078857,41.4313268]}},{"type":"Feature","properties":{"cat":"transporte"},"geometry":{"type":"Point","coordinates":[2.2103188,41.4301189]}},{"type":"Feature","properties":{"cat":"transporte"},"geometry":{"type":"Point","coordinates":[2.2108629,41.4296285]}},{"type":"Feature","properties":{"cat":"transporte"},"geometry":{"type":"Point","coordinates":[2.2077449,41.4311486]}},{"type":"Feature","properties":{"cat":"transporte"},"geometry":{"type":"Point","coordinates":[2.1674926,41.4122095]}},{"type":"Feature","properties":{"cat":"transporte"},"geometry":{"type":"Point","coordinates":[2.1819818,41.4302622]}},{"type":"Feature","properties":{"cat":"transporte"},"geometry":{"type":"Point","coordinates":[2.1767252,41.4303351]}},{"type":"Feature","properties":{"cat":"transporte"},"geometry":{"type":"Point","coordinates":[2.1794363,41.4286178]}},{"type":"Feature","properties":{"cat":"transporte"},"geometry":{"type":"Point","coordinates":[2.1762901,41.4184037]}},{"type":"Feature","properties":{"cat":"transporte"},"geometry":{"type":"Point","coordinates":[2.1738659,41.4158484]}},{"type":"Feature","properties":{"cat":"transporte"},"geometry":{"type":"Point","coordinates":[2.1703437,41.4134971]}},{"type":"Feature","properties":{"cat":"transporte"},"geometry":{"type":"Point","coordinates":[2.1761384,41.4184736]}},{"type":"Feature","properties":{"cat":"transporte"},"geometry":{"type":"Point","coordinates":[2.1741882,41.4165729]}},{"type":"Feature","properties":{"cat":"transporte"},"geometry":{"type":"Point","coordinates":[2.1709831,41.4142073]}},{"type":"Feature","properties":{"cat":"transporte"},"geometry":{"type":"Point","coordinates":[2.2011494,41.4471275]}},{"type":"Feature","properties":{"cat":"transporte"},"geometry":{"type":"Point","coordinates":[2.2048315,41.4355294]}},{"type":"Feature","properties":{"cat":"transporte"},"geometry":{"type":"Point","coordinates":[2.2009709,41.4476432]}},{"type":"Feature","properties":{"cat":"transporte"},"geometry":{"type":"Point","coordinates":[2.110908,41.3846719]}},{"type":"Feature","properties":{"cat":"transporte"},"geometry":{"type":"Point","coordinates":[2.132653,41.385272]}},{"type":"Feature","properties":{"cat":"transporte"},"geometry":{"type":"Point","coordinates":[2.1358521,41.3861501]}},{"type":"Feature","properties":{"cat":"transporte"},"geometry":{"type":"Point","coordinates":[2.1692725,41.4056158]}},{"type":"Feature","properties":{"cat":"transporte"},"geometry":{"type":"Point","coordinates":[2.1606802,41.3967473]}},{"type":"Feature","properties":{"cat":"transporte"},"geometry":{"type":"Point","coordinates":[2.1717768,41.4074672]}},{"type":"Feature","properties":{"cat":"transporte"},"geometry":{"type":"Point","coordinates":[2.1817832,41.4151826]}},{"type":"Feature","properties":{"cat":"transporte"},"geometry":{"type":"Point","coordinates":[2.1849632,41.4166524]}},{"type":"Feature","properties":{"cat":"transporte"},"geometry":{"type":"Point","coordinates":[2.1946104,41.4357511]}},{"type":"Feature","properties":{"cat":"transporte"},"geometry":{"type":"Point","coordinates":[2.194609,41.4281497]}},{"type":"Feature","properties":{"cat":"transporte"},"geometry":{"type":"Point","coordinates":[2.1891706,41.4226563]}},{"type":"Feature","properties":{"cat":"transporte"},"geometry":{"type":"Point","coordinates":[2.1953298,41.4317578]}},{"type":"Feature","properties":{"cat":"transporte"},"geometry":{"type":"Point","coordinates":[2.1935418,41.4341015]}},{"type":"Feature","properties":{"cat":"transporte"},"geometry":{"type":"Point","coordinates":[2.1931057,41.4301614]}},{"type":"Feature","properties":{"cat":"transporte"},"geometry":{"type":"Point","coordinates":[2.1963382,41.435584]}},{"type":"Feature","properties":{"cat":"transporte"},"geometry":{"type":"Point","coordinates":[2.1692912,41.3875812]}},{"type":"Feature","properties":{"cat":"transporte"},"geometry":{"type":"Point","coordinates":[2.1709596,41.3950237]}},{"type":"Feature","properties":{"cat":"transporte"},"geometry":{"type":"Point","coordinates":[2.1643048,41.3856938]}},{"type":"Feature","properties":{"cat":"transporte"},"geometry":{"type":"Point","coordinates":[2.1632696,41.3797864]}},{"type":"Feature","properties":{"cat":"transporte"},"geometry":{"type":"Point","coordinates":[2.1809092,41.3921143]}},{"type":"Feature","properties":{"cat":"transporte"},"geometry":{"type":"Point","coordinates":[2.1684275,41.4000911]}},{"type":"Feature","properties":{"cat":"transporte"},"geometry":{"type":"Point","coordinates":[2.1599634,41.3959557]}},{"type":"Feature","properties":{"cat":"transporte"},"geometry":{"type":"Point","coordinates":[2.157979,41.3928741]}},{"type":"Feature","properties":{"cat":"transporte"},"geometry":{"type":"Point","coordinates":[2.1863157,41.4201688]}},{"type":"Feature","properties":{"cat":"transporte"},"geometry":{"type":"Point","coordinates":[2.1645033,41.4004988]}},{"type":"Feature","properties":{"cat":"transporte"},"geometry":{"type":"Point","coordinates":[2.1459073,41.3931699]}},{"type":"Feature","properties":{"cat":"transporte"},"geometry":{"type":"Point","coordinates":[2.1504216,41.3943154]}},{"type":"Feature","properties":{"cat":"transporte"},"geometry":{"type":"Point","coordinates":[2.1549863,41.395483]}},{"type":"Feature","properties":{"cat":"transporte"},"geometry":{"type":"Point","coordinates":[2.1623454,41.3988771]}},{"type":"Feature","properties":{"cat":"transporte"},"geometry":{"type":"Point","coordinates":[2.1233788,41.3793517]}},{"type":"Feature","properties":{"cat":"transporte"},"geometry":{"type":"Point","coordinates":[2.1327207,41.3855121]}},{"type":"Feature","properties":{"cat":"transporte"},"geometry":{"type":"Point","coordinates":[2.1406322,41.3901116]}},{"type":"Feature","properties":{"cat":"transporte"},"geometry":{"type":"Point","coordinates":[2.1515278,41.4100856]}},{"type":"Feature","properties":{"cat":"transporte"},"geometry":{"type":"Point","coordinates":[2.1515561,41.4092886]}},{"type":"Feature","properties":{"cat":"transporte"},"geometry":{"type":"Point","coordinates":[2.1515107,41.4114634]}},{"type":"Feature","properties":{"cat":"transporte"},"geometry":{"type":"Point","coordinates":[2.1514882,41.4106366]}},{"type":"Feature","properties":{"cat":"transporte"},"geometry":{"type":"Point","coordinates":[2.1503405,41.4120978]}},{"type":"Feature","properties":{"cat":"transporte"},"geometry":{"type":"Point","coordinates":[2.1508138,41.4090037]}},{"type":"Feature","properties":{"cat":"transporte"},"geometry":{"type":"Point","coordinates":[2.1497904,41.4122338]}},{"type":"Feature","properties":{"cat":"transporte"},"geometry":{"type":"Point","coordinates":[2.1517913,41.4111999]}},{"type":"Feature","properties":{"cat":"transporte"},"geometry":{"type":"Point","coordinates":[2.1505873,41.4105197]}},{"type":"Feature","properties":{"cat":"transporte"},"geometry":{"type":"Point","coordinates":[2.1492861,41.4129238]}},{"type":"Feature","properties":{"cat":"transporte"},"geometry":{"type":"Point","coordinates":[2.1370004,41.4101048]}},{"type":"Feature","properties":{"cat":"transporte"},"geometry":{"type":"Point","coordinates":[2.1899083,41.3937621]}},{"type":"Feature","properties":{"cat":"transporte"},"geometry":{"type":"Point","coordinates":[2.1931831,41.3960883]}},{"type":"Feature","properties":{"cat":"transporte"},"geometry":{"type":"Point","coordinates":[2.1967875,41.3987933]}},{"type":"Feature","properties":{"cat":"transporte"},"geometry":{"type":"Point","coordinates":[2.2185109,41.413236]}},{"type":"Feature","properties":{"cat":"transporte"},"geometry":{"type":"Point","coordinates":[2.210061,41.4069178]}},{"type":"Feature","properties":{"cat":"transporte"},"geometry":{"type":"Point","coordinates":[2.2067292,41.4043819]}},{"type":"Feature","properties":{"cat":"transporte"},"geometry":{"type":"Point","coordinates":[2.2034353,41.4018876]}},{"type":"Feature","properties":{"cat":"transporte"},"geometry":{"type":"Point","coordinates":[2.2010614,41.4001174]}},{"type":"Feature","properties":{"cat":"transporte"},"geometry":{"type":"Point","coordinates":[2.1989132,41.3984642]}},{"type":"Feature","properties":{"cat":"transporte"},"geometry":{"type":"Point","coordinates":[2.195463,41.3959633]}},{"type":"Feature","properties":{"cat":"transporte"},"geometry":{"type":"Point","coordinates":[2.1910859,41.3928082]}},{"type":"Feature","properties":{"cat":"transporte"},"geometry":{"type":"Point","coordinates":[2.1749356,41.3924427]}},{"type":"Feature","properties":{"cat":"transporte"},"geometry":{"type":"Point","coordinates":[2.1728831,41.390188]}},{"type":"Feature","properties":{"cat":"transporte"},"geometry":{"type":"Point","coordinates":[2.1883946,41.3776253]}},{"type":"Feature","properties":{"cat":"transporte"},"geometry":{"type":"Point","coordinates":[2.1481885,41.426891]}},{"type":"Feature","properties":{"cat":"transporte"},"geometry":{"type":"Point","coordinates":[2.1875567,41.3705507]}},{"type":"Feature","properties":{"cat":"transporte"},"geometry":{"type":"Point","coordinates":[2.1881874,41.3776213]}},{"type":"Feature","properties":{"cat":"transporte"},"geometry":{"type":"Point","coordinates":[2.1826814,41.3809182]}},{"type":"Feature","properties":{"cat":"transporte"},"geometry":{"type":"Point","coordinates":[2.1499868,41.4028963]}},{"type":"Feature","properties":{"cat":"transporte"},"geometry":{"type":"Point","coordinates":[2.1470649,41.408647]}},{"type":"Feature","properties":{"cat":"transporte"},"geometry":{"type":"Point","coordinates":[2.1618365,41.4208152]}},{"type":"Feature","properties":{"cat":"transporte"},"geometry":{"type":"Point","coordinates":[2.1549632,41.400304]}},{"type":"Feature","properties":{"cat":"transporte"},"geometry":{"type":"Point","coordinates":[2.1574084,41.3982556]}},{"type":"Feature","properties":{"cat":"transporte"},"geometry":{"type":"Point","coordinates":[2.1600875,41.3971703]}},{"type":"Feature","properties":{"cat":"transporte"},"geometry":{"type":"Point","coordinates":[2.1679363,41.3939218]}},{"type":"Feature","properties":{"cat":"transporte"},"geometry":{"type":"Point","coordinates":[2.170626,41.3918905]}},{"type":"Feature","properties":{"cat":"transporte"},"geometry":{"type":"Point","coordinates":[2.1826168,41.3811267]}},{"type":"Feature","properties":{"cat":"transporte"},"geometry":{"type":"Point","coordinates":[2.1835518,41.3771767]}},{"type":"Feature","properties":{"cat":"transporte"},"geometry":{"type":"Point","coordinates":[2.1823813,41.3757235]}},{"type":"Feature","properties":{"cat":"transporte"},"geometry":{"type":"Point","coordinates":[2.1413015,41.4292915]}},{"type":"Feature","properties":{"cat":"transporte"},"geometry":{"type":"Point","coordinates":[2.1444408,41.4301028]}},{"type":"Feature","properties":{"cat":"transporte"},"geometry":{"type":"Point","coordinates":[2.1474796,41.4325646]}},{"type":"Feature","properties":{"cat":"transporte"},"geometry":{"type":"Point","coordinates":[2.1494993,41.43153]}},{"type":"Feature","properties":{"cat":"transporte"},"geometry":{"type":"Point","coordinates":[2.151566,41.4327835]}},{"type":"Feature","properties":{"cat":"transporte"},"geometry":{"type":"Point","coordinates":[2.153159,41.4331107]}},{"type":"Feature","properties":{"cat":"transporte"},"geometry":{"type":"Point","coordinates":[2.1552113,41.4307803]}},{"type":"Feature","properties":{"cat":"transporte"},"geometry":{"type":"Point","coordinates":[2.157939,41.4278373]}},{"type":"Feature","properties":{"cat":"transporte"},"geometry":{"type":"Point","coordinates":[2.1583305,41.4259528]}},{"type":"Feature","properties":{"cat":"transporte"},"geometry":{"type":"Point","coordinates":[2.1676069,41.4128757]}},{"type":"Feature","properties":{"cat":"transporte"},"geometry":{"type":"Point","coordinates":[2.1698877,41.4113287]}},{"type":"Feature","properties":{"cat":"transporte"},"geometry":{"type":"Point","coordinates":[2.1710522,41.4104157]}},{"type":"Feature","properties":{"cat":"transporte"},"geometry":{"type":"Point","coordinates":[2.1727425,41.4091318]}},{"type":"Feature","properties":{"cat":"transporte"},"geometry":{"type":"Point","coordinates":[2.1936457,41.3884439]}},{"type":"Feature","properties":{"cat":"transporte"},"geometry":{"type":"Point","coordinates":[2.1575414,41.4257629]}},{"type":"Feature","properties":{"cat":"transporte"},"geometry":{"type":"Point","coordinates":[2.1572282,41.4272638]}},{"type":"Feature","properties":{"cat":"transporte"},"geometry":{"type":"Point","coordinates":[2.1550208,41.430639]}},{"type":"Feature","properties":{"cat":"transporte"},"geometry":{"type":"Point","coordinates":[2.1518134,41.4327498]}},{"type":"Feature","properties":{"cat":"transporte"},"geometry":{"type":"Point","coordinates":[2.1492671,41.4314481]}},{"type":"Feature","properties":{"cat":"transporte"},"geometry":{"type":"Point","coordinates":[2.1881876,41.4176694]}},{"type":"Feature","properties":{"cat":"transporte"},"geometry":{"type":"Point","coordinates":[2.1797727,41.4257333]}},{"type":"Feature","properties":{"cat":"transporte"},"geometry":{"type":"Point","coordinates":[2.1777613,41.4272695]}},{"type":"Feature","properties":{"cat":"transporte"},"geometry":{"type":"Point","coordinates":[2.1680439,41.4303902]}},{"type":"Feature","properties":{"cat":"transporte"},"geometry":{"type":"Point","coordinates":[2.1632386,41.433643]}},{"type":"Feature","properties":{"cat":"transporte"},"geometry":{"type":"Point","coordinates":[2.1646002,41.4369619]}},{"type":"Feature","properties":{"cat":"transporte"},"geometry":{"type":"Point","coordinates":[2.1680626,41.4304812]}},{"type":"Feature","properties":{"cat":"transporte"},"geometry":{"type":"Point","coordinates":[2.1727928,41.4303896]}},{"type":"Feature","properties":{"cat":"transporte"},"geometry":{"type":"Point","coordinates":[2.1780888,41.4272322]}},{"type":"Feature","properties":{"cat":"transporte"},"geometry":{"type":"Point","coordinates":[2.1798139,41.4259293]}},{"type":"Feature","properties":{"cat":"transporte"},"geometry":{"type":"Point","coordinates":[2.186132,41.4210594]}},{"type":"Feature","properties":{"cat":"transporte"},"geometry":{"type":"Point","coordinates":[2.1895812,41.4184166]}},{"type":"Feature","properties":{"cat":"transporte"},"geometry":{"type":"Point","coordinates":[2.2012745,41.4096752]}},{"type":"Feature","properties":{"cat":"transporte"},"geometry":{"type":"Point","coordinates":[2.2067369,41.4055768]}},{"type":"Feature","properties":{"cat":"transporte"},"geometry":{"type":"Point","coordinates":[2.2084814,41.4023639]}},{"type":"Feature","properties":{"cat":"transporte"},"geometry":{"type":"Point","coordinates":[2.205749,41.4043909]}},{"type":"Feature","properties":{"cat":"transporte"},"geometry":{"type":"Point","coordinates":[2.2028341,41.4066016]}},{"type":"Feature","properties":{"cat":"transporte"},"geometry":{"type":"Point","coordinates":[2.2001917,41.4086322]}},{"type":"Feature","properties":{"cat":"transporte"},"geometry":{"type":"Point","coordinates":[2.2178987,41.4073934]}},{"type":"Feature","properties":{"cat":"transporte"},"geometry":{"type":"Point","coordinates":[2.216333,41.4039685]}},{"type":"Feature","properties":{"cat":"transporte"},"geometry":{"type":"Point","coordinates":[2.2134473,41.4054218]}},{"type":"Feature","properties":{"cat":"transporte"},"geometry":{"type":"Point","coordinates":[2.2018519,41.4141927]}},{"type":"Feature","properties":{"cat":"transporte"},"geometry":{"type":"Point","coordinates":[2.1985946,41.4168548]}},{"type":"Feature","properties":{"cat":"transporte"},"geometry":{"type":"Point","coordinates":[2.2009805,41.419889]}},{"type":"Feature","properties":{"cat":"transporte"},"geometry":{"type":"Point","coordinates":[2.1986376,41.4215867]}},{"type":"Feature","properties":{"cat":"transporte"},"geometry":{"type":"Point","coordinates":[2.1964738,41.4220798]}},{"type":"Feature","properties":{"cat":"transporte"},"geometry":{"type":"Point","coordinates":[2.1975123,41.4220816]}},{"type":"Feature","properties":{"cat":"transporte"},"geometry":{"type":"Point","coordinates":[2.2012574,41.4199023]}},{"type":"Feature","properties":{"cat":"transporte"},"geometry":{"type":"Point","coordinates":[2.2034436,41.4182861]}},{"type":"Feature","properties":{"cat":"transporte"},"geometry":{"type":"Point","coordinates":[2.2060076,41.4163312]}},{"type":"Feature","properties":{"cat":"transporte"},"geometry":{"type":"Point","coordinates":[2.2093901,41.4137898]}},{"type":"Feature","properties":{"cat":"transporte"},"geometry":{"type":"Point","coordinates":[2.215097,41.4094485]}},{"type":"Feature","properties":{"cat":"transporte"},"geometry":{"type":"Point","coordinates":[2.1892183,41.4447025]}},{"type":"Feature","properties":{"cat":"transporte"},"geometry":{"type":"Point","coordinates":[2.1896181,41.4484118]}},{"type":"Feature","properties":{"cat":"transporte"},"geometry":{"type":"Point","coordinates":[2.1906717,41.4487277]}},{"type":"Feature","properties":{"cat":"transporte"},"geometry":{"type":"Point","coordinates":[2.1923948,41.4498945]}},{"type":"Feature","properties":{"cat":"transporte"},"geometry":{"type":"Point","coordinates":[2.1906897,41.4458602]}},{"type":"Feature","properties":{"cat":"transporte"},"geometry":{"type":"Point","coordinates":[2.1990634,41.4285843]}},{"type":"Feature","properties":{"cat":"transporte"},"geometry":{"type":"Point","coordinates":[2.2014015,41.4251609]}},{"type":"Feature","properties":{"cat":"transporte"},"geometry":{"type":"Point","coordinates":[2.2101785,41.4184709]}},{"type":"Feature","properties":{"cat":"transporte"},"geometry":{"type":"Point","coordinates":[2.2127328,41.4165842]}},{"type":"Feature","properties":{"cat":"transporte"},"geometry":{"type":"Point","coordinates":[2.1792419,41.4390358]}},{"type":"Feature","properties":{"cat":"transporte"},"geometry":{"type":"Point","coordinates":[2.1826288,41.43945]}},{"type":"Feature","properties":{"cat":"transporte"},"geometry":{"type":"Point","coordinates":[2.188244,41.4424851]}},{"type":"Feature","properties":{"cat":"transporte"},"geometry":{"type":"Point","coordinates":[2.189803,41.4450743]}},{"type":"Feature","properties":{"cat":"transporte"},"geometry":{"type":"Point","coordinates":[2.1793833,41.4389081]}},{"type":"Feature","properties":{"cat":"transporte"},"geometry":{"type":"Point","coordinates":[2.2125411,41.4161072]}},{"type":"Feature","properties":{"cat":"transporte"},"geometry":{"type":"Point","coordinates":[2.2106958,41.4174925]}},{"type":"Feature","properties":{"cat":"transporte"},"geometry":{"type":"Point","coordinates":[2.2072133,41.4200692]}},{"type":"Feature","properties":{"cat":"transporte"},"geometry":{"type":"Point","coordinates":[2.2005886,41.4284966]}},{"type":"Feature","properties":{"cat":"transporte"},"geometry":{"type":"Point","coordinates":[2.2001105,41.4249711]}},{"type":"Feature","properties":{"cat":"transporte"},"geometry":{"type":"Point","coordinates":[2.1896235,41.4480916]}},{"type":"Feature","properties":{"cat":"transporte"},"geometry":{"type":"Point","coordinates":[2.1816904,41.4391213]}},{"type":"Feature","properties":{"cat":"transporte"},"geometry":{"type":"Point","coordinates":[2.1805371,41.4369629]}},{"type":"Feature","properties":{"cat":"transporte"},"geometry":{"type":"Point","coordinates":[2.1796964,41.4344124]}},{"type":"Feature","properties":{"cat":"transporte"},"geometry":{"type":"Point","coordinates":[2.1776746,41.4320385]}},{"type":"Feature","properties":{"cat":"transporte"},"geometry":{"type":"Point","coordinates":[2.1776303,41.4303452]}},{"type":"Feature","properties":{"cat":"transporte"},"geometry":{"type":"Point","coordinates":[2.185454,41.4302591]}},{"type":"Feature","properties":{"cat":"transporte"},"geometry":{"type":"Point","coordinates":[2.1892074,41.4301951]}},{"type":"Feature","properties":{"cat":"transporte"},"geometry":{"type":"Point","coordinates":[2.1931203,41.4428346]}},{"type":"Feature","properties":{"cat":"transporte"},"geometry":{"type":"Point","coordinates":[2.1885526,41.4419703]}},{"type":"Feature","properties":{"cat":"transporte"},"geometry":{"type":"Point","coordinates":[2.204307,41.4360577]}},{"type":"Feature","properties":{"cat":"transporte"},"geometry":{"type":"Point","coordinates":[2.2014995,41.4357714]}},{"type":"Feature","properties":{"cat":"transporte"},"geometry":{"type":"Point","coordinates":[2.1913707,41.4277163]}},{"type":"Feature","properties":{"cat":"transporte"},"geometry":{"type":"Point","coordinates":[2.1893424,41.4278805]}},{"type":"Feature","properties":{"cat":"transporte"},"geometry":{"type":"Point","coordinates":[2.1852093,41.4285851]}},{"type":"Feature","properties":{"cat":"transporte"},"geometry":{"type":"Point","coordinates":[2.1807168,41.4290865]}},{"type":"Feature","properties":{"cat":"transporte"},"geometry":{"type":"Point","coordinates":[2.1808743,41.4325127]}},{"type":"Feature","properties":{"cat":"transporte"},"geometry":{"type":"Point","coordinates":[2.1814569,41.4342205]}},{"type":"Feature","properties":{"cat":"transporte"},"geometry":{"type":"Point","coordinates":[2.1822288,41.4365438]}},{"type":"Feature","properties":{"cat":"transporte"},"geometry":{"type":"Point","coordinates":[2.1763632,41.4484948]}},{"type":"Feature","properties":{"cat":"transporte"},"geometry":{"type":"Point","coordinates":[2.1905275,41.4479533]}},{"type":"Feature","properties":{"cat":"transporte"},"geometry":{"type":"Point","coordinates":[2.1583981,41.3772352]}},{"type":"Feature","properties":{"cat":"transporte"},"geometry":{"type":"Point","coordinates":[2.1602686,41.3764761]}},{"type":"Feature","properties":{"cat":"transporte"},"geometry":{"type":"Point","coordinates":[2.1435861,41.3643181]}},{"type":"Feature","properties":{"cat":"transporte"},"geometry":{"type":"Point","coordinates":[2.1441708,41.3661853]}},{"type":"Feature","properties":{"cat":"transporte"},"geometry":{"type":"Point","coordinates":[2.1495538,41.3741411]}},{"type":"Feature","properties":{"cat":"transporte"},"geometry":{"type":"Point","coordinates":[2.1406428,41.3625248]}},{"type":"Feature","properties":{"cat":"transporte"},"geometry":{"type":"Point","coordinates":[2.1405187,41.363815]}},{"type":"Feature","properties":{"cat":"transporte"},"geometry":{"type":"Point","coordinates":[2.1567426,41.3627737]}},{"type":"Feature","properties":{"cat":"transporte"},"geometry":{"type":"Point","coordinates":[2.1538853,41.3618174]}},{"type":"Feature","properties":{"cat":"transporte"},"geometry":{"type":"Point","coordinates":[2.1505574,41.3598921]}},{"type":"Feature","properties":{"cat":"transporte"},"geometry":{"type":"Point","coordinates":[2.14788,41.361016]}},{"type":"Feature","properties":{"cat":"transporte"},"geometry":{"type":"Point","coordinates":[2.1444953,41.3594493]}},{"type":"Feature","properties":{"cat":"transporte"},"geometry":{"type":"Point","coordinates":[2.1478618,41.3613542]}},{"type":"Feature","properties":{"cat":"transporte"},"geometry":{"type":"Point","coordinates":[2.1501707,41.3599287]}},{"type":"Feature","properties":{"cat":"transporte"},"geometry":{"type":"Point","coordinates":[2.1500974,41.3738398]}},{"type":"Feature","properties":{"cat":"transporte"},"geometry":{"type":"Point","coordinates":[2.1501704,41.3710916]}},{"type":"Feature","properties":{"cat":"transporte"},"geometry":{"type":"Point","coordinates":[2.1469967,41.3694408]}},{"type":"Feature","properties":{"cat":"transporte"},"geometry":{"type":"Point","coordinates":[2.1447209,41.3681493]}},{"type":"Feature","properties":{"cat":"transporte"},"geometry":{"type":"Point","coordinates":[2.1433886,41.3643318]}},{"type":"Feature","properties":{"cat":"transporte"},"geometry":{"type":"Point","coordinates":[2.1416889,41.3652888]}},{"type":"Feature","properties":{"cat":"transporte"},"geometry":{"type":"Point","coordinates":[2.140613,41.3638597]}},{"type":"Feature","properties":{"cat":"transporte"},"geometry":{"type":"Point","coordinates":[2.1603204,41.4265265]}},{"type":"Feature","properties":{"cat":"transporte"},"geometry":{"type":"Point","coordinates":[2.1633709,41.4278143]}},{"type":"Feature","properties":{"cat":"transporte"},"geometry":{"type":"Point","coordinates":[2.1429571,41.4220466]}},{"type":"Feature","properties":{"cat":"transporte"},"geometry":{"type":"Point","coordinates":[2.1486888,41.4238941]}},{"type":"Feature","properties":{"cat":"transporte"},"geometry":{"type":"Point","coordinates":[2.1520788,41.4251988]}},{"type":"Feature","properties":{"cat":"transporte"},"geometry":{"type":"Point","coordinates":[2.1538305,41.4256334]}},{"type":"Feature","properties":{"cat":"transporte"},"geometry":{"type":"Point","coordinates":[2.1566587,41.4246158]}},{"type":"Feature","properties":{"cat":"transporte"},"geometry":{"type":"Point","coordinates":[2.1488004,41.4231797]}},{"type":"Feature","properties":{"cat":"transporte"},"geometry":{"type":"Point","coordinates":[2.1465886,41.4216642]}},{"type":"Feature","properties":{"cat":"transporte"},"geometry":{"type":"Point","coordinates":[2.1436168,41.4207258]}},{"type":"Feature","properties":{"cat":"transporte"},"geometry":{"type":"Point","coordinates":[2.1417429,41.4214825]}},{"type":"Feature","properties":{"cat":"transporte"},"geometry":{"type":"Point","coordinates":[2.1385481,41.4266169]}},{"type":"Feature","properties":{"cat":"transporte"},"geometry":{"type":"Point","coordinates":[2.1369061,41.4270741]}},{"type":"Feature","properties":{"cat":"transporte"},"geometry":{"type":"Point","coordinates":[2.1372188,41.4281023]}},{"type":"Feature","properties":{"cat":"transporte"},"geometry":{"type":"Point","coordinates":[2.1381392,41.429422]}},{"type":"Feature","properties":{"cat":"transporte"},"geometry":{"type":"Point","coordinates":[2.1382547,41.4293449]}},{"type":"Feature","properties":{"cat":"transporte"},"geometry":{"type":"Point","coordinates":[2.1369942,41.4276075]}},{"type":"Feature","properties":{"cat":"transporte"},"geometry":{"type":"Point","coordinates":[2.1389465,41.4266285]}},{"type":"Feature","properties":{"cat":"transporte"},"geometry":{"type":"Point","coordinates":[2.1520565,41.4248094]}},{"type":"Feature","properties":{"cat":"transporte"},"geometry":{"type":"Point","coordinates":[2.1647226,41.4278015]}},{"type":"Feature","properties":{"cat":"transporte"},"geometry":{"type":"Point","coordinates":[2.1444253,41.3449528]}},{"type":"Feature","properties":{"cat":"transporte"},"geometry":{"type":"Point","coordinates":[2.1437908,41.3583611]}},{"type":"Feature","properties":{"cat":"transporte"},"geometry":{"type":"Point","coordinates":[2.1447867,41.3662584]}},{"type":"Feature","properties":{"cat":"transporte"},"geometry":{"type":"Point","coordinates":[2.1450692,41.3675959]}},{"type":"Feature","properties":{"cat":"transporte"},"geometry":{"type":"Point","coordinates":[2.1422739,41.3467288]}},{"type":"Feature","properties":{"cat":"transporte"},"geometry":{"type":"Point","coordinates":[2.1380954,41.3437199]}},{"type":"Feature","properties":{"cat":"transporte"},"geometry":{"type":"Point","coordinates":[2.13086,41.3427663]}},{"type":"Feature","properties":{"cat":"transporte"},"geometry":{"type":"Point","coordinates":[2.1276268,41.3414338]}},{"type":"Feature","properties":{"cat":"transporte"},"geometry":{"type":"Point","coordinates":[2.1248339,41.3404884]}},{"type":"Feature","properties":{"cat":"transporte"},"geometry":{"type":"Point","coordinates":[2.1311826,41.3430848]}},{"type":"Feature","properties":{"cat":"transporte"},"geometry":{"type":"Point","coordinates":[2.1380797,41.3439199]}},{"type":"Feature","properties":{"cat":"transporte"},"geometry":{"type":"Point","coordinates":[2.1599489,41.3960228]}},{"type":"Feature","properties":{"cat":"transporte"},"geometry":{"type":"Point","coordinates":[2.1348124,41.4131333]}},{"type":"Feature","properties":{"cat":"transporte"},"geometry":{"type":"Point","coordinates":[2.1709462,41.3884025]}},{"type":"Feature","properties":{"cat":"transporte"},"geometry":{"type":"Point","coordinates":[2.1072007,41.3446499]}},{"type":"Feature","properties":{"cat":"transporte"},"geometry":{"type":"Point","coordinates":[2.1493621,41.4216569]}},{"type":"Feature","properties":{"cat":"transporte"},"geometry":{"type":"Point","coordinates":[2.1995389,41.4499467]}},{"type":"Feature","properties":{"cat":"transporte"},"geometry":{"type":"Point","coordinates":[2.1486634,41.3468682]}},{"type":"Feature","properties":{"cat":"transporte"},"geometry":{"type":"Point","coordinates":[2.1753578,41.3730953]}},{"type":"Feature","properties":{"cat":"transporte"},"geometry":{"type":"Point","coordinates":[2.1675069,41.3754187]}},{"type":"Feature","properties":{"cat":"transporte"},"geometry":{"type":"Point","coordinates":[2.1557014,41.3517581]}},{"type":"Feature","properties":{"cat":"transporte"},"geometry":{"type":"Point","coordinates":[2.1487408,41.3469396]}},{"type":"Feature","properties":{"cat":"transporte"},"geometry":{"type":"Point","coordinates":[2.1423295,41.3467506]}},{"type":"Feature","properties":{"cat":"transporte"},"geometry":{"type":"Point","coordinates":[2.1743181,41.371464]}},{"type":"Feature","properties":{"cat":"transporte"},"geometry":{"type":"Point","coordinates":[2.156452,41.4164386]}},{"type":"Feature","properties":{"cat":"transporte"},"geometry":{"type":"Point","coordinates":[2.158478,41.415145]}},{"type":"Feature","properties":{"cat":"transporte"},"geometry":{"type":"Point","coordinates":[2.1586213,41.414869]}},{"type":"Feature","properties":{"cat":"transporte"},"geometry":{"type":"Point","coordinates":[2.1567869,41.4156401]}},{"type":"Feature","properties":{"cat":"transporte"},"geometry":{"type":"Point","coordinates":[2.1564546,41.4169739]}},{"type":"Feature","properties":{"cat":"transporte"},"geometry":{"type":"Point","coordinates":[2.1588151,41.4168472]}},{"type":"Feature","properties":{"cat":"transporte"},"geometry":{"type":"Point","coordinates":[2.157272,41.418324]}},{"type":"Feature","properties":{"cat":"transporte"},"geometry":{"type":"Point","coordinates":[2.1581076,41.4192479]}},{"type":"Feature","properties":{"cat":"transporte"},"geometry":{"type":"Point","coordinates":[2.1602406,41.4206541]}},{"type":"Feature","properties":{"cat":"transporte"},"geometry":{"type":"Point","coordinates":[2.1626972,41.4210593]}},{"type":"Feature","properties":{"cat":"transporte"},"geometry":{"type":"Point","coordinates":[2.1629153,41.4209223]}},{"type":"Feature","properties":{"cat":"transporte"},"geometry":{"type":"Point","coordinates":[2.1584045,41.4193972]}},{"type":"Feature","properties":{"cat":"transporte"},"geometry":{"type":"Point","coordinates":[2.1576437,41.4179709]}},{"type":"Feature","properties":{"cat":"transporte"},"geometry":{"type":"Point","coordinates":[2.1581556,41.4174844]}},{"type":"Feature","properties":{"cat":"transporte"},"geometry":{"type":"Point","coordinates":[2.1109354,41.3509646]}},{"type":"Feature","properties":{"cat":"transporte"},"geometry":{"type":"Point","coordinates":[2.102483,41.3589129]}},{"type":"Feature","properties":{"cat":"transporte"},"geometry":{"type":"Point","coordinates":[2.1027358,41.3676843]}},{"type":"Feature","properties":{"cat":"transporte"},"geometry":{"type":"Point","coordinates":[2.1098316,41.3683228]}},{"type":"Feature","properties":{"cat":"transporte"},"geometry":{"type":"Point","coordinates":[2.1166305,41.3684057]}},{"type":"Feature","properties":{"cat":"transporte"},"geometry":{"type":"Point","coordinates":[2.1286052,41.3687993]}},{"type":"Feature","properties":{"cat":"transporte"},"geometry":{"type":"Point","coordinates":[2.143419,41.3752424]}},{"type":"Feature","properties":{"cat":"transporte"},"geometry":{"type":"Point","coordinates":[2.1379127,41.3753756]}},{"type":"Feature","properties":{"cat":"transporte"},"geometry":{"type":"Point","coordinates":[2.149524,41.3755685]}},{"type":"Feature","properties":{"cat":"transporte"},"geometry":{"type":"Point","coordinates":[2.1545732,41.3792368]}},{"type":"Feature","properties":{"cat":"transporte"},"geometry":{"type":"Point","coordinates":[2.2175726,41.4337214]}},{"type":"Feature","properties":{"cat":"transporte"},"geometry":{"type":"Point","coordinates":[2.1103613,41.3609506]}},{"type":"Feature","properties":{"cat":"transporte"},"geometry":{"type":"Point","coordinates":[2.1521547,41.3997568]}},{"type":"Feature","properties":{"cat":"transporte"},"geometry":{"type":"Point","coordinates":[2.172206,41.4351701]}},{"type":"Feature","properties":{"cat":"transporte"},"geometry":{"type":"Point","coordinates":[2.1733642,41.4370089]}},{"type":"Feature","properties":{"cat":"transporte"},"geometry":{"type":"Point","coordinates":[2.1870242,41.4226234]}},{"type":"Feature","properties":{"cat":"transporte"},"geometry":{"type":"Point","coordinates":[2.1868156,41.4204104]}},{"type":"Feature","properties":{"cat":"transporte"},"geometry":{"type":"Point","coordinates":[2.1865743,41.4212779]}},{"type":"Feature","properties":{"cat":"transporte"},"geometry":{"type":"Point","coordinates":[2.1749989,41.4295936]}},{"type":"Feature","properties":{"cat":"transporte"},"geometry":{"type":"Point","coordinates":[2.1738819,41.4040337]}},{"type":"Feature","properties":{"cat":"transporte"},"geometry":{"type":"Point","coordinates":[2.1751136,41.4039801]}},{"type":"Feature","properties":{"cat":"transporte"},"geometry":{"type":"Point","coordinates":[2.183261,41.4481779]}},{"type":"Feature","properties":{"cat":"transporte"},"geometry":{"type":"Point","coordinates":[2.1795093,41.4107971]}},{"type":"Feature","properties":{"cat":"transporte"},"geometry":{"type":"Point","coordinates":[2.1819171,41.4089612]}},{"type":"Feature","properties":{"cat":"transporte"},"geometry":{"type":"Point","coordinates":[2.1861674,41.4495013]}},{"type":"Feature","properties":{"cat":"transporte"},"geometry":{"type":"Point","coordinates":[2.185343,41.4480184]}},{"type":"Feature","properties":{"cat":"transporte"},"geometry":{"type":"Point","coordinates":[2.185491,41.4495018]}},{"type":"Feature","properties":{"cat":"transporte"},"geometry":{"type":"Point","coordinates":[2.187513,41.4491979]}},{"type":"Feature","properties":{"cat":"transporte"},"geometry":{"type":"Point","coordinates":[2.1836388,41.4297809]}},{"type":"Feature","properties":{"cat":"transporte"},"geometry":{"type":"Point","coordinates":[2.1907138,41.4431273]}},{"type":"Feature","properties":{"cat":"transporte"},"geometry":{"type":"Point","coordinates":[2.119034,41.3987898]}},{"type":"Feature","properties":{"cat":"transporte"},"geometry":{"type":"Point","coordinates":[2.1795967,41.3959702]}},{"type":"Feature","properties":{"cat":"transporte"},"geometry":{"type":"Point","coordinates":[2.1117323,41.3840878]}},{"type":"Feature","properties":{"cat":"transporte"},"geometry":{"type":"Point","coordinates":[2.1139508,41.3820384]}},{"type":"Feature","properties":{"cat":"transporte"},"geometry":{"type":"Point","coordinates":[2.1818058,41.3943961]}},{"type":"Feature","properties":{"cat":"transporte"},"geometry":{"type":"Point","coordinates":[2.170084,41.3865465]}},{"type":"Feature","properties":{"cat":"transporte"},"geometry":{"type":"Point","coordinates":[2.2102857,41.4444722]}},{"type":"Feature","properties":{"cat":"transporte"},"geometry":{"type":"Point","coordinates":[2.1730711,41.3813959]}},{"type":"Feature","properties":{"cat":"transporte"},"geometry":{"type":"Point","coordinates":[2.1443532,41.4120537]}},{"type":"Feature","properties":{"cat":"transporte"},"geometry":{"type":"Point","coordinates":[2.1443875,41.4118997]}},{"type":"Feature","properties":{"cat":"transporte"},"geometry":{"type":"Point","coordinates":[2.1818921,41.3634411]}},{"type":"Feature","properties":{"cat":"transporte"},"geometry":{"type":"Point","coordinates":[2.1666758,41.4013091]}},{"type":"Feature","properties":{"cat":"transporte"},"geometry":{"type":"Point","coordinates":[2.1728879,41.4212118]}},{"type":"Feature","properties":{"cat":"transporte"},"geometry":{"type":"Point","coordinates":[2.1732037,41.4217804]}},{"type":"Feature","properties":{"cat":"transporte"},"geometry":{"type":"Point","coordinates":[2.1643122,41.4138293]}},{"type":"Feature","properties":{"cat":"transporte"},"geometry":{"type":"Point","coordinates":[2.1642928,41.4123153]}},{"type":"Feature","properties":{"cat":"transporte"},"geometry":{"type":"Point","coordinates":[2.1640275,41.4092305]}},{"type":"Feature","properties":{"cat":"transporte"},"geometry":{"type":"Point","coordinates":[2.1705987,41.3987567]}},{"type":"Feature","properties":{"cat":"transporte"},"geometry":{"type":"Point","coordinates":[2.1582137,41.3691198]}},{"type":"Feature","properties":{"cat":"transporte"},"geometry":{"type":"Point","coordinates":[2.1560874,41.3686785]}},{"type":"Feature","properties":{"cat":"transporte"},"geometry":{"type":"Point","coordinates":[2.1631271,41.3688899]}},{"type":"Feature","properties":{"cat":"transporte"},"geometry":{"type":"Point","coordinates":[2.1588163,41.3663979]}},{"type":"Feature","properties":{"cat":"transporte"},"geometry":{"type":"Point","coordinates":[2.158432,41.3671404]}},{"type":"Feature","properties":{"cat":"transporte"},"geometry":{"type":"Point","coordinates":[2.1560448,41.3686187]}},{"type":"Feature","properties":{"cat":"transporte"},"geometry":{"type":"Point","coordinates":[2.1583687,41.369093]}},{"type":"Feature","properties":{"cat":"transporte"},"geometry":{"type":"Point","coordinates":[2.1585752,41.3705396]}},{"type":"Feature","properties":{"cat":"transporte"},"geometry":{"type":"Point","coordinates":[2.1605476,41.371554]}},{"type":"Feature","properties":{"cat":"transporte"},"geometry":{"type":"Point","coordinates":[2.1592656,41.3721769]}},{"type":"Feature","properties":{"cat":"transporte"},"geometry":{"type":"Point","coordinates":[2.1562811,41.3720842]}},{"type":"Feature","properties":{"cat":"transporte"},"geometry":{"type":"Point","coordinates":[2.1616801,41.3775377]}},{"type":"Feature","properties":{"cat":"transporte"},"geometry":{"type":"Point","coordinates":[2.1279825,41.3418064]}},{"type":"Feature","properties":{"cat":"transporte"},"geometry":{"type":"Point","coordinates":[2.130679,41.3519228]}},{"type":"Feature","properties":{"cat":"transporte"},"geometry":{"type":"Point","coordinates":[2.1256902,41.3572488]}},{"type":"Feature","properties":{"cat":"transporte"},"geometry":{"type":"Point","coordinates":[2.1181989,41.3607212]}},{"type":"Feature","properties":{"cat":"transporte"},"geometry":{"type":"Point","coordinates":[2.1178553,41.3858079]}},{"type":"Feature","properties":{"cat":"transporte"},"geometry":{"type":"Point","coordinates":[2.141114,41.3814691]}},{"type":"Feature","properties":{"cat":"transporte"},"geometry":{"type":"Point","coordinates":[2.1605721,41.3749795]}},{"type":"Feature","properties":{"cat":"transporte"},"geometry":{"type":"Point","coordinates":[2.1841624,41.4494828]}},{"type":"Feature","properties":{"cat":"transporte"},"geometry":{"type":"Point","coordinates":[2.1500246,41.4061626]}},{"type":"Feature","properties":{"cat":"transporte"},"geometry":{"type":"Point","coordinates":[2.2278605,41.4353172]}},{"type":"Feature","properties":{"cat":"transporte"},"geometry":{"type":"Point","coordinates":[2.1794545,41.4005241]}},{"type":"Feature","properties":{"cat":"transporte"},"geometry":{"type":"Point","coordinates":[2.205618,41.4240389]}},{"type":"Feature","properties":{"cat":"transporte"},"geometry":{"type":"Point","coordinates":[2.1825232,41.4070747]}},{"type":"Feature","properties":{"cat":"transporte"},"geometry":{"type":"Point","coordinates":[2.2097745,41.4298896]}},{"type":"Feature","properties":{"cat":"transporte"},"geometry":{"type":"Point","coordinates":[2.1393675,41.3678579]}},{"type":"Feature","properties":{"cat":"transporte"},"geometry":{"type":"Point","coordinates":[2.1301693,41.361165]}},{"type":"Feature","properties":{"cat":"transporte"},"geometry":{"type":"Point","coordinates":[2.1170729,41.3547752]}},{"type":"Feature","properties":{"cat":"transporte"},"geometry":{"type":"Point","coordinates":[2.1029121,41.3579267]}},{"type":"Feature","properties":{"cat":"transporte"},"geometry":{"type":"Point","coordinates":[2.1951059,41.4148814]}},{"type":"Feature","properties":{"cat":"transporte"},"geometry":{"type":"Point","coordinates":[2.1733108,41.3880852]}},{"type":"Feature","properties":{"cat":"transporte"},"geometry":{"type":"Point","coordinates":[2.1787061,41.3840008]}},{"type":"Feature","properties":{"cat":"transporte"},"geometry":{"type":"Point","coordinates":[2.1854822,41.3821171]}},{"type":"Feature","properties":{"cat":"transporte"},"geometry":{"type":"Point","coordinates":[2.1934762,41.3878465]}},{"type":"Feature","properties":{"cat":"transporte"},"geometry":{"type":"Point","coordinates":[2.1920399,41.3950987]}},{"type":"Feature","properties":{"cat":"transporte"},"geometry":{"type":"Point","coordinates":[2.197649,41.3993809]}},{"type":"Feature","properties":{"cat":"transporte"},"geometry":{"type":"Point","coordinates":[2.2032751,41.4036418]}},{"type":"Feature","properties":{"cat":"transporte"},"geometry":{"type":"Point","coordinates":[2.2091094,41.4080147]}},{"type":"Feature","properties":{"cat":"transporte"},"geometry":{"type":"Point","coordinates":[2.2166779,41.4117753]}},{"type":"Feature","properties":{"cat":"transporte"},"geometry":{"type":"Point","coordinates":[2.2097125,41.4203693]}},{"type":"Feature","properties":{"cat":"transporte"},"geometry":{"type":"Point","coordinates":[2.2160851,41.4150936]}},{"type":"Feature","properties":{"cat":"transporte"},"geometry":{"type":"Point","coordinates":[2.2007307,41.4190565]}},{"type":"Feature","properties":{"cat":"transporte"},"geometry":{"type":"Point","coordinates":[2.1598633,41.3678245]}},{"type":"Feature","properties":{"cat":"transporte"},"geometry":{"type":"Point","coordinates":[2.1869158,41.4101394]}},{"type":"Feature","properties":{"cat":"transporte"},"geometry":{"type":"Point","coordinates":[2.1755213,41.3948216]}},{"type":"Feature","properties":{"cat":"transporte"},"geometry":{"type":"Point","coordinates":[2.1745608,41.3896372]}},{"type":"Feature","properties":{"cat":"transporte"},"geometry":{"type":"Point","coordinates":[2.1403215,41.3798895]}},{"type":"Feature","properties":{"cat":"transporte"},"geometry":{"type":"Point","coordinates":[2.1868163,41.4229907]}},{"type":"Feature","properties":{"cat":"transporte"},"geometry":{"type":"Point","coordinates":[2.1474378,41.4013331]}},{"type":"Feature","properties":{"cat":"transporte"},"geometry":{"type":"Point","coordinates":[2.1430413,41.4033097]}},{"type":"Feature","properties":{"cat":"transporte"},"geometry":{"type":"Point","coordinates":[2.1391359,41.4058141]}},{"type":"Feature","properties":{"cat":"transporte"},"geometry":{"type":"Point","coordinates":[2.1371569,41.4096598]}},{"type":"Feature","properties":{"cat":"transporte"},"geometry":{"type":"Point","coordinates":[2.1786043,41.4438467]}},{"type":"Feature","properties":{"cat":"transporte"},"geometry":{"type":"Point","coordinates":[2.182427,41.449185]}},{"type":"Feature","properties":{"cat":"transporte"},"geometry":{"type":"Point","coordinates":[2.1551138,41.4243994]}},{"type":"Feature","properties":{"cat":"transporte"},"geometry":{"type":"Point","coordinates":[2.1773979,41.4231064]}},{"type":"Feature","properties":{"cat":"transporte"},"geometry":{"type":"Point","coordinates":[2.175983,41.4107312]}},{"type":"Feature","properties":{"cat":"transporte"},"geometry":{"type":"Point","coordinates":[2.1470799,41.4010671]}},{"type":"Feature","properties":{"cat":"transporte"},"geometry":{"type":"Point","coordinates":[2.1268796,41.3869969]}},{"type":"Feature","properties":{"cat":"transporte"},"geometry":{"type":"Point","coordinates":[2.1379822,41.3885749]}},{"type":"Feature","properties":{"cat":"transporte"},"geometry":{"type":"Point","coordinates":[2.1578798,41.3861518]}},{"type":"Feature","properties":{"cat":"transporte"},"geometry":{"type":"Point","coordinates":[2.1308671,41.3977806]}},{"type":"Feature","properties":{"cat":"transporte"},"geometry":{"type":"Point","coordinates":[2.1361526,41.3977899]}},{"type":"Feature","properties":{"cat":"transporte"},"geometry":{"type":"Point","coordinates":[2.2158135,41.446842]}},{"type":"Feature","properties":{"cat":"transporte"},"geometry":{"type":"Point","coordinates":[2.1428064,41.3986671]}},{"type":"Feature","properties":{"cat":"transporte"},"geometry":{"type":"Point","coordinates":[2.1631882,41.4062666]}},{"type":"Feature","properties":{"cat":"transporte"},"geometry":{"type":"Point","coordinates":[2.174074,41.4160751]}},{"type":"Feature","properties":{"cat":"transporte"},"geometry":{"type":"Point","coordinates":[2.1655057,41.4121009]}},{"type":"Feature","properties":{"cat":"transporte"},"geometry":{"type":"Point","coordinates":[2.1196691,41.4197297]}},{"type":"Feature","properties":{"cat":"transporte"},"geometry":{"type":"Point","coordinates":[2.1030295,41.4113058]}},{"type":"Feature","properties":{"cat":"transporte"},"geometry":{"type":"Point","coordinates":[2.1031546,41.4112957]}},{"type":"Feature","properties":{"cat":"transporte"},"geometry":{"type":"Point","coordinates":[2.1041994,41.4129329]}},{"type":"Feature","properties":{"cat":"transporte"},"geometry":{"type":"Point","coordinates":[2.1099811,41.4158055]}},{"type":"Feature","properties":{"cat":"transporte"},"geometry":{"type":"Point","coordinates":[2.1125792,41.416699]}},{"type":"Feature","properties":{"cat":"transporte"},"geometry":{"type":"Point","coordinates":[2.1120529,41.4165774]}},{"type":"Feature","properties":{"cat":"transporte"},"geometry":{"type":"Point","coordinates":[2.116713,41.4178404]}},{"type":"Feature","properties":{"cat":"transporte"},"geometry":{"type":"Point","coordinates":[2.1165386,41.4182649]}},{"type":"Feature","properties":{"cat":"transporte"},"geometry":{"type":"Point","coordinates":[2.116751,41.4189041]}},{"type":"Feature","properties":{"cat":"transporte"},"geometry":{"type":"Point","coordinates":[2.1101749,41.4158621]}},{"type":"Feature","properties":{"cat":"transporte"},"geometry":{"type":"Point","coordinates":[2.1210362,41.4217613]}},{"type":"Feature","properties":{"cat":"transporte"},"geometry":{"type":"Point","coordinates":[2.1213312,41.4253987]}},{"type":"Feature","properties":{"cat":"transporte"},"geometry":{"type":"Point","coordinates":[2.1192055,41.424542]}},{"type":"Feature","properties":{"cat":"transporte"},"geometry":{"type":"Point","coordinates":[2.1193905,41.4208633]}},{"type":"Feature","properties":{"cat":"transporte"},"geometry":{"type":"Point","coordinates":[2.1190078,41.420328]}},{"type":"Feature","properties":{"cat":"transporte"},"geometry":{"type":"Point","coordinates":[2.1114055,41.4090465]}},{"type":"Feature","properties":{"cat":"transporte"},"geometry":{"type":"Point","coordinates":[2.2107484,41.4222121]}},{"type":"Feature","properties":{"cat":"transporte"},"geometry":{"type":"Point","coordinates":[2.1841772,41.4468218]}},{"type":"Feature","properties":{"cat":"transporte"},"geometry":{"type":"Point","coordinates":[2.1899681,41.447162]}},{"type":"Feature","properties":{"cat":"transporte"},"geometry":{"type":"Point","coordinates":[2.2019483,41.434117]}},{"type":"Feature","properties":{"cat":"transporte"},"geometry":{"type":"Point","coordinates":[2.2049477,41.4326745]}},{"type":"Feature","properties":{"cat":"transporte"},"geometry":{"type":"Point","coordinates":[2.1843499,41.4465008]}},{"type":"Feature","properties":{"cat":"transporte"},"geometry":{"type":"Point","coordinates":[2.1802515,41.4459617]}},{"type":"Feature","properties":{"cat":"transporte"},"geometry":{"type":"Point","coordinates":[2.1760355,41.4448784]}},{"type":"Feature","properties":{"cat":"transporte"},"geometry":{"type":"Point","coordinates":[2.1671035,41.44149]}},{"type":"Feature","properties":{"cat":"transporte"},"geometry":{"type":"Point","coordinates":[2.1631793,41.4396974]}},{"type":"Feature","properties":{"cat":"transporte"},"geometry":{"type":"Point","coordinates":[2.1358178,41.414886]}},{"type":"Feature","properties":{"cat":"transporte"},"geometry":{"type":"Point","coordinates":[2.1243376,41.4088813]}},{"type":"Feature","properties":{"cat":"transporte"},"geometry":{"type":"Point","coordinates":[2.1205471,41.4059784]}},{"type":"Feature","properties":{"cat":"transporte"},"geometry":{"type":"Point","coordinates":[2.1081373,41.390024]}},{"type":"Feature","properties":{"cat":"transporte"},"geometry":{"type":"Point","coordinates":[2.1048833,41.3854768]}},{"type":"Feature","properties":{"cat":"transporte"},"geometry":{"type":"Point","coordinates":[2.1204251,41.4062507]}},{"type":"Feature","properties":{"cat":"transporte"},"geometry":{"type":"Point","coordinates":[2.1249961,41.4102628]}},{"type":"Feature","properties":{"cat":"transporte"},"geometry":{"type":"Point","coordinates":[2.1809453,41.4465537]}},{"type":"Feature","properties":{"cat":"transporte"},"geometry":{"type":"Point","coordinates":[2.1890493,41.4461052]}},{"type":"Feature","properties":{"cat":"transporte"},"geometry":{"type":"Point","coordinates":[2.2000842,41.4401885]}},{"type":"Feature","properties":{"cat":"transporte"},"geometry":{"type":"Point","coordinates":[2.1603291,41.4295937]}},{"type":"Feature","properties":{"cat":"transporte"},"geometry":{"type":"Point","coordinates":[2.157585,41.4291311]}},{"type":"Feature","properties":{"cat":"transporte"},"geometry":{"type":"Point","coordinates":[2.1544987,41.4260949]}},{"type":"Feature","properties":{"cat":"transporte"},"geometry":{"type":"Point","coordinates":[2.1616808,41.4208169]}},{"type":"Feature","properties":{"cat":"transporte"},"geometry":{"type":"Point","coordinates":[2.2032334,41.4332652]}},{"type":"Feature","properties":{"cat":"transporte"},"geometry":{"type":"Point","coordinates":[2.1588888,41.3824863]}},{"type":"Feature","properties":{"cat":"transporte"},"geometry":{"type":"Point","coordinates":[2.1862682,41.3949958]}},{"type":"Feature","properties":{"cat":"transporte"},"geometry":{"type":"Point","coordinates":[2.1875183,41.4022111]}},{"type":"Feature","properties":{"cat":"transporte"},"geometry":{"type":"Point","coordinates":[2.1869379,41.4160445]}},{"type":"Feature","properties":{"cat":"transporte"},"geometry":{"type":"Point","coordinates":[2.1911382,41.4366293]}},{"type":"Feature","properties":{"cat":"transporte"},"geometry":{"type":"Point","coordinates":[2.1937366,41.4487676]}},{"type":"Feature","properties":{"cat":"transporte"},"geometry":{"type":"Point","coordinates":[2.1692557,41.3749406]}},{"type":"Feature","properties":{"cat":"transporte"},"geometry":{"type":"Point","coordinates":[2.1639101,41.3847251]}},{"type":"Feature","properties":{"cat":"transporte"},"geometry":{"type":"Point","coordinates":[2.1867259,41.4102828]}},{"type":"Feature","properties":{"cat":"transporte"},"geometry":{"type":"Point","coordinates":[2.2051956,41.4236829]}},{"type":"Feature","properties":{"cat":"transporte"},"geometry":{"type":"Point","coordinates":[2.182423,41.4492053]}},{"type":"Feature","properties":{"cat":"transporte"},"geometry":{"type":"Point","coordinates":[2.1525094,41.3757519]}},{"type":"Feature","properties":{"cat":"transporte"},"geometry":{"type":"Point","coordinates":[2.1474202,41.3655042]}},{"type":"Feature","properties":{"cat":"transporte"},"geometry":{"type":"Point","coordinates":[2.1512936,41.3664822]}},{"type":"Feature","properties":{"cat":"transporte"},"geometry":{"type":"Point","coordinates":[2.154586,41.3660315]}},{"type":"Feature","properties":{"cat":"transporte"},"geometry":{"type":"Point","coordinates":[2.1687849,41.3702409]}},{"type":"Feature","properties":{"cat":"transporte"},"geometry":{"type":"Point","coordinates":[2.1656928,41.369011]}},{"type":"Feature","properties":{"cat":"transporte"},"geometry":{"type":"Point","coordinates":[2.1468448,41.3655523]}},{"type":"Feature","properties":{"cat":"transporte"},"geometry":{"type":"Point","coordinates":[2.1327646,41.3914151]}},{"type":"Feature","properties":{"cat":"transporte"},"geometry":{"type":"Point","coordinates":[2.1212263,41.4020209]}},{"type":"Feature","properties":{"cat":"transporte"},"geometry":{"type":"Point","coordinates":[2.1490842,41.4061888]}},{"type":"Feature","properties":{"cat":"transporte"},"geometry":{"type":"Point","coordinates":[2.1342885,41.360667]}},{"type":"Feature","properties":{"cat":"transporte"},"geometry":{"type":"Point","coordinates":[2.1329726,41.3591869]}},{"type":"Feature","properties":{"cat":"transporte"},"geometry":{"type":"Point","coordinates":[2.1362599,41.3545712]}},{"type":"Feature","properties":{"cat":"transporte"},"geometry":{"type":"Point","coordinates":[2.1314738,41.3509069]}},{"type":"Feature","properties":{"cat":"transporte"},"geometry":{"type":"Point","coordinates":[2.130641,41.3486275]}},{"type":"Feature","properties":{"cat":"transporte"},"geometry":{"type":"Point","coordinates":[2.1264006,41.3493613]}},{"type":"Feature","properties":{"cat":"transporte"},"geometry":{"type":"Point","coordinates":[2.1206986,41.3463652]}},{"type":"Feature","properties":{"cat":"transporte"},"geometry":{"type":"Point","coordinates":[2.1167225,41.345017]}},{"type":"Feature","properties":{"cat":"transporte"},"geometry":{"type":"Point","coordinates":[2.1038611,41.3561107]}},{"type":"Feature","properties":{"cat":"transporte"},"geometry":{"type":"Point","coordinates":[2.1144725,41.3498959]}},{"type":"Feature","properties":{"cat":"transporte"},"geometry":{"type":"Point","coordinates":[2.1168682,41.3455087]}},{"type":"Feature","properties":{"cat":"transporte"},"geometry":{"type":"Point","coordinates":[2.1204423,41.3465048]}},{"type":"Feature","properties":{"cat":"transporte"},"geometry":{"type":"Point","coordinates":[2.1261375,41.3494561]}},{"type":"Feature","properties":{"cat":"transporte"},"geometry":{"type":"Point","coordinates":[2.1310732,41.3490552]}},{"type":"Feature","properties":{"cat":"transporte"},"geometry":{"type":"Point","coordinates":[2.1304022,41.3511184]}},{"type":"Feature","properties":{"cat":"transporte"},"geometry":{"type":"Point","coordinates":[2.1361457,41.3544945]}},{"type":"Feature","properties":{"cat":"transporte"},"geometry":{"type":"Point","coordinates":[2.1328729,41.3590645]}},{"type":"Feature","properties":{"cat":"transporte"},"geometry":{"type":"Point","coordinates":[2.1346619,41.3627021]}},{"type":"Feature","properties":{"cat":"transporte"},"geometry":{"type":"Point","coordinates":[2.142919,41.3717725]}},{"type":"Feature","properties":{"cat":"transporte"},"geometry":{"type":"Point","coordinates":[2.1398604,41.3710595]}},{"type":"Feature","properties":{"cat":"transporte"},"geometry":{"type":"Point","coordinates":[2.1377084,41.3699194]}},{"type":"Feature","properties":{"cat":"transporte"},"geometry":{"type":"Point","coordinates":[2.1345656,41.3695323]}},{"type":"Feature","properties":{"cat":"transporte"},"geometry":{"type":"Point","coordinates":[2.1334951,41.3692552]}},{"type":"Feature","properties":{"cat":"transporte"},"geometry":{"type":"Point","coordinates":[2.1365181,41.3698565]}},{"type":"Feature","properties":{"cat":"transporte"},"geometry":{"type":"Point","coordinates":[2.1416996,41.369655]}},{"type":"Feature","properties":{"cat":"transporte"},"geometry":{"type":"Point","coordinates":[2.1438466,41.373168]}},{"type":"Feature","properties":{"cat":"transporte"},"geometry":{"type":"Point","coordinates":[2.1603958,41.3765782]}},{"type":"Feature","properties":{"cat":"transporte"},"geometry":{"type":"Point","coordinates":[2.1850415,41.4065884]}},{"type":"Feature","properties":{"cat":"transporte"},"geometry":{"type":"Point","coordinates":[2.1863477,41.4228719]}},{"type":"Feature","properties":{"cat":"transporte"},"geometry":{"type":"Point","coordinates":[2.2085205,41.4251198]}},{"type":"Feature","properties":{"cat":"transporte"},"geometry":{"type":"Point","coordinates":[2.1553879,41.4313085]}},{"type":"Feature","properties":{"cat":"transporte"},"geometry":{"type":"Point","coordinates":[2.1535197,41.4375357]}},{"type":"Feature","properties":{"cat":"transporte"},"geometry":{"type":"Point","coordinates":[2.1543491,41.4396489]}},{"type":"Feature","properties":{"cat":"transporte"},"geometry":{"type":"Point","coordinates":[2.1586929,41.4496622]}},{"type":"Feature","properties":{"cat":"transporte"},"geometry":{"type":"Point","coordinates":[2.1588934,41.4497168]}},{"type":"Feature","properties":{"cat":"transporte"},"geometry":{"type":"Point","coordinates":[2.1548239,41.4404901]}},{"type":"Feature","properties":{"cat":"transporte"},"geometry":{"type":"Point","coordinates":[2.1543088,41.4391922]}},{"type":"Feature","properties":{"cat":"transporte"},"geometry":{"type":"Point","coordinates":[2.1535742,41.4372974]}},{"type":"Feature","properties":{"cat":"transporte"},"geometry":{"type":"Point","coordinates":[2.1535899,41.4351441]}},{"type":"Feature","properties":{"cat":"transporte"},"geometry":{"type":"Point","coordinates":[2.1610533,41.4295379]}},{"type":"Feature","properties":{"cat":"transporte"},"geometry":{"type":"Point","coordinates":[2.1312866,41.4031609]}},{"type":"Feature","properties":{"cat":"transporte"},"geometry":{"type":"Point","coordinates":[2.1335835,41.4001684]}},{"type":"Feature","properties":{"cat":"transporte"},"geometry":{"type":"Point","coordinates":[2.1603172,41.406063]}},{"type":"Feature","properties":{"cat":"transporte"},"geometry":{"type":"Point","coordinates":[2.1587864,41.4075869]}},{"type":"Feature","properties":{"cat":"transporte"},"geometry":{"type":"Point","coordinates":[2.1567082,41.4097092]}},{"type":"Feature","properties":{"cat":"transporte"},"geometry":{"type":"Point","coordinates":[2.1547742,41.4126474]}},{"type":"Feature","properties":{"cat":"transporte"},"geometry":{"type":"Point","coordinates":[2.1555499,41.4120619]}},{"type":"Feature","properties":{"cat":"transporte"},"geometry":{"type":"Point","coordinates":[2.1571959,41.4116942]}},{"type":"Feature","properties":{"cat":"transporte"},"geometry":{"type":"Point","coordinates":[2.1587618,41.413078]}},{"type":"Feature","properties":{"cat":"transporte"},"geometry":{"type":"Point","coordinates":[2.1578205,41.4139078]}},{"type":"Feature","properties":{"cat":"transporte"},"geometry":{"type":"Point","coordinates":[2.1584095,41.4145256]}},{"type":"Feature","properties":{"cat":"transporte"},"geometry":{"type":"Point","coordinates":[2.1624471,41.4061914]}},{"type":"Feature","properties":{"cat":"transporte"},"geometry":{"type":"Point","coordinates":[2.159254,41.3757446]}},{"type":"Feature","properties":{"cat":"transporte"},"geometry":{"type":"Point","coordinates":[2.1861987,41.395199]}},{"type":"Feature","properties":{"cat":"transporte"},"geometry":{"type":"Point","coordinates":[2.1256413,41.3897865]}},{"type":"Feature","properties":{"cat":"transporte"},"geometry":{"type":"Point","coordinates":[2.1240652,41.390304]}},{"type":"Feature","properties":{"cat":"transporte"},"geometry":{"type":"Point","coordinates":[2.1115353,41.3840563]}},{"type":"Feature","properties":{"cat":"transporte"},"geometry":{"type":"Point","coordinates":[2.166921,41.3988289]}},{"type":"Feature","properties":{"cat":"transporte"},"geometry":{"type":"Point","coordinates":[2.1423965,41.4249128]}},{"type":"Feature","properties":{"cat":"transporte"},"geometry":{"type":"Point","coordinates":[2.1250283,41.3572016]}},{"type":"Feature","properties":{"cat":"transporte"},"geometry":{"type":"Point","coordinates":[2.1588646,41.3944687]}},{"type":"Feature","properties":{"cat":"transporte"},"geometry":{"type":"Point","coordinates":[2.1832097,41.4316183]}},{"type":"Feature","properties":{"cat":"transporte"},"geometry":{"type":"Point","coordinates":[2.1249963,41.3913852]}},{"type":"Feature","properties":{"cat":"transporte"},"geometry":{"type":"Point","coordinates":[2.1327726,41.3922507]}},{"type":"Feature","properties":{"cat":"transporte"},"geometry":{"type":"Point","coordinates":[2.1114727,41.3848114]}},{"type":"Feature","properties":{"cat":"transporte"},"geometry":{"type":"Point","coordinates":[2.1340317,41.4029612]}},{"type":"Feature","properties":{"cat":"transporte"},"geometry":{"type":"Point","coordinates":[2.1529829,41.3528852]}},{"type":"Feature","properties":{"cat":"transporte"},"geometry":{"type":"Point","coordinates":[2.1541154,41.3544531]}},{"type":"Feature","properties":{"cat":"transporte"},"geometry":{"type":"Point","coordinates":[2.1536539,41.3547645]}},{"type":"Feature","properties":{"cat":"transporte"},"geometry":{"type":"Point","coordinates":[2.1498857,41.3552892]}},{"type":"Feature","properties":{"cat":"transporte"},"geometry":{"type":"Point","coordinates":[2.1531964,41.3557047]}},{"type":"Feature","properties":{"cat":"transporte"},"geometry":{"type":"Point","coordinates":[2.1514864,41.3555905]}},{"type":"Feature","properties":{"cat":"transporte"},"geometry":{"type":"Point","coordinates":[2.1509341,41.3565637]}},{"type":"Feature","properties":{"cat":"transporte"},"geometry":{"type":"Point","coordinates":[2.1537246,41.3580295]}},{"type":"Feature","properties":{"cat":"transporte"},"geometry":{"type":"Point","coordinates":[2.1552198,41.3584129]}},{"type":"Feature","properties":{"cat":"transporte"},"geometry":{"type":"Point","coordinates":[2.1571286,41.3587383]}},{"type":"Feature","properties":{"cat":"transporte"},"geometry":{"type":"Point","coordinates":[2.1550864,41.3587653]}},{"type":"Feature","properties":{"cat":"transporte"},"geometry":{"type":"Point","coordinates":[2.1559162,41.3578369]}},{"type":"Feature","properties":{"cat":"transporte"},"geometry":{"type":"Point","coordinates":[2.1544955,41.3569282]}},{"type":"Feature","properties":{"cat":"transporte"},"geometry":{"type":"Point","coordinates":[2.1520479,41.3562163]}},{"type":"Feature","properties":{"cat":"transporte"},"geometry":{"type":"Point","coordinates":[2.1546396,41.3562143]}},{"type":"Feature","properties":{"cat":"transporte"},"geometry":{"type":"Point","coordinates":[2.1577061,41.3564185]}},{"type":"Feature","properties":{"cat":"transporte"},"geometry":{"type":"Point","coordinates":[2.15389,41.3550779]}},{"type":"Feature","properties":{"cat":"transporte"},"geometry":{"type":"Point","coordinates":[2.1547997,41.3552862]}},{"type":"Feature","properties":{"cat":"transporte"},"geometry":{"type":"Point","coordinates":[2.1577395,41.3558078]}},{"type":"Feature","properties":{"cat":"transporte"},"geometry":{"type":"Point","coordinates":[2.1580409,41.3553693]}},{"type":"Feature","properties":{"cat":"transporte"},"geometry":{"type":"Point","coordinates":[2.1563603,41.3538764]}},{"type":"Feature","properties":{"cat":"transporte"},"geometry":{"type":"Point","coordinates":[2.1583058,41.3520928]}},{"type":"Feature","properties":{"cat":"transporte"},"geometry":{"type":"Point","coordinates":[2.153041,41.3884569]}},{"type":"Feature","properties":{"cat":"transporte"},"geometry":{"type":"Point","coordinates":[2.1827984,41.4463665]}},{"type":"Feature","properties":{"cat":"transporte"},"geometry":{"type":"Point","coordinates":[2.179139,41.4410792]}},{"type":"Feature","properties":{"cat":"transporte"},"geometry":{"type":"Point","coordinates":[2.1792077,41.4351428]}},{"type":"Feature","properties":{"cat":"transporte"},"geometry":{"type":"Point","coordinates":[2.1786511,41.43295]}},{"type":"Feature","properties":{"cat":"transporte"},"geometry":{"type":"Point","coordinates":[2.1805139,41.4324854]}},{"type":"Feature","properties":{"cat":"transporte"},"geometry":{"type":"Point","coordinates":[2.1827536,41.4403207]}},{"type":"Feature","properties":{"cat":"transporte"},"geometry":{"type":"Point","coordinates":[2.1848964,41.4421056]}},{"type":"Feature","properties":{"cat":"transporte"},"geometry":{"type":"Point","coordinates":[2.1072021,41.3955096]}},{"type":"Feature","properties":{"cat":"transporte"},"geometry":{"type":"Point","coordinates":[2.1087428,41.3948659]}},{"type":"Feature","properties":{"cat":"transporte"},"geometry":{"type":"Point","coordinates":[2.1090581,41.3932606]}},{"type":"Feature","properties":{"cat":"transporte"},"geometry":{"type":"Point","coordinates":[2.1108869,41.3915739]}},{"type":"Feature","properties":{"cat":"transporte"},"geometry":{"type":"Point","coordinates":[2.105889,41.3885385]}},{"type":"Feature","properties":{"cat":"transporte"},"geometry":{"type":"Point","coordinates":[2.1042439,41.3890303]}},{"type":"Feature","properties":{"cat":"transporte"},"geometry":{"type":"Point","coordinates":[2.1035604,41.3892198]}},{"type":"Feature","properties":{"cat":"transporte"},"geometry":{"type":"Point","coordinates":[2.1038218,41.3914513]}},{"type":"Feature","properties":{"cat":"transporte"},"geometry":{"type":"Point","coordinates":[2.1043485,41.3932154]}},{"type":"Feature","properties":{"cat":"transporte"},"geometry":{"type":"Point","coordinates":[2.1568528,41.4007038]}},{"type":"Feature","properties":{"cat":"transporte"},"geometry":{"type":"Point","coordinates":[2.1643093,41.4155824]}},{"type":"Feature","properties":{"cat":"transporte"},"geometry":{"type":"Point","coordinates":[2.1670425,41.4157943]}},{"type":"Feature","properties":{"cat":"transporte"},"geometry":{"type":"Point","coordinates":[2.1517862,41.4023773]}},{"type":"Feature","properties":{"cat":"transporte"},"geometry":{"type":"Point","coordinates":[2.1558825,41.4032409]}},{"type":"Feature","properties":{"cat":"transporte"},"geometry":{"type":"Point","coordinates":[2.1571478,41.4046014]}},{"type":"Feature","properties":{"cat":"transporte"},"geometry":{"type":"Point","coordinates":[2.1597168,41.4062273]}},{"type":"Feature","properties":{"cat":"transporte"},"geometry":{"type":"Point","coordinates":[2.1618369,41.4075512]}},{"type":"Feature","properties":{"cat":"transporte"},"geometry":{"type":"Point","coordinates":[2.1635596,41.4152503]}},{"type":"Feature","properties":{"cat":"transporte"},"geometry":{"type":"Point","coordinates":[2.1313429,41.3978503]}},{"type":"Feature","properties":{"cat":"transporte"},"geometry":{"type":"Point","coordinates":[2.1775985,41.4193025]}},{"type":"Feature","properties":{"cat":"transporte"},"geometry":{"type":"Point","coordinates":[2.1789699,41.4179268]}},{"type":"Feature","properties":{"cat":"transporte"},"geometry":{"type":"Point","coordinates":[2.1780201,41.4169939]}},{"type":"Feature","properties":{"cat":"transporte"},"geometry":{"type":"Point","coordinates":[2.1771807,41.4181231]}},{"type":"Feature","properties":{"cat":"transporte"},"geometry":{"type":"Point","coordinates":[2.1771172,41.4189627]}},{"type":"Feature","properties":{"cat":"transporte"},"geometry":{"type":"Point","coordinates":[2.1789501,41.420274]}},{"type":"Feature","properties":{"cat":"transporte"},"geometry":{"type":"Point","coordinates":[2.170695,41.4197688]}},{"type":"Feature","properties":{"cat":"transporte"},"geometry":{"type":"Point","coordinates":[2.1698287,41.4211786]}},{"type":"Feature","properties":{"cat":"transporte"},"geometry":{"type":"Point","coordinates":[2.1698319,41.4231165]}},{"type":"Feature","properties":{"cat":"transporte"},"geometry":{"type":"Point","coordinates":[2.1694469,41.425509]}},{"type":"Feature","properties":{"cat":"transporte"},"geometry":{"type":"Point","coordinates":[2.1688245,41.4256629]}},{"type":"Feature","properties":{"cat":"transporte"},"geometry":{"type":"Point","coordinates":[2.1685479,41.4241776]}},{"type":"Feature","properties":{"cat":"transporte"},"geometry":{"type":"Point","coordinates":[2.1659353,41.4244192]}},{"type":"Feature","properties":{"cat":"transporte"},"geometry":{"type":"Point","coordinates":[2.1653306,41.4233486]}},{"type":"Feature","properties":{"cat":"transporte"},"geometry":{"type":"Point","coordinates":[2.1640425,41.4227977]}},{"type":"Feature","properties":{"cat":"transporte"},"geometry":{"type":"Point","coordinates":[2.1643072,41.4218979]}},{"type":"Feature","properties":{"cat":"transporte"},"geometry":{"type":"Point","coordinates":[2.1635981,41.4222648]}},{"type":"Feature","properties":{"cat":"transporte"},"geometry":{"type":"Point","coordinates":[2.1636013,41.4217247]}},{"type":"Feature","properties":{"cat":"transporte"},"geometry":{"type":"Point","coordinates":[2.1635949,41.421525]}},{"type":"Feature","properties":{"cat":"transporte"},"geometry":{"type":"Point","coordinates":[2.1636334,41.4223045]}},{"type":"Feature","properties":{"cat":"transporte"},"geometry":{"type":"Point","coordinates":[2.164166,41.4219846]}},{"type":"Feature","properties":{"cat":"transporte"},"geometry":{"type":"Point","coordinates":[2.1637345,41.4229096]}},{"type":"Feature","properties":{"cat":"transporte"},"geometry":{"type":"Point","coordinates":[2.1628606,41.423228]}},{"type":"Feature","properties":{"cat":"transporte"},"geometry":{"type":"Point","coordinates":[2.1649537,41.423713]}},{"type":"Feature","properties":{"cat":"transporte"},"geometry":{"type":"Point","coordinates":[2.16787,41.4240451]}},{"type":"Feature","properties":{"cat":"transporte"},"geometry":{"type":"Point","coordinates":[2.1694774,41.4232512]}},{"type":"Feature","properties":{"cat":"transporte"},"geometry":{"type":"Point","coordinates":[2.1697524,41.4212462]}},{"type":"Feature","properties":{"cat":"transporte"},"geometry":{"type":"Point","coordinates":[2.1073373,41.4179565]}},{"type":"Feature","properties":{"cat":"transporte"},"geometry":{"type":"Point","coordinates":[2.1637248,41.4195194]}},{"type":"Feature","properties":{"cat":"transporte"},"geometry":{"type":"Point","coordinates":[2.1650223,41.4191703]}},{"type":"Feature","properties":{"cat":"transporte"},"geometry":{"type":"Point","coordinates":[2.1574885,41.4200754]}},{"type":"Feature","properties":{"cat":"transporte"},"geometry":{"type":"Point","coordinates":[2.15731,41.4212998]}},{"type":"Feature","properties":{"cat":"transporte"},"geometry":{"type":"Point","coordinates":[2.1565097,41.4223244]}},{"type":"Feature","properties":{"cat":"transporte"},"geometry":{"type":"Point","coordinates":[2.1553059,41.4236286]}},{"type":"Feature","properties":{"cat":"transporte"},"geometry":{"type":"Point","coordinates":[2.154162,41.424143]}},{"type":"Feature","properties":{"cat":"transporte"},"geometry":{"type":"Point","coordinates":[2.1526718,41.4233016]}},{"type":"Feature","properties":{"cat":"transporte"},"geometry":{"type":"Point","coordinates":[2.1507181,41.4241333]}},{"type":"Feature","properties":{"cat":"transporte"},"geometry":{"type":"Point","coordinates":[2.1409403,41.4190751]}},{"type":"Feature","properties":{"cat":"transporte"},"geometry":{"type":"Point","coordinates":[2.1383437,41.4219568]}},{"type":"Feature","properties":{"cat":"transporte"},"geometry":{"type":"Point","coordinates":[2.1352627,41.4247741]}},{"type":"Feature","properties":{"cat":"transporte"},"geometry":{"type":"Point","coordinates":[2.1391862,41.4220483]}},{"type":"Feature","properties":{"cat":"transporte"},"geometry":{"type":"Point","coordinates":[2.1395093,41.4207851]}},{"type":"Feature","properties":{"cat":"transporte"},"geometry":{"type":"Point","coordinates":[2.1430121,41.4269357]}},{"type":"Feature","properties":{"cat":"transporte"},"geometry":{"type":"Point","coordinates":[2.1443649,41.4213773]}},{"type":"Feature","properties":{"cat":"transporte"},"geometry":{"type":"Point","coordinates":[2.1462519,41.4213028]}},{"type":"Feature","properties":{"cat":"transporte"},"geometry":{"type":"Point","coordinates":[2.1491045,41.4216534]}},{"type":"Feature","properties":{"cat":"transporte"},"geometry":{"type":"Point","coordinates":[2.1495091,41.4209455]}},{"type":"Feature","properties":{"cat":"transporte"},"geometry":{"type":"Point","coordinates":[2.1516028,41.4216401]}},{"type":"Feature","properties":{"cat":"transporte"},"geometry":{"type":"Point","coordinates":[2.1527249,41.421883]}},{"type":"Feature","properties":{"cat":"transporte"},"geometry":{"type":"Point","coordinates":[2.1549695,41.4210481]}},{"type":"Feature","properties":{"cat":"transporte"},"geometry":{"type":"Point","coordinates":[2.1568149,41.4206488]}},{"type":"Feature","properties":{"cat":"transporte"},"geometry":{"type":"Point","coordinates":[2.1573198,41.4189799]}},{"type":"Feature","properties":{"cat":"transporte"},"geometry":{"type":"Point","coordinates":[2.1653452,41.4191017]}},{"type":"Feature","properties":{"cat":"transporte"},"geometry":{"type":"Point","coordinates":[2.167853,41.3827227]}},{"type":"Feature","properties":{"cat":"transporte"},"geometry":{"type":"Point","coordinates":[2.168816,41.3814519]}},{"type":"Feature","properties":{"cat":"transporte"},"geometry":{"type":"Point","coordinates":[2.1785431,41.3783454]}},{"type":"Feature","properties":{"cat":"transporte"},"geometry":{"type":"Point","coordinates":[2.179303,41.3794878]}},{"type":"Feature","properties":{"cat":"transporte"},"geometry":{"type":"Point","coordinates":[2.1806107,41.3812994]}},{"type":"Feature","properties":{"cat":"transporte"},"geometry":{"type":"Point","coordinates":[2.1818515,41.3864765]}},{"type":"Feature","properties":{"cat":"transporte"},"geometry":{"type":"Point","coordinates":[2.1821276,41.3883559]}},{"type":"Feature","properties":{"cat":"transporte"},"geometry":{"type":"Point","coordinates":[2.1775828,41.3861389]}},{"type":"Feature","properties":{"cat":"transporte"},"geometry":{"type":"Point","coordinates":[2.176228,41.3759983]}},{"type":"Feature","properties":{"cat":"transporte"},"geometry":{"type":"Point","coordinates":[2.1729743,41.3766504]}},{"type":"Feature","properties":{"cat":"transporte"},"geometry":{"type":"Point","coordinates":[2.1664346,41.3804691]}},{"type":"Feature","properties":{"cat":"transporte"},"geometry":{"type":"Point","coordinates":[2.1637324,41.3803421]}},{"type":"Feature","properties":{"cat":"transporte"},"geometry":{"type":"Point","coordinates":[2.1668157,41.3840365]}},{"type":"Feature","properties":{"cat":"transporte"},"geometry":{"type":"Point","coordinates":[2.1667238,41.3717408]}},{"type":"Feature","properties":{"cat":"transporte"},"geometry":{"type":"Point","coordinates":[2.1648692,41.3725822]}},{"type":"Feature","properties":{"cat":"transporte"},"geometry":{"type":"Point","coordinates":[2.1635514,41.3715511]}},{"type":"Feature","properties":{"cat":"transporte"},"geometry":{"type":"Point","coordinates":[2.1569065,41.373011]}},{"type":"Feature","properties":{"cat":"transporte"},"geometry":{"type":"Point","coordinates":[2.1582549,41.3743159]}},{"type":"Feature","properties":{"cat":"transporte"},"geometry":{"type":"Point","coordinates":[2.1613501,41.3772972]}},{"type":"Feature","properties":{"cat":"transporte"},"geometry":{"type":"Point","coordinates":[2.167255,41.3719212]}},{"type":"Feature","properties":{"cat":"transporte"},"geometry":{"type":"Point","coordinates":[2.1704863,41.3728687]}},{"type":"Feature","properties":{"cat":"transporte"},"geometry":{"type":"Point","coordinates":[2.1728668,41.3729511]}},{"type":"Feature","properties":{"cat":"transporte"},"geometry":{"type":"Point","coordinates":[2.1714059,41.3733848]}},{"type":"Feature","properties":{"cat":"transporte"},"geometry":{"type":"Point","coordinates":[2.1696949,41.3738883]}},{"type":"Feature","properties":{"cat":"transporte"},"geometry":{"type":"Point","coordinates":[2.1695604,41.3744657]}},{"type":"Feature","properties":{"cat":"transporte"},"geometry":{"type":"Point","coordinates":[2.1165507,41.3862717]}},{"type":"Feature","properties":{"cat":"transporte"},"geometry":{"type":"Point","coordinates":[2.1449549,41.4271228]}},{"type":"Feature","properties":{"cat":"transporte"},"geometry":{"type":"Point","coordinates":[2.1889233,41.3761653]}},{"type":"Feature","properties":{"cat":"transporte"},"geometry":{"type":"Point","coordinates":[2.1676226,41.4321256]}},{"type":"Feature","properties":{"cat":"transporte"},"geometry":{"type":"Point","coordinates":[2.1691339,41.4317162]}},{"type":"Feature","properties":{"cat":"transporte"},"geometry":{"type":"Point","coordinates":[2.1667079,41.4310356]}},{"type":"Feature","properties":{"cat":"transporte"},"geometry":{"type":"Point","coordinates":[2.1642473,41.4316134]}},{"type":"Feature","properties":{"cat":"transporte"},"geometry":{"type":"Point","coordinates":[2.1726014,41.4277006]}},{"type":"Feature","properties":{"cat":"transporte"},"geometry":{"type":"Point","coordinates":[2.168521,41.4287027]}},{"type":"Feature","properties":{"cat":"transporte"},"geometry":{"type":"Point","coordinates":[2.1691586,41.430168]}},{"type":"Feature","properties":{"cat":"transporte"},"geometry":{"type":"Point","coordinates":[2.1704951,41.4322921]}},{"type":"Feature","properties":{"cat":"transporte"},"geometry":{"type":"Point","coordinates":[2.170244,41.4334588]}},{"type":"Feature","properties":{"cat":"transporte"},"geometry":{"type":"Point","coordinates":[2.170358,41.4342069]}},{"type":"Feature","properties":{"cat":"transporte"},"geometry":{"type":"Point","coordinates":[2.1717423,41.4341772]}},{"type":"Feature","properties":{"cat":"transporte"},"geometry":{"type":"Point","coordinates":[2.170923,41.4347295]}},{"type":"Feature","properties":{"cat":"transporte"},"geometry":{"type":"Point","coordinates":[2.1676041,41.4353562]}},{"type":"Feature","properties":{"cat":"transporte"},"geometry":{"type":"Point","coordinates":[2.1656829,41.4358652]}},{"type":"Feature","properties":{"cat":"transporte"},"geometry":{"type":"Point","coordinates":[2.1639516,41.4402617]}},{"type":"Feature","properties":{"cat":"transporte"},"geometry":{"type":"Point","coordinates":[2.1664247,41.4351365]}},{"type":"Feature","properties":{"cat":"transporte"},"geometry":{"type":"Point","coordinates":[2.1682857,41.4340785]}},{"type":"Feature","properties":{"cat":"transporte"},"geometry":{"type":"Point","coordinates":[2.1545059,41.4400975]}},{"type":"Feature","properties":{"cat":"transporte"},"geometry":{"type":"Point","coordinates":[2.1382965,41.3648823]}},{"type":"Feature","properties":{"cat":"transporte"},"geometry":{"type":"Point","coordinates":[2.1362177,41.3594794]}},{"type":"Feature","properties":{"cat":"transporte"},"geometry":{"type":"Point","coordinates":[2.1351755,41.356091]}},{"type":"Feature","properties":{"cat":"transporte"},"geometry":{"type":"Point","coordinates":[2.1344205,41.353281]}},{"type":"Feature","properties":{"cat":"transporte"},"geometry":{"type":"Point","coordinates":[2.1391346,41.3526255]}},{"type":"Feature","properties":{"cat":"transporte"},"geometry":{"type":"Point","coordinates":[2.1446084,41.356341]}},{"type":"Feature","properties":{"cat":"transporte"},"geometry":{"type":"Point","coordinates":[2.143765,41.3574455]}},{"type":"Feature","properties":{"cat":"transporte"},"geometry":{"type":"Point","coordinates":[2.14547,41.363199]}},{"type":"Feature","properties":{"cat":"transporte"},"geometry":{"type":"Point","coordinates":[2.1424154,41.3598253]}},{"type":"Feature","properties":{"cat":"transporte"},"geometry":{"type":"Point","coordinates":[2.1395347,41.3622798]}},{"type":"Feature","properties":{"cat":"transporte"},"geometry":{"type":"Point","coordinates":[2.1761236,41.4281268]}},{"type":"Feature","properties":{"cat":"transporte"},"geometry":{"type":"Point","coordinates":[2.186126,41.4229024]}},{"type":"Feature","properties":{"cat":"transporte"},"geometry":{"type":"Point","coordinates":[2.1914697,41.4358008]}},{"type":"Feature","properties":{"cat":"transporte"},"geometry":{"type":"Point","coordinates":[2.1901634,41.4498558]}},{"type":"Feature","properties":{"cat":"transporte"},"geometry":{"type":"Point","coordinates":[2.1733104,41.4453964]}},{"type":"Feature","properties":{"cat":"transporte"},"geometry":{"type":"Point","coordinates":[2.1710045,41.4451644]}},{"type":"Feature","properties":{"cat":"transporte"},"geometry":{"type":"Point","coordinates":[2.1714575,41.4471038]}},{"type":"Feature","properties":{"cat":"transporte"},"geometry":{"type":"Point","coordinates":[2.173271,41.4477676]}},{"type":"Feature","properties":{"cat":"transporte"},"geometry":{"type":"Point","coordinates":[2.1736642,41.4484499]}},{"type":"Feature","properties":{"cat":"transporte"},"geometry":{"type":"Point","coordinates":[2.1745376,41.4491488]}},{"type":"Feature","properties":{"cat":"transporte"},"geometry":{"type":"Point","coordinates":[2.1751858,41.4494512]}},{"type":"Feature","properties":{"cat":"transporte"},"geometry":{"type":"Point","coordinates":[2.1764027,41.4498487]}},{"type":"Feature","properties":{"cat":"transporte"},"geometry":{"type":"Point","coordinates":[2.1777013,41.4493173]}},{"type":"Feature","properties":{"cat":"transporte"},"geometry":{"type":"Point","coordinates":[2.1766799,41.4464215]}},{"type":"Feature","properties":{"cat":"transporte"},"geometry":{"type":"Point","coordinates":[2.179111,41.4462211]}},{"type":"Feature","properties":{"cat":"transporte"},"geometry":{"type":"Point","coordinates":[2.185155,41.4469551]}},{"type":"Feature","properties":{"cat":"transporte"},"geometry":{"type":"Point","coordinates":[2.1493342,41.4205313]}},{"type":"Feature","properties":{"cat":"transporte"},"geometry":{"type":"Point","coordinates":[2.1512975,41.4217324]}},{"type":"Feature","properties":{"cat":"transporte"},"geometry":{"type":"Point","coordinates":[2.1525821,41.4224134]}},{"type":"Feature","properties":{"cat":"transporte"},"geometry":{"type":"Point","coordinates":[2.155339,41.4239348]}},{"type":"Feature","properties":{"cat":"transporte"},"geometry":{"type":"Point","coordinates":[2.1529991,41.4328853]}},{"type":"Feature","properties":{"cat":"transporte"},"geometry":{"type":"Point","coordinates":[2.1571391,41.4297265]}},{"type":"Feature","properties":{"cat":"transporte"},"geometry":{"type":"Point","coordinates":[2.1601629,41.4297448]}},{"type":"Feature","properties":{"cat":"transporte"},"geometry":{"type":"Point","coordinates":[2.1852936,41.3851526]}},{"type":"Feature","properties":{"cat":"transporte"},"geometry":{"type":"Point","coordinates":[2.1026579,41.4152225]}},{"type":"Feature","properties":{"cat":"transporte"},"geometry":{"type":"Point","coordinates":[2.1039593,41.4139979]}},{"type":"Feature","properties":{"cat":"transporte"},"geometry":{"type":"Point","coordinates":[2.1008616,41.4281397]}},{"type":"Feature","properties":{"cat":"transporte"},"geometry":{"type":"Point","coordinates":[2.1006883,41.4294185]}},{"type":"Feature","properties":{"cat":"transporte"},"geometry":{"type":"Point","coordinates":[2.1008121,41.4294612]}},{"type":"Feature","properties":{"cat":"transporte"},"geometry":{"type":"Point","coordinates":[2.1009094,41.4282414]}},{"type":"Feature","properties":{"cat":"transporte"},"geometry":{"type":"Point","coordinates":[2.1037239,41.4140298]}},{"type":"Feature","properties":{"cat":"transporte"},"geometry":{"type":"Point","coordinates":[2.1028525,41.4149534]}},{"type":"Feature","properties":{"cat":"transporte"},"geometry":{"type":"Point","coordinates":[2.1012709,41.41678]}},{"type":"Feature","properties":{"cat":"transporte"},"geometry":{"type":"Point","coordinates":[2.1474881,41.4097465]}},{"type":"Feature","properties":{"cat":"transporte"},"geometry":{"type":"Point","coordinates":[2.1428758,41.4133766]}},{"type":"Feature","properties":{"cat":"transporte"},"geometry":{"type":"Point","coordinates":[2.1422194,41.4155008]}},{"type":"Feature","properties":{"cat":"transporte"},"geometry":{"type":"Point","coordinates":[2.1409086,41.4181064]}},{"type":"Feature","properties":{"cat":"transporte"},"geometry":{"type":"Point","coordinates":[2.1715607,41.446649]}},{"type":"Feature","properties":{"cat":"transporte"},"geometry":{"type":"Point","coordinates":[2.1946183,41.3831894]}},{"type":"Feature","properties":{"cat":"transporte"},"geometry":{"type":"Point","coordinates":[2.1964569,41.3858338]}},{"type":"Feature","properties":{"cat":"transporte"},"geometry":{"type":"Point","coordinates":[2.1310043,41.3734876]}},{"type":"Feature","properties":{"cat":"transporte"},"geometry":{"type":"Point","coordinates":[2.1331502,41.4037651]}},{"type":"Feature","properties":{"cat":"transporte"},"geometry":{"type":"Point","coordinates":[2.1586941,41.4231162]}},{"type":"Feature","properties":{"cat":"transporte"},"geometry":{"type":"Point","coordinates":[2.1592245,41.4215179]}},{"type":"Feature","properties":{"cat":"transporte"},"geometry":{"type":"Point","coordinates":[2.1620274,41.4224248]}},{"type":"Feature","properties":{"cat":"transporte"},"geometry":{"type":"Point","coordinates":[2.142681,41.418206]}},{"type":"Feature","properties":{"cat":"transporte"},"geometry":{"type":"Point","coordinates":[2.1443765,41.4164075]}},{"type":"Feature","properties":{"cat":"transporte"},"geometry":{"type":"Point","coordinates":[2.1452752,41.4153081]}},{"type":"Feature","properties":{"cat":"transporte"},"geometry":{"type":"Point","coordinates":[2.1452259,41.4136369]}},{"type":"Feature","properties":{"cat":"transporte"},"geometry":{"type":"Point","coordinates":[2.1493228,41.4180443]}},{"type":"Feature","properties":{"cat":"transporte"},"geometry":{"type":"Point","coordinates":[2.1499852,41.4185002]}},{"type":"Feature","properties":{"cat":"transporte"},"geometry":{"type":"Point","coordinates":[2.1500934,41.4177218]}},{"type":"Feature","properties":{"cat":"transporte"},"geometry":{"type":"Point","coordinates":[2.1509642,41.4189863]}},{"type":"Feature","properties":{"cat":"transporte"},"geometry":{"type":"Point","coordinates":[2.1444104,41.4143795]}},{"type":"Feature","properties":{"cat":"transporte"},"geometry":{"type":"Point","coordinates":[2.1426301,41.4157673]}},{"type":"Feature","properties":{"cat":"transporte"},"geometry":{"type":"Point","coordinates":[2.1430976,41.4139797]}},{"type":"Feature","properties":{"cat":"transporte"},"geometry":{"type":"Point","coordinates":[2.1408393,41.4133546]}},{"type":"Feature","properties":{"cat":"transporte"},"geometry":{"type":"Point","coordinates":[2.1419975,41.4156485]}},{"type":"Feature","properties":{"cat":"transporte"},"geometry":{"type":"Point","coordinates":[2.1133227,41.4006557]}},{"type":"Feature","properties":{"cat":"transporte"},"geometry":{"type":"Point","coordinates":[2.1451894,41.4089062]}},{"type":"Feature","properties":{"cat":"transporte"},"geometry":{"type":"Point","coordinates":[2.1439582,41.4100987]}},{"type":"Feature","properties":{"cat":"transporte"},"geometry":{"type":"Point","coordinates":[2.142701,41.4108007]}},{"type":"Feature","properties":{"cat":"transporte"},"geometry":{"type":"Point","coordinates":[2.1410723,41.4114493]}},{"type":"Feature","properties":{"cat":"transporte"},"geometry":{"type":"Point","coordinates":[2.1384256,41.4153709]}},{"type":"Feature","properties":{"cat":"transporte"},"geometry":{"type":"Point","coordinates":[2.1400391,41.4151594]}},{"type":"Feature","properties":{"cat":"transporte"},"geometry":{"type":"Point","coordinates":[2.1390952,41.4152808]}},{"type":"Feature","properties":{"cat":"transporte"},"geometry":{"type":"Point","coordinates":[2.1400935,41.4101666]}},{"type":"Feature","properties":{"cat":"transporte"},"geometry":{"type":"Point","coordinates":[2.141329,41.4098652]}},{"type":"Feature","properties":{"cat":"transporte"},"geometry":{"type":"Point","coordinates":[2.1407045,41.4106687]}},{"type":"Feature","properties":{"cat":"transporte"},"geometry":{"type":"Point","coordinates":[2.1388182,41.4111007]}},{"type":"Feature","properties":{"cat":"transporte"},"geometry":{"type":"Point","coordinates":[2.1437536,41.405659]}},{"type":"Feature","properties":{"cat":"transporte"},"geometry":{"type":"Point","coordinates":[2.143928,41.4063949]}},{"type":"Feature","properties":{"cat":"transporte"},"geometry":{"type":"Point","coordinates":[2.1451799,41.4079048]}},{"type":"Feature","properties":{"cat":"transporte"},"geometry":{"type":"Point","coordinates":[2.1463352,41.4073283]}},{"type":"Feature","properties":{"cat":"transporte"},"geometry":{"type":"Point","coordinates":[2.2173008,41.4183515]}},{"type":"Feature","properties":{"cat":"transporte"},"geometry":{"type":"Point","coordinates":[2.132595,41.4283661]}},{"type":"Feature","properties":{"cat":"transporte"},"geometry":{"type":"Point","coordinates":[2.1312837,41.428041]}},{"type":"Feature","properties":{"cat":"transporte"},"geometry":{"type":"Point","coordinates":[2.1296213,41.4283985]}},{"type":"Feature","properties":{"cat":"transporte"},"geometry":{"type":"Point","coordinates":[2.131232,41.4281124]}},{"type":"Feature","properties":{"cat":"transporte"},"geometry":{"type":"Point","coordinates":[2.1328482,41.4283775]}},{"type":"Feature","properties":{"cat":"transporte"},"geometry":{"type":"Point","coordinates":[2.1347952,41.4275371]}},{"type":"Feature","properties":{"cat":"transporte"},"geometry":{"type":"Point","coordinates":[2.1349336,41.4267555]}},{"type":"Feature","properties":{"cat":"transporte"},"geometry":{"type":"Point","coordinates":[2.1338962,41.4271349]}},{"type":"Feature","properties":{"cat":"transporte"},"geometry":{"type":"Point","coordinates":[2.1320571,41.4274949]}},{"type":"Feature","properties":{"cat":"transporte"},"geometry":{"type":"Point","coordinates":[2.1299186,41.4277627]}},{"type":"Feature","properties":{"cat":"transporte"},"geometry":{"type":"Point","coordinates":[2.1287372,41.4280019]}},{"type":"Feature","properties":{"cat":"transporte"},"geometry":{"type":"Point","coordinates":[2.1286403,41.4293123]}},{"type":"Feature","properties":{"cat":"transporte"},"geometry":{"type":"Point","coordinates":[2.1308565,41.4286348]}},{"type":"Feature","properties":{"cat":"transporte"},"geometry":{"type":"Point","coordinates":[2.1320016,41.4290588]}},{"type":"Feature","properties":{"cat":"transporte"},"geometry":{"type":"Point","coordinates":[2.1330907,41.4296963]}},{"type":"Feature","properties":{"cat":"transporte"},"geometry":{"type":"Point","coordinates":[2.1345612,41.4288977]}},{"type":"Feature","properties":{"cat":"transporte"},"geometry":{"type":"Point","coordinates":[2.1354637,41.4269927]}},{"type":"Feature","properties":{"cat":"transporte"},"geometry":{"type":"Point","coordinates":[2.1362747,41.425874]}},{"type":"Feature","properties":{"cat":"transporte"},"geometry":{"type":"Point","coordinates":[2.1383619,41.4248443]}},{"type":"Feature","properties":{"cat":"transporte"},"geometry":{"type":"Point","coordinates":[2.1505155,41.4262828]}},{"type":"Feature","properties":{"cat":"transporte"},"geometry":{"type":"Point","coordinates":[2.1538264,41.427586]}},{"type":"Feature","properties":{"cat":"transporte"},"geometry":{"type":"Point","coordinates":[2.1574892,41.4292394]}},{"type":"Feature","properties":{"cat":"transporte"},"geometry":{"type":"Point","coordinates":[2.1625098,41.4300303]}},{"type":"Feature","properties":{"cat":"transporte"},"geometry":{"type":"Point","coordinates":[2.1629926,41.432747]}},{"type":"Feature","properties":{"cat":"transporte"},"geometry":{"type":"Point","coordinates":[2.1616648,41.4337978]}},{"type":"Feature","properties":{"cat":"transporte"},"geometry":{"type":"Point","coordinates":[2.1598367,41.4338549]}},{"type":"Feature","properties":{"cat":"transporte"},"geometry":{"type":"Point","coordinates":[2.159716,41.4367375]}},{"type":"Feature","properties":{"cat":"transporte"},"geometry":{"type":"Point","coordinates":[2.1559419,41.4374635]}},{"type":"Feature","properties":{"cat":"transporte"},"geometry":{"type":"Point","coordinates":[2.1539902,41.4365266]}},{"type":"Feature","properties":{"cat":"transporte"},"geometry":{"type":"Point","coordinates":[2.150953,41.4400939]}},{"type":"Feature","properties":{"cat":"transporte"},"geometry":{"type":"Point","coordinates":[2.1553542,41.4405221]}},{"type":"Feature","properties":{"cat":"transporte"},"geometry":{"type":"Point","coordinates":[2.1658168,41.4415623]}},{"type":"Feature","properties":{"cat":"transporte"},"geometry":{"type":"Point","coordinates":[2.1598429,41.4385911]}},{"type":"Feature","properties":{"cat":"transporte"},"geometry":{"type":"Point","coordinates":[2.1615175,41.4376253]}},{"type":"Feature","properties":{"cat":"transporte"},"geometry":{"type":"Point","coordinates":[2.1630699,41.4362015]}},{"type":"Feature","properties":{"cat":"transporte"},"geometry":{"type":"Point","coordinates":[2.1608926,41.4369659]}},{"type":"Feature","properties":{"cat":"transporte"},"geometry":{"type":"Point","coordinates":[2.1559167,41.4341738]}},{"type":"Feature","properties":{"cat":"transporte"},"geometry":{"type":"Point","coordinates":[2.1580765,41.4329143]}},{"type":"Feature","properties":{"cat":"transporte"},"geometry":{"type":"Point","coordinates":[2.1609137,41.4306761]}},{"type":"Feature","properties":{"cat":"transporte"},"geometry":{"type":"Point","coordinates":[2.1500737,41.4257283]}},{"type":"Feature","properties":{"cat":"transporte"},"geometry":{"type":"Point","coordinates":[2.147918,41.4245642]}},{"type":"Feature","properties":{"cat":"transporte"},"geometry":{"type":"Point","coordinates":[2.1439895,41.4271633]}},{"type":"Feature","properties":{"cat":"transporte"},"geometry":{"type":"Point","coordinates":[2.1347876,41.4274716]}},{"type":"Feature","properties":{"cat":"transporte"},"geometry":{"type":"Point","coordinates":[2.1835825,41.4214476]}},{"type":"Feature","properties":{"cat":"transporte"},"geometry":{"type":"Point","coordinates":[2.1813966,41.4198142]}},{"type":"Feature","properties":{"cat":"transporte"},"geometry":{"type":"Point","coordinates":[2.1774265,41.4138959]}},{"type":"Feature","properties":{"cat":"transporte"},"geometry":{"type":"Point","coordinates":[2.1757704,41.4151468]}},{"type":"Feature","properties":{"cat":"transporte"},"geometry":{"type":"Point","coordinates":[2.1721795,41.4128994]}},{"type":"Feature","properties":{"cat":"transporte"},"geometry":{"type":"Point","coordinates":[2.1733733,41.4150433]}},{"type":"Feature","properties":{"cat":"transporte"},"geometry":{"type":"Point","coordinates":[2.1817398,41.4184781]}},{"type":"Feature","properties":{"cat":"transporte"},"geometry":{"type":"Point","coordinates":[2.1838595,41.4205575]}},{"type":"Feature","properties":{"cat":"transporte"},"geometry":{"type":"Point","coordinates":[2.1838324,41.4220936]}},{"type":"Feature","properties":{"cat":"transporte"},"geometry":{"type":"Point","coordinates":[2.1814916,41.426237]}},{"type":"Feature","properties":{"cat":"transporte"},"geometry":{"type":"Point","coordinates":[2.1988431,41.4003826]}},{"type":"Feature","properties":{"cat":"transporte"},"geometry":{"type":"Point","coordinates":[2.2024837,41.4035749]}},{"type":"Feature","properties":{"cat":"transporte"},"geometry":{"type":"Point","coordinates":[2.2002711,41.4051777]}},{"type":"Feature","properties":{"cat":"transporte"},"geometry":{"type":"Point","coordinates":[2.1966601,41.4079007]}},{"type":"Feature","properties":{"cat":"transporte"},"geometry":{"type":"Point","coordinates":[2.1938986,41.4099141]}},{"type":"Feature","properties":{"cat":"transporte"},"geometry":{"type":"Point","coordinates":[2.191955,41.4113874]}},{"type":"Feature","properties":{"cat":"transporte"},"geometry":{"type":"Point","coordinates":[2.1893427,41.4133649]}},{"type":"Feature","properties":{"cat":"transporte"},"geometry":{"type":"Point","coordinates":[2.1874881,41.4147842]}},{"type":"Feature","properties":{"cat":"transporte"},"geometry":{"type":"Point","coordinates":[2.1731873,41.414893]}},{"type":"Feature","properties":{"cat":"transporte"},"geometry":{"type":"Point","coordinates":[2.1260549,41.4123274]}},{"type":"Feature","properties":{"cat":"transporte"},"geometry":{"type":"Point","coordinates":[2.1294073,41.4154102]}},{"type":"Feature","properties":{"cat":"transporte"},"geometry":{"type":"Point","coordinates":[2.1308019,41.4164446]}},{"type":"Feature","properties":{"cat":"transporte"},"geometry":{"type":"Point","coordinates":[2.1296493,41.415524]}},{"type":"Feature","properties":{"cat":"transporte"},"geometry":{"type":"Point","coordinates":[2.1312109,41.4154138]}},{"type":"Feature","properties":{"cat":"transporte"},"geometry":{"type":"Point","coordinates":[2.1365482,41.4109916]}},{"type":"Feature","properties":{"cat":"transporte"},"geometry":{"type":"Point","coordinates":[2.152318,41.4243198]}},{"type":"Feature","properties":{"cat":"transporte"},"geometry":{"type":"Point","coordinates":[2.1547215,41.4232757]}},{"type":"Feature","properties":{"cat":"transporte"},"geometry":{"type":"Point","coordinates":[2.1555016,41.4215759]}},{"type":"Feature","properties":{"cat":"transporte"},"geometry":{"type":"Point","coordinates":[2.1540232,41.3989231]}},{"type":"Feature","properties":{"cat":"transporte"},"geometry":{"type":"Point","coordinates":[2.1499563,41.4085716]}},{"type":"Feature","properties":{"cat":"transporte"},"geometry":{"type":"Point","coordinates":[2.148095,41.4104696]}},{"type":"Feature","properties":{"cat":"transporte"},"geometry":{"type":"Point","coordinates":[2.1468267,41.4119122]}},{"type":"Feature","properties":{"cat":"transporte"},"geometry":{"type":"Point","coordinates":[2.1468731,41.4131869]}},{"type":"Feature","properties":{"cat":"transporte"},"geometry":{"type":"Point","coordinates":[2.1474332,41.4143509]}},{"type":"Feature","properties":{"cat":"transporte"},"geometry":{"type":"Point","coordinates":[2.1621376,41.4294041]}},{"type":"Feature","properties":{"cat":"transporte"},"geometry":{"type":"Point","coordinates":[2.1591807,41.4295196]}},{"type":"Feature","properties":{"cat":"transporte"},"geometry":{"type":"Point","coordinates":[2.1510384,41.4228309]}},{"type":"Feature","properties":{"cat":"transporte"},"geometry":{"type":"Point","coordinates":[2.1495776,41.420668]}},{"type":"Feature","properties":{"cat":"transporte"},"geometry":{"type":"Point","coordinates":[2.1501073,41.4195825]}},{"type":"Feature","properties":{"cat":"transporte"},"geometry":{"type":"Point","coordinates":[2.1490478,41.4181472]}},{"type":"Feature","properties":{"cat":"transporte"},"geometry":{"type":"Point","coordinates":[2.1482911,41.4167884]}},{"type":"Feature","properties":{"cat":"transporte"},"geometry":{"type":"Point","coordinates":[2.1476441,41.4150626]}},{"type":"Feature","properties":{"cat":"transporte"},"geometry":{"type":"Point","coordinates":[2.1467625,41.413465]}},{"type":"Feature","properties":{"cat":"transporte"},"geometry":{"type":"Point","coordinates":[2.1464385,41.4118286]}},{"type":"Feature","properties":{"cat":"transporte"},"geometry":{"type":"Point","coordinates":[2.1470064,41.410369]}},{"type":"Feature","properties":{"cat":"transporte"},"geometry":{"type":"Point","coordinates":[2.1489938,41.4085542]}},{"type":"Feature","properties":{"cat":"transporte"},"geometry":{"type":"Point","coordinates":[2.1717843,41.4236795]}},{"type":"Feature","properties":{"cat":"transporte"},"geometry":{"type":"Point","coordinates":[2.1696105,41.4259749]}},{"type":"Feature","properties":{"cat":"transporte"},"geometry":{"type":"Point","coordinates":[2.1621566,41.4238675]}},{"type":"Feature","properties":{"cat":"transporte"},"geometry":{"type":"Point","coordinates":[2.158593,41.4231013]}},{"type":"Feature","properties":{"cat":"transporte"},"geometry":{"type":"Point","coordinates":[2.1577659,41.4246886]}},{"type":"Feature","properties":{"cat":"transporte"},"geometry":{"type":"Point","coordinates":[2.1543149,41.4049466]}},{"type":"Feature","properties":{"cat":"transporte"},"geometry":{"type":"Point","coordinates":[2.1566799,41.4064807]}},{"type":"Feature","properties":{"cat":"transporte"},"geometry":{"type":"Point","coordinates":[2.1635732,41.4103561]}},{"type":"Feature","properties":{"cat":"transporte"},"geometry":{"type":"Point","coordinates":[2.1754888,41.4392077]}},{"type":"Feature","properties":{"cat":"transporte"},"geometry":{"type":"Point","coordinates":[2.1620913,41.3964927]}},{"type":"Feature","properties":{"cat":"transporte"},"geometry":{"type":"Point","coordinates":[2.1610144,41.3986883]}},{"type":"Feature","properties":{"cat":"transporte"},"geometry":{"type":"Point","coordinates":[2.1001886,41.3846782]}},{"type":"Feature","properties":{"cat":"transporte"},"geometry":{"type":"Point","coordinates":[2.1682772,41.3894431]}},{"type":"Feature","properties":{"cat":"transporte"},"geometry":{"type":"Point","coordinates":[2.1012668,41.3836136]}},{"type":"Feature","properties":{"cat":"transporte"},"geometry":{"type":"Point","coordinates":[2.1012902,41.3733164]}},{"type":"Feature","properties":{"cat":"transporte"},"geometry":{"type":"Point","coordinates":[2.1002611,41.3705317]}},{"type":"Feature","properties":{"cat":"transporte"},"geometry":{"type":"Point","coordinates":[2.1714483,41.3625039]}},{"type":"Feature","properties":{"cat":"transporte"},"geometry":{"type":"Point","coordinates":[2.1728447,41.3643102]}},{"type":"Feature","properties":{"cat":"transporte"},"geometry":{"type":"Point","coordinates":[2.1749773,41.3690755]}},{"type":"Feature","properties":{"cat":"transporte"},"geometry":{"type":"Point","coordinates":[2.1765059,41.3725777]}},{"type":"Feature","properties":{"cat":"transporte"},"geometry":{"type":"Point","coordinates":[2.1769695,41.372926]}},{"type":"Feature","properties":{"cat":"transporte"},"geometry":{"type":"Point","coordinates":[2.1751058,41.3690045]}},{"type":"Feature","properties":{"cat":"transporte"},"geometry":{"type":"Point","coordinates":[2.1728922,41.3642361]}},{"type":"Feature","properties":{"cat":"transporte"},"geometry":{"type":"Point","coordinates":[2.1679391,41.3601981]}},{"type":"Feature","properties":{"cat":"transporte"},"geometry":{"type":"Point","coordinates":[2.1666024,41.3586733]}},{"type":"Feature","properties":{"cat":"transporte"},"geometry":{"type":"Point","coordinates":[2.1481504,41.3451943]}},{"type":"Feature","properties":{"cat":"transporte"},"geometry":{"type":"Point","coordinates":[2.1450778,41.3402221]}},{"type":"Feature","properties":{"cat":"transporte"},"geometry":{"type":"Point","coordinates":[2.145159,41.3406651]}},{"type":"Feature","properties":{"cat":"transporte"},"geometry":{"type":"Point","coordinates":[2.1481167,41.3453981]}},{"type":"Feature","properties":{"cat":"transporte"},"geometry":{"type":"Point","coordinates":[2.1582696,41.3485853]}},{"type":"Feature","properties":{"cat":"transporte"},"geometry":{"type":"Point","coordinates":[2.1552489,41.3473811]}},{"type":"Feature","properties":{"cat":"transporte"},"geometry":{"type":"Point","coordinates":[2.1578546,41.350856]}},{"type":"Feature","properties":{"cat":"transporte"},"geometry":{"type":"Point","coordinates":[2.1661968,41.3584302]}},{"type":"Feature","properties":{"cat":"transporte"},"geometry":{"type":"Point","coordinates":[2.1322429,41.3652581]}},{"type":"Feature","properties":{"cat":"transporte"},"geometry":{"type":"Point","coordinates":[2.1385895,41.3794553]}},{"type":"Feature","properties":{"cat":"transporte"},"geometry":{"type":"Point","coordinates":[2.1218061,41.3767852]}},{"type":"Feature","properties":{"cat":"transporte"},"geometry":{"type":"Point","coordinates":[2.1214555,41.3772212]}},{"type":"Feature","properties":{"cat":"transporte"},"geometry":{"type":"Point","coordinates":[2.139834,41.4150806]}},{"type":"Feature","properties":{"cat":"transporte"},"geometry":{"type":"Point","coordinates":[2.1405333,41.4138744]}},{"type":"Feature","properties":{"cat":"transporte"},"geometry":{"type":"Point","coordinates":[2.1332857,41.4122216]}},{"type":"Feature","properties":{"cat":"transporte"},"geometry":{"type":"Point","coordinates":[2.1329495,41.4112514]}},{"type":"Feature","properties":{"cat":"transporte"},"geometry":{"type":"Point","coordinates":[2.1365549,41.4103069]}},{"type":"Feature","properties":{"cat":"transporte"},"geometry":{"type":"Point","coordinates":[2.1263187,41.4092005]}},{"type":"Feature","properties":{"cat":"transporte"},"geometry":{"type":"Point","coordinates":[2.128076,41.4083241]}},{"type":"Feature","properties":{"cat":"transporte"},"geometry":{"type":"Point","coordinates":[2.1263688,41.4068285]}},{"type":"Feature","properties":{"cat":"transporte"},"geometry":{"type":"Point","coordinates":[2.1245257,41.4054146]}},{"type":"Feature","properties":{"cat":"transporte"},"geometry":{"type":"Point","coordinates":[2.1264552,41.4039632]}},{"type":"Feature","properties":{"cat":"transporte"},"geometry":{"type":"Point","coordinates":[2.1285795,41.4050577]}},{"type":"Feature","properties":{"cat":"transporte"},"geometry":{"type":"Point","coordinates":[2.1351572,41.4093749]}},{"type":"Feature","properties":{"cat":"transporte"},"geometry":{"type":"Point","coordinates":[2.13284,41.4097298]}},{"type":"Feature","properties":{"cat":"transporte"},"geometry":{"type":"Point","coordinates":[2.1316826,41.4104873]}},{"type":"Feature","properties":{"cat":"transporte"},"geometry":{"type":"Point","coordinates":[2.1292909,41.4116076]}},{"type":"Feature","properties":{"cat":"transporte"},"geometry":{"type":"Point","coordinates":[2.1313147,41.4179037]}},{"type":"Feature","properties":{"cat":"transporte"},"geometry":{"type":"Point","coordinates":[2.1328889,41.4176752]}},{"type":"Feature","properties":{"cat":"transporte"},"geometry":{"type":"Point","coordinates":[2.1346495,41.4166042]}},{"type":"Feature","properties":{"cat":"transporte"},"geometry":{"type":"Point","coordinates":[2.1339739,41.4182744]}},{"type":"Feature","properties":{"cat":"transporte"},"geometry":{"type":"Point","coordinates":[2.134982,41.4172521]}},{"type":"Feature","properties":{"cat":"transporte"},"geometry":{"type":"Point","coordinates":[2.1361431,41.4162227]}},{"type":"Feature","properties":{"cat":"transporte"},"geometry":{"type":"Point","coordinates":[2.137653,41.4175921]}},{"type":"Feature","properties":{"cat":"transporte"},"geometry":{"type":"Point","coordinates":[2.1365901,41.4183745]}},{"type":"Feature","properties":{"cat":"transporte"},"geometry":{"type":"Point","coordinates":[2.1336236,41.4197051]}},{"type":"Feature","properties":{"cat":"transporte"},"geometry":{"type":"Point","coordinates":[2.1340148,41.419037]}},{"type":"Feature","properties":{"cat":"transporte"},"geometry":{"type":"Point","coordinates":[2.1321231,41.4185343]}},{"type":"Feature","properties":{"cat":"transporte"},"geometry":{"type":"Point","coordinates":[2.1308189,41.4182436]}},{"type":"Feature","properties":{"cat":"transporte"},"geometry":{"type":"Point","coordinates":[2.109721,41.3501229]}},{"type":"Feature","properties":{"cat":"transporte"},"geometry":{"type":"Point","coordinates":[2.1087822,41.3475399]}},{"type":"Feature","properties":{"cat":"transporte"},"geometry":{"type":"Point","coordinates":[2.1075751,41.3465902]}},{"type":"Feature","properties":{"cat":"transporte"},"geometry":{"type":"Point","coordinates":[2.1094253,41.3442275]}},{"type":"Feature","properties":{"cat":"transporte"},"geometry":{"type":"Point","coordinates":[2.1148547,41.3633049]}},{"type":"Feature","properties":{"cat":"transporte"},"geometry":{"type":"Point","coordinates":[2.116638,41.366937]}},{"type":"Feature","properties":{"cat":"transporte"},"geometry":{"type":"Point","coordinates":[2.1165103,41.3686938]}},{"type":"Feature","properties":{"cat":"transporte"},"geometry":{"type":"Point","coordinates":[2.1168591,41.3675557]}},{"type":"Feature","properties":{"cat":"transporte"},"geometry":{"type":"Point","coordinates":[2.1165943,41.3659718]}},{"type":"Feature","properties":{"cat":"transporte"},"geometry":{"type":"Point","coordinates":[2.114839,41.3632148]}},{"type":"Feature","properties":{"cat":"transporte"},"geometry":{"type":"Point","coordinates":[2.1096028,41.3550583]}},{"type":"Feature","properties":{"cat":"transporte"},"geometry":{"type":"Point","coordinates":[2.10928,41.3570177]}},{"type":"Feature","properties":{"cat":"transporte"},"geometry":{"type":"Point","coordinates":[2.1059393,41.3704258]}},{"type":"Feature","properties":{"cat":"transporte"},"geometry":{"type":"Point","coordinates":[2.1071232,41.3738766]}},{"type":"Feature","properties":{"cat":"transporte"},"geometry":{"type":"Point","coordinates":[2.108975,41.3770851]}},{"type":"Feature","properties":{"cat":"transporte"},"geometry":{"type":"Point","coordinates":[2.1081,41.3815568]}},{"type":"Feature","properties":{"cat":"transporte"},"geometry":{"type":"Point","coordinates":[2.1107735,41.3838478]}},{"type":"Feature","properties":{"cat":"transporte"},"geometry":{"type":"Point","coordinates":[2.1078159,41.3810424]}},{"type":"Feature","properties":{"cat":"transporte"},"geometry":{"type":"Point","coordinates":[2.10881,41.3789268]}},{"type":"Feature","properties":{"cat":"transporte"},"geometry":{"type":"Point","coordinates":[2.1105239,41.3774473]}},{"type":"Feature","properties":{"cat":"transporte"},"geometry":{"type":"Point","coordinates":[2.1082107,41.3741676]}},{"type":"Feature","properties":{"cat":"transporte"},"geometry":{"type":"Point","coordinates":[2.1058222,41.3725215]}},{"type":"Feature","properties":{"cat":"transporte"},"geometry":{"type":"Point","coordinates":[2.1059613,41.3705896]}},{"type":"Feature","properties":{"cat":"transporte"},"geometry":{"type":"Point","coordinates":[2.1087737,41.3579773]}},{"type":"Feature","properties":{"cat":"transporte"},"geometry":{"type":"Point","coordinates":[2.1094961,41.3547148]}},{"type":"Feature","properties":{"cat":"transporte"},"geometry":{"type":"Point","coordinates":[2.1109342,41.3506567]}},{"type":"Feature","properties":{"cat":"transporte"},"geometry":{"type":"Point","coordinates":[2.1077382,41.3697558]}},{"type":"Feature","properties":{"cat":"transporte"},"geometry":{"type":"Point","coordinates":[2.1102557,41.3693056]}},{"type":"Feature","properties":{"cat":"transporte"},"geometry":{"type":"Point","coordinates":[2.116674,41.3690737]}},{"type":"Feature","properties":{"cat":"transporte"},"geometry":{"type":"Point","coordinates":[2.1347581,41.3628697]}},{"type":"Feature","properties":{"cat":"transporte"},"geometry":{"type":"Point","coordinates":[2.1382818,41.3651111]}},{"type":"Feature","properties":{"cat":"transporte"},"geometry":{"type":"Point","coordinates":[2.122147,41.3620601]}},{"type":"Feature","properties":{"cat":"transporte"},"geometry":{"type":"Point","coordinates":[2.1204955,41.364888]}},{"type":"Feature","properties":{"cat":"transporte"},"geometry":{"type":"Point","coordinates":[2.1036233,41.3753602]}},{"type":"Feature","properties":{"cat":"transporte"},"geometry":{"type":"Point","coordinates":[2.1518454,41.37483]}},{"type":"Feature","properties":{"cat":"transporte"},"geometry":{"type":"Point","coordinates":[2.1513532,41.3748485]}},{"type":"Feature","properties":{"cat":"transporte"},"geometry":{"type":"Point","coordinates":[2.1131804,41.384854]}},{"type":"Feature","properties":{"cat":"transporte"},"geometry":{"type":"Point","coordinates":[2.131083,41.3905311]}},{"type":"Feature","properties":{"cat":"transporte"},"geometry":{"type":"Point","coordinates":[2.127614,41.3889742]}},{"type":"Feature","properties":{"cat":"transporte"},"geometry":{"type":"Point","coordinates":[2.1169284,41.3532035]}},{"type":"Feature","properties":{"cat":"transporte"},"geometry":{"type":"Point","coordinates":[2.1172673,41.3566642]}},{"type":"Feature","properties":{"cat":"transporte"},"geometry":{"type":"Point","coordinates":[2.1196301,41.3582711]}},{"type":"Feature","properties":{"cat":"transporte"},"geometry":{"type":"Point","coordinates":[2.118288,41.3601753]}},{"type":"Feature","properties":{"cat":"transporte"},"geometry":{"type":"Point","coordinates":[2.1115347,41.3562587]}},{"type":"Feature","properties":{"cat":"transporte"},"geometry":{"type":"Point","coordinates":[2.1055491,41.3517557]}},{"type":"Feature","properties":{"cat":"transporte"},"geometry":{"type":"Point","coordinates":[2.105075,41.3502928]}},{"type":"Feature","properties":{"cat":"transporte"},"geometry":{"type":"Point","coordinates":[2.1068174,41.3482976]}},{"type":"Feature","properties":{"cat":"transporte"},"geometry":{"type":"Point","coordinates":[2.1114478,41.3431312]}},{"type":"Feature","properties":{"cat":"transporte"},"geometry":{"type":"Point","coordinates":[2.1112999,41.3416643]}},{"type":"Feature","properties":{"cat":"transporte"},"geometry":{"type":"Point","coordinates":[2.1110719,41.3431326]}},{"type":"Feature","properties":{"cat":"transporte"},"geometry":{"type":"Point","coordinates":[2.1146398,41.351752]}},{"type":"Feature","properties":{"cat":"transporte"},"geometry":{"type":"Point","coordinates":[2.1146172,41.353675]}},{"type":"Feature","properties":{"cat":"transporte"},"geometry":{"type":"Point","coordinates":[2.1136599,41.3556338]}},{"type":"Feature","properties":{"cat":"transporte"},"geometry":{"type":"Point","coordinates":[2.1050428,41.3616267]}},{"type":"Feature","properties":{"cat":"transporte"},"geometry":{"type":"Point","coordinates":[2.1010271,41.3663945]}},{"type":"Feature","properties":{"cat":"transporte"},"geometry":{"type":"Point","coordinates":[2.1016432,41.3715556]}},{"type":"Feature","properties":{"cat":"transporte"},"geometry":{"type":"Point","coordinates":[2.1126017,41.3722073]}},{"type":"Feature","properties":{"cat":"transporte"},"geometry":{"type":"Point","coordinates":[2.1155387,41.373067]}},{"type":"Feature","properties":{"cat":"transporte"},"geometry":{"type":"Point","coordinates":[2.115911,41.3752563]}},{"type":"Feature","properties":{"cat":"transporte"},"geometry":{"type":"Point","coordinates":[2.178249,41.3727365]}},{"type":"Feature","properties":{"cat":"transporte"},"geometry":{"type":"Point","coordinates":[2.1317176,41.3662312]}},{"type":"Feature","properties":{"cat":"transporte"},"geometry":{"type":"Point","coordinates":[2.1316417,41.367765]}},{"type":"Feature","properties":{"cat":"transporte"},"geometry":{"type":"Point","coordinates":[2.1009666,41.3635498]}},{"type":"Feature","properties":{"cat":"transporte"},"geometry":{"type":"Point","coordinates":[2.1053232,41.3637867]}},{"type":"Feature","properties":{"cat":"transporte"},"geometry":{"type":"Point","coordinates":[2.1095038,41.3643699]}},{"type":"Feature","properties":{"cat":"transporte"},"geometry":{"type":"Point","coordinates":[2.1140616,41.364787]}},{"type":"Feature","properties":{"cat":"transporte"},"geometry":{"type":"Point","coordinates":[2.1095642,41.3643037]}},{"type":"Feature","properties":{"cat":"transporte"},"geometry":{"type":"Point","coordinates":[2.1057522,41.3636898]}},{"type":"Feature","properties":{"cat":"transporte"},"geometry":{"type":"Point","coordinates":[2.1154078,41.3540138]}},{"type":"Feature","properties":{"cat":"transporte"},"geometry":{"type":"Point","coordinates":[2.1041489,41.3597981]}},{"type":"Feature","properties":{"cat":"transporte"},"geometry":{"type":"Point","coordinates":[2.1113658,41.3564154]}},{"type":"Feature","properties":{"cat":"transporte"},"geometry":{"type":"Point","coordinates":[2.1139586,41.3555859]}},{"type":"Feature","properties":{"cat":"transporte"},"geometry":{"type":"Point","coordinates":[2.1151487,41.3533539]}},{"type":"Feature","properties":{"cat":"transporte"},"geometry":{"type":"Point","coordinates":[2.1149664,41.3514567]}},{"type":"Feature","properties":{"cat":"transporte"},"geometry":{"type":"Point","coordinates":[2.1164361,41.3727215]}},{"type":"Feature","properties":{"cat":"transporte"},"geometry":{"type":"Point","coordinates":[2.1126226,41.3706462]}},{"type":"Feature","properties":{"cat":"transporte"},"geometry":{"type":"Point","coordinates":[2.1107896,41.3696453]}},{"type":"Feature","properties":{"cat":"transporte"},"geometry":{"type":"Point","coordinates":[2.1087321,41.3704523]}},{"type":"Feature","properties":{"cat":"transporte"},"geometry":{"type":"Point","coordinates":[2.1060211,41.372093]}},{"type":"Feature","properties":{"cat":"transporte"},"geometry":{"type":"Point","coordinates":[2.1014567,41.368309]}},{"type":"Feature","properties":{"cat":"transporte"},"geometry":{"type":"Point","coordinates":[2.1292481,41.370485]}},{"type":"Feature","properties":{"cat":"transporte"},"geometry":{"type":"Point","coordinates":[2.1261388,41.3687909]}},{"type":"Feature","properties":{"cat":"transporte"},"geometry":{"type":"Point","coordinates":[2.1160314,41.3755262]}},{"type":"Feature","properties":{"cat":"transporte"},"geometry":{"type":"Point","coordinates":[2.1073861,41.3466011]}},{"type":"Feature","properties":{"cat":"transporte"},"geometry":{"type":"Point","coordinates":[2.1068339,41.3478591]}},{"type":"Feature","properties":{"cat":"transporte"},"geometry":{"type":"Point","coordinates":[2.1046308,41.3504982]}},{"type":"Feature","properties":{"cat":"transporte"},"geometry":{"type":"Point","coordinates":[2.1052067,41.3518067]}},{"type":"Feature","properties":{"cat":"transporte"},"geometry":{"type":"Point","coordinates":[2.1133667,41.357885]}},{"type":"Feature","properties":{"cat":"transporte"},"geometry":{"type":"Point","coordinates":[2.1184252,41.3602618]}},{"type":"Feature","properties":{"cat":"transporte"},"geometry":{"type":"Point","coordinates":[2.1197373,41.3584051]}},{"type":"Feature","properties":{"cat":"transporte"},"geometry":{"type":"Point","coordinates":[2.1180161,41.3567141]}},{"type":"Feature","properties":{"cat":"transporte"},"geometry":{"type":"Point","coordinates":[2.117348,41.3529679]}},{"type":"Feature","properties":{"cat":"transporte"},"geometry":{"type":"Point","coordinates":[2.1192054,41.3528069]}},{"type":"Feature","properties":{"cat":"transporte"},"geometry":{"type":"Point","coordinates":[2.1475817,41.3903195]}},{"type":"Feature","properties":{"cat":"transporte"},"geometry":{"type":"Point","coordinates":[2.1453517,41.3919897]}},{"type":"Feature","properties":{"cat":"transporte"},"geometry":{"type":"Point","coordinates":[2.17462,41.3957306]}},{"type":"Feature","properties":{"cat":"transporte"},"geometry":{"type":"Point","coordinates":[2.1717253,41.3900426]}},{"type":"Feature","properties":{"cat":"transporte"},"geometry":{"type":"Point","coordinates":[2.1400638,41.3683333]}},{"type":"Feature","properties":{"cat":"transporte"},"geometry":{"type":"Point","coordinates":[2.1398343,41.3679026]}},{"type":"Feature","properties":{"cat":"transporte"},"geometry":{"type":"Point","coordinates":[2.1338562,41.3638735]}},{"type":"Feature","properties":{"cat":"transporte"},"geometry":{"type":"Point","coordinates":[2.1344773,41.3636821]}},{"type":"Feature","properties":{"cat":"transporte"},"geometry":{"type":"Point","coordinates":[2.1284041,41.3597347]}},{"type":"Feature","properties":{"cat":"transporte"},"geometry":{"type":"Point","coordinates":[2.1288558,41.3592875]}},{"type":"Feature","properties":{"cat":"transporte"},"geometry":{"type":"Point","coordinates":[2.1604236,41.3817016]}},{"type":"Feature","properties":{"cat":"transporte"},"geometry":{"type":"Point","coordinates":[2.1471912,41.373834]}},{"type":"Feature","properties":{"cat":"transporte"},"geometry":{"type":"Point","coordinates":[2.1485066,41.3742875]}},{"type":"Feature","properties":{"cat":"transporte"},"geometry":{"type":"Point","coordinates":[2.1668932,41.3868534]}},{"type":"Feature","properties":{"cat":"transporte"},"geometry":{"type":"Point","coordinates":[2.1644744,41.3856127]}},{"type":"Feature","properties":{"cat":"transporte"},"geometry":{"type":"Point","coordinates":[2.1591255,41.3824274]}},{"type":"Feature","properties":{"cat":"transporte"},"geometry":{"type":"Point","coordinates":[2.1639593,41.3860627]}},{"type":"Feature","properties":{"cat":"transporte"},"geometry":{"type":"Point","coordinates":[2.1229748,41.3869211]}},{"type":"Feature","properties":{"cat":"transporte"},"geometry":{"type":"Point","coordinates":[2.1179654,41.3858437]}},{"type":"Feature","properties":{"cat":"transporte"},"geometry":{"type":"Point","coordinates":[2.1078594,41.3832594]}},{"type":"Feature","properties":{"cat":"transporte"},"geometry":{"type":"Point","coordinates":[2.1100683,41.3840667]}},{"type":"Feature","properties":{"cat":"transporte"},"geometry":{"type":"Point","coordinates":[2.1444474,41.3906377]}},{"type":"Feature","properties":{"cat":"transporte"},"geometry":{"type":"Point","coordinates":[2.1806564,41.3985954]}},{"type":"Feature","properties":{"cat":"transporte"},"geometry":{"type":"Point","coordinates":[2.180379,41.3987974]}},{"type":"Feature","properties":{"cat":"transporte"},"geometry":{"type":"Point","coordinates":[2.1960922,41.4403136]}},{"type":"Feature","properties":{"cat":"transporte"},"geometry":{"type":"Point","coordinates":[2.1951567,41.435539]}},{"type":"Feature","properties":{"cat":"transporte"},"geometry":{"type":"Point","coordinates":[2.1744539,41.3896857]}},{"type":"Feature","properties":{"cat":"transporte"},"geometry":{"type":"Point","coordinates":[2.2201554,41.4273059]}},{"type":"Feature","properties":{"cat":"transporte"},"geometry":{"type":"Point","coordinates":[2.2192065,41.4319275]}},{"type":"Feature","properties":{"cat":"transporte"},"geometry":{"type":"Point","coordinates":[2.1706364,41.3747983]}},{"type":"Feature","properties":{"cat":"transporte"},"geometry":{"type":"Point","coordinates":[2.2149662,41.447701]}},{"type":"Feature","properties":{"cat":"transporte"},"geometry":{"type":"Point","coordinates":[2.166139,41.3764681]}},{"type":"Feature","properties":{"cat":"transporte"},"geometry":{"type":"Point","coordinates":[2.1547012,41.3765579]}},{"type":"Feature","properties":{"cat":"transporte"},"geometry":{"type":"Point","coordinates":[2.1629052,41.3753806]}},{"type":"Feature","properties":{"cat":"transporte"},"geometry":{"type":"Point","coordinates":[2.1420595,41.3862075]}},{"type":"Feature","properties":{"cat":"transporte"},"geometry":{"type":"Point","coordinates":[2.1446492,41.3841949]}},{"type":"Feature","properties":{"cat":"transporte"},"geometry":{"type":"Point","coordinates":[2.1478358,41.3818061]}},{"type":"Feature","properties":{"cat":"transporte"},"geometry":{"type":"Point","coordinates":[2.1350337,41.3943195]}},{"type":"Feature","properties":{"cat":"transporte"},"geometry":{"type":"Point","coordinates":[2.137677,41.3903391]}},{"type":"Feature","properties":{"cat":"transporte"},"geometry":{"type":"Point","coordinates":[2.1303289,41.3995134]}},{"type":"Feature","properties":{"cat":"transporte"},"geometry":{"type":"Point","coordinates":[2.1266681,41.4032417]}},{"type":"Feature","properties":{"cat":"transporte"},"geometry":{"type":"Point","coordinates":[2.1205324,41.4056127]}},{"type":"Feature","properties":{"cat":"transporte"},"geometry":{"type":"Point","coordinates":[2.1214196,41.4069515]}},{"type":"Feature","properties":{"cat":"transporte"},"geometry":{"type":"Point","coordinates":[2.1319443,41.3976952]}},{"type":"Feature","properties":{"cat":"transporte"},"geometry":{"type":"Point","coordinates":[2.1278103,41.398149]}},{"type":"Feature","properties":{"cat":"transporte"},"geometry":{"type":"Point","coordinates":[2.1246341,41.4013936]}},{"type":"Feature","properties":{"cat":"transporte"},"geometry":{"type":"Point","coordinates":[2.1227573,41.4033076]}},{"type":"Feature","properties":{"cat":"transporte"},"geometry":{"type":"Point","coordinates":[2.1359648,41.3919218]}},{"type":"Feature","properties":{"cat":"transporte"},"geometry":{"type":"Point","coordinates":[2.1345463,41.3948721]}},{"type":"Feature","properties":{"cat":"transporte"},"geometry":{"type":"Point","coordinates":[2.1475008,41.3870254]}},{"type":"Feature","properties":{"cat":"transporte"},"geometry":{"type":"Point","coordinates":[2.1580835,41.3790412]}},{"type":"Feature","properties":{"cat":"transporte"},"geometry":{"type":"Point","coordinates":[2.1558559,41.3807316]}},{"type":"Feature","properties":{"cat":"transporte"},"geometry":{"type":"Point","coordinates":[2.1532305,41.3827372]}},{"type":"Feature","properties":{"cat":"transporte"},"geometry":{"type":"Point","coordinates":[2.1510253,41.3843476]}},{"type":"Feature","properties":{"cat":"transporte"},"geometry":{"type":"Point","coordinates":[2.1104101,41.3937805]}},{"type":"Feature","properties":{"cat":"transporte"},"geometry":{"type":"Point","coordinates":[2.1121605,41.3941865]}},{"type":"Feature","properties":{"cat":"transporte"},"geometry":{"type":"Point","coordinates":[2.205339,41.4312922]}},{"type":"Feature","properties":{"cat":"transporte"},"geometry":{"type":"Point","coordinates":[2.2035222,41.4281528]}},{"type":"Feature","properties":{"cat":"transporte"},"geometry":{"type":"Point","coordinates":[2.2064459,41.426973]}},{"type":"Feature","properties":{"cat":"transporte"},"geometry":{"type":"Point","coordinates":[2.2084658,41.4259889]}},{"type":"Feature","properties":{"cat":"transporte"},"geometry":{"type":"Point","coordinates":[2.2114363,41.4235663]}},{"type":"Feature","properties":{"cat":"transporte"},"geometry":{"type":"Point","coordinates":[2.2112817,41.4235154]}},{"type":"Feature","properties":{"cat":"transporte"},"geometry":{"type":"Point","coordinates":[2.2088976,41.4257185]}},{"type":"Feature","properties":{"cat":"transporte"},"geometry":{"type":"Point","coordinates":[2.2062831,41.4269214]}},{"type":"Feature","properties":{"cat":"transporte"},"geometry":{"type":"Point","coordinates":[2.2159398,41.4113258]}},{"type":"Feature","properties":{"cat":"transporte"},"geometry":{"type":"Point","coordinates":[2.2126682,41.4213494]}},{"type":"Feature","properties":{"cat":"transporte"},"geometry":{"type":"Point","coordinates":[2.2218286,41.4131739]}},{"type":"Feature","properties":{"cat":"transporte"},"geometry":{"type":"Point","coordinates":[2.2196989,41.4149989]}},{"type":"Feature","properties":{"cat":"transporte"},"geometry":{"type":"Point","coordinates":[2.209188,41.4250188]}},{"type":"Feature","properties":{"cat":"transporte"},"geometry":{"type":"Point","coordinates":[2.211233,41.4225047]}},{"type":"Feature","properties":{"cat":"transporte"},"geometry":{"type":"Point","coordinates":[2.2124047,41.4179084]}},{"type":"Feature","properties":{"cat":"transporte"},"geometry":{"type":"Point","coordinates":[2.1686011,41.3874349]}},{"type":"Feature","properties":{"cat":"transporte"},"geometry":{"type":"Point","coordinates":[2.1421622,41.3558512]}},{"type":"Feature","properties":{"cat":"transporte"},"geometry":{"type":"Point","coordinates":[2.1386556,41.3604566]}},{"type":"Feature","properties":{"cat":"transporte"},"geometry":{"type":"Point","coordinates":[2.2024233,41.398537]}},{"type":"Feature","properties":{"cat":"transporte"},"geometry":{"type":"Point","coordinates":[2.2048041,41.396014]}},{"type":"Feature","properties":{"cat":"transporte"},"geometry":{"type":"Point","coordinates":[2.202775,41.3943513]}},{"type":"Feature","properties":{"cat":"transporte"},"geometry":{"type":"Point","coordinates":[2.1955538,41.4037498]}},{"type":"Feature","properties":{"cat":"transporte"},"geometry":{"type":"Point","coordinates":[2.1978142,41.4020664]}},{"type":"Feature","properties":{"cat":"transporte"},"geometry":{"type":"Point","coordinates":[2.1853092,41.414808]}},{"type":"Feature","properties":{"cat":"transporte"},"geometry":{"type":"Point","coordinates":[2.1870332,41.4110564]}},{"type":"Feature","properties":{"cat":"transporte"},"geometry":{"type":"Point","coordinates":[2.1871287,41.4081118]}},{"type":"Feature","properties":{"cat":"transporte"},"geometry":{"type":"Point","coordinates":[2.187301,41.4049101]}},{"type":"Feature","properties":{"cat":"transporte"},"geometry":{"type":"Point","coordinates":[2.1826041,41.4168932]}},{"type":"Feature","properties":{"cat":"transporte"},"geometry":{"type":"Point","coordinates":[2.1533751,41.4341693]}},{"type":"Feature","properties":{"cat":"transporte"},"geometry":{"type":"Point","coordinates":[2.181324,41.4193728]}},{"type":"Feature","properties":{"cat":"transporte"},"geometry":{"type":"Point","coordinates":[2.1944335,41.4027616]}},{"type":"Feature","properties":{"cat":"transporte"},"geometry":{"type":"Point","coordinates":[2.1866655,41.4079989]}},{"type":"Feature","properties":{"cat":"transporte"},"geometry":{"type":"Point","coordinates":[2.1989946,41.3992886]}},{"type":"Feature","properties":{"cat":"transporte"},"geometry":{"type":"Point","coordinates":[2.1967979,41.4009561]}},{"type":"Feature","properties":{"cat":"transporte"},"geometry":{"type":"Point","coordinates":[2.157573,41.4275815]}},{"type":"Feature","properties":{"cat":"transporte"},"geometry":{"type":"Point","coordinates":[2.163903,41.4282392]}},{"type":"Feature","properties":{"cat":"transporte"},"geometry":{"type":"Point","coordinates":[2.1621542,41.4290335]}},{"type":"Feature","properties":{"cat":"transporte"},"geometry":{"type":"Point","coordinates":[2.1600687,41.4284312]}},{"type":"Feature","properties":{"cat":"transporte"},"geometry":{"type":"Point","coordinates":[2.167258,41.4301796]}},{"type":"Feature","properties":{"cat":"transporte"},"geometry":{"type":"Point","coordinates":[2.1580142,41.4254105]}},{"type":"Feature","properties":{"cat":"transporte"},"geometry":{"type":"Point","coordinates":[2.1245781,41.3462444]}},{"type":"Feature","properties":{"cat":"transporte"},"geometry":{"type":"Point","coordinates":[2.1296115,41.3518934]}},{"type":"Feature","properties":{"cat":"transporte"},"geometry":{"type":"Point","coordinates":[2.1274784,41.3536265]}},{"type":"Feature","properties":{"cat":"transporte"},"geometry":{"type":"Point","coordinates":[2.1257683,41.3558436]}},{"type":"Feature","properties":{"cat":"transporte"},"geometry":{"type":"Point","coordinates":[2.1243522,41.3582396]}},{"type":"Feature","properties":{"cat":"transporte"},"geometry":{"type":"Point","coordinates":[2.1229475,41.3606561]}},{"type":"Feature","properties":{"cat":"transporte"},"geometry":{"type":"Point","coordinates":[2.1241251,41.3614721]}},{"type":"Feature","properties":{"cat":"transporte"},"geometry":{"type":"Point","coordinates":[2.1225098,41.3617735]}},{"type":"Feature","properties":{"cat":"transporte"},"geometry":{"type":"Point","coordinates":[2.1248237,41.3578788]}},{"type":"Feature","properties":{"cat":"transporte"},"geometry":{"type":"Point","coordinates":[2.1261455,41.355639]}},{"type":"Feature","properties":{"cat":"transporte"},"geometry":{"type":"Point","coordinates":[2.129826,41.3519438]}},{"type":"Feature","properties":{"cat":"transporte"},"geometry":{"type":"Point","coordinates":[2.1232877,41.3476863]}},{"type":"Feature","properties":{"cat":"transporte"},"geometry":{"type":"Point","coordinates":[2.1220341,41.3461329]}},{"type":"Feature","properties":{"cat":"transporte"},"geometry":{"type":"Point","coordinates":[2.1277674,41.3632183]}},{"type":"Feature","properties":{"cat":"transporte"},"geometry":{"type":"Point","coordinates":[2.1310332,41.3655003]}},{"type":"Feature","properties":{"cat":"transporte"},"geometry":{"type":"Point","coordinates":[2.1307871,41.369215]}},{"type":"Feature","properties":{"cat":"transporte"},"geometry":{"type":"Point","coordinates":[2.1287914,41.3708711]}},{"type":"Feature","properties":{"cat":"transporte"},"geometry":{"type":"Point","coordinates":[2.1262261,41.3723323]}},{"type":"Feature","properties":{"cat":"transporte"},"geometry":{"type":"Point","coordinates":[2.1228816,41.3749557]}},{"type":"Feature","properties":{"cat":"transporte"},"geometry":{"type":"Point","coordinates":[2.1217842,41.3762077]}},{"type":"Feature","properties":{"cat":"transporte"},"geometry":{"type":"Point","coordinates":[2.1259682,41.3726088]}},{"type":"Feature","properties":{"cat":"transporte"},"geometry":{"type":"Point","coordinates":[2.1282016,41.3712166]}},{"type":"Feature","properties":{"cat":"transporte"},"geometry":{"type":"Point","coordinates":[2.1309583,41.3691781]}},{"type":"Feature","properties":{"cat":"transporte"},"geometry":{"type":"Point","coordinates":[2.131728,41.3679068]}},{"type":"Feature","properties":{"cat":"transporte"},"geometry":{"type":"Point","coordinates":[2.1262875,41.3645618]}},{"type":"Feature","properties":{"cat":"transporte"},"geometry":{"type":"Point","coordinates":[2.1222017,41.3649249]}},{"type":"Feature","properties":{"cat":"transporte"},"geometry":{"type":"Point","coordinates":[2.1055016,41.3861642]}},{"type":"Feature","properties":{"cat":"transporte"},"geometry":{"type":"Point","coordinates":[2.1212501,41.3783482]}},{"type":"Feature","properties":{"cat":"transporte"},"geometry":{"type":"Point","coordinates":[2.1638755,41.4117898]}},{"type":"Feature","properties":{"cat":"transporte"},"geometry":{"type":"Point","coordinates":[2.1416597,41.4115942]}},{"type":"Feature","properties":{"cat":"transporte"},"geometry":{"type":"Point","coordinates":[2.1352091,41.415568]}},{"type":"Feature","properties":{"cat":"transporte"},"geometry":{"type":"Point","coordinates":[2.2015531,41.3911143]}},{"type":"Feature","properties":{"cat":"transporte"},"geometry":{"type":"Point","coordinates":[2.1984076,41.391309]}},{"type":"Feature","properties":{"cat":"transporte"},"geometry":{"type":"Point","coordinates":[2.1954793,41.3935494]}},{"type":"Feature","properties":{"cat":"transporte"},"geometry":{"type":"Point","coordinates":[2.1923816,41.3958472]}},{"type":"Feature","properties":{"cat":"transporte"},"geometry":{"type":"Point","coordinates":[2.1888191,41.3984962]}},{"type":"Feature","properties":{"cat":"transporte"},"geometry":{"type":"Point","coordinates":[2.1852482,41.4011534]}},{"type":"Feature","properties":{"cat":"transporte"},"geometry":{"type":"Point","coordinates":[2.1817013,41.403836]}},{"type":"Feature","properties":{"cat":"transporte"},"geometry":{"type":"Point","coordinates":[2.2012283,41.3943112]}},{"type":"Feature","properties":{"cat":"transporte"},"geometry":{"type":"Point","coordinates":[2.1697604,41.4145945]}},{"type":"Feature","properties":{"cat":"transporte"},"geometry":{"type":"Point","coordinates":[2.1722528,41.4141993]}},{"type":"Feature","properties":{"cat":"transporte"},"geometry":{"type":"Point","coordinates":[2.1770666,41.4126814]}},{"type":"Feature","properties":{"cat":"transporte"},"geometry":{"type":"Point","coordinates":[2.1530081,41.434979]}},{"type":"Feature","properties":{"cat":"transporte"},"geometry":{"type":"Point","coordinates":[2.1481882,41.4351504]}},{"type":"Feature","properties":{"cat":"transporte"},"geometry":{"type":"Point","coordinates":[2.1511143,41.4344104]}},{"type":"Feature","properties":{"cat":"transporte"},"geometry":{"type":"Point","coordinates":[2.189451,41.4360135]}},{"type":"Feature","properties":{"cat":"transporte"},"geometry":{"type":"Point","coordinates":[2.1864402,41.4365414]}},{"type":"Feature","properties":{"cat":"transporte"},"geometry":{"type":"Point","coordinates":[2.2005084,41.4357431]}},{"type":"Feature","properties":{"cat":"transporte"},"geometry":{"type":"Point","coordinates":[2.2039773,41.4389074]}},{"type":"Feature","properties":{"cat":"transporte"},"geometry":{"type":"Point","coordinates":[2.1219373,41.3782186]}},{"type":"Feature","properties":{"cat":"transporte"},"geometry":{"type":"Point","coordinates":[2.1383878,41.3784749]}},{"type":"Feature","properties":{"cat":"transporte"},"geometry":{"type":"Point","coordinates":[2.1355627,41.3755666]}},{"type":"Feature","properties":{"cat":"transporte"},"geometry":{"type":"Point","coordinates":[2.1343299,41.4137461]}},{"type":"Feature","properties":{"cat":"transporte"},"geometry":{"type":"Point","coordinates":[2.1357131,41.4121609]}},{"type":"Feature","properties":{"cat":"transporte"},"geometry":{"type":"Point","coordinates":[2.1344384,41.4152294]}},{"type":"Feature","properties":{"cat":"transporte"},"geometry":{"type":"Point","coordinates":[2.1478132,41.424694]}},{"type":"Feature","properties":{"cat":"transporte"},"geometry":{"type":"Point","coordinates":[2.1432359,41.4243927]}},{"type":"Feature","properties":{"cat":"transporte"},"geometry":{"type":"Point","coordinates":[2.1728545,41.3893482]}},{"type":"Feature","properties":{"cat":"transporte"},"geometry":{"type":"Point","coordinates":[2.1605753,41.3725675]}},{"type":"Feature","properties":{"cat":"transporte"},"geometry":{"type":"Point","coordinates":[2.1594737,41.3710943]}},{"type":"Feature","properties":{"cat":"transporte"},"geometry":{"type":"Point","coordinates":[2.1170769,41.3783298]}},{"type":"Feature","properties":{"cat":"transporte"},"geometry":{"type":"Point","coordinates":[2.1416199,41.4230509]}},{"type":"Feature","properties":{"cat":"transporte"},"geometry":{"type":"Point","coordinates":[2.1242931,41.3613875]}},{"type":"Feature","properties":{"cat":"transporte"},"geometry":{"type":"Point","coordinates":[2.1750211,41.3900805]}},{"type":"Feature","properties":{"cat":"transporte"},"geometry":{"type":"Point","coordinates":[2.1999103,41.4250123]}},{"type":"Feature","properties":{"cat":"transporte"},"geometry":{"type":"Point","coordinates":[2.2077759,41.4097366]}},{"type":"Feature","properties":{"cat":"transporte"},"geometry":{"type":"Point","coordinates":[2.2094308,41.425142]}},{"type":"Feature","properties":{"cat":"transporte"},"geometry":{"type":"Point","coordinates":[2.166182,41.4121602]}},{"type":"Feature","properties":{"cat":"transporte"},"geometry":{"type":"Point","coordinates":[2.1470856,41.4318346]}},{"type":"Feature","properties":{"cat":"transporte"},"geometry":{"type":"Point","coordinates":[2.1457182,41.4304908]}},{"type":"Feature","properties":{"cat":"transporte"},"geometry":{"type":"Point","coordinates":[2.1403126,41.425265]}},{"type":"Feature","properties":{"cat":"transporte"},"geometry":{"type":"Point","coordinates":[2.1403685,41.4296537]}},{"type":"Feature","properties":{"cat":"transporte"},"geometry":{"type":"Point","coordinates":[2.1414511,41.4320583]}},{"type":"Feature","properties":{"cat":"transporte"},"geometry":{"type":"Point","coordinates":[2.1417982,41.4326533]}},{"type":"Feature","properties":{"cat":"transporte"},"geometry":{"type":"Point","coordinates":[2.1434728,41.4327327]}},{"type":"Feature","properties":{"cat":"transporte"},"geometry":{"type":"Point","coordinates":[2.1418624,41.4331529]}},{"type":"Feature","properties":{"cat":"transporte"},"geometry":{"type":"Point","coordinates":[2.1434062,41.4345125]}},{"type":"Feature","properties":{"cat":"transporte"},"geometry":{"type":"Point","coordinates":[2.1451396,41.4331156]}},{"type":"Feature","properties":{"cat":"transporte"},"geometry":{"type":"Point","coordinates":[2.1427936,41.4313991]}},{"type":"Feature","properties":{"cat":"transporte"},"geometry":{"type":"Point","coordinates":[2.14198,41.4296147]}},{"type":"Feature","properties":{"cat":"transporte"},"geometry":{"type":"Point","coordinates":[2.1431801,41.429498]}},{"type":"Feature","properties":{"cat":"transporte"},"geometry":{"type":"Point","coordinates":[2.136735,41.3849794]}},{"type":"Feature","properties":{"cat":"transporte"},"geometry":{"type":"Point","coordinates":[2.1330085,41.3632435]}},{"type":"Feature","properties":{"cat":"transporte"},"geometry":{"type":"Point","coordinates":[2.2064892,41.4128978]}},{"type":"Feature","properties":{"cat":"transporte"},"geometry":{"type":"Point","coordinates":[2.149858,41.3747341]}},{"type":"Feature","properties":{"cat":"transporte"},"geometry":{"type":"Point","coordinates":[2.1938582,41.4362694]}},{"type":"Feature","properties":{"cat":"transporte"},"geometry":{"type":"Point","coordinates":[2.1653802,41.3925448]}},{"type":"Feature","properties":{"cat":"transporte"},"geometry":{"type":"Point","coordinates":[2.1874108,41.4090696]}},{"type":"Feature","properties":{"cat":"transporte"},"geometry":{"type":"Point","coordinates":[2.1414261,41.425126]}},{"type":"Feature","properties":{"cat":"transporte"},"geometry":{"type":"Point","coordinates":[2.1402214,41.3815674]}},{"type":"Feature","properties":{"cat":"transporte"},"geometry":{"type":"Point","coordinates":[2.1457027,41.3765643]}},{"type":"Feature","properties":{"cat":"transporte"},"geometry":{"type":"Point","coordinates":[2.1832222,41.3828832]}},{"type":"Feature","properties":{"cat":"transporte"},"geometry":{"type":"Point","coordinates":[2.1763357,41.440536]}},{"type":"Feature","properties":{"cat":"transporte"},"geometry":{"type":"Point","coordinates":[2.1723141,41.4473606]}},{"type":"Feature","properties":{"cat":"transporte"},"geometry":{"type":"Point","coordinates":[2.1739784,41.4480325]}},{"type":"Feature","properties":{"cat":"transporte"},"geometry":{"type":"Point","coordinates":[2.1759812,41.4491616]}},{"type":"Feature","properties":{"cat":"transporte"},"geometry":{"type":"Point","coordinates":[2.1773031,41.4496018]}},{"type":"Feature","properties":{"cat":"transporte"},"geometry":{"type":"Point","coordinates":[2.1756805,41.4481282]}},{"type":"Feature","properties":{"cat":"transporte"},"geometry":{"type":"Point","coordinates":[2.1109598,41.3633749]}},{"type":"Feature","properties":{"cat":"transporte"},"geometry":{"type":"Point","coordinates":[2.2112614,41.4452195]}},{"type":"Feature","properties":{"cat":"transporte"},"geometry":{"type":"Point","coordinates":[2.2139183,41.4464011]}},{"type":"Feature","properties":{"cat":"transporte"},"geometry":{"type":"Point","coordinates":[2.1455915,41.3792903]}},{"type":"Feature","properties":{"cat":"transporte"},"geometry":{"type":"Point","coordinates":[2.1553536,41.3712693]}},{"type":"Feature","properties":{"cat":"transporte"},"geometry":{"type":"Point","coordinates":[2.1373134,41.389808]}},{"type":"Feature","properties":{"cat":"transporte"},"geometry":{"type":"Point","coordinates":[2.1316774,41.3903878]}},{"type":"Feature","properties":{"cat":"transporte"},"geometry":{"type":"Point","coordinates":[2.1371047,41.3900033]}},{"type":"Feature","properties":{"cat":"transporte"},"geometry":{"type":"Point","coordinates":[2.1548814,41.3710823]}},{"type":"Feature","properties":{"cat":"transporte"},"geometry":{"type":"Point","coordinates":[2.1551365,41.3711547]}},{"type":"Feature","properties":{"cat":"transporte"},"geometry":{"type":"Point","coordinates":[2.1283489,41.3898308]}},{"type":"Feature","properties":{"cat":"transporte"},"geometry":{"type":"Point","coordinates":[2.1056546,41.3622375]}},{"type":"Feature","properties":{"cat":"transporte"},"geometry":{"type":"Point","coordinates":[2.1516381,41.3748314]}},{"type":"Feature","properties":{"cat":"transporte"},"geometry":{"type":"Point","coordinates":[2.1041483,41.3465779]}},{"type":"Feature","properties":{"cat":"transporte"},"geometry":{"type":"Point","coordinates":[2.1095585,41.3462535]}},{"type":"Feature","properties":{"cat":"transporte"},"geometry":{"type":"Point","coordinates":[2.1053689,41.3540225]}},{"type":"Feature","properties":{"cat":"transporte"},"geometry":{"type":"Point","coordinates":[2.1028477,41.3584627]}},{"type":"Feature","properties":{"cat":"transporte"},"geometry":{"type":"Point","coordinates":[2.1041867,41.3563715]}},{"type":"Feature","properties":{"cat":"transporte"},"geometry":{"type":"Point","coordinates":[2.1671323,41.3597845]}},{"type":"Feature","properties":{"cat":"transporte"},"geometry":{"type":"Point","coordinates":[2.1079626,41.3874778]}},{"type":"Feature","properties":{"cat":"transporte"},"geometry":{"type":"Point","coordinates":[2.1292611,41.3799659]}},{"type":"Feature","properties":{"cat":"transporte"},"geometry":{"type":"Point","coordinates":[2.1593012,41.3765047]}},{"type":"Feature","properties":{"cat":"transporte"},"geometry":{"type":"Point","coordinates":[2.1452557,41.3875409]}},{"type":"Feature","properties":{"cat":"transporte"},"geometry":{"type":"Point","coordinates":[2.1480869,41.3850518]}},{"type":"Feature","properties":{"cat":"transporte"},"geometry":{"type":"Point","coordinates":[2.1545812,41.3868123]}},{"type":"Feature","properties":{"cat":"transporte"},"geometry":{"type":"Point","coordinates":[2.1779054,41.4425393]}},{"type":"Feature","properties":{"cat":"transporte"},"geometry":{"type":"Point","coordinates":[2.1077972,41.3864291]}},{"type":"Feature","properties":{"cat":"transporte"},"geometry":{"type":"Point","coordinates":[2.1739735,41.437785]}},{"type":"Feature","properties":{"cat":"transporte"},"geometry":{"type":"Point","coordinates":[2.1598417,41.4114015]}},{"type":"Feature","properties":{"cat":"transporte"},"geometry":{"type":"Point","coordinates":[2.1948175,41.4281539]}},{"type":"Feature","properties":{"cat":"transporte"},"geometry":{"type":"Point","coordinates":[2.1893047,41.4279079]}},{"type":"Feature","properties":{"cat":"transporte"},"geometry":{"type":"Point","coordinates":[2.1768984,41.4208193]}},{"type":"Feature","properties":{"cat":"transporte"},"geometry":{"type":"Point","coordinates":[2.1416277,41.3568669]}},{"type":"Feature","properties":{"cat":"transporte"},"geometry":{"type":"Point","coordinates":[2.1782699,41.4098574]}},{"type":"Feature","properties":{"cat":"transporte"},"geometry":{"type":"Point","coordinates":[2.1407454,41.3841344]}},{"type":"Feature","properties":{"cat":"transporte"},"geometry":{"type":"Point","coordinates":[2.1245611,41.3798933]}},{"type":"Feature","properties":{"cat":"transporte"},"geometry":{"type":"Point","coordinates":[2.1427893,41.3552782]}},{"type":"Feature","properties":{"cat":"transporte"},"geometry":{"type":"Point","coordinates":[2.1228742,41.4071174]}},{"type":"Feature","properties":{"cat":"transporte"},"geometry":{"type":"Point","coordinates":[2.2087218,41.3997169]}},{"type":"Feature","properties":{"cat":"transporte"},"geometry":{"type":"Point","coordinates":[2.1414341,41.422625]}},{"type":"Feature","properties":{"cat":"transporte"},"geometry":{"type":"Point","coordinates":[2.1719074,41.443853]}},{"type":"Feature","properties":{"cat":"transporte"},"geometry":{"type":"Point","coordinates":[2.1993178,41.4444377]}},{"type":"Feature","properties":{"cat":"transporte"},"geometry":{"type":"Point","coordinates":[2.2035117,41.4405894]}},{"type":"Feature","properties":{"cat":"transporte"},"geometry":{"type":"Point","coordinates":[2.1729268,41.4264235]}},{"type":"Feature","properties":{"cat":"transporte"},"geometry":{"type":"Point","coordinates":[2.1427102,41.3548019]}},{"type":"Feature","properties":{"cat":"transporte"},"geometry":{"type":"Point","coordinates":[2.1632206,41.440538]}},{"type":"Feature","properties":{"cat":"transporte"},"geometry":{"type":"Point","coordinates":[2.1419702,41.4162854]}},{"type":"Feature","properties":{"cat":"transporte"},"geometry":{"type":"Point","coordinates":[2.111594,41.3861326]}},{"type":"Feature","properties":{"cat":"transporte"},"geometry":{"type":"Point","coordinates":[2.1920625,41.4123255]}},{"type":"Feature","properties":{"cat":"transporte"},"geometry":{"type":"Point","coordinates":[2.1237752,41.3904558]}},{"type":"Feature","properties":{"cat":"transporte"},"geometry":{"type":"Point","coordinates":[2.1714684,41.3885976]}},{"type":"Feature","properties":{"cat":"transporte"},"geometry":{"type":"Point","coordinates":[2.1386458,41.3829405]}},{"type":"Feature","properties":{"cat":"transporte"},"geometry":{"type":"Point","coordinates":[2.134004,41.3839313]}},{"type":"Feature","properties":{"cat":"transporte"},"geometry":{"type":"Point","coordinates":[2.1546383,41.3885988]}},{"type":"Feature","properties":{"cat":"transporte"},"geometry":{"type":"Point","coordinates":[2.2010485,41.4348084]}},{"type":"Feature","properties":{"cat":"transporte"},"geometry":{"type":"Point","coordinates":[2.1862195,41.4431441]}},{"type":"Feature","properties":{"cat":"transporte"},"geometry":{"type":"Point","coordinates":[2.2002861,41.4001651]}},{"type":"Feature","properties":{"cat":"transporte"},"geometry":{"type":"Point","coordinates":[2.153454,41.3936858]}},{"type":"Feature","properties":{"cat":"transporte"},"geometry":{"type":"Point","coordinates":[2.1287476,41.3976913]}},{"type":"Feature","properties":{"cat":"transporte"},"geometry":{"type":"Point","coordinates":[2.154593,41.3896308]}},{"type":"Feature","properties":{"cat":"transporte"},"geometry":{"type":"Point","coordinates":[2.1304136,41.3751673]}},{"type":"Feature","properties":{"cat":"transporte"},"geometry":{"type":"Point","coordinates":[2.1295628,41.3772467]}},{"type":"Feature","properties":{"cat":"transporte"},"geometry":{"type":"Point","coordinates":[2.1289928,41.3789027]}},{"type":"Feature","properties":{"cat":"transporte"},"geometry":{"type":"Point","coordinates":[2.1301014,41.3772466]}},{"type":"Feature","properties":{"cat":"transporte"},"geometry":{"type":"Point","coordinates":[2.1380315,41.4291394]}},{"type":"Feature","properties":{"cat":"transporte"},"geometry":{"type":"Point","coordinates":[2.1889242,41.4498805]}},{"type":"Feature","properties":{"cat":"transporte"},"geometry":{"type":"Point","coordinates":[2.1864383,41.4422947]}},{"type":"Feature","properties":{"cat":"transporte"},"geometry":{"type":"Point","coordinates":[2.1832341,41.4316828]}},{"type":"Feature","properties":{"cat":"transporte"},"geometry":{"type":"Point","coordinates":[2.1579752,41.4292395]}},{"type":"Feature","properties":{"cat":"transporte"},"geometry":{"type":"Point","coordinates":[2.1604639,41.3766398]}},{"type":"Feature","properties":{"cat":"transporte"},"geometry":{"type":"Point","coordinates":[2.1629884,41.3731513]}},{"type":"Feature","properties":{"cat":"transporte"},"geometry":{"type":"Point","coordinates":[2.1356871,41.3516964]}},{"type":"Feature","properties":{"cat":"transporte"},"geometry":{"type":"Point","coordinates":[2.1171513,41.4034424]}},{"type":"Feature","properties":{"cat":"transporte"},"geometry":{"type":"Point","coordinates":[2.1749213,41.43371]}},{"type":"Feature","properties":{"cat":"transporte"},"geometry":{"type":"Point","coordinates":[2.1759092,41.4350392]}},{"type":"Feature","properties":{"cat":"transporte"},"geometry":{"type":"Point","coordinates":[2.1479663,41.4337906]}},{"type":"Feature","properties":{"cat":"transporte"},"geometry":{"type":"Point","coordinates":[2.1508821,41.4327273]}},{"type":"Feature","properties":{"cat":"transporte"},"geometry":{"type":"Point","coordinates":[2.1441573,41.4278972]}},{"type":"Feature","properties":{"cat":"transporte"},"geometry":{"type":"Point","coordinates":[2.1599095,41.4354403]}},{"type":"Feature","properties":{"cat":"transporte"},"geometry":{"type":"Point","coordinates":[2.1634488,41.4407372]}},{"type":"Feature","properties":{"cat":"transporte"},"geometry":{"type":"Point","coordinates":[2.1617025,41.4415709]}},{"type":"Feature","properties":{"cat":"transporte"},"geometry":{"type":"Point","coordinates":[2.1684379,41.4495629]}},{"type":"Feature","properties":{"cat":"transporte"},"geometry":{"type":"Point","coordinates":[2.168395,41.4494969]}},{"type":"Feature","properties":{"cat":"transporte"},"geometry":{"type":"Point","coordinates":[2.163694,41.4443527]}},{"type":"Feature","properties":{"cat":"transporte"},"geometry":{"type":"Point","coordinates":[2.1742299,41.430391]}},{"type":"Feature","properties":{"cat":"transporte"},"geometry":{"type":"Point","coordinates":[2.1449829,41.3516219]}},{"type":"Feature","properties":{"cat":"transporte"},"geometry":{"type":"Point","coordinates":[2.1709859,41.387387]}},{"type":"Feature","properties":{"cat":"transporte"},"geometry":{"type":"Point","coordinates":[2.1645875,41.4411104]}},{"type":"Feature","properties":{"cat":"transporte"},"geometry":{"type":"Point","coordinates":[2.1248621,41.3930144]}},{"type":"Feature","properties":{"cat":"transporte"},"geometry":{"type":"Point","coordinates":[2.128198,41.3897483]}},{"type":"Feature","properties":{"cat":"transporte"},"geometry":{"type":"Point","coordinates":[2.1168919,41.40403]}},{"type":"Feature","properties":{"cat":"transporte"},"geometry":{"type":"Point","coordinates":[2.2039134,41.4498104]}},{"type":"Feature","properties":{"cat":"transporte"},"geometry":{"type":"Point","coordinates":[2.211204,41.4171205]}},{"type":"Feature","properties":{"cat":"transporte"},"geometry":{"type":"Point","coordinates":[2.1826679,41.3943076]}},{"type":"Feature","properties":{"cat":"transporte"},"geometry":{"type":"Point","coordinates":[2.1393159,41.3799562]}},{"type":"Feature","properties":{"cat":"transporte"},"geometry":{"type":"Point","coordinates":[2.2126358,41.4180536]}},{"type":"Feature","properties":{"cat":"transporte"},"geometry":{"type":"Point","coordinates":[2.2177661,41.4180854]}},{"type":"Feature","properties":{"cat":"transporte"},"geometry":{"type":"Point","coordinates":[2.2209935,41.4138302]}},{"type":"Feature","properties":{"cat":"transporte"},"geometry":{"type":"Point","coordinates":[2.198506,41.4458884]}},{"type":"Feature","properties":{"cat":"transporte"},"geometry":{"type":"Point","coordinates":[2.208714,41.4169565]}},{"type":"Feature","properties":{"cat":"transporte"},"geometry":{"type":"Point","coordinates":[2.169853,41.3861928]}},{"type":"Feature","properties":{"cat":"transporte"},"geometry":{"type":"Point","coordinates":[2.1565486,41.4170191]}},{"type":"Feature","properties":{"cat":"transporte"},"geometry":{"type":"Point","coordinates":[2.1576418,41.4294606]}},{"type":"Feature","properties":{"cat":"transporte"},"geometry":{"type":"Point","coordinates":[2.1383603,41.3657765]}},{"type":"Feature","properties":{"cat":"transporte"},"geometry":{"type":"Point","coordinates":[2.1206457,41.3650154]}},{"type":"Feature","properties":{"cat":"transporte"},"geometry":{"type":"Point","coordinates":[2.1302722,41.3647015]}},{"type":"Feature","properties":{"cat":"transporte"},"geometry":{"type":"Point","coordinates":[2.1383356,41.3791104]}},{"type":"Feature","properties":{"cat":"transporte"},"geometry":{"type":"Point","coordinates":[2.1240254,41.3690929]}},{"type":"Feature","properties":{"cat":"transporte"},"geometry":{"type":"Point","coordinates":[2.1233622,41.3700245]}},{"type":"Feature","properties":{"cat":"transporte"},"geometry":{"type":"Point","coordinates":[2.1236167,41.3600062]}},{"type":"Feature","properties":{"cat":"transporte"},"geometry":{"type":"Point","coordinates":[2.1228082,41.3696445]}},{"type":"Feature","properties":{"cat":"transporte"},"geometry":{"type":"Point","coordinates":[2.1255061,41.3715035]}},{"type":"Feature","properties":{"cat":"transporte"},"geometry":{"type":"Point","coordinates":[2.1912708,41.4211845]}},{"type":"Feature","properties":{"cat":"transporte"},"geometry":{"type":"Point","coordinates":[2.1918059,41.4236945]}},{"type":"Feature","properties":{"cat":"transporte"},"geometry":{"type":"Point","coordinates":[2.1677418,41.3871714]}},{"type":"Feature","properties":{"cat":"transporte"},"geometry":{"type":"Point","coordinates":[2.172986,41.4213674]}},{"type":"Feature","properties":{"cat":"transporte"},"geometry":{"type":"Point","coordinates":[2.1185318,41.3983819]}},{"type":"Feature","properties":{"cat":"transporte"},"geometry":{"type":"Point","coordinates":[2.1870727,41.4100816]}},{"type":"Feature","properties":{"cat":"transporte"},"geometry":{"type":"Point","coordinates":[2.1592876,41.4378961]}},{"type":"Feature","properties":{"cat":"transporte"},"geometry":{"type":"Point","coordinates":[2.1569059,41.4357182]}},{"type":"Feature","properties":{"cat":"transporte"},"geometry":{"type":"Point","coordinates":[2.1120352,41.3758955]}},{"type":"Feature","properties":{"cat":"transporte"},"geometry":{"type":"Point","coordinates":[2.1118413,41.3766402]}},{"type":"Feature","properties":{"cat":"transporte"},"geometry":{"type":"Point","coordinates":[2.1433521,41.4246102]}},{"type":"Feature","properties":{"cat":"transporte"},"geometry":{"type":"Point","coordinates":[2.2051628,41.4125536]}},{"type":"Feature","properties":{"cat":"transporte"},"geometry":{"type":"Point","coordinates":[2.115539,41.3880992]}},{"type":"Feature","properties":{"cat":"transporte"},"geometry":{"type":"Point","coordinates":[2.1589151,41.3877967]}},{"type":"Feature","properties":{"cat":"transporte"},"geometry":{"type":"Point","coordinates":[2.1643146,41.3918612]}},{"type":"Feature","properties":{"cat":"transporte"},"geometry":{"type":"Point","coordinates":[2.1715204,41.397288]}},{"type":"Feature","properties":{"cat":"transporte"},"geometry":{"type":"Point","coordinates":[2.1436396,41.3923527]}},{"type":"Feature","properties":{"cat":"transporte"},"geometry":{"type":"Point","coordinates":[2.2122065,41.4205163]}},{"type":"Feature","properties":{"cat":"transporte"},"geometry":{"type":"Point","coordinates":[2.2033182,41.4281443]}},{"type":"Feature","properties":{"cat":"transporte"},"geometry":{"type":"Point","coordinates":[2.1773146,41.3942417]}},{"type":"Feature","properties":{"cat":"transporte"},"geometry":{"type":"Point","coordinates":[2.1963382,41.385278]}},{"type":"Feature","properties":{"cat":"transporte"},"geometry":{"type":"Point","coordinates":[2.1749677,41.3924545]}},{"type":"Feature","properties":{"cat":"transporte"},"geometry":{"type":"Point","coordinates":[2.1708202,41.3893659]}},{"type":"Feature","properties":{"cat":"transporte"},"geometry":{"type":"Point","coordinates":[2.1222528,41.3825696]}},{"type":"Feature","properties":{"cat":"transporte"},"geometry":{"type":"Point","coordinates":[2.1784703,41.4025622]}},{"type":"Feature","properties":{"cat":"transporte"},"geometry":{"type":"Point","coordinates":[2.1095769,41.3462697]}},{"type":"Feature","properties":{"cat":"transporte"},"geometry":{"type":"Point","coordinates":[2.1862565,41.4056753]}},{"type":"Feature","properties":{"cat":"transporte"},"geometry":{"type":"Point","coordinates":[2.1391355,41.3677134]}},{"type":"Feature","properties":{"cat":"transporte"},"geometry":{"type":"Point","coordinates":[2.2229924,41.422228]}},{"type":"Feature","properties":{"cat":"transporte"},"geometry":{"type":"Point","coordinates":[2.2230602,41.422449]}},{"type":"Feature","properties":{"cat":"transporte"},"geometry":{"type":"Point","coordinates":[2.1870843,41.4142988]}},{"type":"Feature","properties":{"cat":"transporte"},"geometry":{"type":"Point","coordinates":[2.1132776,41.35757]}},{"type":"Feature","properties":{"cat":"transporte"},"geometry":{"type":"Point","coordinates":[2.1951886,41.3852269]}},{"type":"Feature","properties":{"cat":"transporte"},"geometry":{"type":"Point","coordinates":[2.2071209,41.4365041]}},{"type":"Feature","properties":{"cat":"transporte"},"geometry":{"type":"Point","coordinates":[2.1346536,41.4136601]}},{"type":"Feature","properties":{"cat":"transporte"},"geometry":{"type":"Point","coordinates":[2.1368751,41.4105848]}},{"type":"Feature","properties":{"cat":"transporte"},"geometry":{"type":"Point","coordinates":[2.1403351,41.4472168]}},{"type":"Feature","properties":{"cat":"transporte"},"geometry":{"type":"Point","coordinates":[2.1360073,41.4004577]}},{"type":"Feature","properties":{"cat":"transporte"},"geometry":{"type":"Point","coordinates":[2.1384194,41.3992371]}},{"type":"Feature","properties":{"cat":"transporte"},"geometry":{"type":"Point","coordinates":[2.1467449,41.3629113]}},{"type":"Feature","properties":{"cat":"transporte"},"geometry":{"type":"Point","coordinates":[2.1472158,41.3625764]}},{"type":"Feature","properties":{"cat":"transporte"},"geometry":{"type":"Point","coordinates":[2.2092769,41.4248112]}},{"type":"Feature","properties":{"cat":"transporte"},"geometry":{"type":"Point","coordinates":[2.1666655,41.3908768]}},{"type":"Feature","properties":{"cat":"transporte"},"geometry":{"type":"Point","coordinates":[2.1661783,41.387713]}},{"type":"Feature","properties":{"cat":"transporte"},"geometry":{"type":"Point","coordinates":[2.2047107,41.4308569]}},{"type":"Feature","properties":{"cat":"transporte"},"geometry":{"type":"Point","coordinates":[2.125175,41.3988427]}},{"type":"Feature","properties":{"cat":"transporte"},"geometry":{"type":"Point","coordinates":[2.145666,41.4364411]}},{"type":"Feature","properties":{"cat":"transporte"},"geometry":{"type":"Point","coordinates":[2.1697329,41.3903863]}},{"type":"Feature","properties":{"cat":"transporte"},"geometry":{"type":"Point","coordinates":[2.1487333,41.3759834]}},{"type":"Feature","properties":{"cat":"transporte"},"geometry":{"type":"Point","coordinates":[2.1753891,41.4279991]}},{"type":"Feature","properties":{"cat":"transporte"},"geometry":{"type":"Point","coordinates":[2.1550396,41.4154122]}},{"type":"Feature","properties":{"cat":"transporte"},"geometry":{"type":"Point","coordinates":[2.1311043,41.416459]}},{"type":"Feature","properties":{"cat":"transporte"},"geometry":{"type":"Point","coordinates":[2.1194967,41.4213823]}},{"type":"Feature","properties":{"cat":"transporte"},"geometry":{"type":"Point","coordinates":[2.1674639,41.3984763]}},{"type":"Feature","properties":{"cat":"transporte"},"geometry":{"type":"Point","coordinates":[2.1674498,41.3985026]}},{"type":"Feature","properties":{"cat":"transporte"},"geometry":{"type":"Point","coordinates":[2.1811543,41.4018583]}},{"type":"Feature","properties":{"cat":"transporte"},"geometry":{"type":"Point","coordinates":[2.1808813,41.4019891]}},{"type":"Feature","properties":{"cat":"transporte"},"geometry":{"type":"Point","coordinates":[2.1741732,41.4001598]}},{"type":"Feature","properties":{"cat":"transporte"},"geometry":{"type":"Point","coordinates":[2.174161,41.4001872]}},{"type":"Feature","properties":{"cat":"transporte"},"geometry":{"type":"Point","coordinates":[2.1809682,41.3896765]}},{"type":"Feature","properties":{"cat":"transporte"},"geometry":{"type":"Point","coordinates":[2.1505578,41.3731581]}},{"type":"Feature","properties":{"cat":"transporte"},"geometry":{"type":"Point","coordinates":[2.1503266,41.3734957]}},{"type":"Feature","properties":{"cat":"transporte"},"geometry":{"type":"Point","coordinates":[2.1840472,41.3867434]}},{"type":"Feature","properties":{"cat":"transporte"},"geometry":{"type":"Point","coordinates":[2.1929272,41.4039152]}},{"type":"Feature","properties":{"cat":"transporte"},"geometry":{"type":"Point","coordinates":[2.1873791,41.4026216]}},{"type":"Feature","properties":{"cat":"transporte"},"geometry":{"type":"Point","coordinates":[2.2138008,41.4375637]}},{"type":"Feature","properties":{"cat":"transporte"},"geometry":{"type":"Point","coordinates":[2.1009231,41.3833831]}},{"type":"Feature","properties":{"cat":"transporte"},"geometry":{"type":"Point","coordinates":[2.1653496,41.392642]}},{"type":"Feature","properties":{"cat":"transporte"},"geometry":{"type":"Point","coordinates":[2.1117503,41.3421484]}},{"type":"Feature","properties":{"cat":"transporte"},"geometry":{"type":"Point","coordinates":[2.1322357,41.4147641]}},{"type":"Feature","properties":{"cat":"transporte"},"geometry":{"type":"Point","coordinates":[2.1745992,41.3505961]}},{"type":"Feature","properties":{"cat":"transporte"},"geometry":{"type":"Point","coordinates":[2.1783392,41.3579397]}},{"type":"Feature","properties":{"cat":"transporte"},"geometry":{"type":"Point","coordinates":[2.1766295,41.3552838]}},{"type":"Feature","properties":{"cat":"transporte"},"geometry":{"type":"Point","coordinates":[2.1100664,41.3448961]}},{"type":"Feature","properties":{"cat":"transporte"},"geometry":{"type":"Point","coordinates":[2.1038682,41.3438918]}},{"type":"Feature","properties":{"cat":"transporte"},"geometry":{"type":"Point","coordinates":[2.1321449,41.4058332]}},{"type":"Feature","properties":{"cat":"transporte"},"geometry":{"type":"Point","coordinates":[2.1250954,41.4111839]}},{"type":"Feature","properties":{"cat":"transporte"},"geometry":{"type":"Point","coordinates":[2.1735093,41.4118639]}},{"type":"Feature","properties":{"cat":"transporte"},"geometry":{"type":"Point","coordinates":[2.1605817,41.4132519]}},{"type":"Feature","properties":{"cat":"transporte"},"geometry":{"type":"Point","coordinates":[2.1612047,41.3952884]}},{"type":"Feature","properties":{"cat":"transporte"},"geometry":{"type":"Point","coordinates":[2.2021368,41.4275437]}},{"type":"Feature","properties":{"cat":"transporte"},"geometry":{"type":"Point","coordinates":[2.1333313,41.3727946]}},{"type":"Feature","properties":{"cat":"transporte"},"geometry":{"type":"Point","coordinates":[2.1353228,41.37563]}},{"type":"Feature","properties":{"cat":"transporte"},"geometry":{"type":"Point","coordinates":[2.1432443,41.4259421]}},{"type":"Feature","properties":{"cat":"transporte"},"geometry":{"type":"Point","coordinates":[2.2118085,41.4218322]}},{"type":"Feature","properties":{"cat":"transporte"},"geometry":{"type":"Point","coordinates":[2.2200655,41.4285911]}},{"type":"Feature","properties":{"cat":"transporte"},"geometry":{"type":"Point","coordinates":[2.1462407,41.3775896]}},{"type":"Feature","properties":{"cat":"transporte"},"geometry":{"type":"Point","coordinates":[2.1392976,41.3799038]}},{"type":"Feature","properties":{"cat":"transporte"},"geometry":{"type":"Point","coordinates":[2.1383322,41.379503]}},{"type":"Feature","properties":{"cat":"transporte"},"geometry":{"type":"Point","coordinates":[2.1706459,41.3910695]}},{"type":"Feature","properties":{"cat":"transporte"},"geometry":{"type":"Point","coordinates":[2.1391028,41.3798101]}},{"type":"Feature","properties":{"cat":"transporte"},"geometry":{"type":"Point","coordinates":[2.1389908,41.3797643]}},{"type":"Feature","properties":{"cat":"transporte"},"geometry":{"type":"Point","coordinates":[2.1387976,41.3796971]}},{"type":"Feature","properties":{"cat":"transporte"},"geometry":{"type":"Point","coordinates":[2.1386473,41.3796314]}},{"type":"Feature","properties":{"cat":"transporte"},"geometry":{"type":"Point","coordinates":[2.138496,41.3795693]}},{"type":"Feature","properties":{"cat":"transporte"},"geometry":{"type":"Point","coordinates":[2.1260384,41.3647209]}},{"type":"Feature","properties":{"cat":"transporte"},"geometry":{"type":"Point","coordinates":[2.1297958,41.3648769]}},{"type":"Feature","properties":{"cat":"transporte"},"geometry":{"type":"Point","coordinates":[2.2199729,41.4150111]}},{"type":"Feature","properties":{"cat":"transporte"},"geometry":{"type":"Point","coordinates":[2.1366903,41.4284727]}},{"type":"Feature","properties":{"cat":"transporte"},"geometry":{"type":"Point","coordinates":[2.1997731,41.4469456]}},{"type":"Feature","properties":{"cat":"transporte"},"geometry":{"type":"Point","coordinates":[2.1979499,41.445928]}},{"type":"Feature","properties":{"cat":"transporte"},"geometry":{"type":"Point","coordinates":[2.1969656,41.4429524]}},{"type":"Feature","properties":{"cat":"transporte"},"geometry":{"type":"Point","coordinates":[2.1928263,41.4422053]}},{"type":"Feature","properties":{"cat":"transporte"},"geometry":{"type":"Point","coordinates":[2.1994535,41.4473908]}},{"type":"Feature","properties":{"cat":"transporte"},"geometry":{"type":"Point","coordinates":[2.1961635,41.4354083]}},{"type":"Feature","properties":{"cat":"transporte"},"geometry":{"type":"Point","coordinates":[2.1833416,41.4315932]}},{"type":"Feature","properties":{"cat":"transporte"},"geometry":{"type":"Point","coordinates":[2.1829083,41.4367045]}},{"type":"Feature","properties":{"cat":"transporte"},"geometry":{"type":"Point","coordinates":[2.1156299,41.3680166]}},{"type":"Feature","properties":{"cat":"transporte"},"geometry":{"type":"Point","coordinates":[2.2090414,41.4148383]}},{"type":"Feature","properties":{"cat":"transporte"},"geometry":{"type":"Point","coordinates":[2.2070656,41.4148778]}},{"type":"Feature","properties":{"cat":"transporte"},"geometry":{"type":"Point","coordinates":[2.2051314,41.4125112]}},{"type":"Feature","properties":{"cat":"transporte"},"geometry":{"type":"Point","coordinates":[2.1874369,41.4025778]}},{"type":"Feature","properties":{"cat":"transporte"},"geometry":{"type":"Point","coordinates":[2.1872825,41.4025864]}},{"type":"Feature","properties":{"cat":"transporte"},"geometry":{"type":"Point","coordinates":[2.1443253,41.3922513]}},{"type":"Feature","properties":{"cat":"transporte"},"geometry":{"type":"Point","coordinates":[2.1631895,41.3887996]}},{"type":"Feature","properties":{"cat":"transporte"},"geometry":{"type":"Point","coordinates":[2.166619,41.3909037]}},{"type":"Feature","properties":{"cat":"transporte"},"geometry":{"type":"Point","coordinates":[2.1382021,41.3781935]}},{"type":"Feature","properties":{"cat":"transporte"},"geometry":{"type":"Point","coordinates":[2.1491771,41.3744299]}},{"type":"Feature","properties":{"cat":"transporte"},"geometry":{"type":"Point","coordinates":[2.1516606,41.3681165]}},{"type":"Feature","properties":{"cat":"transporte"},"geometry":{"type":"Point","coordinates":[2.1780279,41.3731932]}},{"type":"Feature","properties":{"cat":"transporte"},"geometry":{"type":"Point","coordinates":[2.1122275,41.3763532]}},{"type":"Feature","properties":{"cat":"transporte"},"geometry":{"type":"Point","coordinates":[2.1804308,41.3611787]}},{"type":"Feature","properties":{"cat":"transporte"},"geometry":{"type":"Point","coordinates":[2.1700557,41.3853192]}},{"type":"Feature","properties":{"cat":"transporte"},"geometry":{"type":"Point","coordinates":[2.1734437,41.3808909]}},{"type":"Feature","properties":{"cat":"transporte"},"geometry":{"type":"Point","coordinates":[2.1760754,41.3775447]}},{"type":"Feature","properties":{"cat":"transporte"},"geometry":{"type":"Point","coordinates":[2.1875706,41.4024626]}},{"type":"Feature","properties":{"cat":"transporte"},"geometry":{"type":"Point","coordinates":[2.1741952,41.3895883]}},{"type":"Feature","properties":{"cat":"transporte"},"geometry":{"type":"Point","coordinates":[2.1507446,41.3723832]}},{"type":"Feature","properties":{"cat":"transporte"},"geometry":{"type":"Point","coordinates":[2.1500237,41.3739768]}},{"type":"Feature","properties":{"cat":"transporte"},"geometry":{"type":"Point","coordinates":[2.1871183,41.3682301]}},{"type":"Feature","properties":{"cat":"transporte"},"geometry":{"type":"Point","coordinates":[2.1785732,41.3749456]}},{"type":"Feature","properties":{"cat":"transporte"},"geometry":{"type":"Point","coordinates":[2.2271083,41.4168743]}},{"type":"Feature","properties":{"cat":"transporte"},"geometry":{"type":"Point","coordinates":[2.2214232,41.4287901]}},{"type":"Feature","properties":{"cat":"transporte"},"geometry":{"type":"Point","coordinates":[2.1433364,41.3797714]}},{"type":"Feature","properties":{"cat":"transporte"},"geometry":{"type":"Point","coordinates":[2.1414556,41.3788948]}},{"type":"Feature","properties":{"cat":"transporte"},"geometry":{"type":"Point","coordinates":[2.1392324,41.3782181]}},{"type":"Feature","properties":{"cat":"transporte"},"geometry":{"type":"Point","coordinates":[2.1407621,41.378295]}},{"type":"Feature","properties":{"cat":"transporte"},"geometry":{"type":"Point","coordinates":[2.1390515,41.3783844]}},{"type":"Feature","properties":{"cat":"transporte"},"geometry":{"type":"Point","coordinates":[2.1487049,41.375736]}},{"type":"Feature","properties":{"cat":"transporte"},"geometry":{"type":"Point","coordinates":[2.1452783,41.3439115]}},{"type":"Feature","properties":{"cat":"transporte"},"geometry":{"type":"Point","coordinates":[2.1044844,41.4383223]}},{"type":"Feature","properties":{"cat":"transporte"},"geometry":{"type":"Point","coordinates":[2.1097175,41.4311411]}},{"type":"Feature","properties":{"cat":"transporte"},"geometry":{"type":"Point","coordinates":[2.1137251,41.4306048]}},{"type":"Feature","properties":{"cat":"transporte"},"geometry":{"type":"Point","coordinates":[2.1227356,41.4287972]}},{"type":"Feature","properties":{"cat":"transporte"},"geometry":{"type":"Point","coordinates":[2.125842,41.4310439]}},{"type":"Feature","properties":{"cat":"transporte"},"geometry":{"type":"Point","coordinates":[2.1338756,41.4340362]}},{"type":"Feature","properties":{"cat":"transporte"},"geometry":{"type":"Point","coordinates":[2.1273849,41.4280003]}},{"type":"Feature","properties":{"cat":"transporte"},"geometry":{"type":"Point","coordinates":[2.1350215,41.4249646]}},{"type":"Feature","properties":{"cat":"transporte"},"geometry":{"type":"Point","coordinates":[2.1382804,41.4225882]}},{"type":"Feature","properties":{"cat":"transporte"},"geometry":{"type":"Point","coordinates":[2.1386325,41.4182993]}},{"type":"Feature","properties":{"cat":"transporte"},"geometry":{"type":"Point","coordinates":[2.104364,41.4382949]}},{"type":"Feature","properties":{"cat":"transporte"},"geometry":{"type":"Point","coordinates":[2.1284203,41.4305267]}},{"type":"Feature","properties":{"cat":"transporte"},"geometry":{"type":"Point","coordinates":[2.1340309,41.433947]}},{"type":"Feature","properties":{"cat":"transporte"},"geometry":{"type":"Point","coordinates":[2.1264888,41.4314203]}},{"type":"Feature","properties":{"cat":"transporte"},"geometry":{"type":"Point","coordinates":[2.1226077,41.4286113]}},{"type":"Feature","properties":{"cat":"transporte"},"geometry":{"type":"Point","coordinates":[2.1134311,41.4304891]}},{"type":"Feature","properties":{"cat":"transporte"},"geometry":{"type":"Point","coordinates":[2.1095577,41.4311355]}},{"type":"Feature","properties":{"cat":"transporte"},"geometry":{"type":"Point","coordinates":[2.1385006,41.4182525]}},{"type":"Feature","properties":{"cat":"transporte"},"geometry":{"type":"Point","coordinates":[2.1381623,41.4224106]}},{"type":"Feature","properties":{"cat":"transporte"},"geometry":{"type":"Point","coordinates":[2.1270783,41.4278581]}},{"type":"Feature","properties":{"cat":"transporte"},"geometry":{"type":"Point","coordinates":[2.128478,41.4304414]}},{"type":"Feature","properties":{"cat":"transporte"},"geometry":{"type":"Point","coordinates":[2.1404917,41.4471426]}},{"type":"Feature","properties":{"cat":"transporte"},"geometry":{"type":"Point","coordinates":[2.201433,41.4038226]}},{"type":"Feature","properties":{"cat":"transporte"},"geometry":{"type":"Point","coordinates":[2.1989761,41.4019779]}},{"type":"Feature","properties":{"cat":"transporte"},"geometry":{"type":"Point","coordinates":[2.2103897,41.4421146]}},{"type":"Feature","properties":{"cat":"transporte"},"geometry":{"type":"Point","coordinates":[2.2093342,41.4417864]}},{"type":"Feature","properties":{"cat":"transporte"},"geometry":{"type":"Point","coordinates":[2.1805875,41.3985458]}},{"type":"Feature","properties":{"cat":"transporte"},"geometry":{"type":"Point","coordinates":[2.1772118,41.3960154]}},{"type":"Feature","properties":{"cat":"transporte"},"geometry":{"type":"Point","coordinates":[2.1803694,41.3987883]}},{"type":"Feature","properties":{"cat":"transporte"},"geometry":{"type":"Point","coordinates":[2.1174991,41.3758441]}},{"type":"Feature","properties":{"cat":"transporte"},"geometry":{"type":"Point","coordinates":[2.1193471,41.3736052]}},{"type":"Feature","properties":{"cat":"transporte"},"geometry":{"type":"Point","coordinates":[2.1202301,41.3717537]}},{"type":"Feature","properties":{"cat":"transporte"},"geometry":{"type":"Point","coordinates":[2.1560917,41.4084516]}},{"type":"Feature","properties":{"cat":"transporte"},"geometry":{"type":"Point","coordinates":[2.1342927,41.4057358]}},{"type":"Feature","properties":{"cat":"transporte"},"geometry":{"type":"Point","coordinates":[2.1819807,41.3752253]}},{"type":"Feature","properties":{"cat":"transporte"},"geometry":{"type":"Point","coordinates":[2.2200171,41.4122073]}},{"type":"Feature","properties":{"cat":"transporte"},"geometry":{"type":"Point","coordinates":[2.2186001,41.4121521]}},{"type":"Feature","properties":{"cat":"transporte"},"geometry":{"type":"Point","coordinates":[2.1985781,41.4235285]}},{"type":"Feature","properties":{"cat":"transporte"},"geometry":{"type":"Point","coordinates":[2.1992598,41.4240298]}},{"type":"Feature","properties":{"cat":"transporte"},"geometry":{"type":"Point","coordinates":[2.212646,41.412278]}},{"type":"Feature","properties":{"cat":"transporte"},"geometry":{"type":"Point","coordinates":[2.2091988,41.4096769]}},{"type":"Feature","properties":{"cat":"transporte"},"geometry":{"type":"Point","coordinates":[2.2056859,41.4070558]}},{"type":"Feature","properties":{"cat":"transporte"},"geometry":{"type":"Point","coordinates":[2.1669433,41.3984717]}},{"type":"Feature","properties":{"cat":"transporte"},"geometry":{"type":"Point","coordinates":[2.1339021,41.3881024]}},{"type":"Feature","properties":{"cat":"transporte"},"geometry":{"type":"Point","coordinates":[2.1883406,41.4030841]}},{"type":"Feature","properties":{"cat":"transporte"},"geometry":{"type":"Point","coordinates":[2.1630678,41.3793791]}},{"type":"Feature","properties":{"cat":"transporte"},"geometry":{"type":"Point","coordinates":[2.1050012,41.3468123]}},{"type":"Feature","properties":{"cat":"transporte"},"geometry":{"type":"Point","coordinates":[2.1072834,41.3739574]}},{"type":"Feature","properties":{"cat":"transporte"},"geometry":{"type":"Point","coordinates":[2.2006857,41.4250259]}},{"type":"Feature","properties":{"cat":"transporte"},"geometry":{"type":"Point","coordinates":[2.1944772,41.4141797]}},{"type":"Feature","properties":{"cat":"transporte"},"geometry":{"type":"Point","coordinates":[2.2063958,41.4231287]}},{"type":"Feature","properties":{"cat":"transporte"},"geometry":{"type":"Point","coordinates":[2.2155655,41.4343673]}},{"type":"Feature","properties":{"cat":"transporte"},"geometry":{"type":"Point","coordinates":[2.2107003,41.44196]}},{"type":"Feature","properties":{"cat":"transporte"},"geometry":{"type":"Point","coordinates":[2.2106059,41.4418796]}},{"type":"Feature","properties":{"cat":"transporte"},"geometry":{"type":"Point","coordinates":[2.1826363,41.4463283]}},{"type":"Feature","properties":{"cat":"transporte"},"geometry":{"type":"Point","coordinates":[2.1872824,41.4024015]}},{"type":"Feature","properties":{"cat":"transporte"},"geometry":{"type":"Point","coordinates":[2.2010432,41.4247545]}},{"type":"Feature","properties":{"cat":"transporte"},"geometry":{"type":"Point","coordinates":[2.176866,41.3961655]}},{"type":"Feature","properties":{"cat":"transporte"},"geometry":{"type":"Point","coordinates":[2.1447675,41.3904263]}},{"type":"Feature","properties":{"cat":"transporte"},"geometry":{"type":"Point","coordinates":[2.1656165,41.3978449]}},{"type":"Feature","properties":{"cat":"transporte"},"geometry":{"type":"Point","coordinates":[2.1609106,41.371648]}},{"type":"Feature","properties":{"cat":"transporte"},"geometry":{"type":"Point","coordinates":[2.1078397,41.3534934]}},{"type":"Feature","properties":{"cat":"transporte"},"geometry":{"type":"Point","coordinates":[2.1698749,41.3861658]}},{"type":"Feature","properties":{"cat":"transporte"},"geometry":{"type":"Point","coordinates":[2.2186951,41.4107091]}},{"type":"Feature","properties":{"cat":"transporte"},"geometry":{"type":"Point","coordinates":[2.2140007,41.404955]}},{"type":"Feature","properties":{"cat":"transporte"},"geometry":{"type":"Point","coordinates":[2.2043924,41.392456]}},{"type":"Feature","properties":{"cat":"transporte"},"geometry":{"type":"Point","coordinates":[2.2120008,41.4008622]}},{"type":"Feature","properties":{"cat":"transporte"},"geometry":{"type":"Point","coordinates":[2.1737241,41.403029]}},{"type":"Feature","properties":{"cat":"transporte"},"geometry":{"type":"Point","coordinates":[2.1823056,41.3947426]}},{"type":"Feature","properties":{"cat":"transporte"},"geometry":{"type":"Point","coordinates":[2.1896992,41.4042451]}},{"type":"Feature","properties":{"cat":"transporte"},"geometry":{"type":"Point","coordinates":[2.1990503,41.4011148]}},{"type":"Feature","properties":{"cat":"transporte"},"geometry":{"type":"Point","coordinates":[2.1833598,41.3808086]}},{"type":"Feature","properties":{"cat":"transporte"},"geometry":{"type":"Point","coordinates":[2.19718,41.387972]}},{"type":"Feature","properties":{"cat":"transporte"},"geometry":{"type":"Point","coordinates":[2.178268,41.3759056]}},{"type":"Feature","properties":{"cat":"transporte"},"geometry":{"type":"Point","coordinates":[2.1644489,41.3688659]}},{"type":"Feature","properties":{"cat":"transporte"},"geometry":{"type":"Point","coordinates":[2.1696526,41.3702901]}},{"type":"Feature","properties":{"cat":"transporte"},"geometry":{"type":"Point","coordinates":[2.1723899,41.3430813]}},{"type":"Feature","properties":{"cat":"transporte"},"geometry":{"type":"Point","coordinates":[2.1599251,41.3678749]}},{"type":"Feature","properties":{"cat":"transporte"},"geometry":{"type":"Point","coordinates":[2.1530256,41.366089]}},{"type":"Feature","properties":{"cat":"transporte"},"geometry":{"type":"Point","coordinates":[2.1447121,41.3813275]}},{"type":"Feature","properties":{"cat":"transporte"},"geometry":{"type":"Point","coordinates":[2.1499006,41.3736314]}},{"type":"Feature","properties":{"cat":"transporte"},"geometry":{"type":"Point","coordinates":[2.1497612,41.3711211]}},{"type":"Feature","properties":{"cat":"transporte"},"geometry":{"type":"Point","coordinates":[2.146762,41.3695531]}},{"type":"Feature","properties":{"cat":"transporte"},"geometry":{"type":"Point","coordinates":[2.1199039,41.389268]}},{"type":"Feature","properties":{"cat":"transporte"},"geometry":{"type":"Point","coordinates":[2.1203552,41.3812415]}},{"type":"Feature","properties":{"cat":"transporte"},"geometry":{"type":"Point","coordinates":[2.1306024,41.3888391]}},{"type":"Feature","properties":{"cat":"transporte"},"geometry":{"type":"Point","coordinates":[2.1439542,41.3920681]}},{"type":"Feature","properties":{"cat":"transporte"},"geometry":{"type":"Point","coordinates":[2.1602916,41.3832827]}},{"type":"Feature","properties":{"cat":"transporte"},"geometry":{"type":"Point","coordinates":[2.1142407,41.3960021]}},{"type":"Feature","properties":{"cat":"transporte"},"geometry":{"type":"Point","coordinates":[2.1861015,41.4426949]}},{"type":"Feature","properties":{"cat":"transporte"},"geometry":{"type":"Point","coordinates":[2.1832485,41.4312071]}},{"type":"Feature","properties":{"cat":"transporte"},"geometry":{"type":"Point","coordinates":[2.1832519,41.4312591]}},{"type":"Feature","properties":{"cat":"transporte"},"geometry":{"type":"Point","coordinates":[2.1832282,41.4313104]}},{"type":"Feature","properties":{"cat":"transporte"},"geometry":{"type":"Point","coordinates":[2.1832028,41.4313497]}},{"type":"Feature","properties":{"cat":"transporte"},"geometry":{"type":"Point","coordinates":[2.1831882,41.4313954]}},{"type":"Feature","properties":{"cat":"transporte"},"geometry":{"type":"Point","coordinates":[2.1831849,41.4314973]}},{"type":"Feature","properties":{"cat":"transporte"},"geometry":{"type":"Point","coordinates":[2.183183,41.4314515]}},{"type":"Feature","properties":{"cat":"transporte"},"geometry":{"type":"Point","coordinates":[2.1829444,41.4314522]}},{"type":"Feature","properties":{"cat":"transporte"},"geometry":{"type":"Point","coordinates":[2.1829581,41.4315482]}},{"type":"Feature","properties":{"cat":"transporte"},"geometry":{"type":"Point","coordinates":[2.1829781,41.4316374]}},{"type":"Feature","properties":{"cat":"transporte"},"geometry":{"type":"Point","coordinates":[2.1829985,41.4317155]}},{"type":"Feature","properties":{"cat":"transporte"},"geometry":{"type":"Point","coordinates":[2.1830202,41.4317922]}},{"type":"Feature","properties":{"cat":"transporte"},"geometry":{"type":"Point","coordinates":[2.1830284,41.4318507]}},{"type":"Feature","properties":{"cat":"transporte"},"geometry":{"type":"Point","coordinates":[2.1657779,41.4298033]}},{"type":"Feature","properties":{"cat":"transporte"},"geometry":{"type":"Point","coordinates":[2.1871121,41.4224996]}},{"type":"Feature","properties":{"cat":"transporte"},"geometry":{"type":"Point","coordinates":[2.186811,41.4247481]}},{"type":"Feature","properties":{"cat":"transporte"},"geometry":{"type":"Point","coordinates":[2.1846013,41.4283059]}},{"type":"Feature","properties":{"cat":"transporte"},"geometry":{"type":"Point","coordinates":[2.187293,41.3680389]}},{"type":"Feature","properties":{"cat":"transporte"},"geometry":{"type":"Point","coordinates":[2.1867789,41.4196949]}},{"type":"Feature","properties":{"cat":"transporte"},"geometry":{"type":"Point","coordinates":[2.1867572,41.4223638]}},{"type":"Feature","properties":{"cat":"transporte"},"geometry":{"type":"Point","coordinates":[2.1859057,41.4258072]}},{"type":"Feature","properties":{"cat":"transporte"},"geometry":{"type":"Point","coordinates":[2.1845917,41.429147]}},{"type":"Feature","properties":{"cat":"transporte"},"geometry":{"type":"Point","coordinates":[2.1870669,41.4198408]}},{"type":"Feature","properties":{"cat":"transporte"},"geometry":{"type":"Point","coordinates":[2.1870946,41.4209923]}},{"type":"Feature","properties":{"cat":"transporte"},"geometry":{"type":"Point","coordinates":[2.1529276,41.4021983]}},{"type":"Feature","properties":{"cat":"transporte"},"geometry":{"type":"Point","coordinates":[2.1028177,41.3688643]}},{"type":"Feature","properties":{"cat":"transporte"},"geometry":{"type":"Point","coordinates":[2.1015795,41.3687132]}},{"type":"Feature","properties":{"cat":"transporte"},"geometry":{"type":"Point","coordinates":[2.1428363,41.3923738]}},{"type":"Feature","properties":{"cat":"transporte"},"geometry":{"type":"Point","coordinates":[2.1421164,41.3921937]}},{"type":"Feature","properties":{"cat":"transporte"},"geometry":{"type":"Point","coordinates":[2.1411717,41.3919573]}},{"type":"Feature","properties":{"cat":"transporte"},"geometry":{"type":"Point","coordinates":[2.1405796,41.3918089]}},{"type":"Feature","properties":{"cat":"transporte"},"geometry":{"type":"Point","coordinates":[2.1358274,41.3905939]}},{"type":"Feature","properties":{"cat":"transporte"},"geometry":{"type":"Point","coordinates":[2.184006,41.423852]}},{"type":"Feature","properties":{"cat":"transporte"},"geometry":{"type":"Point","coordinates":[2.1470815,41.3739893]}},{"type":"Feature","properties":{"cat":"transporte"},"geometry":{"type":"Point","coordinates":[2.1496369,41.371955]}},{"type":"Feature","properties":{"cat":"transporte"},"geometry":{"type":"Point","coordinates":[2.1520748,41.3748282]}},{"type":"Feature","properties":{"cat":"transporte"},"geometry":{"type":"Point","coordinates":[2.1523996,41.3748258]}},{"type":"Feature","properties":{"cat":"transporte"},"geometry":{"type":"Point","coordinates":[2.1527825,41.3748232]}},{"type":"Feature","properties":{"cat":"transporte"},"geometry":{"type":"Point","coordinates":[2.1530197,41.3748239]}},{"type":"Feature","properties":{"cat":"transporte"},"geometry":{"type":"Point","coordinates":[2.1666325,41.3761603]}},{"type":"Feature","properties":{"cat":"transporte"},"geometry":{"type":"Point","coordinates":[2.1411758,41.3560039]}},{"type":"Feature","properties":{"cat":"transporte"},"geometry":{"type":"Point","coordinates":[2.1460531,41.3650126]}},{"type":"Feature","properties":{"cat":"transporte"},"geometry":{"type":"Point","coordinates":[2.1413084,41.3562113]}},{"type":"Feature","properties":{"cat":"transporte"},"geometry":{"type":"Point","coordinates":[2.1347763,41.3536023]}},{"type":"Feature","properties":{"cat":"transporte"},"geometry":{"type":"Point","coordinates":[2.1306817,41.3518766]}},{"type":"Feature","properties":{"cat":"transporte"},"geometry":{"type":"Point","coordinates":[2.1136075,41.3849644]}},{"type":"Feature","properties":{"cat":"transporte"},"geometry":{"type":"Point","coordinates":[2.1142773,41.3851355]}},{"type":"Feature","properties":{"cat":"transporte"},"geometry":{"type":"Point","coordinates":[2.1189345,41.3863264]}},{"type":"Feature","properties":{"cat":"transporte"},"geometry":{"type":"Point","coordinates":[2.1259438,41.3880888]}},{"type":"Feature","properties":{"cat":"transporte"},"geometry":{"type":"Point","coordinates":[2.1307298,41.3913628]}},{"type":"Feature","properties":{"cat":"transporte"},"geometry":{"type":"Point","coordinates":[2.137967,41.3929292]}},{"type":"Feature","properties":{"cat":"transporte"},"geometry":{"type":"Point","coordinates":[2.1374593,41.3980694]}},{"type":"Feature","properties":{"cat":"transporte"},"geometry":{"type":"Point","coordinates":[2.1204793,41.37744]}},{"type":"Feature","properties":{"cat":"transporte"},"geometry":{"type":"Point","coordinates":[2.1773978,41.3850624]}},{"type":"Feature","properties":{"cat":"transporte"},"geometry":{"type":"Point","coordinates":[2.1744062,41.3873304]}},{"type":"Feature","properties":{"cat":"transporte"},"geometry":{"type":"Point","coordinates":[2.179387,41.3872304]}},{"type":"Feature","properties":{"cat":"transporte"},"geometry":{"type":"Point","coordinates":[2.1826415,41.432218]}},{"type":"Feature","properties":{"cat":"transporte"},"geometry":{"type":"Point","coordinates":[2.1857424,41.4224082]}},{"type":"Feature","properties":{"cat":"transporte"},"geometry":{"type":"Point","coordinates":[2.1857443,41.422565]}},{"type":"Feature","properties":{"cat":"transporte"},"geometry":{"type":"Point","coordinates":[2.1501557,41.3732544]}},{"type":"Feature","properties":{"cat":"transporte"},"geometry":{"type":"Point","coordinates":[2.1504305,41.3728546]}},{"type":"Feature","properties":{"cat":"transporte"},"geometry":{"type":"Point","coordinates":[2.1648361,41.3832678]}},{"type":"Feature","properties":{"cat":"transporte"},"geometry":{"type":"Point","coordinates":[2.2031717,41.4101718]}},{"type":"Feature","properties":{"cat":"transporte"},"geometry":{"type":"Point","coordinates":[2.1998085,41.4078491]}},{"type":"Feature","properties":{"cat":"transporte"},"geometry":{"type":"Point","coordinates":[2.1668239,41.4037733]}},{"type":"Feature","properties":{"cat":"transporte"},"geometry":{"type":"Point","coordinates":[2.1258326,41.3915984]}},{"type":"Feature","properties":{"cat":"transporte"},"geometry":{"type":"Point","coordinates":[2.1252521,41.3920192]}},{"type":"Feature","properties":{"cat":"transporte"},"geometry":{"type":"Point","coordinates":[2.1656823,41.4020638]}},{"type":"Feature","properties":{"cat":"transporte"},"geometry":{"type":"Point","coordinates":[2.1445382,41.3968833]}},{"type":"Feature","properties":{"cat":"transporte"},"geometry":{"type":"Point","coordinates":[2.1880374,41.4040964]}},{"type":"Feature","properties":{"cat":"transporte"},"geometry":{"type":"Point","coordinates":[2.1384564,41.3790981]}},{"type":"Feature","properties":{"cat":"transporte"},"geometry":{"type":"Point","coordinates":[2.1387321,41.3794224]}},{"type":"Feature","properties":{"cat":"transporte"},"geometry":{"type":"Point","coordinates":[2.1386033,41.3792582]}},{"type":"Feature","properties":{"cat":"transporte"},"geometry":{"type":"Point","coordinates":[2.1384756,41.379226]}},{"type":"Feature","properties":{"cat":"transporte"},"geometry":{"type":"Point","coordinates":[2.1889247,41.4498721]}},{"type":"Feature","properties":{"cat":"transporte"},"geometry":{"type":"Point","coordinates":[2.1716933,41.3886836]}},{"type":"Feature","properties":{"cat":"transporte"},"geometry":{"type":"Point","coordinates":[2.1746193,41.389747]}},{"type":"Feature","properties":{"cat":"transporte"},"geometry":{"type":"Point","coordinates":[2.2106306,41.4424806]}},{"type":"Feature","properties":{"cat":"transporte"},"geometry":{"type":"Point","coordinates":[2.1778001,41.3729512]}},{"type":"Feature","properties":{"cat":"transporte"},"geometry":{"type":"Point","coordinates":[2.1498222,41.3709811]}},{"type":"Feature","properties":{"cat":"transporte"},"geometry":{"type":"Point","coordinates":[2.1653561,41.3915966]}},{"type":"Feature","properties":{"cat":"transporte"},"geometry":{"type":"Point","coordinates":[2.146754,41.3432646]}},{"type":"Feature","properties":{"cat":"transporte"},"geometry":{"type":"Point","coordinates":[2.1469628,41.3432853]}},{"type":"Feature","properties":{"cat":"transporte"},"geometry":{"type":"Point","coordinates":[2.1831056,41.4309797]}},{"type":"Feature","properties":{"cat":"transporte"},"geometry":{"type":"Point","coordinates":[2.1449718,41.3429845]}},{"type":"Feature","properties":{"cat":"transporte"},"geometry":{"type":"Point","coordinates":[2.167943,41.3899636]}},{"type":"Feature","properties":{"cat":"transporte"},"geometry":{"type":"Point","coordinates":[2.1690425,41.3876382]}},{"type":"Feature","properties":{"cat":"transporte"},"geometry":{"type":"Point","coordinates":[2.173051,41.3727788]}},{"type":"Feature","properties":{"cat":"transporte"},"geometry":{"type":"Point","coordinates":[2.1497447,41.3774507]}},{"type":"Feature","properties":{"cat":"transporte"},"geometry":{"type":"Point","coordinates":[2.1501705,41.3781962]}},{"type":"Feature","properties":{"cat":"transporte"},"geometry":{"type":"Point","coordinates":[2.2067272,41.4233569]}},{"type":"Feature","properties":{"cat":"transporte"},"geometry":{"type":"Point","coordinates":[2.1836384,41.429149]}},{"type":"Feature","properties":{"cat":"transporte"},"geometry":{"type":"Point","coordinates":[2.1648059,41.4032974]}},{"type":"Feature","properties":{"cat":"transporte"},"geometry":{"type":"Point","coordinates":[2.1101986,41.3747743]}},{"type":"Feature","properties":{"cat":"transporte"},"geometry":{"type":"Point","coordinates":[2.1125889,41.373367]}},{"type":"Feature","properties":{"cat":"transporte"},"geometry":{"type":"Point","coordinates":[2.1156814,41.3703915]}},{"type":"Feature","properties":{"cat":"transporte"},"geometry":{"type":"Point","coordinates":[2.1153478,41.3705081]}},{"type":"Feature","properties":{"cat":"transporte"},"geometry":{"type":"Point","coordinates":[2.1124505,41.3732875]}},{"type":"Feature","properties":{"cat":"transporte"},"geometry":{"type":"Point","coordinates":[2.1103046,41.3746176]}},{"type":"Feature","properties":{"cat":"transporte"},"geometry":{"type":"Point","coordinates":[2.1334134,41.3899768]}},{"type":"Feature","properties":{"cat":"transporte"},"geometry":{"type":"Point","coordinates":[2.1331097,41.4039701]}},{"type":"Feature","properties":{"cat":"transporte"},"geometry":{"type":"Point","coordinates":[2.1704046,41.3853882]}},{"type":"Feature","properties":{"cat":"transporte"},"geometry":{"type":"Point","coordinates":[2.1697689,41.3862858]}},{"type":"Feature","properties":{"cat":"transporte"},"geometry":{"type":"Point","coordinates":[2.1486125,41.3745781]}},{"type":"Feature","properties":{"cat":"transporte"},"geometry":{"type":"Point","coordinates":[2.1756074,41.3787456]}},{"type":"Feature","properties":{"cat":"transporte"},"geometry":{"type":"Point","coordinates":[2.1730868,41.3816088]}},{"type":"Feature","properties":{"cat":"transporte"},"geometry":{"type":"Point","coordinates":[2.1477459,41.3764405]}},{"type":"Feature","properties":{"cat":"transporte"},"geometry":{"type":"Point","coordinates":[2.1592586,41.3750988]}},{"type":"Feature","properties":{"cat":"transporte"},"geometry":{"type":"Point","coordinates":[2.1298212,41.4101784]}},{"type":"Feature","properties":{"cat":"transporte"},"geometry":{"type":"Point","coordinates":[2.1515229,41.3750122]}},{"type":"Feature","properties":{"cat":"transporte"},"geometry":{"type":"Point","coordinates":[2.1810265,41.3922802]}},{"type":"Feature","properties":{"cat":"transporte"},"geometry":{"type":"Point","coordinates":[2.1057387,41.4141655]}},{"type":"Feature","properties":{"cat":"transporte"},"geometry":{"type":"Point","coordinates":[2.163024,41.3687514]}},{"type":"Feature","properties":{"cat":"transporte"},"geometry":{"type":"Point","coordinates":[2.168329,41.3857711]}},{"type":"Feature","properties":{"cat":"transporte"},"geometry":{"type":"Point","coordinates":[2.1855604,41.3843894]}},{"type":"Feature","properties":{"cat":"transporte"},"geometry":{"type":"Point","coordinates":[2.1870973,41.4063982]}},{"type":"Feature","properties":{"cat":"transporte"},"geometry":{"type":"Point","coordinates":[2.1934213,41.4102754]}},{"type":"Feature","properties":{"cat":"transporte"},"geometry":{"type":"Point","coordinates":[2.1082695,41.4005774]}},{"type":"Feature","properties":{"cat":"transporte"},"geometry":{"type":"Point","coordinates":[2.1026024,41.3644801]}},{"type":"Feature","properties":{"cat":"transporte"},"geometry":{"type":"Point","coordinates":[2.1026093,41.3643475]}},{"type":"Feature","properties":{"cat":"transporte"},"geometry":{"type":"Point","coordinates":[2.1012285,41.3640656]}},{"type":"Feature","properties":{"cat":"transporte"},"geometry":{"type":"Point","coordinates":[2.1010867,41.3643747]}},{"type":"Feature","properties":{"cat":"transporte"},"geometry":{"type":"Point","coordinates":[2.1014825,41.3643731]}},{"type":"Feature","properties":{"cat":"transporte"},"geometry":{"type":"Point","coordinates":[2.1028111,41.3642192]}},{"type":"Feature","properties":{"cat":"transporte"},"geometry":{"type":"Point","coordinates":[2.1027654,41.3642682]}},{"type":"Feature","properties":{"cat":"transporte"},"geometry":{"type":"Point","coordinates":[2.2300377,41.4238783]}},{"type":"Feature","properties":{"cat":"transporte"},"geometry":{"type":"Point","coordinates":[2.2300919,41.4237207]}},{"type":"Feature","properties":{"cat":"transporte"},"geometry":{"type":"Point","coordinates":[2.1881627,41.3844259]}},{"type":"Feature","properties":{"cat":"transporte"},"geometry":{"type":"Point","coordinates":[2.139305,41.3798715]}},{"type":"Feature","properties":{"cat":"transporte"},"geometry":{"type":"Point","coordinates":[2.1869293,41.397537]}},{"type":"Feature","properties":{"cat":"transporte"},"geometry":{"type":"Point","coordinates":[2.1868225,41.3975351]}},{"type":"Feature","properties":{"cat":"transporte"},"geometry":{"type":"Point","coordinates":[2.1918496,41.3876121]}},{"type":"Feature","properties":{"cat":"transporte"},"geometry":{"type":"Point","coordinates":[2.1919487,41.3876407]}},{"type":"Feature","properties":{"cat":"transporte"},"geometry":{"type":"Point","coordinates":[2.1862139,41.4431455]}},{"type":"Feature","properties":{"cat":"transporte"},"geometry":{"type":"Point","coordinates":[2.1839826,41.4362052]}},{"type":"Feature","properties":{"cat":"transporte"},"geometry":{"type":"Point","coordinates":[2.115464,41.3538328]}},{"type":"Feature","properties":{"cat":"transporte"},"geometry":{"type":"Point","coordinates":[2.1153403,41.3538398]}},{"type":"Feature","properties":{"cat":"transporte"},"geometry":{"type":"Point","coordinates":[2.1869328,41.3975545]}},{"type":"Feature","properties":{"cat":"transporte"},"geometry":{"type":"Point","coordinates":[2.1868283,41.3975494]}},{"type":"Feature","properties":{"cat":"transporte"},"geometry":{"type":"Point","coordinates":[2.1915121,41.404391]}},{"type":"Feature","properties":{"cat":"transporte"},"geometry":{"type":"Point","coordinates":[2.1914442,41.4044906]}},{"type":"Feature","properties":{"cat":"transporte"},"geometry":{"type":"Point","coordinates":[2.222937,41.4152495]}},{"type":"Feature","properties":{"cat":"transporte"},"geometry":{"type":"Point","coordinates":[2.2155816,41.4104811]}},{"type":"Feature","properties":{"cat":"transporte"},"geometry":{"type":"Point","coordinates":[2.2049206,41.4077529]}},{"type":"Feature","properties":{"cat":"transporte"},"geometry":{"type":"Point","coordinates":[2.2048825,41.4078617]}},{"type":"Feature","properties":{"cat":"transporte"},"geometry":{"type":"Point","coordinates":[2.2198537,41.4118323]}},{"type":"Feature","properties":{"cat":"transporte"},"geometry":{"type":"Point","coordinates":[2.1873271,41.4025412]}},{"type":"Feature","properties":{"cat":"transporte"},"geometry":{"type":"Point","coordinates":[2.1868684,41.3940666]}},{"type":"Feature","properties":{"cat":"transporte"},"geometry":{"type":"Point","coordinates":[2.1869696,41.3940717]}},{"type":"Feature","properties":{"cat":"transporte"},"geometry":{"type":"Point","coordinates":[2.1982327,41.4060819]}},{"type":"Feature","properties":{"cat":"transporte"},"geometry":{"type":"Point","coordinates":[2.1982553,41.4062063]}},{"type":"Feature","properties":{"cat":"transporte"},"geometry":{"type":"Point","coordinates":[2.2262066,41.4188582]}},{"type":"Feature","properties":{"cat":"transporte"},"geometry":{"type":"Point","coordinates":[2.2261205,41.4188972]}},{"type":"Feature","properties":{"cat":"transporte"},"geometry":{"type":"Point","coordinates":[2.2104451,41.4091351]}},{"type":"Feature","properties":{"cat":"transporte"},"geometry":{"type":"Point","coordinates":[2.2104114,41.4092499]}},{"type":"Feature","properties":{"cat":"transporte"},"geometry":{"type":"Point","coordinates":[2.1885298,41.3902309]}},{"type":"Feature","properties":{"cat":"transporte"},"geometry":{"type":"Point","coordinates":[2.1884559,41.3901775]}},{"type":"Feature","properties":{"cat":"transporte"},"geometry":{"type":"Point","coordinates":[2.2135358,41.4171549]}},{"type":"Feature","properties":{"cat":"transporte"},"geometry":{"type":"Point","coordinates":[2.2136036,41.4172156]}},{"type":"Feature","properties":{"cat":"transporte"},"geometry":{"type":"Point","coordinates":[2.209524,41.4201067]}},{"type":"Feature","properties":{"cat":"transporte"},"geometry":{"type":"Point","coordinates":[2.2095999,41.4200586]}},{"type":"Feature","properties":{"cat":"transporte"},"geometry":{"type":"Point","coordinates":[2.19351,41.4080224]}},{"type":"Feature","properties":{"cat":"transporte"},"geometry":{"type":"Point","coordinates":[2.2226934,41.4305727]}},{"type":"Feature","properties":{"cat":"transporte"},"geometry":{"type":"Point","coordinates":[2.2227698,41.4305152]}},{"type":"Feature","properties":{"cat":"transporte"},"geometry":{"type":"Point","coordinates":[2.1978925,41.4112959]}},{"type":"Feature","properties":{"cat":"transporte"},"geometry":{"type":"Point","coordinates":[2.1977879,41.4113104]}},{"type":"Feature","properties":{"cat":"transporte"},"geometry":{"type":"Point","coordinates":[2.221951,41.422653]}},{"type":"Feature","properties":{"cat":"transporte"},"geometry":{"type":"Point","coordinates":[2.2209579,41.4183272]}},{"type":"Feature","properties":{"cat":"transporte"},"geometry":{"type":"Point","coordinates":[2.2210382,41.418414]}},{"type":"Feature","properties":{"cat":"transporte"},"geometry":{"type":"Point","coordinates":[2.2176292,41.4194214]}},{"type":"Feature","properties":{"cat":"transporte"},"geometry":{"type":"Point","coordinates":[2.2254251,41.4274264]}},{"type":"Feature","properties":{"cat":"transporte"},"geometry":{"type":"Point","coordinates":[2.2253703,41.4273349]}},{"type":"Feature","properties":{"cat":"transporte"},"geometry":{"type":"Point","coordinates":[2.2046631,41.4164711]}},{"type":"Feature","properties":{"cat":"transporte"},"geometry":{"type":"Point","coordinates":[2.204739,41.4164229]}},{"type":"Feature","properties":{"cat":"transporte"},"geometry":{"type":"Point","coordinates":[2.2275485,41.4349645]}},{"type":"Feature","properties":{"cat":"transporte"},"geometry":{"type":"Point","coordinates":[2.2276509,41.4349358]}},{"type":"Feature","properties":{"cat":"transporte"},"geometry":{"type":"Point","coordinates":[2.1148269,41.3807355]}},{"type":"Feature","properties":{"cat":"transporte"},"geometry":{"type":"Point","coordinates":[2.1059279,41.3760452]}},{"type":"Feature","properties":{"cat":"transporte"},"geometry":{"type":"Point","coordinates":[2.1059471,41.3761224]}},{"type":"Feature","properties":{"cat":"transporte"},"geometry":{"type":"Point","coordinates":[2.1107471,41.3767176]}},{"type":"Feature","properties":{"cat":"transporte"},"geometry":{"type":"Point","coordinates":[2.1109399,41.3767041]}},{"type":"Feature","properties":{"cat":"transporte"},"geometry":{"type":"Point","coordinates":[2.143225,41.3922201]}},{"type":"Feature","properties":{"cat":"transporte"},"geometry":{"type":"Point","coordinates":[2.1365139,41.3905506]}},{"type":"Feature","properties":{"cat":"transporte"},"geometry":{"type":"Point","coordinates":[2.1365347,41.3904737]}},{"type":"Feature","properties":{"cat":"transporte"},"geometry":{"type":"Point","coordinates":[2.1265166,41.3879359]}},{"type":"Feature","properties":{"cat":"transporte"},"geometry":{"type":"Point","coordinates":[2.1264997,41.3880136]}},{"type":"Feature","properties":{"cat":"transporte"},"geometry":{"type":"Point","coordinates":[2.1319706,41.3893128]}},{"type":"Feature","properties":{"cat":"transporte"},"geometry":{"type":"Point","coordinates":[2.1319558,41.3893886]}},{"type":"Feature","properties":{"cat":"transporte"},"geometry":{"type":"Point","coordinates":[2.1186322,41.3859273]}},{"type":"Feature","properties":{"cat":"transporte"},"geometry":{"type":"Point","coordinates":[2.1185824,41.3859999]}},{"type":"Feature","properties":{"cat":"transporte"},"geometry":{"type":"Point","coordinates":[2.1216039,41.3866839]}},{"type":"Feature","properties":{"cat":"transporte"},"geometry":{"type":"Point","coordinates":[2.1215817,41.3867507]}},{"type":"Feature","properties":{"cat":"transporte"},"geometry":{"type":"Point","coordinates":[2.1143827,41.3842612]}},{"type":"Feature","properties":{"cat":"transporte"},"geometry":{"type":"Point","coordinates":[2.1144853,41.3842819]}},{"type":"Feature","properties":{"cat":"transporte"},"geometry":{"type":"Point","coordinates":[2.1662171,41.3932412]}},{"type":"Feature","properties":{"cat":"transporte"},"geometry":{"type":"Point","coordinates":[2.1832272,41.3950435]}},{"type":"Feature","properties":{"cat":"transporte"},"geometry":{"type":"Point","coordinates":[2.1663043,41.3931731]}},{"type":"Feature","properties":{"cat":"transporte"},"geometry":{"type":"Point","coordinates":[2.1689539,41.387624]}},{"type":"Feature","properties":{"cat":"transporte"},"geometry":{"type":"Point","coordinates":[2.169031,41.3873785]}},{"type":"Feature","properties":{"cat":"transporte"},"geometry":{"type":"Point","coordinates":[2.1688418,41.387461]}},{"type":"Feature","properties":{"cat":"transporte"},"geometry":{"type":"Point","coordinates":[2.1815879,41.3926763]}},{"type":"Feature","properties":{"cat":"transporte"},"geometry":{"type":"Point","coordinates":[2.181654,41.3926026]}},{"type":"Feature","properties":{"cat":"transporte"},"geometry":{"type":"Point","coordinates":[2.1884447,41.4096799]}},{"type":"Feature","properties":{"cat":"transporte"},"geometry":{"type":"Point","coordinates":[2.188258,41.4098194]}},{"type":"Feature","properties":{"cat":"transporte"},"geometry":{"type":"Point","coordinates":[2.1112341,41.4091119]}},{"type":"Feature","properties":{"cat":"transporte"},"geometry":{"type":"Point","coordinates":[2.1112998,41.4091793]}},{"type":"Feature","properties":{"cat":"transporte"},"geometry":{"type":"Point","coordinates":[2.1403384,41.3795802]}},{"type":"Feature","properties":{"cat":"transporte"},"geometry":{"type":"Point","coordinates":[2.140554,41.379426]}},{"type":"Feature","properties":{"cat":"transporte"},"geometry":{"type":"Point","coordinates":[2.1404148,41.3792574]}},{"type":"Feature","properties":{"cat":"transporte"},"geometry":{"type":"Point","coordinates":[2.1407971,41.3792791]}},{"type":"Feature","properties":{"cat":"transporte"},"geometry":{"type":"Point","coordinates":[2.1408933,41.3791923]}},{"type":"Feature","properties":{"cat":"transporte"},"geometry":{"type":"Point","coordinates":[2.1409828,41.379113]}},{"type":"Feature","properties":{"cat":"transporte"},"geometry":{"type":"Point","coordinates":[2.1405463,41.3787312]}},{"type":"Feature","properties":{"cat":"transporte"},"geometry":{"type":"Point","coordinates":[2.1880448,41.3844127]}},{"type":"Feature","properties":{"cat":"transporte"},"geometry":{"type":"Point","coordinates":[2.1336145,41.3731168]}},{"type":"Feature","properties":{"cat":"transporte"},"geometry":{"type":"Point","coordinates":[2.1765307,41.4250571]}},{"type":"Feature","properties":{"cat":"transporte"},"geometry":{"type":"Point","coordinates":[2.1774414,41.4230987]}},{"type":"Feature","properties":{"cat":"transporte"},"geometry":{"type":"Point","coordinates":[2.177311,41.4231112]}},{"type":"Feature","properties":{"cat":"transporte"},"geometry":{"type":"Point","coordinates":[2.1748076,41.4296486]}},{"type":"Feature","properties":{"cat":"transporte"},"geometry":{"type":"Point","coordinates":[2.1749152,41.4297069]}},{"type":"Feature","properties":{"cat":"transporte"},"geometry":{"type":"Point","coordinates":[2.1681452,41.3894874]}},{"type":"Feature","properties":{"cat":"transporte"},"geometry":{"type":"Point","coordinates":[2.1683476,41.3893328]}},{"type":"Feature","properties":{"cat":"transporte"},"geometry":{"type":"Point","coordinates":[2.1679042,41.3900926]}},{"type":"Feature","properties":{"cat":"transporte"},"geometry":{"type":"Point","coordinates":[2.1678077,41.390033]}},{"type":"Feature","properties":{"cat":"transporte"},"geometry":{"type":"Point","coordinates":[2.1653882,41.3916307]}},{"type":"Feature","properties":{"cat":"transporte"},"geometry":{"type":"Point","coordinates":[2.1653033,41.3915771]}},{"type":"Feature","properties":{"cat":"transporte"},"geometry":{"type":"Point","coordinates":[2.1255444,41.3985029]}},{"type":"Feature","properties":{"cat":"transporte"},"geometry":{"type":"Point","coordinates":[2.1256448,41.3985584]}},{"type":"Feature","properties":{"cat":"transporte"},"geometry":{"type":"Point","coordinates":[2.1546195,41.3792004]}},{"type":"Feature","properties":{"cat":"transporte"},"geometry":{"type":"Point","coordinates":[2.1545259,41.379273]}},{"type":"Feature","properties":{"cat":"transporte"},"geometry":{"type":"Point","coordinates":[2.1589444,41.382456]}},{"type":"Feature","properties":{"cat":"transporte"},"geometry":{"type":"Point","coordinates":[2.1588481,41.3825271]}},{"type":"Feature","properties":{"cat":"transporte"},"geometry":{"type":"Point","coordinates":[2.1746325,41.3895552]}},{"type":"Feature","properties":{"cat":"transporte"},"geometry":{"type":"Point","coordinates":[2.1745174,41.3897267]}},{"type":"Feature","properties":{"cat":"transporte"},"geometry":{"type":"Point","coordinates":[2.185804,41.3947328]}},{"type":"Feature","properties":{"cat":"transporte"},"geometry":{"type":"Point","coordinates":[2.1857779,41.3947651]}},{"type":"Feature","properties":{"cat":"transporte"},"geometry":{"type":"Point","coordinates":[2.1515775,41.3749636]}},{"type":"Feature","properties":{"cat":"transporte"},"geometry":{"type":"Point","coordinates":[2.1515526,41.3750625]}},{"type":"Feature","properties":{"cat":"transporte"},"geometry":{"type":"Point","coordinates":[2.1493319,41.3755733]}},{"type":"Feature","properties":{"cat":"transporte"},"geometry":{"type":"Point","coordinates":[2.1493971,41.3754771]}},{"type":"Feature","properties":{"cat":"transporte"},"geometry":{"type":"Point","coordinates":[2.1684284,41.3862126]}},{"type":"Feature","properties":{"cat":"transporte"},"geometry":{"type":"Point","coordinates":[2.1684111,41.3859549]}},{"type":"Feature","properties":{"cat":"transporte"},"geometry":{"type":"Point","coordinates":[2.1682847,41.3858999]}},{"type":"Feature","properties":{"cat":"transporte"},"geometry":{"type":"Point","coordinates":[2.168267,41.3857062]}},{"type":"Feature","properties":{"cat":"transporte"},"geometry":{"type":"Point","coordinates":[2.1683617,41.38564]}},{"type":"Feature","properties":{"cat":"transporte"},"geometry":{"type":"Point","coordinates":[2.1308186,41.3840905]}},{"type":"Feature","properties":{"cat":"transporte"},"geometry":{"type":"Point","coordinates":[2.1309277,41.3841685]}},{"type":"Feature","properties":{"cat":"transporte"},"geometry":{"type":"Point","coordinates":[2.2160437,41.4150613]}},{"type":"Feature","properties":{"cat":"transporte"},"geometry":{"type":"Point","coordinates":[2.2161302,41.4151253]}},{"type":"Feature","properties":{"cat":"transporte"},"geometry":{"type":"Point","coordinates":[2.2166378,41.4118111]}},{"type":"Feature","properties":{"cat":"transporte"},"geometry":{"type":"Point","coordinates":[2.216722,41.4117432]}},{"type":"Feature","properties":{"cat":"transporte"},"geometry":{"type":"Point","coordinates":[2.1391871,41.4058291]}},{"type":"Feature","properties":{"cat":"transporte"},"geometry":{"type":"Point","coordinates":[2.1390829,41.4057998]}},{"type":"Feature","properties":{"cat":"transporte"},"geometry":{"type":"Point","coordinates":[2.1930357,41.3866534]}},{"type":"Feature","properties":{"cat":"transporte"},"geometry":{"type":"Point","coordinates":[2.1929199,41.3866921]}},{"type":"Feature","properties":{"cat":"transporte"},"geometry":{"type":"Point","coordinates":[2.2034138,41.4036806]}},{"type":"Feature","properties":{"cat":"transporte"},"geometry":{"type":"Point","coordinates":[2.2033166,41.4037504]}},{"type":"Feature","properties":{"cat":"transporte"},"geometry":{"type":"Point","coordinates":[2.1372864,41.4094273]}},{"type":"Feature","properties":{"cat":"transporte"},"geometry":{"type":"Point","coordinates":[2.199536,41.4498905]}},{"type":"Feature","properties":{"cat":"transporte"},"geometry":{"type":"Point","coordinates":[2.1995635,41.4499831]}},{"type":"Feature","properties":{"cat":"transporte"},"geometry":{"type":"Point","coordinates":[2.2055527,41.4240224]}},{"type":"Feature","properties":{"cat":"transporte"},"geometry":{"type":"Point","coordinates":[2.2056761,41.4240562]}},{"type":"Feature","properties":{"cat":"transporte"},"geometry":{"type":"Point","coordinates":[2.2051573,41.4236477]}},{"type":"Feature","properties":{"cat":"transporte"},"geometry":{"type":"Point","coordinates":[2.2052417,41.4237086]}},{"type":"Feature","properties":{"cat":"transporte"},"geometry":{"type":"Point","coordinates":[2.1933026,41.42263]}},{"type":"Feature","properties":{"cat":"transporte"},"geometry":{"type":"Point","coordinates":[2.1934816,41.4225795]}},{"type":"Feature","properties":{"cat":"transporte"},"geometry":{"type":"Point","coordinates":[2.1876204,41.4211205]}},{"type":"Feature","properties":{"cat":"transporte"},"geometry":{"type":"Point","coordinates":[2.1867693,41.4204795]}},{"type":"Feature","properties":{"cat":"transporte"},"geometry":{"type":"Point","coordinates":[2.1867684,41.42048]}},{"type":"Feature","properties":{"cat":"transporte"},"geometry":{"type":"Point","coordinates":[2.1841583,41.4494778]}},{"type":"Feature","properties":{"cat":"transporte"},"geometry":{"type":"Point","coordinates":[2.1793368,41.4004367]}},{"type":"Feature","properties":{"cat":"transporte"},"geometry":{"type":"Point","coordinates":[2.1795846,41.4006124]}},{"type":"Feature","properties":{"cat":"transporte"},"geometry":{"type":"Point","coordinates":[2.175058,41.403956]}},{"type":"Feature","properties":{"cat":"transporte"},"geometry":{"type":"Point","coordinates":[2.1751473,41.4040208]}},{"type":"Feature","properties":{"cat":"transporte"},"geometry":{"type":"Point","coordinates":[2.1551791,41.4244028]}},{"type":"Feature","properties":{"cat":"transporte"},"geometry":{"type":"Point","coordinates":[2.1550503,41.4243975]}},{"type":"Feature","properties":{"cat":"transporte"},"geometry":{"type":"Point","coordinates":[2.1523318,41.3978118]}},{"type":"Feature","properties":{"cat":"transporte"},"geometry":{"type":"Point","coordinates":[2.170138,41.3865475]}},{"type":"Feature","properties":{"cat":"transporte"},"geometry":{"type":"Point","coordinates":[2.170031,41.3865459]}},{"type":"Feature","properties":{"cat":"transporte"},"geometry":{"type":"Point","coordinates":[2.1737157,41.4039824]}},{"type":"Feature","properties":{"cat":"transporte"},"geometry":{"type":"Point","coordinates":[2.1738066,41.4039248]}},{"type":"Feature","properties":{"cat":"transporte"},"geometry":{"type":"Point","coordinates":[2.1549875,41.3954812]}},{"type":"Feature","properties":{"cat":"transporte"},"geometry":{"type":"Point","coordinates":[2.1553682,41.3953937]}},{"type":"Feature","properties":{"cat":"transporte"},"geometry":{"type":"Point","coordinates":[2.1824568,41.4491716]}},{"type":"Feature","properties":{"cat":"transporte"},"geometry":{"type":"Point","coordinates":[2.1824031,41.4492075]}},{"type":"Feature","properties":{"cat":"transporte"},"geometry":{"type":"Point","coordinates":[2.1484914,41.3953465]}},{"type":"Feature","properties":{"cat":"transporte"},"geometry":{"type":"Point","coordinates":[2.1550505,41.3964631]}},{"type":"Feature","properties":{"cat":"transporte"},"geometry":{"type":"Point","coordinates":[2.1555706,41.3959873]}},{"type":"Feature","properties":{"cat":"transporte"},"geometry":{"type":"Point","coordinates":[2.1940571,41.4364911]}},{"type":"Feature","properties":{"cat":"transporte"},"geometry":{"type":"Point","coordinates":[2.1938539,41.4364818]}},{"type":"Feature","properties":{"cat":"transporte"},"geometry":{"type":"Point","coordinates":[2.1190326,41.3987953]}},{"type":"Feature","properties":{"cat":"transporte"},"geometry":{"type":"Point","coordinates":[2.1191176,41.398717]}},{"type":"Feature","properties":{"cat":"transporte"},"geometry":{"type":"Point","coordinates":[2.1524664,41.3991882]}},{"type":"Feature","properties":{"cat":"transporte"},"geometry":{"type":"Point","coordinates":[2.1525201,41.3992944]}},{"type":"Feature","properties":{"cat":"transporte"},"geometry":{"type":"Point","coordinates":[2.2003707,41.4273286]}},{"type":"Feature","properties":{"cat":"transporte"},"geometry":{"type":"Point","coordinates":[2.2004561,41.4273887]}},{"type":"Feature","properties":{"cat":"transporte"},"geometry":{"type":"Point","coordinates":[2.1812376,41.4202635]}},{"type":"Feature","properties":{"cat":"transporte"},"geometry":{"type":"Point","coordinates":[2.175148,41.416446]}},{"type":"Feature","properties":{"cat":"transporte"},"geometry":{"type":"Point","coordinates":[2.1616,41.4138788]}},{"type":"Feature","properties":{"cat":"transporte"},"geometry":{"type":"Point","coordinates":[2.1489353,41.4064951]}},{"type":"Feature","properties":{"cat":"transporte"},"geometry":{"type":"Point","coordinates":[2.1399302,41.4056454]}},{"type":"Feature","properties":{"cat":"transporte"},"geometry":{"type":"Point","coordinates":[2.1313677,41.4051555]}},{"type":"Feature","properties":{"cat":"transporte"},"geometry":{"type":"Point","coordinates":[2.1729614,41.3814522]}},{"type":"Feature","properties":{"cat":"transporte"},"geometry":{"type":"Point","coordinates":[2.1730483,41.3814934]}},{"type":"Feature","properties":{"cat":"transporte"},"geometry":{"type":"Point","coordinates":[2.1757119,41.3765131]}},{"type":"Feature","properties":{"cat":"transporte"},"geometry":{"type":"Point","coordinates":[2.1756071,41.3765595]}},{"type":"Feature","properties":{"cat":"transporte"},"geometry":{"type":"Point","coordinates":[2.1579374,41.3928403]}},{"type":"Feature","properties":{"cat":"transporte"},"geometry":{"type":"Point","coordinates":[2.1580347,41.3929124]}},{"type":"Feature","properties":{"cat":"transporte"},"geometry":{"type":"Point","coordinates":[2.1588285,41.3945092]}},{"type":"Feature","properties":{"cat":"transporte"},"geometry":{"type":"Point","coordinates":[2.1589314,41.3944534]}},{"type":"Feature","properties":{"cat":"transporte"},"geometry":{"type":"Point","coordinates":[2.1599092,41.3959311]}},{"type":"Feature","properties":{"cat":"transporte"},"geometry":{"type":"Point","coordinates":[2.1599904,41.3959962]}},{"type":"Feature","properties":{"cat":"transporte"},"geometry":{"type":"Point","coordinates":[2.1687918,41.3859173]}},{"type":"Feature","properties":{"cat":"transporte"},"geometry":{"type":"Point","coordinates":[2.1681625,41.3860366]}},{"type":"Feature","properties":{"cat":"transporte"},"geometry":{"type":"Point","coordinates":[2.1363848,41.3652249]}},{"type":"Feature","properties":{"cat":"transporte"},"geometry":{"type":"Point","coordinates":[2.1390952,41.3676561]}},{"type":"Feature","properties":{"cat":"transporte"},"geometry":{"type":"Point","coordinates":[2.1480017,41.373964]}},{"type":"Feature","properties":{"cat":"transporte"},"geometry":{"type":"Point","coordinates":[2.1482534,41.3743552]}},{"type":"Feature","properties":{"cat":"transporte"},"geometry":{"type":"Point","coordinates":[2.1352038,41.3756959]}},{"type":"Feature","properties":{"cat":"transporte"},"geometry":{"type":"Point","coordinates":[2.1351471,41.3757866]}},{"type":"Feature","properties":{"cat":"transporte"},"geometry":{"type":"Point","coordinates":[2.1379839,41.3753373]}},{"type":"Feature","properties":{"cat":"transporte"},"geometry":{"type":"Point","coordinates":[2.137988,41.3754122]}},{"type":"Feature","properties":{"cat":"transporte"},"geometry":{"type":"Point","coordinates":[2.1434289,41.3752075]}},{"type":"Feature","properties":{"cat":"transporte"},"geometry":{"type":"Point","coordinates":[2.1434326,41.375287]}},{"type":"Feature","properties":{"cat":"transporte"},"geometry":{"type":"Point","coordinates":[2.1027784,41.3676468]}},{"type":"Feature","properties":{"cat":"transporte"},"geometry":{"type":"Point","coordinates":[2.1027393,41.3677415]}},{"type":"Feature","properties":{"cat":"transporte"},"geometry":{"type":"Point","coordinates":[2.1503508,41.4058834]}},{"type":"Feature","properties":{"cat":"transporte"},"geometry":{"type":"Point","coordinates":[2.1445963,41.4119134]}},{"type":"Feature","properties":{"cat":"transporte"},"geometry":{"type":"Point","coordinates":[2.144541,41.4118574]}},{"type":"Feature","properties":{"cat":"transporte"},"geometry":{"type":"Point","coordinates":[2.1873865,41.4024966]}},{"type":"Feature","properties":{"cat":"transporte"},"geometry":{"type":"Point","coordinates":[2.1872394,41.402606]}},{"type":"Feature","properties":{"cat":"transporte"},"geometry":{"type":"Point","coordinates":[2.1811646,41.4018948]}},{"type":"Feature","properties":{"cat":"transporte"},"geometry":{"type":"Point","coordinates":[2.1808451,41.4019462]}},{"type":"Feature","properties":{"cat":"transporte"},"geometry":{"type":"Point","coordinates":[2.1741974,41.4002244]}},{"type":"Feature","properties":{"cat":"transporte"},"geometry":{"type":"Point","coordinates":[2.1742434,41.4001449]}},{"type":"Feature","properties":{"cat":"transporte"},"geometry":{"type":"Point","coordinates":[2.1673986,41.3984276]}},{"type":"Feature","properties":{"cat":"transporte"},"geometry":{"type":"Point","coordinates":[2.1214612,41.3867285]}},{"type":"Feature","properties":{"cat":"transporte"},"geometry":{"type":"Point","coordinates":[2.1674127,41.398433]}},{"type":"Feature","properties":{"cat":"transporte"},"geometry":{"type":"Point","coordinates":[2.142908,41.4135333]}},{"type":"Feature","properties":{"cat":"transporte"},"geometry":{"type":"Point","coordinates":[2.1443573,41.4120546]}},{"type":"Feature","properties":{"cat":"transporte"},"geometry":{"type":"Point","coordinates":[2.1443879,41.4118993]}},{"type":"Feature","properties":{"cat":"transporte"},"geometry":{"type":"Point","coordinates":[2.1439515,41.4113557]}},{"type":"Feature","properties":{"cat":"transporte"},"geometry":{"type":"Point","coordinates":[2.1446117,41.4114399]}},{"type":"Feature","properties":{"cat":"transporte"},"geometry":{"type":"Point","coordinates":[2.1425459,41.411609]}},{"type":"Feature","properties":{"cat":"transporte"},"geometry":{"type":"Point","coordinates":[2.187141,41.3843018]}},{"type":"Feature","properties":{"cat":"transporte"},"geometry":{"type":"Point","coordinates":[2.186844,41.3841867]}},{"type":"Feature","properties":{"cat":"transporte"},"geometry":{"type":"Point","coordinates":[2.1868959,41.3840719]}},{"type":"Feature","properties":{"cat":"transporte"},"geometry":{"type":"Point","coordinates":[2.1878519,41.3841362]}},{"type":"Feature","properties":{"cat":"transporte"},"geometry":{"type":"Point","coordinates":[2.1868844,41.3838399]}},{"type":"Feature","properties":{"cat":"transporte"},"geometry":{"type":"Point","coordinates":[2.1878123,41.3839742]}},{"type":"Feature","properties":{"cat":"transporte"},"geometry":{"type":"Point","coordinates":[2.1872092,41.3800766]}},{"type":"Feature","properties":{"cat":"transporte"},"geometry":{"type":"Point","coordinates":[2.1108293,41.3767134]}},{"type":"Feature","properties":{"cat":"transporte"},"geometry":{"type":"Point","coordinates":[2.1357774,41.3650295]}},{"type":"Feature","properties":{"cat":"transporte"},"geometry":{"type":"Point","coordinates":[2.150244,41.4058373]}},{"type":"Feature","properties":{"cat":"transporte"},"geometry":{"type":"Point","coordinates":[2.1878019,41.448177]}},{"type":"Feature","properties":{"cat":"transporte"},"geometry":{"type":"Point","coordinates":[2.1692533,41.3748416]}},{"type":"Feature","properties":{"cat":"transporte"},"geometry":{"type":"Point","coordinates":[2.1692551,41.3749272]}},{"type":"Feature","properties":{"cat":"transporte"},"geometry":{"type":"Point","coordinates":[2.1692566,41.3750399]}},{"type":"Feature","properties":{"cat":"transporte"},"geometry":{"type":"Point","coordinates":[2.1632686,41.3797898]}},{"type":"Feature","properties":{"cat":"transporte"},"geometry":{"type":"Point","coordinates":[2.1639028,41.3846591]}},{"type":"Feature","properties":{"cat":"transporte"},"geometry":{"type":"Point","coordinates":[2.1258974,41.3986895]}},{"type":"Feature","properties":{"cat":"transporte"},"geometry":{"type":"Point","coordinates":[2.128268,41.3934433]}},{"type":"Feature","properties":{"cat":"transporte"},"geometry":{"type":"Point","coordinates":[2.1236394,41.3909155]}},{"type":"Feature","properties":{"cat":"transporte"},"geometry":{"type":"Point","coordinates":[2.1142104,41.3893903]}},{"type":"Feature","properties":{"cat":"transporte"},"geometry":{"type":"Point","coordinates":[2.1159193,41.3808494]}},{"type":"Feature","properties":{"cat":"transporte"},"geometry":{"type":"Point","coordinates":[2.1273337,41.3755431]}},{"type":"Feature","properties":{"cat":"transporte"},"geometry":{"type":"Point","coordinates":[2.1273354,41.3756285]}},{"type":"Feature","properties":{"cat":"transporte"},"geometry":{"type":"Point","coordinates":[2.1867829,41.4230276]}},{"type":"Feature","properties":{"cat":"transporte"},"geometry":{"type":"Point","coordinates":[2.1830308,41.4312163]}},{"type":"Feature","properties":{"cat":"transporte"},"geometry":{"type":"Point","coordinates":[2.1832027,41.431218]}},{"type":"Feature","properties":{"cat":"transporte"},"geometry":{"type":"Point","coordinates":[2.1668668,41.3988657]}},{"type":"Feature","properties":{"cat":"transporte"},"geometry":{"type":"Point","coordinates":[2.1669626,41.3987912]}},{"type":"Feature","properties":{"cat":"transporte"},"geometry":{"type":"Point","coordinates":[2.1603698,41.4296744]}},{"type":"Feature","properties":{"cat":"transporte"},"geometry":{"type":"Point","coordinates":[2.1424926,41.4249885]}},{"type":"Feature","properties":{"cat":"transporte"},"geometry":{"type":"Point","coordinates":[2.1493684,41.4216412]}},{"type":"Feature","properties":{"cat":"transporte"},"geometry":{"type":"Point","coordinates":[2.1641027,41.3856591]}},{"type":"Feature","properties":{"cat":"transporte"},"geometry":{"type":"Point","coordinates":[2.1640729,41.3857089]}},{"type":"Feature","properties":{"cat":"transporte"},"geometry":{"type":"Point","coordinates":[2.1734631,41.3879958]}},{"type":"Feature","properties":{"cat":"transporte"},"geometry":{"type":"Point","coordinates":[2.1733866,41.3879372]}},{"type":"Feature","properties":{"cat":"transporte"},"geometry":{"type":"Point","coordinates":[2.1692554,41.3749535]}},{"type":"Feature","properties":{"cat":"transporte"},"geometry":{"type":"Point","coordinates":[2.1813437,41.4234671]}},{"type":"Feature","properties":{"cat":"transporte"},"geometry":{"type":"Point","coordinates":[2.1813288,41.4233603]}},{"type":"Feature","properties":{"cat":"transporte"},"geometry":{"type":"Point","coordinates":[2.1815638,41.3926989]}},{"type":"Feature","properties":{"cat":"transporte"},"geometry":{"type":"Point","coordinates":[2.1816777,41.3925808]}},{"type":"Feature","properties":{"cat":"transporte"},"geometry":{"type":"Point","coordinates":[2.1430746,41.4032637]}},{"type":"Feature","properties":{"cat":"transporte"},"geometry":{"type":"Point","coordinates":[2.1431344,41.403334]}},{"type":"Feature","properties":{"cat":"transporte"},"geometry":{"type":"Point","coordinates":[2.1473657,41.4013278]}},{"type":"Feature","properties":{"cat":"transporte"},"geometry":{"type":"Point","coordinates":[2.1474174,41.4014052]}},{"type":"Feature","properties":{"cat":"transporte"},"geometry":{"type":"Point","coordinates":[2.1471231,41.4010098]}},{"type":"Feature","properties":{"cat":"transporte"},"geometry":{"type":"Point","coordinates":[2.1470914,41.4011054]}},{"type":"Feature","properties":{"cat":"transporte"},"geometry":{"type":"Point","coordinates":[2.1428616,41.3986465]}},{"type":"Feature","properties":{"cat":"transporte"},"geometry":{"type":"Point","coordinates":[2.1428229,41.3986857]}},{"type":"Feature","properties":{"cat":"transporte"},"geometry":{"type":"Point","coordinates":[2.1427868,41.3987279]}},{"type":"Feature","properties":{"cat":"transporte"},"geometry":{"type":"Point","coordinates":[2.1361543,41.3977387]}},{"type":"Feature","properties":{"cat":"transporte"},"geometry":{"type":"Point","coordinates":[2.1361543,41.3977871]}},{"type":"Feature","properties":{"cat":"transporte"},"geometry":{"type":"Point","coordinates":[2.1361536,41.3978353]}},{"type":"Feature","properties":{"cat":"transporte"},"geometry":{"type":"Point","coordinates":[2.1308607,41.3977221]}},{"type":"Feature","properties":{"cat":"transporte"},"geometry":{"type":"Point","coordinates":[2.1308605,41.3978171]}},{"type":"Feature","properties":{"cat":"transporte"},"geometry":{"type":"Point","coordinates":[2.1733081,41.4370289]}},{"type":"Feature","properties":{"cat":"transporte"},"geometry":{"type":"Point","coordinates":[2.1734098,41.4369755]}},{"type":"Feature","properties":{"cat":"transporte"},"geometry":{"type":"Point","coordinates":[2.1079717,41.4123057]}},{"type":"Feature","properties":{"cat":"transporte"},"geometry":{"type":"Point","coordinates":[2.1112624,41.4093144]}},{"type":"Feature","properties":{"cat":"transporte"},"geometry":{"type":"Point","coordinates":[2.1631212,41.3688374]}},{"type":"Feature","properties":{"cat":"transporte"},"geometry":{"type":"Point","coordinates":[2.1058043,41.4141132]}},{"type":"Feature","properties":{"cat":"transporte"},"geometry":{"type":"Point","coordinates":[2.1693552,41.3743316]}},{"type":"Feature","properties":{"cat":"transporte"},"geometry":{"type":"Point","coordinates":[2.1865733,41.4212991]}},{"type":"Feature","properties":{"cat":"transporte"},"geometry":{"type":"Point","coordinates":[2.1870113,41.4226242]}},{"type":"Feature","properties":{"cat":"transporte"},"geometry":{"type":"Point","coordinates":[2.1854125,41.3820909]}},{"type":"Feature","properties":{"cat":"transporte"},"geometry":{"type":"Point","coordinates":[2.1854613,41.3820192]}},{"type":"Feature","properties":{"cat":"transporte"},"geometry":{"type":"Point","coordinates":[2.1605803,41.3749516]}},{"type":"Feature","properties":{"cat":"transporte"},"geometry":{"type":"Point","coordinates":[2.1605811,41.3750229]}},{"type":"Feature","properties":{"cat":"transporte"},"geometry":{"type":"Point","coordinates":[2.1453558,41.37852]}},{"type":"Feature","properties":{"cat":"transporte"},"geometry":{"type":"Point","coordinates":[2.1452757,41.3784583]}},{"type":"Feature","properties":{"cat":"transporte"},"geometry":{"type":"Point","coordinates":[2.1683607,41.3857988]}},{"type":"Feature","properties":{"cat":"transporte"},"geometry":{"type":"Point","coordinates":[2.18243,41.4491895]}},{"type":"Feature","properties":{"cat":"transporte"},"geometry":{"type":"Point","coordinates":[2.1449675,41.3429779]}},{"type":"Feature","properties":{"cat":"transporte"},"geometry":{"type":"Point","coordinates":[2.1449675,41.3429779]}}]}
