{"type":"FeatureCollection","name":"Córdoba · verde OSM","_source":"OpenStreetMap via Overpass","features":[{"type":"Feature","properties":{"osm":22938375},"geometry":{"type":"Polygon","coordinates":[[[-4.7790857,37.8894879],[-4.7790337,37.889456],[-4.7788792,37.8893614],[-4.778302,37.8892783],[-4.7782111,37.8892653],[-4.7781981,37.8893194],[-4.778185,37.8893736],[-4.7779922,37.8895376],[-4.7778105,37.8896923],[-4.777757,37.8897378],[-4.7776241,37.889762],[-4.7776715,37.8899427],[-4.7777261,37.8901138],[-4.7779873,37.8909327],[-4.778136,37.8909871],[-4.7791269,37.8906986],[-4.7790848,37.8906082],[-4.7793434,37.8902361],[-4.7792244,37.8898866],[-4.7790857,37.8894879]]]}},{"type":"Feature","properties":{"osm":23563479},"geometry":{"type":"Polygon","coordinates":[[[-4.7801927,37.879578],[-4.7801759,37.8795545],[-4.7802196,37.8795348],[-4.7802352,37.8795279],[-4.7803495,37.8794764],[-4.7803634,37.8794959],[-4.7804044,37.8794777],[-4.7804108,37.8794749],[-4.7804079,37.8794707],[-4.7804181,37.8794662],[-4.780421,37.8794704],[-4.780426,37.8794682],[-4.780526,37.8794238],[-4.7805346,37.87942],[-4.7805282,37.879411],[-4.7805391,37.8794062],[-4.7805347,37.8794001],[-4.7804773,37.8793194],[-4.7804751,37.8793162],[-4.7804667,37.8793199],[-4.7804609,37.8793118],[-4.7804693,37.8793081],[-4.7804661,37.8793036],[-4.7804104,37.8792254],[-4.7804082,37.8792222],[-4.7803999,37.8792259],[-4.7803941,37.8792177],[-4.7804024,37.8792141],[-4.7803992,37.8792096],[-4.7803383,37.8791241],[-4.7803361,37.8791209],[-4.7803279,37.8791245],[-4.7803222,37.8791164],[-4.7803303,37.8791128],[-4.7803271,37.8791083],[-4.7802572,37.87901],[-4.7802549,37.8790068],[-4.7802468,37.8790104],[-4.780241,37.8790023],[-4.7791462,37.8794876],[-4.7791632,37.8795115],[-4.7791551,37.8795151],[-4.7791579,37.879519],[-4.7792252,37.8796135],[-4.7792287,37.8796185],[-4.7792341,37.8796161],[-4.7792398,37.8796242],[-4.7792344,37.8796266],[-4.7792373,37.8796306],[-4.779293,37.8797089],[-4.7792966,37.8797139],[-4.7793018,37.8797115],[-4.7793076,37.8797196],[-4.7793023,37.8797219],[-4.7793051,37.8797259],[-4.7793628,37.879807],[-4.7793663,37.8798119],[-4.7793715,37.8798096],[-4.7793773,37.8798177],[-4.7793721,37.87982],[-4.7793749,37.879824],[-4.7794322,37.8799044],[-4.7794359,37.8799096],[-4.7794421,37.8799069],[-4.7794442,37.8799099],[-4.7794518,37.8799065],[-4.7795532,37.8798616],[-4.7795596,37.8798587],[-4.7795575,37.8798558],[-4.7795677,37.8798513],[-4.7795698,37.8798542],[-4.7795747,37.879852],[-4.7796735,37.8798082],[-4.7796799,37.8798054],[-4.7796777,37.8798023],[-4.7796879,37.8797977],[-4.7796901,37.8798008],[-4.7796951,37.8797986],[-4.7797971,37.8797534],[-4.7798035,37.8797506],[-4.779801,37.879747],[-4.7798112,37.8797425],[-4.7798137,37.879746],[-4.7798186,37.8797439],[-4.7799184,37.8796996],[-4.7799249,37.8796968],[-4.7799216,37.8796922],[-4.7799318,37.8796877],[-4.7799351,37.8796922],[-4.77994,37.87969],[-4.7800416,37.879645],[-4.780048,37.8796422],[-4.7800443,37.8796369],[-4.7800545,37.8796324],[-4.7800582,37.8796376],[-4.7800631,37.8796355],[-4.7801624,37.8795915],[-4.7801688,37.8795886],[-4.780165,37.8795832],[-4.7801752,37.8795787],[-4.780179,37.8795841],[-4.7801927,37.879578]]]}},{"type":"Feature","properties":{"osm":34921272},"geometry":{"type":"Polygon","coordinates":[[[-4.7895259,37.8824653],[-4.7895404,37.8824999],[-4.7895642,37.8825311],[-4.7896018,37.8825611],[-4.7896275,37.8825746],[-4.7896555,37.882585],[-4.7896887,37.8825926],[-4.789723,37.8825958],[-4.789701,37.8829203],[-4.7896339,37.8832922],[-4.7896115,37.8835583],[-4.7896084,37.8835948],[-4.7896024,37.8836663],[-4.7895574,37.8842241],[-4.789553,37.8842732],[-4.7895311,37.8842725],[-4.7893308,37.8842692],[-4.7893818,37.8836683],[-4.7893692,37.8836645],[-4.7893541,37.8836528],[-4.78935,37.8836442],[-4.7878444,37.8835657],[-4.7878409,37.8836367],[-4.7876288,37.8836197],[-4.7875967,37.8836164],[-4.7876372,37.8831553],[-4.7876467,37.8830936],[-4.7876609,37.8830457],[-4.7876692,37.8830291],[-4.7876833,37.8830153],[-4.7877053,37.8830061],[-4.7877319,37.8829969],[-4.788361,37.882849],[-4.7889515,37.8826545],[-4.7895259,37.8824653]]]}},{"type":"Feature","properties":{"osm":35061453},"geometry":{"type":"Polygon","coordinates":[[[-4.7858085,37.886272],[-4.7857574,37.8863466],[-4.7857457,37.8863637],[-4.7856539,37.886393],[-4.7849503,37.8863526],[-4.7848571,37.8863262],[-4.7847709,37.8861832],[-4.7848369,37.8849619],[-4.7848444,37.8848786],[-4.7848507,37.8848031],[-4.7848782,37.8847887],[-4.7850945,37.8826998],[-4.7851658,37.8827065],[-4.7852222,37.8820563],[-4.7852717,37.8815699],[-4.7853107,37.8811057],[-4.7854466,37.8811167],[-4.7854279,37.8813154],[-4.7855624,37.8813199],[-4.7861409,37.8813536],[-4.7861369,37.8814434],[-4.7862062,37.8814502],[-4.7860358,37.883189],[-4.7859145,37.884413],[-4.7858903,37.8848383],[-4.7858879,37.8848762],[-4.7858798,37.8850221],[-4.7858085,37.886272]]]}},{"type":"Feature","properties":{"osm":36163866},"geometry":{"type":"Polygon","coordinates":[[[-4.7812697,37.8834536],[-4.7813031,37.8834395],[-4.7813605,37.8834504],[-4.7813993,37.8834753],[-4.7814397,37.8835078],[-4.7814494,37.8835376],[-4.7814474,37.8835614],[-4.7813995,37.883641],[-4.7813717,37.8836623],[-4.7812159,37.8836577],[-4.7811808,37.8836415],[-4.7812334,37.883555],[-4.7812697,37.8834536]]]}},{"type":"Feature","properties":{"osm":36784049},"geometry":{"type":"Polygon","coordinates":[[[-4.78326,37.8867102],[-4.7832299,37.8865932],[-4.7832503,37.8865911],[-4.7833742,37.8865779],[-4.7834144,37.8866975],[-4.78326,37.8867102]]]}},{"type":"Feature","properties":{"osm":36806734},"geometry":{"type":"Polygon","coordinates":[[[-4.7770724,37.8865093],[-4.7768954,37.8864284],[-4.7768773,37.886426],[-4.7768607,37.8864325],[-4.7768544,37.8864424],[-4.7768335,37.8867262],[-4.7773247,37.8867602],[-4.7772615,37.8866846],[-4.7770724,37.8865093]]]}},{"type":"Feature","properties":{"osm":36896035},"geometry":{"type":"Polygon","coordinates":[[[-4.7829849,37.8919346],[-4.7828173,37.8907947],[-4.7812688,37.8914899],[-4.7811032,37.8915771],[-4.7811435,37.8916325],[-4.7809828,37.8917435],[-4.7810703,37.8919327],[-4.781187,37.8920547],[-4.7813384,37.8923322],[-4.7813943,37.8923876],[-4.7815337,37.8925901],[-4.7829849,37.8919346]]]}},{"type":"Feature","properties":{"osm":36896036},"geometry":{"type":"Polygon","coordinates":[[[-4.7833017,37.8914031],[-4.783178,37.8906329],[-4.7868889,37.8889575],[-4.7870134,37.8890353],[-4.7871897,37.8892043],[-4.7872656,37.8893004],[-4.7873172,37.889535],[-4.7873703,37.8897639],[-4.7873491,37.8897769],[-4.7874149,37.8898749],[-4.7872621,37.8899469],[-4.7872962,37.8899956],[-4.7837991,37.891576],[-4.7837591,37.8915237],[-4.7834286,37.8916721],[-4.7834013,37.8916334],[-4.7833354,37.8916642],[-4.7833017,37.8914031]]]}},{"type":"Feature","properties":{"osm":37853221},"geometry":{"type":"Polygon","coordinates":[[[-4.7857411,37.8977792],[-4.7857594,37.8977594],[-4.7857697,37.8977474],[-4.7857758,37.8977316],[-4.7857781,37.8977178],[-4.7857745,37.8977036],[-4.7857194,37.8976215],[-4.7857026,37.8976096],[-4.7856859,37.8976022],[-4.7856686,37.8975985],[-4.7856497,37.897599],[-4.7856228,37.8976053],[-4.7855435,37.897648],[-4.7852567,37.8978091],[-4.7852445,37.8978209],[-4.7852345,37.8978335],[-4.7852282,37.8978457],[-4.7852252,37.8978605],[-4.785224,37.8978752],[-4.785226,37.8978915],[-4.7852407,37.8979183],[-4.7852648,37.8979402],[-4.7852943,37.8979553],[-4.7853136,37.8979609],[-4.7853372,37.8979623],[-4.785357,37.8979604],[-4.7853779,37.897955],[-4.7856834,37.8978078],[-4.7857411,37.8977792]]]}},{"type":"Feature","properties":{"osm":37853222},"geometry":{"type":"Polygon","coordinates":[[[-4.7852377,37.8980615],[-4.7851608,37.8979779],[-4.7850904,37.8978881],[-4.7813957,37.8996597],[-4.7813136,37.8997349],[-4.7813429,37.8998345],[-4.7814338,37.8998923],[-4.7815437,37.8998807],[-4.7841446,37.8985998],[-4.7852377,37.8980615]]]}},{"type":"Feature","properties":{"osm":43109493},"geometry":{"type":"Polygon","coordinates":[[[-4.7780976,37.8606999],[-4.7780598,37.8607082],[-4.7775832,37.8604864],[-4.7775619,37.8605126],[-4.7774097,37.8604408],[-4.7775645,37.8602283],[-4.7777198,37.8602977],[-4.7778563,37.8601118],[-4.7782981,37.8603189],[-4.7781414,37.8605286],[-4.7782014,37.8605584],[-4.7780976,37.8606999]]]}},{"type":"Feature","properties":{"osm":95063859},"geometry":{"type":"Polygon","coordinates":[[[-4.80049,37.8780301],[-4.8004759,37.8780356],[-4.8001092,37.8781794],[-4.7997575,37.8783173],[-4.7993988,37.8784579],[-4.7990216,37.8786058],[-4.7990155,37.8785962],[-4.7989175,37.8784418],[-4.7987104,37.878109],[-4.7986049,37.8779393],[-4.7984944,37.8777618],[-4.7983865,37.8775884],[-4.7981926,37.8772768],[-4.7982775,37.8772289],[-4.7985402,37.8770806],[-4.7988351,37.8768144],[-4.7988768,37.8767614],[-4.7992768,37.8762531],[-4.7996637,37.8757443],[-4.799837,37.8759663],[-4.800055,37.8762645],[-4.8004294,37.8767817],[-4.8005349,37.8769723],[-4.8006192,37.8771545],[-4.8006825,37.8773751],[-4.8007432,37.8777205],[-4.8005875,37.8778267],[-4.8005128,37.8779304],[-4.80049,37.8780301]]]}},{"type":"Feature","properties":{"osm":95497347},"geometry":{"type":"Polygon","coordinates":[[[-4.7908754,37.8932738],[-4.7910134,37.8933299],[-4.7912055,37.8938416],[-4.7911892,37.8939296],[-4.7902507,37.8941595],[-4.7901167,37.8941236],[-4.789895,37.8935606],[-4.7899673,37.8934827],[-4.7908754,37.8932738]]]}},{"type":"Feature","properties":{"osm":95499267},"geometry":{"type":"Polygon","coordinates":[[[-4.799076,37.8955916],[-4.796539,37.8962167],[-4.7963915,37.8958352],[-4.7990763,37.8951812],[-4.799076,37.8955916]]]}},{"type":"Feature","properties":{"osm":95613722},"geometry":{"type":"Polygon","coordinates":[[[-4.7908458,37.892098],[-4.7907877,37.8920829],[-4.790546,37.8920197],[-4.7904086,37.8919838],[-4.7902293,37.891937],[-4.7899584,37.8918663],[-4.7900169,37.8917233],[-4.790074,37.8915839],[-4.7900798,37.8915698],[-4.7901979,37.8915948],[-4.790348,37.891634],[-4.7905401,37.8916799],[-4.7906886,37.8917158],[-4.7909783,37.8917848],[-4.7909196,37.8919233],[-4.7908458,37.892098]]]}},{"type":"Feature","properties":{"osm":95614560},"geometry":{"type":"Polygon","coordinates":[[[-4.7631436,37.8867607],[-4.7628513,37.8869852],[-4.7626636,37.8871289],[-4.7626859,37.8871466],[-4.7626569,37.8871686],[-4.7626365,37.8871527],[-4.7626008,37.8871808],[-4.7626308,37.8872048],[-4.7626049,37.887225],[-4.762617,37.8872348],[-4.7625481,37.8872865],[-4.7625188,37.8873092],[-4.7624923,37.8873297],[-4.7624804,37.8873198],[-4.7624137,37.8873693],[-4.7623844,37.8873911],[-4.7623533,37.887367],[-4.7623187,37.8873936],[-4.7620966,37.8875639],[-4.7617167,37.8878553],[-4.7616635,37.8878961],[-4.7616497,37.8879067],[-4.7602045,37.8890154],[-4.7598118,37.8886907],[-4.7592626,37.8882364],[-4.7592326,37.8882116],[-4.7591591,37.8881508],[-4.7585517,37.8876485],[-4.7577943,37.8870221],[-4.7578251,37.8869999],[-4.7578272,37.8869924],[-4.7578293,37.8869852],[-4.7578341,37.886954],[-4.7582949,37.8869762],[-4.7592835,37.8870239],[-4.7594999,37.8870349],[-4.7602081,37.8870693],[-4.7603327,37.8870754],[-4.7608995,37.8867428],[-4.7609211,37.8867301],[-4.7609499,37.8867132],[-4.7611991,37.886567],[-4.7612351,37.8865375],[-4.7612862,37.8864957],[-4.7616617,37.8862018],[-4.7616873,37.8861818],[-4.761706,37.8861672],[-4.7617548,37.886129],[-4.7618173,37.88608],[-4.7618406,37.8860618],[-4.7620873,37.8858696],[-4.7621097,37.8858521],[-4.7621399,37.8858786],[-4.7624008,37.886108],[-4.7624432,37.8861452],[-4.762636,37.8863145],[-4.7626562,37.8863323],[-4.7627912,37.886451],[-4.7628154,37.8864722],[-4.7628705,37.8865206],[-4.7629145,37.8865593],[-4.7630023,37.8866365],[-4.7630483,37.886677],[-4.7631436,37.8867607]]]}},{"type":"Feature","properties":{"osm":95617020},"geometry":{"type":"Polygon","coordinates":[[[-4.7962623,37.8893193],[-4.7964112,37.8892315],[-4.796216,37.8888626],[-4.7961352,37.8888601],[-4.796066,37.8888264],[-4.7957707,37.8888843],[-4.7954726,37.8889084],[-4.7953454,37.8889116],[-4.7951098,37.88892],[-4.7953394,37.8894495],[-4.7954565,37.8894892],[-4.7962623,37.8893193]]]}},{"type":"Feature","properties":{"osm":95683570},"geometry":{"type":"Polygon","coordinates":[[[-4.7619933,37.8817353],[-4.7618842,37.8814586],[-4.759201,37.8821177],[-4.7593102,37.8823945],[-4.7619933,37.8817353]]]}},{"type":"Feature","properties":{"osm":95683812},"geometry":{"type":"Polygon","coordinates":[[[-4.7577712,37.8824604],[-4.7578744,37.8827327],[-4.7590003,37.8824671],[-4.7588971,37.8821948],[-4.7577712,37.8824604]]]}},{"type":"Feature","properties":{"osm":95683813},"geometry":{"type":"Polygon","coordinates":[[[-4.7576729,37.8823981],[-4.7576848,37.8824228],[-4.7578125,37.8827599],[-4.7574355,37.8828528],[-4.7569177,37.8829779],[-4.7567363,37.8828943],[-4.7568633,37.882706],[-4.7571584,37.8822982],[-4.7572947,37.8822601],[-4.7573096,37.8822358],[-4.7576729,37.8823981]]]}},{"type":"Feature","properties":{"osm":95782222},"geometry":{"type":"Polygon","coordinates":[[[-4.8107332,37.8850924],[-4.8100049,37.8852967],[-4.809937,37.8851353],[-4.8106628,37.8849325],[-4.8106029,37.8847867],[-4.8107377,37.8847492],[-4.8109453,37.8852144],[-4.8109339,37.8852627],[-4.8109068,37.8853069],[-4.8108386,37.885324],[-4.8107332,37.8850924]]]}},{"type":"Feature","properties":{"osm":95782225},"geometry":{"type":"Polygon","coordinates":[[[-4.8190025,37.8837051],[-4.8197024,37.8836138],[-4.8196079,37.8831624],[-4.8188979,37.8832549],[-4.8189523,37.8835149],[-4.8189169,37.8835195],[-4.8189481,37.883669],[-4.8189937,37.883663],[-4.8190025,37.8837051]]]}},{"type":"Feature","properties":{"osm":95791134},"geometry":{"type":"Polygon","coordinates":[[[-4.7728015,37.8749284],[-4.7731504,37.8749462],[-4.7733414,37.8748833],[-4.7728075,37.8748406],[-4.7728015,37.8749284]]]}},{"type":"Feature","properties":{"osm":95791196},"geometry":{"type":"Polygon","coordinates":[[[-4.7725363,37.8750668],[-4.7714599,37.8749955],[-4.771487,37.8747566],[-4.7725564,37.8748351],[-4.7725363,37.8750668]]]}},{"type":"Feature","properties":{"osm":95793522},"geometry":{"type":"Polygon","coordinates":[[[-4.8185385,37.8799811],[-4.8181739,37.8800333],[-4.8179781,37.8793984],[-4.8181827,37.8793604],[-4.8185385,37.8799811]]]}},{"type":"Feature","properties":{"osm":95793537},"geometry":{"type":"Polygon","coordinates":[[[-4.8183808,37.8808625],[-4.8189526,37.8807749],[-4.8185885,37.8801086],[-4.8182033,37.8801701],[-4.8183808,37.8808625]]]}},{"type":"Feature","properties":{"osm":95799946},"geometry":{"type":"Polygon","coordinates":[[[-4.7798222,37.8706661],[-4.7789997,37.8714968],[-4.7798756,37.8720967],[-4.7808099,37.871207],[-4.7798222,37.8706661]]]}},{"type":"Feature","properties":{"osm":95920957},"geometry":{"type":"Polygon","coordinates":[[[-4.8074982,37.8819295],[-4.8071822,37.8820537],[-4.8075856,37.8820533],[-4.8074982,37.8819295]]]}},{"type":"Feature","properties":{"osm":95976137},"geometry":{"type":"Polygon","coordinates":[[[-4.7728516,37.869899],[-4.7725733,37.869994],[-4.7721551,37.8687841],[-4.7722845,37.8687532],[-4.7728516,37.869899]]]}},{"type":"Feature","properties":{"osm":95978449},"geometry":{"type":"Polygon","coordinates":[[[-4.7735743,37.8678848],[-4.7734828,37.8677253],[-4.7720108,37.8681988],[-4.7716428,37.8682844],[-4.771696,37.8684776],[-4.772064,37.8684003],[-4.7735743,37.8678848]]]}},{"type":"Feature","properties":{"osm":96007178},"geometry":{"type":"Polygon","coordinates":[[[-4.8012753,37.8928252],[-4.8002803,37.8930343],[-4.8001412,37.8928541],[-4.7999808,37.8927216],[-4.79974,37.8925871],[-4.7998403,37.8921509],[-4.7998871,37.8915653],[-4.8006713,37.8913842],[-4.8008422,37.8919458],[-4.8009757,37.8922654],[-4.8012753,37.8928252]]]}},{"type":"Feature","properties":{"osm":96109068},"geometry":{"type":"Polygon","coordinates":[[[-4.7764125,37.8677252],[-4.7771274,37.8681298],[-4.7773298,37.8679949],[-4.7770113,37.8672973],[-4.7764125,37.8677252]]]}},{"type":"Feature","properties":{"osm":96119463},"geometry":{"type":"Polygon","coordinates":[[[-4.7775627,37.8580373],[-4.7775286,37.8580359],[-4.7774998,37.8580464],[-4.7770417,37.8586553],[-4.7770274,37.8586924],[-4.7770464,37.858723],[-4.7780604,37.8591995],[-4.7781105,37.8592012],[-4.7781428,37.8591798],[-4.7783012,37.8589644],[-4.7782706,37.8589354],[-4.7782541,37.8588994],[-4.7782562,37.8588564],[-4.778276,37.8588274],[-4.7783051,37.858804],[-4.778343,37.8587917],[-4.7783828,37.8587906],[-4.7784242,37.8587979],[-4.7785924,37.8585865],[-4.778606,37.8585477],[-4.7785819,37.8585186],[-4.7775627,37.8580373]]]}},{"type":"Feature","properties":{"osm":96119464},"geometry":{"type":"Polygon","coordinates":[[[-4.7810472,37.8590477],[-4.7797479,37.8607767],[-4.7787801,37.8603233],[-4.7800794,37.8585944],[-4.7810472,37.8590477]]]}},{"type":"Feature","properties":{"osm":96122221},"geometry":{"type":"Polygon","coordinates":[[[-4.7827784,37.8568324],[-4.7836425,37.8572393],[-4.7841737,37.8565381],[-4.7841971,37.8564489],[-4.7841668,37.8563705],[-4.7841211,37.8563116],[-4.7840694,37.8562807],[-4.7838881,37.8562211],[-4.7838115,37.8562332],[-4.7836111,37.8562819],[-4.7832234,37.8562043],[-4.7827784,37.8568324]]]}},{"type":"Feature","properties":{"osm":96122222},"geometry":{"type":"Polygon","coordinates":[[[-4.7847551,37.8576721],[-4.7842277,37.8574354],[-4.7838795,37.8572791],[-4.783926,37.8572123],[-4.7843509,37.8566228],[-4.7844039,37.856568],[-4.7844822,37.8565294],[-4.7845585,37.8565107],[-4.7846207,37.8565054],[-4.7846934,37.8565097],[-4.7847535,37.8565321],[-4.7847934,37.8565768],[-4.7848199,37.8566265],[-4.7848549,37.8566858],[-4.7848923,37.8567148],[-4.7848682,37.8567511],[-4.7853419,37.8569786],[-4.7848027,37.8576948],[-4.7847551,37.8576721]]]}},{"type":"Feature","properties":{"osm":96122381},"geometry":{"type":"Polygon","coordinates":[[[-4.7845934,37.8614899],[-4.7846849,37.861432],[-4.7849782,37.8610398],[-4.7850376,37.8609771],[-4.7850729,37.8609342],[-4.7855628,37.8602856],[-4.7856386,37.8601917],[-4.7858013,37.8602652],[-4.785997,37.8602558],[-4.7862902,37.8600569],[-4.7867595,37.859667],[-4.786896,37.8595536],[-4.7871635,37.8597907],[-4.7854841,37.8611373],[-4.7849387,37.861527],[-4.7846797,37.8615807],[-4.7845934,37.8614899]]]}},{"type":"Feature","properties":{"osm":96231861},"geometry":{"type":"Polygon","coordinates":[[[-4.7857109,37.8795065],[-4.7852,37.8794734],[-4.7853353,37.8780485],[-4.7854761,37.876671],[-4.7858513,37.8757866],[-4.7860828,37.8758],[-4.7857109,37.8795065]]]}},{"type":"Feature","properties":{"osm":96231869},"geometry":{"type":"Polygon","coordinates":[[[-4.7744757,37.88492],[-4.7744719,37.8848756],[-4.7745918,37.8848751],[-4.7745914,37.884869],[-4.7746514,37.8848662],[-4.7746539,37.8848774],[-4.7746498,37.8848779],[-4.7746533,37.884889],[-4.7749845,37.8848799],[-4.7750102,37.8851479],[-4.7747786,37.8851639],[-4.7747828,37.8852657],[-4.7744945,37.8852782],[-4.7744836,37.8850492],[-4.7744757,37.88492]]]}},{"type":"Feature","properties":{"osm":96240427},"geometry":{"type":"Polygon","coordinates":[[[-4.7847295,37.8819812],[-4.7847169,37.881982],[-4.7845042,37.8814884],[-4.7842295,37.880904],[-4.7841275,37.8806806],[-4.7842815,37.880636],[-4.7843167,37.8806337],[-4.7848149,37.8804923],[-4.7847912,37.8805408],[-4.7847682,37.8806686],[-4.7847797,37.8807439],[-4.7848033,37.8808973],[-4.7848012,37.8810183],[-4.7847295,37.8819812]]]}},{"type":"Feature","properties":{"osm":96273350},"geometry":{"type":"Polygon","coordinates":[[[-4.7823156,37.883345],[-4.7824017,37.8833392],[-4.7824515,37.8833346],[-4.7825031,37.883337],[-4.7826865,37.8833387],[-4.7826489,37.883256],[-4.7825468,37.8832381],[-4.7824564,37.8832387],[-4.7824605,37.8829748],[-4.7824521,37.8829742],[-4.7824323,37.8829727],[-4.7824174,37.8829744],[-4.7824049,37.8829789],[-4.7823905,37.8829846],[-4.7823788,37.8829945],[-4.7823691,37.883004],[-4.7823602,37.8830326],[-4.7822909,37.8832539],[-4.7822827,37.8832828],[-4.7822777,37.8833018],[-4.7822768,37.8833141],[-4.7822793,37.8833211],[-4.7822843,37.8833288],[-4.7822938,37.8833375],[-4.7823039,37.8833425],[-4.7823156,37.883345]]]}},{"type":"Feature","properties":{"osm":96564588},"geometry":{"type":"Polygon","coordinates":[[[-4.7754461,37.9030411],[-4.7773899,37.9020708],[-4.7784185,37.9015574],[-4.7806232,37.9005322],[-4.7806491,37.9005961],[-4.7807531,37.9006317],[-4.7808555,37.9006354],[-4.7811874,37.9017727],[-4.7812141,37.902063],[-4.7811501,37.9021176],[-4.780843,37.9023143],[-4.7807115,37.9023986],[-4.7802335,37.9026592],[-4.7799859,37.9027518],[-4.7796149,37.9028558],[-4.7795385,37.9028843],[-4.7794315,37.9029898],[-4.7793966,37.9030243],[-4.7793804,37.9031615],[-4.7795374,37.903662],[-4.7797142,37.9039148],[-4.780005,37.9041584],[-4.7800573,37.9042044],[-4.7802362,37.9044459],[-4.7804052,37.9046764],[-4.7804262,37.9047246],[-4.7804781,37.9048439],[-4.7801444,37.9049271],[-4.7803733,37.9055306],[-4.7804638,37.9056974],[-4.7806418,37.905846],[-4.7808593,37.9059547],[-4.7809932,37.9059962],[-4.781369,37.90607],[-4.7812899,37.9062731],[-4.7823711,37.9065779],[-4.7824104,37.906753],[-4.7825007,37.9069793],[-4.7826441,37.9071529],[-4.7836233,37.9081606],[-4.7838305,37.9083508],[-4.7835565,37.9085414],[-4.7828122,37.9092265],[-4.7823871,37.9090492],[-4.7824171,37.9089995],[-4.7821099,37.9088246],[-4.7820725,37.90886],[-4.7820035,37.9088045],[-4.7822882,37.9085054],[-4.7822657,37.9083978],[-4.7810333,37.907635],[-4.7808997,37.9075644],[-4.7807494,37.907485],[-4.7805327,37.9073703],[-4.7800789,37.9071302],[-4.7784587,37.9068958],[-4.7782356,37.9069106],[-4.7777482,37.9068061],[-4.7774703,37.9067098],[-4.7773224,37.9066406],[-4.7771587,37.9065311],[-4.7768444,37.9062196],[-4.7766048,37.905905],[-4.7763298,37.9052277],[-4.7761569,37.9050448],[-4.775876,37.9048666],[-4.7744539,37.9041629],[-4.7743734,37.9040808],[-4.7743439,37.9039971],[-4.77434,37.9038871],[-4.7744814,37.9037088],[-4.7754461,37.9030411]]]}},{"type":"Feature","properties":{"osm":96628325},"geometry":{"type":"Polygon","coordinates":[[[-4.7874303,37.8748783],[-4.7871881,37.875064],[-4.7871877,37.8750905],[-4.7872182,37.8750904],[-4.7883918,37.8750848],[-4.7883936,37.875122],[-4.7884392,37.8751454],[-4.7886725,37.8751578],[-4.7886649,37.8752424],[-4.78877,37.875271],[-4.7892128,37.8753929],[-4.7897331,37.8754915],[-4.789774,37.8755003],[-4.7905766,37.875517],[-4.7905736,37.875352],[-4.7908337,37.875332],[-4.7907198,37.8742915],[-4.7872783,37.87463],[-4.7874303,37.8748783]]]}},{"type":"Feature","properties":{"osm":96629999},"geometry":{"type":"Polygon","coordinates":[[[-4.7908218,37.8702623],[-4.7905493,37.8698455],[-4.7901211,37.8691757],[-4.7900681,37.8691029],[-4.7899828,37.8690139],[-4.7898741,37.8689419],[-4.7897375,37.868875],[-4.7896165,37.8688402],[-4.7894263,37.8688132],[-4.7892592,37.8688258],[-4.7889266,37.8689104],[-4.7890537,37.8689683],[-4.7886348,37.8696545],[-4.7879696,37.8706247],[-4.7879099,37.8709313],[-4.7879223,37.8711804],[-4.7877078,37.871697],[-4.7876723,37.8717824],[-4.7874714,37.8721012],[-4.7876599,37.8721736],[-4.7877222,37.8720746],[-4.7881959,37.8716066],[-4.7887377,37.8711692],[-4.7894057,37.8707659],[-4.7899327,37.8705679],[-4.7908218,37.8702623]]]}},{"type":"Feature","properties":{"osm":96693626},"geometry":{"type":"Polygon","coordinates":[[[-4.7610281,37.8989629],[-4.7609564,37.8990163],[-4.7609429,37.8990144],[-4.7607938,37.8988928],[-4.7607929,37.8988826],[-4.7608684,37.898823],[-4.7608823,37.8988239],[-4.7610282,37.8989519],[-4.7610281,37.8989629]]]}},{"type":"Feature","properties":{"osm":96693652},"geometry":{"type":"Polygon","coordinates":[[[-4.7574105,37.9007075],[-4.7580631,37.9012311],[-4.7585308,37.9015967],[-4.758091,37.9019692],[-4.7575169,37.9015939],[-4.7573985,37.9015149],[-4.7568317,37.9011454],[-4.7573023,37.9007887],[-4.7574105,37.9007075]]]}},{"type":"Feature","properties":{"osm":96693658},"geometry":{"type":"Polygon","coordinates":[[[-4.7623256,37.8989105],[-4.7622586,37.8992514],[-4.7619594,37.8992148],[-4.762193,37.8988942],[-4.7623256,37.8989105]]]}},{"type":"Feature","properties":{"osm":96693669},"geometry":{"type":"Polygon","coordinates":[[[-4.7599226,37.9008811],[-4.7584161,37.9020856],[-4.7586065,37.9022372],[-4.7605317,37.9013832],[-4.7599226,37.9008811]]]}},{"type":"Feature","properties":{"osm":96727402},"geometry":{"type":"Polygon","coordinates":[[[-4.7853207,37.8724103],[-4.7854429,37.8724784],[-4.7852914,37.8727368],[-4.7850244,37.872598],[-4.7853207,37.8724103]]]}},{"type":"Feature","properties":{"osm":96733267},"geometry":{"type":"Polygon","coordinates":[[[-4.7938894,37.8689796],[-4.7938733,37.8689646],[-4.7938292,37.8689516],[-4.7937824,37.8689478],[-4.7937359,37.8689534],[-4.7936927,37.8689681],[-4.7936556,37.8689909],[-4.7936269,37.8690204],[-4.7936086,37.8690546],[-4.7936018,37.8690913],[-4.7936069,37.8691282],[-4.7936237,37.8691629],[-4.793651,37.8691932],[-4.7941278,37.8696443],[-4.7941618,37.8695941],[-4.7942013,37.8695529],[-4.7942457,37.8695207],[-4.7943196,37.8694962],[-4.7943848,37.8694809],[-4.7938894,37.8689796]]]}},{"type":"Feature","properties":{"osm":96794219},"geometry":{"type":"Polygon","coordinates":[[[-4.7720668,37.8957549],[-4.7717784,37.8956477],[-4.771971,37.8958759],[-4.7720543,37.8959807],[-4.7721467,37.8959471],[-4.7723495,37.89587],[-4.772214,37.8958056],[-4.7720668,37.8957549]]]}},{"type":"Feature","properties":{"osm":96799925},"geometry":{"type":"Polygon","coordinates":[[[-4.7748838,37.8919909],[-4.7749142,37.8920254],[-4.7749282,37.8920752],[-4.7749253,37.8921273],[-4.7749052,37.8921722],[-4.7748752,37.8922021],[-4.7748358,37.8922222],[-4.7747767,37.8922301],[-4.7747114,37.8922119],[-4.7746789,37.8921887],[-4.7746576,37.8921559],[-4.7746465,37.8921131],[-4.7746492,37.8920558],[-4.7746716,37.8920205],[-4.7747039,37.8919948],[-4.7747467,37.8920129],[-4.7747947,37.8920185],[-4.7748423,37.8920109],[-4.7748838,37.8919909]]]}},{"type":"Feature","properties":{"osm":96799926},"geometry":{"type":"Polygon","coordinates":[[[-4.7748565,37.8924368],[-4.7748366,37.8924557],[-4.7748103,37.8924687],[-4.7747801,37.8924747],[-4.7747491,37.8924731],[-4.7747202,37.892464],[-4.7746963,37.8924483],[-4.7746797,37.8924275],[-4.7746721,37.8924037],[-4.7746742,37.8923792],[-4.7746857,37.8923564],[-4.7747057,37.8923375],[-4.774732,37.8923245],[-4.7747621,37.8923185],[-4.7747932,37.8923201],[-4.7748221,37.8923292],[-4.774846,37.8923449],[-4.7748625,37.8923657],[-4.7748701,37.8923895],[-4.7748681,37.892414],[-4.7748565,37.8924368]]]}},{"type":"Feature","properties":{"osm":96841185},"geometry":{"type":"Polygon","coordinates":[[[-4.7641553,37.8997761],[-4.7642705,37.8996078],[-4.7649846,37.8987884],[-4.7650837,37.8987128],[-4.7652666,37.8984939],[-4.7653189,37.8983296],[-4.7653969,37.8982194],[-4.7656912,37.8979037],[-4.765761,37.8978566],[-4.7658387,37.8978335],[-4.7659798,37.8978254],[-4.7661231,37.8977908],[-4.766242,37.8977144],[-4.7663382,37.8976716],[-4.7664675,37.8976552],[-4.766548,37.897657],[-4.7666317,37.8976663],[-4.7667209,37.8976903],[-4.7667984,37.8977176],[-4.7669123,37.8977648],[-4.7670115,37.8978221],[-4.7671192,37.8978893],[-4.7672079,37.8979633],[-4.767322,37.8980852],[-4.7673581,37.8981378],[-4.7674237,37.8982606],[-4.7675087,37.8983655],[-4.7641553,37.8997761]]]}},{"type":"Feature","properties":{"osm":96916909},"geometry":{"type":"Polygon","coordinates":[[[-4.7974662,37.8855722],[-4.7974571,37.8855269],[-4.7975544,37.8855133],[-4.7975016,37.8852635],[-4.7965852,37.8856733],[-4.7958708,37.8859947],[-4.7949398,37.8864482],[-4.7949559,37.8864854],[-4.7958904,37.8860267],[-4.7962318,37.8858927],[-4.7970226,37.8856668],[-4.7974662,37.8855722]]]}},{"type":"Feature","properties":{"osm":97009619},"geometry":{"type":"Polygon","coordinates":[[[-4.7524215,37.8945206],[-4.7522426,37.8945966],[-4.7520657,37.8943374],[-4.7522445,37.8942614],[-4.7524215,37.8945206]]]}},{"type":"Feature","properties":{"osm":97089613},"geometry":{"type":"Polygon","coordinates":[[[-4.7504149,37.8889386],[-4.7500242,37.8889489],[-4.7499865,37.8889336],[-4.749962,37.8889064],[-4.7499195,37.8881115],[-4.7499357,37.8880897],[-4.7499613,37.8880739],[-4.7503049,37.8880596],[-4.7503204,37.888393],[-4.7508507,37.8883709],[-4.7504673,37.8889101],[-4.7504449,37.8889302],[-4.7504149,37.8889386]]]}},{"type":"Feature","properties":{"osm":97089622},"geometry":{"type":"Polygon","coordinates":[[[-4.7492141,37.8906534],[-4.7494127,37.8903793],[-4.7494164,37.8903616],[-4.7494089,37.890351],[-4.7493938,37.8903425],[-4.7493725,37.8903403],[-4.7492604,37.8903458],[-4.7492337,37.8903539],[-4.7492148,37.8903659],[-4.7492018,37.8903795],[-4.7491911,37.8904059],[-4.7492076,37.8906523],[-4.7492141,37.8906534]]]}},{"type":"Feature","properties":{"osm":97668385},"geometry":{"type":"Polygon","coordinates":[[[-4.7693417,37.8807348],[-4.7687936,37.8807181],[-4.7687334,37.8807163],[-4.7687387,37.8806638],[-4.7687437,37.8806299],[-4.7687067,37.8806257],[-4.7687131,37.8805881],[-4.7685684,37.88057],[-4.7685597,37.8806111],[-4.7685192,37.8806065],[-4.7684374,37.8805925],[-4.7684114,37.8805036],[-4.7684027,37.8804736],[-4.7683579,37.8803202],[-4.7679247,37.8788584],[-4.7681146,37.8790931],[-4.7681616,37.8791512],[-4.7681696,37.879127],[-4.7682094,37.8792102],[-4.7682709,37.8792862],[-4.769064,37.8802663],[-4.7690728,37.8802772],[-4.7693037,37.8805624],[-4.7693154,37.8805769],[-4.7693398,37.880669],[-4.7693272,37.8806716],[-4.7693417,37.8807348]]]}},{"type":"Feature","properties":{"osm":97668415},"geometry":{"type":"Polygon","coordinates":[[[-4.7675211,37.8817624],[-4.7674433,37.8814592],[-4.7674265,37.8814436],[-4.7674153,37.8812236],[-4.7674207,37.8810952],[-4.7674521,37.8809644],[-4.7674088,37.8809369],[-4.7672557,37.8811022],[-4.7671953,37.8812413],[-4.7672263,37.8812724],[-4.7671763,37.8815526],[-4.7671374,37.8815899],[-4.7671271,37.8816644],[-4.7671931,37.8816705],[-4.7671877,37.8817168],[-4.7675211,37.8817624]]]}},{"type":"Feature","properties":{"osm":97669390},"geometry":{"type":"Polygon","coordinates":[[[-4.7684226,37.8835908],[-4.7682829,37.8835817],[-4.7682908,37.883474],[-4.7682993,37.8833595],[-4.768462,37.8833718],[-4.768632,37.8833846],[-4.7687694,37.883395],[-4.7687672,37.8834502],[-4.768625,37.8834884],[-4.7684281,37.8835413],[-4.7684226,37.8835908]]]}},{"type":"Feature","properties":{"osm":97728951},"geometry":{"type":"Polygon","coordinates":[[[-4.771156,37.8764559],[-4.7710317,37.8772079],[-4.7710183,37.8772172],[-4.771007,37.8773398],[-4.7709978,37.8774742],[-4.7710026,37.8776002],[-4.7710202,37.8777278],[-4.7710647,37.8777291],[-4.7710964,37.8778561],[-4.7711367,37.8779882],[-4.7712289,37.8781831],[-4.7712869,37.8782907],[-4.7713534,37.8783915],[-4.7715231,37.8785987],[-4.7718129,37.8788374],[-4.7720553,37.8789618],[-4.7721646,37.879004],[-4.772272,37.8790397],[-4.7724391,37.879084],[-4.7725567,37.8791098],[-4.7726934,37.8791324],[-4.7727718,37.8791426],[-4.7728571,37.8791506],[-4.772931,37.879152],[-4.7730442,37.8791488],[-4.7731542,37.8791363],[-4.7732693,37.8791175],[-4.7733757,37.8790963],[-4.7735263,37.8790614],[-4.7736704,37.8790154],[-4.7737959,37.8789621],[-4.7739224,37.8789012],[-4.774563,37.8785426],[-4.7749882,37.8782996],[-4.7754597,37.8780378],[-4.7756342,37.8779358],[-4.7757842,37.8778286],[-4.7758963,37.877736],[-4.7760072,37.8776409],[-4.7761074,37.8775406],[-4.7762179,37.8774089],[-4.7763241,37.8772636],[-4.7765211,37.8768891],[-4.7765523,37.8768022],[-4.7765846,37.876706],[-4.7766172,37.8765623],[-4.7766367,37.8764263],[-4.7766479,37.8763217],[-4.7766467,37.8761508],[-4.7766424,37.876082],[-4.7766235,37.8759251],[-4.7765115,37.8758704],[-4.7762647,37.8757993],[-4.7761733,37.8762131],[-4.7760563,37.8765299],[-4.7759059,37.8767756],[-4.7757134,37.8770962],[-4.7755759,37.8772677],[-4.7753894,37.877438],[-4.7750487,37.8776724],[-4.7750137,37.8776467],[-4.7748876,37.8777263],[-4.7747232,37.8777461],[-4.7744341,37.8777384],[-4.7737674,37.8776948],[-4.7737993,37.8773919],[-4.773322,37.8773451],[-4.773995,37.8780784],[-4.7737673,37.8782029],[-4.7733255,37.8784399],[-4.7731745,37.8784778],[-4.7729791,37.8784816],[-4.7714921,37.8781126],[-4.7714242,37.8780364],[-4.7715018,37.8772533],[-4.7714047,37.8772489],[-4.7714381,37.8764775],[-4.771156,37.8764559]]]}},{"type":"Feature","properties":{"osm":97803245},"geometry":{"type":"Polygon","coordinates":[[[-4.8004525,37.8690752],[-4.8011671,37.8697891],[-4.8012648,37.8698443],[-4.8027889,37.8689804],[-4.8027276,37.868874],[-4.8017889,37.8694105],[-4.8015167,37.8691337],[-4.8012907,37.8692779],[-4.8013301,37.8693096],[-4.8012831,37.8693361],[-4.8011013,37.8691557],[-4.8011395,37.8691277],[-4.8011753,37.869156],[-4.8013977,37.8690171],[-4.8011134,37.8687431],[-4.8019775,37.8681976],[-4.8017875,37.86814],[-4.8003558,37.8689442],[-4.8004525,37.8690752]]]}},{"type":"Feature","properties":{"osm":97806288},"geometry":{"type":"Polygon","coordinates":[[[-4.8008814,37.8815095],[-4.800497,37.8815991],[-4.8002274,37.8817016],[-4.8002426,37.8817681],[-4.8006976,37.8817969],[-4.8011246,37.8818258],[-4.8013336,37.8818234],[-4.8013958,37.8817908],[-4.8014923,37.8817222],[-4.8013742,37.8816784],[-4.8013029,37.881639],[-4.8012011,37.8816078],[-4.8011292,37.8815907],[-4.8010475,37.8815487],[-4.8009457,37.8814953],[-4.8008742,37.8814908],[-4.8008814,37.8815095]]]}},{"type":"Feature","properties":{"osm":97820943},"geometry":{"type":"Polygon","coordinates":[[[-4.7670089,37.8743888],[-4.7686154,37.8745172],[-4.7685617,37.8749624],[-4.7685028,37.8749508],[-4.7685015,37.874961],[-4.7684105,37.875657],[-4.7684929,37.8756646],[-4.7684074,37.8763914],[-4.7682848,37.8763818],[-4.7681857,37.876374],[-4.7681724,37.8765466],[-4.7681679,37.8766044],[-4.7681459,37.876887],[-4.7681208,37.8768857],[-4.7681312,37.8767448],[-4.7678544,37.8767241],[-4.7678494,37.8768688],[-4.7678457,37.8769772],[-4.7678273,37.8775109],[-4.7675501,37.8774881],[-4.767015,37.8767248],[-4.7669846,37.8766491],[-4.7669846,37.8764846],[-4.766975,37.8764244],[-4.7669568,37.8763726],[-4.7668925,37.8762672],[-4.766764,37.8761576],[-4.7669184,37.8749559],[-4.7672003,37.8748547],[-4.7671353,37.8747379],[-4.7671491,37.8746258],[-4.7669118,37.8745684],[-4.7669307,37.8744235],[-4.7669497,37.8744246],[-4.7670089,37.8743888]]]}},{"type":"Feature","properties":{"osm":99036525},"geometry":{"type":"Polygon","coordinates":[[[-4.7745161,37.9029459],[-4.7738325,37.9032377],[-4.7737614,37.9031342],[-4.7735731,37.9027815],[-4.7734046,37.9024963],[-4.773201,37.9021615],[-4.7734282,37.9020832],[-4.7736238,37.9019803],[-4.7738311,37.9019702],[-4.7738895,37.9021105],[-4.7739797,37.902251],[-4.7744914,37.9028862],[-4.7745161,37.9029459]]]}},{"type":"Feature","properties":{"osm":99152912},"geometry":{"type":"Polygon","coordinates":[[[-4.8098333,37.8856884],[-4.8097219,37.8860897],[-4.8095781,37.8861756],[-4.8094616,37.8862403],[-4.8087896,37.8861508],[-4.8087355,37.8861112],[-4.8086818,37.8860004],[-4.8086073,37.8859184],[-4.8085013,37.8858387],[-4.8084647,37.8857703],[-4.8082149,37.8849552],[-4.8079592,37.8843526],[-4.8073968,37.8831632],[-4.8073437,37.8829455],[-4.8073602,37.882812],[-4.8074039,37.8827234],[-4.8074923,37.8826188],[-4.8075914,37.8825486],[-4.8077045,37.8824932],[-4.8078453,37.8824477],[-4.8079698,37.8824178],[-4.8086179,37.8823609],[-4.8085106,37.8829872],[-4.8085598,37.8841245],[-4.808605,37.8842216],[-4.8092073,37.8850788],[-4.8093418,37.8850504],[-4.8097032,37.8856041],[-4.8098333,37.8856884]]]}},{"type":"Feature","properties":{"osm":99152934},"geometry":{"type":"Polygon","coordinates":[[[-4.8006918,37.8880863],[-4.800077,37.8882608],[-4.7999586,37.8877768],[-4.8005721,37.8876064],[-4.8006918,37.8880863]]]}},{"type":"Feature","properties":{"osm":99152940},"geometry":{"type":"Polygon","coordinates":[[[-4.8005005,37.8873089],[-4.7998812,37.8874871],[-4.7997689,37.8870031],[-4.8003766,37.8868299],[-4.8005005,37.8873089]]]}},{"type":"Feature","properties":{"osm":99992628},"geometry":{"type":"Polygon","coordinates":[[[-4.7967335,37.8837245],[-4.7966535,37.8837831],[-4.7964498,37.8835937],[-4.7964422,37.8835772],[-4.7964538,37.8835641],[-4.7965767,37.8835234],[-4.7965591,37.8834903],[-4.796448,37.883521],[-4.7964305,37.8835241],[-4.7964178,37.8835195],[-4.7963463,37.8833555],[-4.7963406,37.8833408],[-4.796345,37.8833285],[-4.7963537,37.8833206],[-4.7964911,37.8832752],[-4.7965124,37.8832752],[-4.7965261,37.8832884],[-4.7967335,37.8837245]]]}},{"type":"Feature","properties":{"osm":99992638},"geometry":{"type":"Polygon","coordinates":[[[-4.79747,37.8831384],[-4.7972229,37.8833317],[-4.7971219,37.883104],[-4.7972172,37.8830763],[-4.7972613,37.883177],[-4.7973553,37.8831511],[-4.7974623,37.8831217],[-4.79747,37.8831384]]]}},{"type":"Feature","properties":{"osm":99992643},"geometry":{"type":"Polygon","coordinates":[[[-4.7966685,37.8832431],[-4.7967934,37.8835718],[-4.7967161,37.8835953],[-4.7965614,37.8832713],[-4.7966685,37.8832431]]]}},{"type":"Feature","properties":{"osm":99992646},"geometry":{"type":"Polygon","coordinates":[[[-4.7973386,37.8821862],[-4.7970817,37.8822602],[-4.7970353,37.8822719],[-4.796864,37.8823217],[-4.7968004,37.8823387],[-4.7965224,37.8817739],[-4.7968757,37.8818179],[-4.7972548,37.8818511],[-4.7974008,37.882169],[-4.7973386,37.8821862]]]}},{"type":"Feature","properties":{"osm":99992647},"geometry":{"type":"Polygon","coordinates":[[[-4.7955862,37.8829058],[-4.7954704,37.8829411],[-4.7954115,37.8828214],[-4.7955227,37.8827625],[-4.7955862,37.8829058]]]}},{"type":"Feature","properties":{"osm":99992655},"geometry":{"type":"Polygon","coordinates":[[[-4.7960114,37.8828111],[-4.7958801,37.8828496],[-4.7957667,37.8826089],[-4.7958839,37.8825777],[-4.7959161,37.8826482],[-4.7959346,37.8826424],[-4.7960114,37.8828111]]]}},{"type":"Feature","properties":{"osm":99992657},"geometry":{"type":"Polygon","coordinates":[[[-4.7973894,37.8829591],[-4.7973218,37.8828089],[-4.7972802,37.8827944],[-4.7969148,37.8829046],[-4.7969496,37.8829732],[-4.7971436,37.8829183],[-4.7971694,37.8829781],[-4.797188,37.8830176],[-4.7973894,37.8829591]]]}},{"type":"Feature","properties":{"osm":99992663},"geometry":{"type":"Polygon","coordinates":[[[-4.7948833,37.8829929],[-4.7949592,37.8831526],[-4.7949149,37.883165],[-4.7948386,37.8830064],[-4.7948833,37.8829929]]]}},{"type":"Feature","properties":{"osm":99992664},"geometry":{"type":"Polygon","coordinates":[[[-4.7971908,37.8833602],[-4.7970165,37.8834881],[-4.7969475,37.8833456],[-4.7971548,37.8832816],[-4.7971908,37.8833602]]]}},{"type":"Feature","properties":{"osm":99992667},"geometry":{"type":"Polygon","coordinates":[[[-4.7966676,37.8824885],[-4.7964721,37.8825435],[-4.796431,37.8824538],[-4.7966257,37.8823963],[-4.7966676,37.8824885]]]}},{"type":"Feature","properties":{"osm":99992672},"geometry":{"type":"Polygon","coordinates":[[[-4.7984248,37.8824943],[-4.7981099,37.8827492],[-4.7980244,37.8825709],[-4.7984248,37.8824943]]]}},{"type":"Feature","properties":{"osm":99992673},"geometry":{"type":"Polygon","coordinates":[[[-4.7977317,37.8829309],[-4.7974994,37.8831064],[-4.7974157,37.882926],[-4.7975431,37.8828915],[-4.7976474,37.8828631],[-4.7975754,37.8827035],[-4.7976231,37.8826892],[-4.7977317,37.8829309]]]}},{"type":"Feature","properties":{"osm":99992675},"geometry":{"type":"Polygon","coordinates":[[[-4.796542,37.8829348],[-4.7961433,37.883054],[-4.7961853,37.8831438],[-4.7962758,37.8833374],[-4.7963752,37.8835524],[-4.7962275,37.8836549],[-4.7957906,37.8832715],[-4.7948923,37.8835099],[-4.7948633,37.883451],[-4.7961238,37.8831311],[-4.7961088,37.8831076],[-4.7960759,37.8830564],[-4.7960166,37.8829638],[-4.7959639,37.8828816],[-4.7960234,37.8828523],[-4.7960792,37.8829491],[-4.7964841,37.8828271],[-4.796542,37.8829348]]]}},{"type":"Feature","properties":{"osm":99992678},"geometry":{"type":"Polygon","coordinates":[[[-4.794922,37.8834066],[-4.7948135,37.8834365],[-4.7947181,37.8832296],[-4.7948242,37.8831987],[-4.794922,37.8834066]]]}},{"type":"Feature","properties":{"osm":99992679},"geometry":{"type":"Polygon","coordinates":[[[-4.7968321,37.883661],[-4.7967666,37.8837127],[-4.7967309,37.8836328],[-4.7968113,37.8836094],[-4.7968321,37.883661]]]}},{"type":"Feature","properties":{"osm":99998328},"geometry":{"type":"Polygon","coordinates":[[[-4.796784,37.8816685],[-4.796496,37.881651],[-4.7964235,37.8816423],[-4.7964163,37.8816604],[-4.7963558,37.8816252],[-4.7962738,37.8815098],[-4.796357,37.8814831],[-4.7963763,37.8814205],[-4.7965733,37.8813431],[-4.7967063,37.8815541],[-4.7967341,37.8815976],[-4.796784,37.8816685]]]}},{"type":"Feature","properties":{"osm":100132512},"geometry":{"type":"Polygon","coordinates":[[[-4.7716721,37.8924891],[-4.7718269,37.8924339],[-4.7716288,37.8920797],[-4.7712633,37.8921957],[-4.7713664,37.8924099],[-4.771562,37.8923369],[-4.7716624,37.8925134],[-4.7716721,37.8924891]]]}},{"type":"Feature","properties":{"osm":100261701},"geometry":{"type":"Polygon","coordinates":[[[-4.786676,37.8797531],[-4.7862173,37.8797308],[-4.7862187,37.8796543],[-4.7867191,37.8796782],[-4.7868164,37.8796729],[-4.7868324,37.8797107],[-4.786676,37.8797531]]]}},{"type":"Feature","properties":{"osm":100262238},"geometry":{"type":"Polygon","coordinates":[[[-4.7651401,37.8916791],[-4.7650208,37.8917235],[-4.7649157,37.8915587],[-4.7647805,37.8916148],[-4.7645096,37.8912051],[-4.7649927,37.8909931],[-4.7651175,37.8911648],[-4.7652221,37.8913217],[-4.7653754,37.8914825],[-4.765447,37.891565],[-4.7651401,37.8916791]]]}},{"type":"Feature","properties":{"osm":100286319},"geometry":{"type":"Polygon","coordinates":[[[-4.7637034,37.8943574],[-4.7637656,37.8940465],[-4.7637723,37.8940284],[-4.7637867,37.8940164],[-4.763811,37.8940197],[-4.7638307,37.8940298],[-4.7639648,37.8942538],[-4.7637034,37.8943574]]]}},{"type":"Feature","properties":{"osm":100289685},"geometry":{"type":"Polygon","coordinates":[[[-4.7629474,37.8953867],[-4.762958,37.8953349],[-4.7629678,37.8952872],[-4.7629922,37.8951483],[-4.7629869,37.8950286],[-4.7629431,37.8948827],[-4.7629296,37.8948377],[-4.7627882,37.8945153],[-4.7627408,37.8944074],[-4.7627503,37.8943878],[-4.7630026,37.8942986],[-4.7630742,37.8942439],[-4.7631492,37.8947689],[-4.7633196,37.8947946],[-4.7633115,37.8948485],[-4.7632885,37.8950018],[-4.7632698,37.8951263],[-4.7632494,37.8952621],[-4.7632341,37.8953645],[-4.763227,37.8954117],[-4.7633902,37.8954282],[-4.7634349,37.8954327],[-4.7633887,37.8957136],[-4.7633307,37.8960072],[-4.7628358,37.8959526],[-4.7628933,37.8956658],[-4.7629474,37.8953867]]]}},{"type":"Feature","properties":{"osm":100294219},"geometry":{"type":"Polygon","coordinates":[[[-4.7520592,37.8933505],[-4.753262,37.8928559],[-4.7531775,37.892805],[-4.7530112,37.8928109],[-4.7528713,37.8928483],[-4.7521909,37.8931345],[-4.7521021,37.8932113],[-4.7520709,37.893267],[-4.7520592,37.8933505]]]}},{"type":"Feature","properties":{"osm":100294439},"geometry":{"type":"Polygon","coordinates":[[[-4.750299,37.8937716],[-4.7498742,37.8931419],[-4.7498207,37.8931655],[-4.7497954,37.8931266],[-4.7495535,37.8932298],[-4.7495121,37.8931756],[-4.7494848,37.8932033],[-4.7494777,37.8932158],[-4.7494834,37.8932275],[-4.7501899,37.8938462],[-4.7502649,37.8939027],[-4.7503177,37.893925],[-4.7503649,37.8939299],[-4.7504386,37.8939223],[-4.7504683,37.8939192],[-4.7506417,37.8939458],[-4.7507072,37.8939412],[-4.7511925,37.893741],[-4.7516929,37.8935345],[-4.7518314,37.8934774],[-4.751866,37.8934394],[-4.7519081,37.8933606],[-4.751954,37.8931084],[-4.7519175,37.8930698],[-4.7516355,37.8931984],[-4.7511684,37.8925319],[-4.7509972,37.8926061],[-4.7514547,37.8932742],[-4.7507409,37.8935814],[-4.7502936,37.8929147],[-4.7501351,37.8929817],[-4.7505809,37.8936503],[-4.750299,37.8937716]]]}},{"type":"Feature","properties":{"osm":100317789},"geometry":{"type":"Polygon","coordinates":[[[-4.7521004,37.8935078],[-4.7507287,37.8940987],[-4.7507175,37.8940599],[-4.7520681,37.8934719],[-4.7521004,37.8935078]]]}},{"type":"Feature","properties":{"osm":101106657},"geometry":{"type":"Polygon","coordinates":[[[-4.78815,37.8898495],[-4.7881493,37.8898758],[-4.7881374,37.8899039],[-4.7881135,37.8899323],[-4.7880858,37.889956],[-4.7880452,37.8899782],[-4.7879982,37.8899935],[-4.787949,37.8899976],[-4.7879031,37.889994],[-4.7878797,37.8899868],[-4.7878616,37.889977],[-4.78815,37.8898495]]]}},{"type":"Feature","properties":{"osm":111125543},"geometry":{"type":"Polygon","coordinates":[[[-4.8057019,37.8957146],[-4.8057262,37.8956492],[-4.8054388,37.8955901],[-4.8054145,37.8956619],[-4.8057019,37.8957146]]]}},{"type":"Feature","properties":{"osm":124084942},"geometry":{"type":"Polygon","coordinates":[[[-4.7534061,37.8929088],[-4.7534295,37.8929429],[-4.752247,37.8934485],[-4.7521787,37.8934311],[-4.7534061,37.8929088]]]}},{"type":"Feature","properties":{"osm":124085093},"geometry":{"type":"Polygon","coordinates":[[[-4.7896797,37.8935513],[-4.7898213,37.8935785],[-4.7900686,37.894176],[-4.7900504,37.8941996],[-4.7882209,37.8946554],[-4.7881074,37.894666],[-4.7880772,37.8946194],[-4.7882154,37.8939619],[-4.788313,37.8939012],[-4.7883826,37.893858],[-4.7896797,37.8935513]]]}},{"type":"Feature","properties":{"osm":124207268},"geometry":{"type":"Polygon","coordinates":[[[-4.7906606,37.8760825],[-4.7905925,37.8760936],[-4.7911519,37.8756157],[-4.7912823,37.875835],[-4.7906606,37.8760825]]]}},{"type":"Feature","properties":{"osm":148440678},"geometry":{"type":"Polygon","coordinates":[[[-4.753487,37.8928762],[-4.7543175,37.8925284],[-4.7543292,37.8925483],[-4.7535105,37.8929068],[-4.753487,37.8928762]]]}},{"type":"Feature","properties":{"osm":148440684},"geometry":{"type":"Polygon","coordinates":[[[-4.7671733,37.8847722],[-4.7668522,37.8848781],[-4.7665842,37.884969],[-4.7665126,37.8849538],[-4.7664633,37.884909],[-4.7664356,37.8848617],[-4.7664449,37.8848446],[-4.7665728,37.884611],[-4.7666201,37.8843599],[-4.7666361,37.8843374],[-4.7666623,37.884324],[-4.7666894,37.8843101],[-4.7667326,37.8843187],[-4.7671309,37.8845933],[-4.7672209,37.8846619],[-4.7671733,37.8847722]]]}},{"type":"Feature","properties":{"osm":148562916},"geometry":{"type":"Polygon","coordinates":[[[-4.7489012,37.8914797],[-4.7492124,37.8910453],[-4.749489,37.8906593],[-4.7496965,37.8903697],[-4.7497229,37.8903446],[-4.7497653,37.8903292],[-4.7498137,37.8903232],[-4.7499603,37.8903171],[-4.7499645,37.8903831],[-4.7498309,37.8904652],[-4.7496802,37.8907327],[-4.7495219,37.8910139],[-4.7494904,37.8911554],[-4.7494768,37.8912164],[-4.7494637,37.8913396],[-4.7494735,37.8914915],[-4.7491576,37.8915086],[-4.748942,37.8915203],[-4.7489119,37.8915157],[-4.7488973,37.8914983],[-4.7489012,37.8914797]]]}},{"type":"Feature","properties":{"osm":148687319},"geometry":{"type":"Polygon","coordinates":[[[-4.7940477,37.875801],[-4.7935444,37.875987],[-4.7934865,37.8759607],[-4.7933975,37.8759204],[-4.7932168,37.8756235],[-4.7930457,37.8753422],[-4.7930902,37.8752554],[-4.7939516,37.8749206],[-4.7940553,37.8749383],[-4.7942781,37.8753036],[-4.7942622,37.8753147],[-4.7941382,37.8753555],[-4.7939905,37.875705],[-4.7940477,37.875801]]]}},{"type":"Feature","properties":{"osm":148733634},"geometry":{"type":"Polygon","coordinates":[[[-4.7868088,37.8788181],[-4.786777,37.8791361],[-4.7867751,37.8791554],[-4.7867737,37.879169],[-4.7867554,37.8793534],[-4.7867394,37.8795136],[-4.7865603,37.8795043],[-4.7862363,37.8794875],[-4.7862127,37.8794863],[-4.7862157,37.8794543],[-4.7862745,37.8788174],[-4.7862756,37.8788055],[-4.7862869,37.8788046],[-4.7863105,37.8788028],[-4.7863349,37.878801],[-4.7864689,37.8788031],[-4.7868088,37.8788181]]]}},{"type":"Feature","properties":{"osm":148819862},"geometry":{"type":"Polygon","coordinates":[[[-4.7752458,37.8795234],[-4.7752944,37.879582],[-4.7759789,37.8791938],[-4.776246,37.8790459],[-4.7775958,37.8782839],[-4.7781482,37.8779412],[-4.778573,37.8777339],[-4.7787388,37.8776755],[-4.7788192,37.8776374],[-4.7785841,37.8775703],[-4.7779201,37.8777434],[-4.7770847,37.8782014],[-4.7764727,37.8786543],[-4.7753504,37.8794613],[-4.7752458,37.8795234]]]}},{"type":"Feature","properties":{"osm":180105561},"geometry":{"type":"Polygon","coordinates":[[[-4.8064397,37.8948504],[-4.8073254,37.895049],[-4.8073808,37.8950291],[-4.8073909,37.8949894],[-4.8073607,37.8949457],[-4.806938,37.8944573],[-4.8068977,37.8944136],[-4.8068323,37.8944175],[-4.8064297,37.8946638],[-4.8063542,37.8947511],[-4.8063592,37.8947988],[-4.8064397,37.8948504]]]}},{"type":"Feature","properties":{"osm":180105562},"geometry":{"type":"Polygon","coordinates":[[[-4.8071711,37.8945074],[-4.8076203,37.8942637],[-4.808293,37.8938924],[-4.8084395,37.8937956],[-4.808688,37.8936099],[-4.8085622,37.8935279],[-4.8084928,37.8936032],[-4.8081877,37.8937953],[-4.8070838,37.8944071],[-4.8071711,37.8945074]]]}},{"type":"Feature","properties":{"osm":180105565},"geometry":{"type":"Polygon","coordinates":[[[-4.8126993,37.8961384],[-4.8126945,37.8961267],[-4.8126854,37.8961178],[-4.8112236,37.895805],[-4.8111911,37.8958203],[-4.8111814,37.8958403],[-4.811186,37.895866],[-4.8112053,37.8958852],[-4.8126527,37.8961943],[-4.8126802,37.896191],[-4.8126952,37.896175],[-4.8126993,37.8961384]]]}},{"type":"Feature","properties":{"osm":180105566},"geometry":{"type":"Polygon","coordinates":[[[-4.8109242,37.8957412],[-4.8100329,37.8955468],[-4.8100151,37.8955564],[-4.8100208,37.8955756],[-4.8100415,37.8956023],[-4.810055,37.895629],[-4.8100688,37.8956409],[-4.8109021,37.8958197],[-4.8109372,37.8958096],[-4.8109575,37.8957884],[-4.8109522,37.8957598],[-4.8109242,37.8957412]]]}},{"type":"Feature","properties":{"osm":204952473},"geometry":{"type":"Polygon","coordinates":[[[-4.7636813,37.8930991],[-4.7626237,37.893541],[-4.7622616,37.8936923],[-4.7621309,37.8934765],[-4.7614636,37.8924637],[-4.7615108,37.8924461],[-4.7622637,37.8921335],[-4.7628534,37.8918886],[-4.7629953,37.8921078],[-4.7635263,37.8928718],[-4.7636813,37.8930991]]]}},{"type":"Feature","properties":{"osm":209362140},"geometry":{"type":"Polygon","coordinates":[[[-4.7592712,37.897844],[-4.759337,37.8974642],[-4.7594,37.8974712],[-4.7593139,37.8972822],[-4.7586285,37.8971996],[-4.7585897,37.8973763],[-4.7584004,37.8973424],[-4.7582811,37.8972606],[-4.7582929,37.8971447],[-4.7573245,37.8970378],[-4.757378,37.8967778],[-4.7572861,37.896767],[-4.7572319,37.8970408],[-4.7571781,37.8973124],[-4.7570677,37.8978698],[-4.7571815,37.8978933],[-4.7576674,37.8979467],[-4.7576588,37.8979081],[-4.7571905,37.8978853],[-4.7572621,37.8975457],[-4.7573999,37.8975452],[-4.7582106,37.8975422],[-4.7582135,37.8978356],[-4.7582107,37.8978805],[-4.7582721,37.8978886],[-4.7582921,37.8977824],[-4.7582645,37.8977795],[-4.7582718,37.897734],[-4.7592712,37.897844]]]}},{"type":"Feature","properties":{"osm":225538246},"geometry":{"type":"Polygon","coordinates":[[[-4.7816205,37.8957357],[-4.7816126,37.8960041],[-4.7806042,37.8959979],[-4.7806062,37.8957264],[-4.7816205,37.8957357]]]}},{"type":"Feature","properties":{"osm":225538250},"geometry":{"type":"Polygon","coordinates":[[[-4.7812942,37.8966266],[-4.7813041,37.8962241],[-4.781231,37.8962256],[-4.780972,37.896221],[-4.7809225,37.896221],[-4.7809127,37.8966531],[-4.7812942,37.8966266]]]}},{"type":"Feature","properties":{"osm":227676303},"geometry":{"type":"Polygon","coordinates":[[[-4.789056,37.8759646],[-4.7890221,37.8759102],[-4.7888985,37.8757118],[-4.7888661,37.8756598],[-4.7885669,37.8756384],[-4.7885623,37.8756906],[-4.7885459,37.8758777],[-4.7885413,37.8759293],[-4.789056,37.8759646]]]}},{"type":"Feature","properties":{"osm":227676304},"geometry":{"type":"Polygon","coordinates":[[[-4.7883063,37.8760028],[-4.7882964,37.8761123],[-4.7880484,37.8761093],[-4.7880379,37.8761403],[-4.7879353,37.876134],[-4.7879473,37.8759831],[-4.7878801,37.87598],[-4.787531,37.8759617],[-4.7875736,37.8754935],[-4.7876468,37.8754979],[-4.7882561,37.8755344],[-4.7882922,37.875538],[-4.7883188,37.8755544],[-4.7883363,37.8755816],[-4.7883379,37.8756016],[-4.7883398,37.8756247],[-4.7883353,37.8756746],[-4.7883187,37.8758594],[-4.7883166,37.875883],[-4.7883063,37.8760028]]]}},{"type":"Feature","properties":{"osm":227678489},"geometry":{"type":"Polygon","coordinates":[[[-4.79237,37.8719578],[-4.7914481,37.8716364],[-4.7914581,37.8716173],[-4.7914225,37.8716043],[-4.7913544,37.8715769],[-4.7913029,37.8715428],[-4.791256,37.8715103],[-4.7912185,37.8714822],[-4.7911787,37.8714466],[-4.7911413,37.8714131],[-4.7911062,37.8713771],[-4.7910798,37.8713399],[-4.7910566,37.8712995],[-4.7910272,37.8712473],[-4.7910062,37.8711958],[-4.7909891,37.8711241],[-4.7909404,37.8705554],[-4.7908853,37.8705456],[-4.7908739,37.870535],[-4.790792,37.8705135],[-4.7907393,37.8704922],[-4.7907053,37.8704743],[-4.7906901,37.8704594],[-4.7898705,37.8707603],[-4.7892704,37.8710564],[-4.7889427,37.8712292],[-4.7886385,37.8714364],[-4.7879785,37.8719982],[-4.7878935,37.8720861],[-4.7877171,37.8723979],[-4.7875286,37.8727351],[-4.7874832,37.8728246],[-4.7875633,37.8729633],[-4.78764,37.873017],[-4.7877178,37.8730062],[-4.7877918,37.8729109],[-4.7878895,37.8729632],[-4.7879308,37.8729308],[-4.7879766,37.8728975],[-4.7880826,37.8729914],[-4.7881076,37.8729876],[-4.78815,37.8729981],[-4.7882444,37.8730768],[-4.7882864,37.8730549],[-4.788583,37.8732226],[-4.7885066,37.8732693],[-4.7884952,37.8733925],[-4.788452,37.8734486],[-4.7884365,37.8734722],[-4.7883575,37.8735748],[-4.7882166,37.8736812],[-4.7880412,37.8737777],[-4.7878595,37.8738519],[-4.7877686,37.8738732],[-4.787764,37.873881],[-4.7880353,37.8738277],[-4.7881836,37.8738031],[-4.7882035,37.8738129],[-4.7882139,37.8738331],[-4.7882451,37.8738324],[-4.7882703,37.87384],[-4.7883066,37.873863],[-4.7883327,37.8739173],[-4.7884062,37.8741304],[-4.7882507,37.8742523],[-4.7876083,37.874368],[-4.7876671,37.8744941],[-4.7874762,37.8745167],[-4.7872097,37.874548],[-4.7869247,37.874593],[-4.7867551,37.8746226],[-4.7867995,37.8746996],[-4.7869393,37.874659],[-4.7872218,37.8745818],[-4.7874489,37.8745594],[-4.7877357,37.8745343],[-4.7881551,37.8744884],[-4.7884921,37.8744573],[-4.7890425,37.8744028],[-4.7895938,37.8743483],[-4.7906963,37.8742518],[-4.7907239,37.8742509],[-4.7907515,37.8742571],[-4.7907623,37.8742681],[-4.7907735,37.8742858],[-4.7907816,37.8743018],[-4.7907932,37.874398],[-4.7908538,37.8747923],[-4.7908778,37.8747425],[-4.7911991,37.8748447],[-4.7911216,37.8749923],[-4.7908054,37.8748975],[-4.7908834,37.8755149],[-4.7910043,37.8753139],[-4.7912182,37.8749316],[-4.7912801,37.8748303],[-4.7910316,37.8747544],[-4.7910767,37.8746563],[-4.7909663,37.8746235],[-4.7909218,37.8746039],[-4.7908916,37.8745831],[-4.7908775,37.8745539],[-4.790866,37.8745177],[-4.790873,37.8744806],[-4.7908881,37.8744361],[-4.7912213,37.8738292],[-4.7917324,37.8739969],[-4.7919315,37.8736511],[-4.7918779,37.8736292],[-4.7920656,37.8733011],[-4.7925168,37.8724594],[-4.7926145,37.8722817],[-4.7926885,37.8722819],[-4.7927848,37.8721112],[-4.7927826,37.8720955],[-4.7927642,37.8720822],[-4.7924799,37.8719893],[-4.79237,37.8719578]]]}},{"type":"Feature","properties":{"osm":227830523},"geometry":{"type":"Polygon","coordinates":[[[-4.7931715,37.8758434],[-4.7927258,37.8760056],[-4.7925923,37.8757972],[-4.7930363,37.8756244],[-4.7931715,37.8758434]]]}},{"type":"Feature","properties":{"osm":249000638},"geometry":{"type":"Polygon","coordinates":[[[-4.7962661,37.88481],[-4.7964199,37.885122],[-4.7964509,37.8851879],[-4.7964926,37.8852326],[-4.7965535,37.8852497],[-4.7966144,37.8852541],[-4.7966283,37.8852983],[-4.7966512,37.8853712],[-4.796219,37.8855627],[-4.7957886,37.8857262],[-4.79568,37.8854919],[-4.7956725,37.8854632],[-4.7956809,37.8853065],[-4.7957519,37.885196],[-4.796128,37.8849136],[-4.7962661,37.88481]]]}},{"type":"Feature","properties":{"osm":249882257},"geometry":{"type":"Polygon","coordinates":[[[-4.7986745,37.8829826],[-4.7988892,37.8840143],[-4.7990995,37.883956],[-4.7989483,37.8832403],[-4.7988034,37.8829625],[-4.7986745,37.8829826]]]}},{"type":"Feature","properties":{"osm":257955657},"geometry":{"type":"Polygon","coordinates":[[[-4.7966512,37.8853712],[-4.7993766,37.8841436],[-4.7993446,37.8840956],[-4.7989702,37.8842673],[-4.7989382,37.884232],[-4.7966946,37.8852397],[-4.7966144,37.8852541],[-4.7966283,37.8852983],[-4.7966512,37.8853712]]]}},{"type":"Feature","properties":{"osm":257964385},"geometry":{"type":"Polygon","coordinates":[[[-4.7782566,37.8921527],[-4.7783461,37.8921435],[-4.7783569,37.8921319],[-4.7783478,37.8920675],[-4.7783364,37.8920617],[-4.7783228,37.89206],[-4.7782472,37.8921386],[-4.7782481,37.8921479],[-4.7782566,37.8921527]]]}},{"type":"Feature","properties":{"osm":257964386},"geometry":{"type":"Polygon","coordinates":[[[-4.7782273,37.8920468],[-4.7782368,37.8920545],[-4.7782403,37.8920646],[-4.7781907,37.8921125],[-4.7781571,37.8921251],[-4.7780105,37.8921329],[-4.7780105,37.89212],[-4.7780205,37.8921078],[-4.7780251,37.8920934],[-4.7780196,37.892082],[-4.7780005,37.8920697],[-4.7779996,37.8920568],[-4.7782273,37.8920468]]]}},{"type":"Feature","properties":{"osm":257964387},"geometry":{"type":"Polygon","coordinates":[[[-4.7778108,37.8921466],[-4.7777442,37.8920784],[-4.7777449,37.8920621],[-4.7777591,37.8920547],[-4.7779541,37.8920583],[-4.777955,37.8920712],[-4.7779405,37.892082],[-4.7779386,37.8921006],[-4.777945,37.892115],[-4.777965,37.8921258],[-4.7779659,37.8921365],[-4.7778108,37.8921466]]]}},{"type":"Feature","properties":{"osm":257964390},"geometry":{"type":"Polygon","coordinates":[[[-4.7776784,37.8921911],[-4.7776726,37.8921122],[-4.7776866,37.8921099],[-4.7777595,37.8921806],[-4.7777535,37.8921918],[-4.7776784,37.8921911]]]}},{"type":"Feature","properties":{"osm":257966018},"geometry":{"type":"Polygon","coordinates":[[[-4.7796655,37.8908153],[-4.7796377,37.8908357],[-4.778155,37.8912716],[-4.778105,37.8912555],[-4.7780772,37.8912204],[-4.7780772,37.8911809],[-4.7781013,37.8911487],[-4.7795802,37.890707],[-4.7796247,37.8907114],[-4.7796525,37.8907275],[-4.7796692,37.8907582],[-4.7796766,37.8907875],[-4.7796655,37.8908153]]]}},{"type":"Feature","properties":{"osm":262741126},"geometry":{"type":"Polygon","coordinates":[[[-4.7491911,37.8929754],[-4.7490703,37.8928715],[-4.7485642,37.8924362],[-4.7484991,37.8923555],[-4.7484616,37.8922747],[-4.7484504,37.8921931],[-4.7484743,37.8920794],[-4.7485446,37.8919737],[-4.7487914,37.8916386],[-4.7490026,37.8916265],[-4.7491661,37.8916171],[-4.749505,37.8915977],[-4.7495235,37.8919771],[-4.7495566,37.8920696],[-4.7495623,37.8921716],[-4.7493852,37.8928647],[-4.7492405,37.8929542],[-4.7491911,37.8929754]]]}},{"type":"Feature","properties":{"osm":265187282},"geometry":{"type":"Polygon","coordinates":[[[-4.7933704,37.8810139],[-4.7934982,37.8809749],[-4.7950732,37.8843853],[-4.7950899,37.8844214],[-4.7949765,37.8844524],[-4.7933704,37.8810139]]]}},{"type":"Feature","properties":{"osm":265187283},"geometry":{"type":"Polygon","coordinates":[[[-4.7921021,37.8779503],[-4.7920932,37.8779226],[-4.7919633,37.8779601],[-4.7919747,37.8779871],[-4.7919883,37.8780117],[-4.7925922,37.8792978],[-4.7926148,37.8792978],[-4.7926932,37.8792701],[-4.7927035,37.8792449],[-4.7921021,37.8779503]]]}},{"type":"Feature","properties":{"osm":265187284},"geometry":{"type":"Polygon","coordinates":[[[-4.7934242,37.8808396],[-4.7933426,37.8808753],[-4.793312,37.8808615],[-4.7926253,37.8793851],[-4.7926297,37.8793575],[-4.7926886,37.8793415],[-4.7927259,37.8793333],[-4.792742,37.8793495],[-4.7934286,37.8808177],[-4.7934242,37.8808396]]]}},{"type":"Feature","properties":{"osm":265187285},"geometry":{"type":"Polygon","coordinates":[[[-4.7949765,37.8844524],[-4.7951547,37.8848646],[-4.7951999,37.8848738],[-4.7952349,37.8848646],[-4.7952583,37.884837],[-4.7952612,37.8848174],[-4.7950899,37.8844214],[-4.7949765,37.8844524]]]}},{"type":"Feature","properties":{"osm":265212978},"geometry":{"type":"Polygon","coordinates":[[[-4.810652,37.8987295],[-4.8106795,37.8985109],[-4.8093358,37.8988541],[-4.8093404,37.898874],[-4.810327,37.8989318],[-4.8103728,37.8988469],[-4.8104575,37.8987855],[-4.8105696,37.8987475],[-4.810652,37.8987295]]]}},{"type":"Feature","properties":{"osm":265213949},"geometry":{"type":"Polygon","coordinates":[[[-4.8020251,37.8992644],[-4.8019215,37.8992686],[-4.8018982,37.8989105],[-4.8020018,37.8989063],[-4.8020251,37.8992644]]]}},{"type":"Feature","properties":{"osm":265793574},"geometry":{"type":"Polygon","coordinates":[[[-4.7695453,37.8860185],[-4.7690669,37.8859732],[-4.7690228,37.8854571],[-4.7693788,37.885414],[-4.7695362,37.8857801],[-4.7695453,37.8860185]]]}},{"type":"Feature","properties":{"osm":268607277},"geometry":{"type":"Polygon","coordinates":[[[-4.7840284,37.8784574],[-4.7840689,37.8780742],[-4.7837142,37.8781669],[-4.7840162,37.8784619],[-4.7840284,37.8784574]]]}},{"type":"Feature","properties":{"osm":295873371},"geometry":{"type":"Polygon","coordinates":[[[-4.7856212,37.8806895],[-4.7855695,37.880702],[-4.7854977,37.880726],[-4.7854285,37.8807586],[-4.7853801,37.8807888],[-4.7853301,37.8808276],[-4.7852919,37.8808661],[-4.7852551,37.8809047],[-4.7852322,37.880907],[-4.7852121,37.8808953],[-4.7852249,37.8808567],[-4.785247,37.8808181],[-4.7853273,37.8807318],[-4.7854092,37.8806625],[-4.7854681,37.8806108],[-4.7855301,37.8805665],[-4.7855917,37.8805312],[-4.7856344,37.8805152],[-4.7856456,37.8805194],[-4.7856426,37.8806221],[-4.7856399,37.8806803],[-4.7856327,37.8806862],[-4.7856212,37.8806895]]]}},{"type":"Feature","properties":{"osm":295873373},"geometry":{"type":"Polygon","coordinates":[[[-4.7860562,37.8804998],[-4.7860208,37.880536],[-4.7859846,37.8805624],[-4.7859411,37.8805803],[-4.78589,37.8805896],[-4.7858893,37.8805974],[-4.7859513,37.8806462],[-4.7860056,37.8806793],[-4.7860542,37.8807077],[-4.7861106,37.8807328],[-4.7861728,37.8807643],[-4.7862304,37.8808007],[-4.7862989,37.8808556],[-4.7863475,37.8809141],[-4.7863698,37.8809465],[-4.7863785,37.8809524],[-4.7863923,37.8809498],[-4.7863951,37.8809362],[-4.7863748,37.8808959],[-4.7863293,37.8808205],[-4.7862868,37.8807633],[-4.7862234,37.8806928],[-4.7861529,37.8806211],[-4.7860901,37.8805476],[-4.7860562,37.8804998]]]}},{"type":"Feature","properties":{"osm":296427195},"geometry":{"type":"Polygon","coordinates":[[[-4.7743705,37.8849656],[-4.774126,37.8850602],[-4.7740865,37.8849852],[-4.7743705,37.8849656]]]}},{"type":"Feature","properties":{"osm":296427197},"geometry":{"type":"Polygon","coordinates":[[[-4.7740739,37.8853562],[-4.7740144,37.8854092],[-4.7738725,37.8852033],[-4.7740484,37.8851404],[-4.7740739,37.8853562]]]}},{"type":"Feature","properties":{"osm":296427199},"geometry":{"type":"Polygon","coordinates":[[[-4.7735407,37.884981],[-4.7733789,37.8849888],[-4.773374,37.8849252],[-4.7735358,37.8849175],[-4.7735407,37.884981]]]}},{"type":"Feature","properties":{"osm":296427201},"geometry":{"type":"Polygon","coordinates":[[[-4.7737033,37.8850433],[-4.7735961,37.8850933],[-4.7735884,37.8850161],[-4.7736813,37.8850101],[-4.7737033,37.8850433]]]}},{"type":"Feature","properties":{"osm":296427202},"geometry":{"type":"Polygon","coordinates":[[[-4.7744488,37.885428],[-4.7743232,37.8854342],[-4.7742322,37.8852617],[-4.7744275,37.8850852],[-4.7744488,37.885428]]]}},{"type":"Feature","properties":{"osm":296427206},"geometry":{"type":"Polygon","coordinates":[[[-4.773556,37.8851115],[-4.7733955,37.885185],[-4.773382,37.8850283],[-4.7735481,37.8850194],[-4.773556,37.8851115]]]}},{"type":"Feature","properties":{"osm":296427209},"geometry":{"type":"Polygon","coordinates":[[[-4.7744252,37.8850474],[-4.7742171,37.885233],[-4.7741472,37.8851004],[-4.774422,37.8849968],[-4.7744252,37.8850474]]]}},{"type":"Feature","properties":{"osm":296427210},"geometry":{"type":"Polygon","coordinates":[[[-4.7742211,37.8853772],[-4.7741214,37.8853812],[-4.7741181,37.8853617],[-4.774185,37.8853018],[-4.7742211,37.8853772]]]}},{"type":"Feature","properties":{"osm":296427211},"geometry":{"type":"Polygon","coordinates":[[[-4.7737987,37.8851868],[-4.7737246,37.8850753],[-4.7735999,37.8851318],[-4.7736125,37.8852588],[-4.7737987,37.8851868]]]}},{"type":"Feature","properties":{"osm":296427212},"geometry":{"type":"Polygon","coordinates":[[[-4.7739715,37.8854469],[-4.7736375,37.8855087],[-4.7736166,37.8852994],[-4.7738222,37.8852222],[-4.7739715,37.8854469]]]}},{"type":"Feature","properties":{"osm":296427214},"geometry":{"type":"Polygon","coordinates":[[[-4.7740428,37.8850925],[-4.7740304,37.8849881],[-4.7738994,37.884996],[-4.77377,37.8850547],[-4.773848,37.8851677],[-4.7740428,37.8850925]]]}},{"type":"Feature","properties":{"osm":296509733},"geometry":{"type":"Polygon","coordinates":[[[-4.7744945,37.8852782],[-4.7745012,37.8854031],[-4.7745587,37.8854015],[-4.7745597,37.885473],[-4.7744117,37.8854814],[-4.774406,37.885506],[-4.7744111,37.8855073],[-4.7743748,37.8855613],[-4.7742475,37.8855763],[-4.7742314,37.8855782],[-4.7742556,37.8856986],[-4.7741652,37.8857091],[-4.774151,37.8857204],[-4.7741574,37.8857722],[-4.7741451,37.8857746],[-4.7741308,37.885777],[-4.7741213,37.8857294],[-4.7741173,37.8856993],[-4.774113,37.8856587],[-4.7741,37.8856202],[-4.7740841,37.8855467],[-4.7741027,37.8855444],[-4.7740922,37.8855014],[-4.7740093,37.8855139],[-4.7740086,37.8855177],[-4.7739524,37.885525],[-4.7739464,37.8855108],[-4.773913,37.8855212],[-4.7737823,37.885534],[-4.7737916,37.8855621],[-4.7737571,37.8855649],[-4.7737571,37.8855516],[-4.7736226,37.8855519],[-4.7735949,37.8855584],[-4.7734738,37.8855553],[-4.7734738,37.8854807],[-4.7734538,37.8854481],[-4.7733773,37.8854515],[-4.7733742,37.8854087],[-4.7733729,37.8853929],[-4.7733702,37.885359],[-4.7733544,37.8851632],[-4.7733247,37.8848554],[-4.7733234,37.8848423],[-4.7734519,37.8848331],[-4.7735104,37.8848289],[-4.7737502,37.8848121],[-4.7737507,37.8848722],[-4.7737568,37.8849154],[-4.7738905,37.8848974],[-4.773887,37.8848169],[-4.7738864,37.8848015],[-4.7739889,37.8847927],[-4.7740298,37.8847919],[-4.7740649,37.8847912],[-4.7740782,37.8849342],[-4.7742978,37.8849334],[-4.7744757,37.88492],[-4.7744836,37.8850492],[-4.7744945,37.8852782]]]}},{"type":"Feature","properties":{"osm":296534574},"geometry":{"type":"Polygon","coordinates":[[[-4.7862885,37.8936715],[-4.7861252,37.8937515],[-4.7855022,37.8929214],[-4.7856625,37.8928263],[-4.7862885,37.8936715]]]}},{"type":"Feature","properties":{"osm":296534583},"geometry":{"type":"Polygon","coordinates":[[[-4.785986,37.8938194],[-4.7855548,37.8940153],[-4.785311,37.8936911],[-4.7855458,37.8935789],[-4.7852004,37.8931192],[-4.7853878,37.8930141],[-4.785986,37.8938194]]]}},{"type":"Feature","properties":{"osm":296546444},"geometry":{"type":"Polygon","coordinates":[[[-4.806801,37.8986239],[-4.8067832,37.8986252],[-4.8067306,37.8986191],[-4.8067015,37.8986061],[-4.8066749,37.8985785],[-4.8066215,37.8985445],[-4.8064899,37.8984964],[-4.8064319,37.8984884],[-4.8063779,37.8984862],[-4.8063342,37.89849],[-4.8063075,37.8984862],[-4.8062893,37.8984709],[-4.8062665,37.8984248],[-4.806337,37.8984195],[-4.8064142,37.8984173],[-4.8064936,37.8984297],[-4.806542,37.8984412],[-4.8065831,37.8984527],[-4.8066391,37.8984753],[-4.8066979,37.8985053],[-4.806738,37.8985403],[-4.8067755,37.8985742],[-4.8068058,37.8986124],[-4.806801,37.8986239]]]}},{"type":"Feature","properties":{"osm":296546457},"geometry":{"type":"Polygon","coordinates":[[[-4.7992639,37.8986508],[-4.7993685,37.8987033],[-4.7994891,37.8987256],[-4.799609,37.8987162],[-4.7997188,37.8986769],[-4.7998068,37.898612],[-4.7998639,37.8985283],[-4.7998841,37.8984345],[-4.7998651,37.8983406],[-4.7998091,37.8982564],[-4.7997218,37.8981908],[-4.7996126,37.8981507],[-4.7994894,37.8981405],[-4.7993687,37.8981628],[-4.7992641,37.8982151],[-4.7991871,37.8982917],[-4.7991463,37.8983841],[-4.7991462,37.8984818],[-4.7991869,37.8985742],[-4.7992639,37.8986508]]]}},{"type":"Feature","properties":{"osm":296546458},"geometry":{"type":"Polygon","coordinates":[[[-4.7905976,37.8983365],[-4.7908085,37.8982791],[-4.7909564,37.8981825],[-4.791051,37.8980687],[-4.7910788,37.8979998],[-4.7911334,37.8979443],[-4.7910558,37.8979367],[-4.7908618,37.8979797],[-4.7907539,37.8980591],[-4.7906545,37.8981251],[-4.7905685,37.8981777],[-4.7905321,37.8982323],[-4.790503,37.8982935],[-4.7905139,37.898325],[-4.7905394,37.8983375],[-4.7905976,37.8983365]]]}},{"type":"Feature","properties":{"osm":296546459},"geometry":{"type":"Polygon","coordinates":[[[-4.7903575,37.8983308],[-4.7901926,37.8982906],[-4.7900593,37.8982169],[-4.789955,37.8981232],[-4.7899065,37.8980524],[-4.7898702,37.8979778],[-4.7898556,37.8978984],[-4.7898738,37.8978726],[-4.7898944,37.8978697],[-4.7900726,37.8979443],[-4.790212,37.8980524],[-4.7903127,37.8981309],[-4.7903781,37.8982179],[-4.7904084,37.8982743],[-4.7904048,37.8983107],[-4.7903575,37.8983308]]]}},{"type":"Feature","properties":{"osm":296546460},"geometry":{"type":"Polygon","coordinates":[[[-4.7904921,37.8980333],[-4.7905687,37.8980203],[-4.7906357,37.8979884],[-4.790686,37.8979411],[-4.790714,37.8978834],[-4.7907168,37.8978217],[-4.7906941,37.8977626],[-4.7906483,37.8977125],[-4.7905843,37.8976769],[-4.7905092,37.8976596],[-4.790431,37.8976625],[-4.7903582,37.8976852],[-4.7902988,37.8977254],[-4.7902591,37.8977786],[-4.7902434,37.8978391],[-4.7902535,37.8979004],[-4.7902883,37.8979557],[-4.7903439,37.8979992],[-4.7904144,37.898026],[-4.7904921,37.8980333]]]}},{"type":"Feature","properties":{"osm":296932525},"geometry":{"type":"Polygon","coordinates":[[[-4.7557122,37.8995682],[-4.75494,37.8994807],[-4.7548427,37.9000535],[-4.7543647,37.9000121],[-4.7544755,37.9001432],[-4.7547234,37.900248],[-4.7548643,37.900219],[-4.7551456,37.9000502],[-4.7555131,37.899828],[-4.7556181,37.899759],[-4.7557081,37.8996266],[-4.7557302,37.8995858],[-4.7557122,37.8995682]]]}},{"type":"Feature","properties":{"osm":296932530},"geometry":{"type":"Polygon","coordinates":[[[-4.7574576,37.899728],[-4.7579584,37.8993398],[-4.7577291,37.8991837],[-4.7576853,37.8991557],[-4.7576402,37.8991433],[-4.7575912,37.8991397],[-4.7575493,37.8991484],[-4.7575169,37.8991646],[-4.7574886,37.8991864],[-4.7574701,37.8992163],[-4.757457,37.8992515],[-4.7573737,37.8996741],[-4.7574576,37.899728]]]}},{"type":"Feature","properties":{"osm":316772099},"geometry":{"type":"Polygon","coordinates":[[[-4.7724544,37.8692007],[-4.7724459,37.8692165],[-4.7724312,37.8692292],[-4.7724128,37.8692372],[-4.7723922,37.8692401],[-4.7723714,37.8692377],[-4.7723527,37.8692302],[-4.772338,37.8692183],[-4.7723289,37.8692034],[-4.7723262,37.8691869],[-4.7723304,37.8691707],[-4.7723409,37.8691563],[-4.7723573,37.869145],[-4.7723775,37.8691387],[-4.7723992,37.8691379],[-4.77242,37.8691428],[-4.7724376,37.8691529],[-4.77245,37.869167],[-4.7724559,37.8691836],[-4.7724544,37.8692007]]]}},{"type":"Feature","properties":{"osm":316772106},"geometry":{"type":"Polygon","coordinates":[[[-4.7723138,37.8688968],[-4.772317,37.8689073],[-4.7723159,37.8689182],[-4.7723107,37.8689282],[-4.7723007,37.8689373],[-4.7722873,37.8689431],[-4.7722722,37.868945],[-4.7722572,37.8689428],[-4.7722441,37.8689366],[-4.7722344,37.8689273],[-4.7722293,37.8689159],[-4.7722294,37.8689039],[-4.7722347,37.8688926],[-4.7722446,37.8688834],[-4.7722564,37.8688778],[-4.7722698,37.8688753],[-4.7722835,37.8688762],[-4.7722961,37.8688804],[-4.7723066,37.8688875],[-4.7723138,37.8688968]]]}},{"type":"Feature","properties":{"osm":326986544},"geometry":{"type":"Polygon","coordinates":[[[-4.7854707,37.8871361],[-4.7854629,37.8871551],[-4.7854479,37.8871713],[-4.7854273,37.8871829],[-4.7854032,37.8871889],[-4.7853755,37.8871882],[-4.7853498,37.8871802],[-4.7853291,37.8871657],[-4.7853158,37.8871465],[-4.7853117,37.8871249],[-4.7853171,37.8871035],[-4.7853315,37.8870848],[-4.7853531,37.8870711],[-4.7853769,37.8870644],[-4.7854022,37.8870639],[-4.7854265,37.8870696],[-4.7854473,37.8870811],[-4.7854625,37.8870971],[-4.7854705,37.8871161],[-4.7854707,37.8871361]]]}},{"type":"Feature","properties":{"osm":326989292},"geometry":{"type":"Polygon","coordinates":[[[-4.7849363,37.8881362],[-4.7851771,37.8891759],[-4.7852023,37.8892707],[-4.7852152,37.8893259],[-4.7853059,37.8893574],[-4.7854968,37.88927],[-4.7855608,37.8892344],[-4.7856532,37.8891859],[-4.7862096,37.888896],[-4.7866567,37.8887065],[-4.7869455,37.8885744],[-4.7870056,37.8884711],[-4.786481,37.8878212],[-4.7862634,37.8874449],[-4.7860037,37.8869652],[-4.7858996,37.8867046],[-4.7857428,37.8866497],[-4.7850087,37.8866199],[-4.7848131,37.8867423],[-4.7846548,37.8868701],[-4.7846575,37.8868955],[-4.7846899,37.8871296],[-4.7847389,37.8873409],[-4.784802,37.887609],[-4.7849363,37.8881362]]]}},{"type":"Feature","properties":{"osm":339921238},"geometry":{"type":"Polygon","coordinates":[[[-4.7665381,37.8842225],[-4.7665567,37.8841145],[-4.7665194,37.8841325],[-4.766505,37.8842164],[-4.7665381,37.8842225]]]}},{"type":"Feature","properties":{"osm":339921242},"geometry":{"type":"Polygon","coordinates":[[[-4.7653205,37.8854396],[-4.7647814,37.8856809],[-4.7648055,37.8853147],[-4.7653205,37.8854396]]]}},{"type":"Feature","properties":{"osm":339921243},"geometry":{"type":"Polygon","coordinates":[[[-4.7663828,37.8847433],[-4.7664461,37.8845998],[-4.7664819,37.884497],[-4.7665031,37.8844134],[-4.7664689,37.8844096],[-4.7664265,37.8845728],[-4.7663915,37.884654],[-4.7663205,37.8848023],[-4.7662431,37.8849128],[-4.7661533,37.8850224],[-4.7661891,37.8850146],[-4.7662991,37.8848755],[-4.7663828,37.8847433]]]}},{"type":"Feature","properties":{"osm":339921244},"geometry":{"type":"Polygon","coordinates":[[[-4.7665275,37.884272],[-4.7665118,37.8843676],[-4.7664803,37.8843646],[-4.7664966,37.8842695],[-4.7665275,37.884272]]]}},{"type":"Feature","properties":{"osm":339921249},"geometry":{"type":"Polygon","coordinates":[[[-4.7677914,37.8807403],[-4.7681401,37.8807562],[-4.7681688,37.8807432],[-4.768191,37.8807223],[-4.7681937,37.8806992],[-4.768187,37.8806789],[-4.7681716,37.880665],[-4.7681361,37.880662],[-4.7677914,37.8807403]]]}},{"type":"Feature","properties":{"osm":339921250},"geometry":{"type":"Polygon","coordinates":[[[-4.7676439,37.880608],[-4.7673703,37.8806831],[-4.7672965,37.8806567],[-4.7672791,37.8806239],[-4.7672925,37.8805858],[-4.7673368,37.880572],[-4.7676439,37.880608]]]}},{"type":"Feature","properties":{"osm":340247893},"geometry":{"type":"Polygon","coordinates":[[[-4.7628812,37.8819246],[-4.7628372,37.8818424],[-4.7627566,37.8818392],[-4.7627639,37.8819266],[-4.7628812,37.8819246]]]}},{"type":"Feature","properties":{"osm":340247894},"geometry":{"type":"Polygon","coordinates":[[[-4.7627436,37.8819272],[-4.7627338,37.8818405],[-4.7625978,37.8818501],[-4.7626052,37.8819304],[-4.7627436,37.8819272]]]}},{"type":"Feature","properties":{"osm":340247895},"geometry":{"type":"Polygon","coordinates":[[[-4.7625816,37.8819317],[-4.762575,37.8818527],[-4.7624904,37.8818681],[-4.7624928,37.8819317],[-4.7625816,37.8819317]]]}},{"type":"Feature","properties":{"osm":340247896},"geometry":{"type":"Polygon","coordinates":[[[-4.7623308,37.8819953],[-4.7623267,37.8818996],[-4.7622013,37.8819259],[-4.7622046,37.8819979],[-4.7623308,37.8819953]]]}},{"type":"Feature","properties":{"osm":340247897},"geometry":{"type":"Polygon","coordinates":[[[-4.7621875,37.8819998],[-4.7621851,37.8819285],[-4.7620409,37.8819626],[-4.7620434,37.882003],[-4.7621875,37.8819998]]]}},{"type":"Feature","properties":{"osm":340247898},"geometry":{"type":"Polygon","coordinates":[[[-4.7620116,37.882005],[-4.7620108,37.8819716],[-4.7619082,37.8820082],[-4.7620116,37.882005]]]}},{"type":"Feature","properties":{"osm":340247907},"geometry":{"type":"Polygon","coordinates":[[[-4.7618378,37.8822067],[-4.7618356,37.8820254],[-4.761638,37.8820764],[-4.7616368,37.8821771],[-4.7617627,37.882184],[-4.7617627,37.8822067],[-4.7618378,37.8822067]]]}},{"type":"Feature","properties":{"osm":340247908},"geometry":{"type":"Polygon","coordinates":[[[-4.7616134,37.8821761],[-4.7616158,37.8820814],[-4.7614793,37.8821214],[-4.7614787,37.8821743],[-4.7616134,37.8821761]]]}},{"type":"Feature","properties":{"osm":340247909},"geometry":{"type":"Polygon","coordinates":[[[-4.7614526,37.8821743],[-4.7614526,37.8821271],[-4.7613361,37.8821712],[-4.7614526,37.8821743]]]}},{"type":"Feature","properties":{"osm":366798701},"geometry":{"type":"Polygon","coordinates":[[[-4.78237,37.8776085],[-4.7824931,37.8776664],[-4.7825201,37.8776468],[-4.7825789,37.8776388],[-4.7825201,37.8775033],[-4.7824151,37.8775425],[-4.78237,37.8776085]]]}},{"type":"Feature","properties":{"osm":366798703},"geometry":{"type":"Polygon","coordinates":[[[-4.781968,37.8772769],[-4.7820663,37.8773919],[-4.7820008,37.8774507],[-4.7817693,37.8773616],[-4.7818563,37.8773295],[-4.7818506,37.8773161],[-4.781968,37.8772769]]]}},{"type":"Feature","properties":{"osm":366798706},"geometry":{"type":"Polygon","coordinates":[[[-4.7822142,37.8772012],[-4.7821329,37.8773117],[-4.7820888,37.8773206],[-4.7820335,37.8773161],[-4.7820087,37.8772965],[-4.7819816,37.8772653],[-4.7822142,37.8772012]]]}},{"type":"Feature","properties":{"osm":366798708},"geometry":{"type":"Polygon","coordinates":[[[-4.7823259,37.8775978],[-4.7820132,37.8774659],[-4.7820753,37.877416],[-4.7821487,37.8773322],[-4.7822029,37.877268],[-4.7822559,37.8771896],[-4.782248,37.8771753],[-4.7822887,37.8771602],[-4.7824298,37.8774525],[-4.7823259,37.8775978]]]}},{"type":"Feature","properties":{"osm":368122430},"geometry":{"type":"Polygon","coordinates":[[[-4.8140626,37.8869486],[-4.8152461,37.8869266],[-4.81562,37.8869144],[-4.8153004,37.8868798],[-4.8143071,37.8867801],[-4.8140547,37.8867816],[-4.8126564,37.8867742],[-4.812647,37.8869843],[-4.8140626,37.8869486]]]}},{"type":"Feature","properties":{"osm":368127653},"geometry":{"type":"Polygon","coordinates":[[[-4.8097595,37.8819572],[-4.8092029,37.8820009],[-4.8091856,37.8819485],[-4.8091879,37.8818919],[-4.8092111,37.8818406],[-4.809247,37.8817944],[-4.8092984,37.8817611],[-4.8093652,37.8817372],[-4.8094452,37.88173],[-4.8095176,37.8817394],[-4.8095798,37.8817642],[-4.8096298,37.8818064],[-4.8097131,37.8819054],[-4.8097595,37.8819572]]]}},{"type":"Feature","properties":{"osm":368215069},"geometry":{"type":"Polygon","coordinates":[[[-4.814981,37.8968008],[-4.8149114,37.8967873],[-4.8148727,37.8967652],[-4.8148533,37.8966868],[-4.8148344,37.896622],[-4.8147986,37.8965554],[-4.814768,37.8965238],[-4.8147373,37.8964922],[-4.8147351,37.8964552],[-4.8151404,37.8955051],[-4.8156622,37.894191],[-4.8163462,37.8927264],[-4.816478,37.8926867],[-4.8166241,37.892605],[-4.8166914,37.89248],[-4.8176365,37.892216],[-4.8185306,37.892551],[-4.8187918,37.8926142],[-4.8194072,37.8926432],[-4.8198679,37.8926591],[-4.8198625,37.8926782],[-4.8194093,37.8927925],[-4.8174086,37.8935187],[-4.8164634,37.8939084],[-4.8162771,37.893987],[-4.8158611,37.8944123],[-4.8157483,37.8946322],[-4.814981,37.8968008]]]}},{"type":"Feature","properties":{"osm":368682068},"geometry":{"type":"Polygon","coordinates":[[[-4.8098269,37.8901077],[-4.8091859,37.8901225],[-4.8091,37.8895806],[-4.8090625,37.8893584],[-4.8090249,37.8890133],[-4.8097786,37.8889943],[-4.8098269,37.8901077]]]}},{"type":"Feature","properties":{"osm":368684490},"geometry":{"type":"Polygon","coordinates":[[[-4.8160398,37.8917022],[-4.8153371,37.8916938],[-4.8153425,37.8918292],[-4.8160479,37.8918504],[-4.8160398,37.8917022]]]}},{"type":"Feature","properties":{"osm":368684491},"geometry":{"type":"Polygon","coordinates":[[[-4.8150743,37.8918178],[-4.8150695,37.8916855],[-4.8143367,37.8916739],[-4.8143432,37.8917921],[-4.8150743,37.8918178]]]}},{"type":"Feature","properties":{"osm":368684492},"geometry":{"type":"Polygon","coordinates":[[[-4.8140762,37.8917831],[-4.8140713,37.8916688],[-4.8132082,37.8916572],[-4.8132196,37.891751],[-4.8140762,37.8917831]]]}},{"type":"Feature","properties":{"osm":368684493},"geometry":{"type":"Polygon","coordinates":[[[-4.8129868,37.8917484],[-4.8129721,37.8916572],[-4.8121368,37.891679],[-4.81214,37.8917176],[-4.8129868,37.8917484]]]}},{"type":"Feature","properties":{"osm":368684735},"geometry":{"type":"Polygon","coordinates":[[[-4.8111142,37.8861875],[-4.8111451,37.8860813],[-4.8121042,37.8862549],[-4.8120734,37.8863611],[-4.8111142,37.8861875]]]}},{"type":"Feature","properties":{"osm":369382168},"geometry":{"type":"Polygon","coordinates":[[[-4.8138804,37.8864791],[-4.8128971,37.8864765],[-4.8128976,37.8863641],[-4.8138809,37.8863666],[-4.8138804,37.8864791]]]}},{"type":"Feature","properties":{"osm":385632386},"geometry":{"type":"Polygon","coordinates":[[[-4.7771079,37.899967],[-4.7771362,37.8999519],[-4.7771657,37.8998775],[-4.7771756,37.8998507],[-4.7771822,37.8998074],[-4.7771425,37.8997706],[-4.777116,37.8997591],[-4.7766836,37.8996443],[-4.7765779,37.8996149],[-4.7765393,37.8996456],[-4.7765144,37.8997139],[-4.7766058,37.8997523],[-4.776855,37.8998493],[-4.7769499,37.8998983],[-4.7769847,37.8999163],[-4.7770734,37.8999669],[-4.7771079,37.899967]]]}},{"type":"Feature","properties":{"osm":389026539},"geometry":{"type":"Polygon","coordinates":[[[-4.7582541,37.8986172],[-4.7580124,37.898783],[-4.7580408,37.8985942],[-4.7582541,37.8986172]]]}},{"type":"Feature","properties":{"osm":393713150},"geometry":{"type":"Polygon","coordinates":[[[-4.7988068,37.8853722],[-4.7986909,37.8853688],[-4.7986924,37.885355],[-4.7986107,37.8853498],[-4.7986107,37.8853642],[-4.7984031,37.8853538],[-4.7983214,37.8853383],[-4.7983214,37.8853527],[-4.7982158,37.8853515],[-4.7982158,37.8853366],[-4.7980999,37.885336],[-4.7981,37.8853316],[-4.7979879,37.8853355],[-4.7979544,37.8851787],[-4.7982022,37.8850677],[-4.7983377,37.8852558],[-4.7987917,37.8852765],[-4.7988068,37.8853722]]]}},{"type":"Feature","properties":{"osm":400443823},"geometry":{"type":"Polygon","coordinates":[[[-4.8159307,37.8803656],[-4.8159014,37.8803944],[-4.8158591,37.880378],[-4.8157215,37.8799075],[-4.8157299,37.8798911],[-4.8157492,37.8798822],[-4.8157738,37.879883],[-4.8157924,37.879896],[-4.8159307,37.8803656]]]}},{"type":"Feature","properties":{"osm":400443825},"geometry":{"type":"Polygon","coordinates":[[[-4.8161589,37.8811501],[-4.8161277,37.8811764],[-4.8160843,37.8811601],[-4.8159266,37.8806175],[-4.8159555,37.8805836],[-4.8160023,37.8806085],[-4.8161589,37.8811501]]]}},{"type":"Feature","properties":{"osm":405712535},"geometry":{"type":"Polygon","coordinates":[[[-4.7696758,37.8840275],[-4.7694131,37.8841432],[-4.7692051,37.8839276],[-4.7694814,37.8837653],[-4.7696758,37.8840275]]]}},{"type":"Feature","properties":{"osm":405739271},"geometry":{"type":"Polygon","coordinates":[[[-4.7650853,37.8753],[-4.7586135,37.8784861],[-4.758592,37.8784951],[-4.7585655,37.878496],[-4.7585418,37.8784852],[-4.7585276,37.8784682],[-4.7585069,37.8784098],[-4.758479,37.878373],[-4.7584637,37.8783343],[-4.7584624,37.8782881],[-4.7584808,37.878241],[-4.7646816,37.8752092],[-4.7650853,37.8753]]]}},{"type":"Feature","properties":{"osm":405749330},"geometry":{"type":"Polygon","coordinates":[[[-4.7563915,37.884552],[-4.7564559,37.8831191],[-4.7563476,37.8830779],[-4.7556169,37.8842087],[-4.7563915,37.884552]]]}},{"type":"Feature","properties":{"osm":409278321},"geometry":{"type":"Polygon","coordinates":[[[-4.7588586,37.8788835],[-4.7579098,37.8793455],[-4.7577053,37.879163],[-4.7576891,37.8791217],[-4.7576929,37.879079],[-4.757715,37.8790468],[-4.7579087,37.8787721],[-4.7579464,37.8787396],[-4.7579995,37.8787188],[-4.7580601,37.8787175],[-4.7581864,37.8787445],[-4.7582376,37.87875],[-4.7583202,37.8787438],[-4.7583723,37.8787319],[-4.7584181,37.8787132],[-4.758451,37.8787049],[-4.7584761,37.8787135],[-4.7588586,37.8788835]]]}},{"type":"Feature","properties":{"osm":409278326},"geometry":{"type":"Polygon","coordinates":[[[-4.7581139,37.8784159],[-4.7581571,37.8783863],[-4.7582101,37.8783695],[-4.7582672,37.8783673],[-4.758322,37.87838],[-4.7583686,37.8784061],[-4.7584018,37.8784428],[-4.7584179,37.8784855],[-4.7584157,37.8785299],[-4.7583954,37.8785714],[-4.7583592,37.8786055],[-4.7583111,37.8786286],[-4.7582561,37.8786382],[-4.7582001,37.8786333],[-4.7581491,37.8786144],[-4.7581085,37.8785835],[-4.7580828,37.8785439],[-4.7580746,37.8784993],[-4.7580854,37.878455],[-4.7581139,37.8784159]]]}},{"type":"Feature","properties":{"osm":416525421},"geometry":{"type":"Polygon","coordinates":[[[-4.7738072,37.8886252],[-4.7737102,37.8886823],[-4.7736343,37.8886088],[-4.7737394,37.8885501],[-4.7738072,37.8886252]]]}},{"type":"Feature","properties":{"osm":416525423},"geometry":{"type":"Polygon","coordinates":[[[-4.7739253,37.8887945],[-4.7738275,37.8888553],[-4.7737786,37.8887757],[-4.7738708,37.8887216],[-4.7739253,37.8887945]]]}},{"type":"Feature","properties":{"osm":416525424},"geometry":{"type":"Polygon","coordinates":[[[-4.7741053,37.8887476],[-4.7740414,37.8887763],[-4.7739764,37.8886795],[-4.7740519,37.8886487],[-4.7741053,37.8887476]]]}},{"type":"Feature","properties":{"osm":416525425},"geometry":{"type":"Polygon","coordinates":[[[-4.7740363,37.8885475],[-4.773954,37.8885777],[-4.7738648,37.888482],[-4.773967,37.888439],[-4.7740363,37.8885475]]]}},{"type":"Feature","properties":{"osm":423437175},"geometry":{"type":"Polygon","coordinates":[[[-4.8144941,37.8853447],[-4.814641,37.8859043],[-4.8136306,37.8858911],[-4.8135375,37.8853192],[-4.813508,37.8853053],[-4.8134313,37.8848553],[-4.8143286,37.8847104],[-4.8144941,37.8853447]]]}},{"type":"Feature","properties":{"osm":423943840},"geometry":{"type":"Polygon","coordinates":[[[-4.7822962,37.8776696],[-4.7822982,37.8776724],[-4.7822728,37.8777634],[-4.7820774,37.8778148],[-4.7819244,37.8777313],[-4.7817599,37.8774344],[-4.7818557,37.8774739],[-4.7822962,37.8776696]]]}},{"type":"Feature","properties":{"osm":426952510},"geometry":{"type":"Polygon","coordinates":[[[-4.76849,37.8740265],[-4.768497,37.8739427],[-4.7684086,37.8739343],[-4.7683554,37.8739613],[-4.7683484,37.8740139],[-4.76849,37.8740265]]]}},{"type":"Feature","properties":{"osm":426952692},"geometry":{"type":"Polygon","coordinates":[[[-4.7682387,37.8740097],[-4.7681042,37.8739999],[-4.7681148,37.8739105],[-4.7682104,37.8739175],[-4.7682458,37.8739427],[-4.7682387,37.8740097]]]}},{"type":"Feature","properties":{"osm":426952693},"geometry":{"type":"Polygon","coordinates":[[[-4.767637,37.8739636],[-4.7674972,37.8739483],[-4.7675008,37.8739008],[-4.7675485,37.8738658],[-4.7676459,37.8738728],[-4.767637,37.8739636]]]}},{"type":"Feature","properties":{"osm":426952694},"geometry":{"type":"Polygon","coordinates":[[[-4.7673893,37.8739441],[-4.7672459,37.8739273],[-4.767253,37.8738421],[-4.7673663,37.8738533],[-4.7673981,37.8738826],[-4.7673893,37.8739441]]]}},{"type":"Feature","properties":{"osm":426952695},"geometry":{"type":"Polygon","coordinates":[[[-4.7685077,37.8738589],[-4.7684027,37.8738476],[-4.7683749,37.8738183],[-4.7683785,37.8737625],[-4.76852,37.8737736],[-4.7685077,37.8738589]]]}},{"type":"Feature","properties":{"osm":426952696},"geometry":{"type":"Polygon","coordinates":[[[-4.7682228,37.8738323],[-4.7681272,37.8738239],[-4.768136,37.8737429],[-4.76829,37.8737541],[-4.7682847,37.8738016],[-4.7682228,37.8738323]]]}},{"type":"Feature","properties":{"osm":426952697},"geometry":{"type":"Polygon","coordinates":[[[-4.7676583,37.8737862],[-4.7675485,37.8737778],[-4.7675131,37.8737443],[-4.767522,37.8736898],[-4.7676671,37.8737038],[-4.7676583,37.8737862]]]}},{"type":"Feature","properties":{"osm":426952698},"geometry":{"type":"Polygon","coordinates":[[[-4.7673769,37.8737653],[-4.7672654,37.8737569],[-4.767276,37.8736717],[-4.7674176,37.8736842],[-4.7674141,37.8737345],[-4.7673769,37.8737653]]]}},{"type":"Feature","properties":{"osm":429366607},"geometry":{"type":"Polygon","coordinates":[[[-4.7652227,37.890882],[-4.7652448,37.8908906],[-4.765269,37.8908952],[-4.7652909,37.8908944],[-4.7653097,37.890892],[-4.7653912,37.8908713],[-4.7654365,37.8908595],[-4.7656319,37.8908087],[-4.7656496,37.8907992],[-4.7656655,37.8907883],[-4.765682,37.8907719],[-4.7656958,37.8907559],[-4.76571,37.890737],[-4.7657198,37.8907227],[-4.7657298,37.890703],[-4.7657349,37.8906872],[-4.7657396,37.890669],[-4.7657408,37.8906508],[-4.7657398,37.890627],[-4.7657357,37.8906035],[-4.7657263,37.8905792],[-4.7657143,37.8905583],[-4.7656957,37.8905337],[-4.7656754,37.8905125],[-4.7656486,37.8904919],[-4.765617,37.8904744],[-4.7655964,37.8904656],[-4.765574,37.8904596],[-4.7655477,37.8904533],[-4.7655187,37.8904498],[-4.7654878,37.8904484],[-4.7654569,37.8904505],[-4.765418,37.8904558],[-4.7653826,37.8904695],[-4.765158,37.8906234],[-4.7651292,37.8906426],[-4.7651128,37.890655],[-4.7650986,37.8906705],[-4.7650941,37.8906825],[-4.7650933,37.8906981],[-4.7650951,37.8907129],[-4.7651022,37.8907274],[-4.7651893,37.8908591],[-4.765205,37.8908709],[-4.7652227,37.890882]]]}},{"type":"Feature","properties":{"osm":429920214},"geometry":{"type":"Polygon","coordinates":[[[-4.7658339,37.8977],[-4.7659288,37.8977114],[-4.7660189,37.8977008],[-4.7660994,37.8976562],[-4.7661406,37.8976191],[-4.7661722,37.8975488],[-4.7661761,37.8974853],[-4.766155,37.897424],[-4.7661195,37.8973771],[-4.7658339,37.8977]]]}},{"type":"Feature","properties":{"osm":429920215},"geometry":{"type":"Polygon","coordinates":[[[-4.7656988,37.8976191],[-4.7659825,37.897303],[-4.7658981,37.8972856],[-4.7657793,37.8973015],[-4.765694,37.897356],[-4.7656567,37.8974013],[-4.7656327,37.8974724],[-4.7656365,37.8975359],[-4.765671,37.8976063],[-4.7656988,37.8976191]]]}},{"type":"Feature","properties":{"osm":430855358},"geometry":{"type":"Polygon","coordinates":[[[-4.8030956,37.9038589],[-4.8021441,37.9039292],[-4.8020179,37.9029206],[-4.8025537,37.9029333],[-4.8027386,37.902949],[-4.8030956,37.9038589]]]}},{"type":"Feature","properties":{"osm":433812354},"geometry":{"type":"Polygon","coordinates":[[[-4.8020348,37.8811159],[-4.8020582,37.8810607],[-4.8030478,37.8813464],[-4.803186,37.8813641],[-4.8033183,37.8813748],[-4.8034877,37.881365],[-4.8036723,37.8813361],[-4.8038532,37.8812776],[-4.8040267,37.8812003],[-4.8041743,37.881107],[-4.8042952,37.881002],[-4.804392,37.8808937],[-4.8044738,37.8807585],[-4.804477,37.880724],[-4.8045308,37.8806776],[-4.804517,37.8806371],[-4.8040383,37.8797469],[-4.8044426,37.879706],[-4.8046787,37.8801463],[-4.8047001,37.880303],[-4.8047055,37.8804427],[-4.804684,37.8805697],[-4.8046411,37.8807179],[-4.8045919,37.880815],[-4.8045553,37.8808873],[-4.8043675,37.8811075],[-4.8040457,37.8813234],[-4.8034242,37.8814777],[-4.802974,37.8813896],[-4.8025034,37.8812647],[-4.8020348,37.8811159]]]}},{"type":"Feature","properties":{"osm":433812355},"geometry":{"type":"Polygon","coordinates":[[[-4.8029809,37.8814635],[-4.803752,37.8818019],[-4.8037593,37.8817851],[-4.803784,37.8816994],[-4.803832,37.8816551],[-4.8050803,37.8808251],[-4.8047679,37.8803258],[-4.8049656,37.8802509],[-4.8037279,37.878141],[-4.8037131,37.8782833],[-4.8038362,37.8785894],[-4.8039545,37.8788126],[-4.8044426,37.879706],[-4.8046787,37.8801463],[-4.8047001,37.880303],[-4.8047055,37.8804427],[-4.804684,37.8805697],[-4.8046411,37.8807179],[-4.8045919,37.880815],[-4.8045553,37.8808873],[-4.8043675,37.8811075],[-4.8040457,37.8813234],[-4.8038472,37.8814038],[-4.8036219,37.8814589],[-4.8034242,37.8814777],[-4.8032257,37.8814777],[-4.8029996,37.881442],[-4.8029809,37.8814635]]]}},{"type":"Feature","properties":{"osm":433812356},"geometry":{"type":"Polygon","coordinates":[[[-4.8044426,37.879706],[-4.8040245,37.8797218],[-4.8039451,37.8797248],[-4.8038848,37.8797271],[-4.8030746,37.8773261],[-4.803368,37.8772292],[-4.8034753,37.8772772],[-4.8035403,37.8776596],[-4.8035859,37.8778794],[-4.8036387,37.878228],[-4.8039652,37.8789708],[-4.8041693,37.8792853],[-4.8044426,37.879706]]]}},{"type":"Feature","properties":{"osm":433812357},"geometry":{"type":"Polygon","coordinates":[[[-4.8037844,37.8734483],[-4.8037859,37.873495],[-4.8036705,37.8743063],[-4.803606,37.8746662],[-4.8033985,37.8755727],[-4.8033527,37.8758571],[-4.8033366,37.8760821],[-4.8033335,37.8764427],[-4.8033573,37.8765075],[-4.8033564,37.8766905],[-4.8033301,37.8767525],[-4.8032783,37.8768331],[-4.803243,37.8769733],[-4.8032155,37.8770101],[-4.8031626,37.8770411],[-4.8030864,37.8770634],[-4.8030806,37.8770203],[-4.803013,37.877026],[-4.802952,37.8765771],[-4.8029241,37.8762218],[-4.8029056,37.8757959],[-4.8029134,37.8754595],[-4.8029428,37.8750014],[-4.8030563,37.8740631],[-4.8030077,37.8739519],[-4.8029929,37.8739528],[-4.802948,37.8738753],[-4.8029043,37.8738258],[-4.8028524,37.8737787],[-4.8027795,37.8737307],[-4.8026996,37.8736869],[-4.8025944,37.873652],[-4.802489,37.8736302],[-4.8023507,37.8736254],[-4.8017062,37.8736631],[-4.8017012,37.8736027],[-4.803148,37.8735279],[-4.8031506,37.8734871],[-4.8032101,37.8727687],[-4.8031911,37.8720839],[-4.8031524,37.8716928],[-4.8030514,37.8715711],[-4.8029667,37.8715214],[-4.8028502,37.8714757],[-4.8027537,37.8714557],[-4.8026558,37.8714605],[-4.802568,37.8714754],[-4.8025116,37.8714963],[-4.8025032,37.8714832],[-4.8030109,37.8712759],[-4.8030338,37.8711835],[-4.8035528,37.8709759],[-4.8036011,37.8710123],[-4.8036528,37.8712433],[-4.8037044,37.8715985],[-4.8037479,37.8719731],[-4.8037676,37.8723774],[-4.8037652,37.8729459],[-4.8037844,37.8734483]]]}},{"type":"Feature","properties":{"osm":433812358},"geometry":{"type":"Polygon","coordinates":[[[-4.8027128,37.8763053],[-4.802693,37.8760962],[-4.8008424,37.8768203],[-4.8009175,37.8770076],[-4.8014131,37.8768137],[-4.8027128,37.8763053]]]}},{"type":"Feature","properties":{"osm":433812359},"geometry":{"type":"Polygon","coordinates":[[[-4.8005437,37.8736458],[-4.8001737,37.8736693],[-4.8000417,37.8736679],[-4.7999301,37.8736536],[-4.7998429,37.8736286],[-4.7997529,37.8735906],[-4.799849,37.873477],[-4.7999316,37.8733936],[-4.8000292,37.8733113],[-4.8002199,37.8731903],[-4.8004895,37.8730681],[-4.8005437,37.8736458]]]}},{"type":"Feature","properties":{"osm":433812732},"geometry":{"type":"Polygon","coordinates":[[[-4.8010744,37.8718996],[-4.8008611,37.871979],[-4.8009054,37.8719938],[-4.8009925,37.8719811],[-4.8010475,37.8719525],[-4.8010663,37.8719292],[-4.8010744,37.8718996]]]}},{"type":"Feature","properties":{"osm":433812733},"geometry":{"type":"Polygon","coordinates":[[[-4.8010019,37.871762],[-4.8007713,37.8718572],[-4.8007807,37.8718226],[-4.8007954,37.8717943],[-4.800849,37.8717524],[-4.8009027,37.8717374],[-4.8009456,37.8717371],[-4.8009872,37.8717495],[-4.8010019,37.871762]]]}},{"type":"Feature","properties":{"osm":433812734},"geometry":{"type":"Polygon","coordinates":[[[-4.7959626,37.8659975],[-4.7959318,37.8660267],[-4.7959146,37.8660623],[-4.795913,37.8661003],[-4.7959271,37.8661366],[-4.7959554,37.8661674],[-4.7959949,37.8661893],[-4.7960412,37.8661998],[-4.7960893,37.866198],[-4.796134,37.8661839],[-4.7961706,37.866159],[-4.7961949,37.8661262],[-4.7962044,37.8660889],[-4.7961981,37.8660512],[-4.7961765,37.8660172],[-4.7961422,37.8659905],[-4.7960987,37.8659741],[-4.7960509,37.8659697],[-4.7960038,37.8659778],[-4.7959626,37.8659975]]]}},{"type":"Feature","properties":{"osm":433812931},"geometry":{"type":"Polygon","coordinates":[[[-4.7951764,37.8726557],[-4.7951117,37.8726845],[-4.794973,37.8725272],[-4.7948736,37.8725439],[-4.7947319,37.8723706],[-4.7945712,37.8723886],[-4.7944327,37.8724271],[-4.7943263,37.8722007],[-4.7942374,37.8722197],[-4.793832,37.8723029],[-4.7938165,37.8722191],[-4.7938502,37.8721911],[-4.793963,37.8722608],[-4.7941428,37.8721096],[-4.793948,37.8719838],[-4.7937612,37.8721268],[-4.7936289,37.8720334],[-4.7938014,37.8718772],[-4.793713,37.8717921],[-4.7936176,37.871717],[-4.7934297,37.8719257],[-4.793381,37.8718983],[-4.7935518,37.8716226],[-4.7933148,37.8715409],[-4.7934264,37.8713147],[-4.7934915,37.8712721],[-4.7937364,37.8714432],[-4.7939614,37.8716178],[-4.7942099,37.8718342],[-4.7943548,37.8719603],[-4.7944969,37.8720871],[-4.7948051,37.8723577],[-4.7951764,37.8726557]]]}},{"type":"Feature","properties":{"osm":438131219},"geometry":{"type":"Polygon","coordinates":[[[-4.7864816,37.8743595],[-4.7862456,37.8739707],[-4.786661,37.8734103],[-4.7868907,37.8736051],[-4.7864816,37.8743595]]]}},{"type":"Feature","properties":{"osm":444287624},"geometry":{"type":"Polygon","coordinates":[[[-4.8090848,37.9052377],[-4.8083194,37.9052634],[-4.8073587,37.9051503],[-4.8068441,37.905045],[-4.8065266,37.9049093],[-4.806056,37.9047083],[-4.8058997,37.9046441],[-4.8060362,37.9043907],[-4.806947,37.9046492],[-4.8089957,37.9045006],[-4.8090848,37.9052377]]]}},{"type":"Feature","properties":{"osm":444287625},"geometry":{"type":"Polygon","coordinates":[[[-4.8089757,37.904291],[-4.8087511,37.9043077],[-4.808567,37.9028684],[-4.8088014,37.9028505],[-4.8089757,37.904291]]]}},{"type":"Feature","properties":{"osm":444287626},"geometry":{"type":"Polygon","coordinates":[[[-4.8087902,37.902683],[-4.8086009,37.9026986],[-4.8085595,37.9027021],[-4.808471,37.9019444],[-4.8072157,37.9014195],[-4.8072399,37.9004163],[-4.8074706,37.9004629],[-4.8074384,37.9013116],[-4.8086749,37.9017158],[-4.8087902,37.902683]]]}},{"type":"Feature","properties":{"osm":444287631},"geometry":{"type":"Polygon","coordinates":[[[-4.8074576,37.9002899],[-4.8072205,37.900249],[-4.8070659,37.8999109],[-4.8077013,37.8997639],[-4.8084222,37.8995971],[-4.8084359,37.899774],[-4.8074899,37.9000091],[-4.8074576,37.9002899]]]}},{"type":"Feature","properties":{"osm":444287635},"geometry":{"type":"Polygon","coordinates":[[[-4.8054328,37.9020212],[-4.8053458,37.9020165],[-4.8055655,37.9011541],[-4.8056506,37.901167],[-4.8054328,37.9020212]]]}},{"type":"Feature","properties":{"osm":444287636},"geometry":{"type":"Polygon","coordinates":[[[-4.805236,37.9030014],[-4.8050509,37.9029847],[-4.8052662,37.9021601],[-4.8054534,37.9021701],[-4.805236,37.9030014]]]}},{"type":"Feature","properties":{"osm":444287637},"geometry":{"type":"Polygon","coordinates":[[[-4.8049613,37.903871],[-4.8047125,37.9037977],[-4.8045625,37.9037503],[-4.8047304,37.9037399],[-4.8050026,37.9031455],[-4.805145,37.9031618],[-4.8049613,37.903871]]]}},{"type":"Feature","properties":{"osm":444287948},"geometry":{"type":"Polygon","coordinates":[[[-4.7990876,37.8996835],[-4.7990357,37.8997222],[-4.7990015,37.8997717],[-4.7989886,37.8998272],[-4.7989982,37.899883],[-4.7990294,37.8999338],[-4.799079,37.8999743],[-4.7991421,37.9000007],[-4.7992125,37.9000102],[-4.7992897,37.9000003],[-4.7993579,37.8999703],[-4.7994092,37.8999238],[-4.7994375,37.8998663],[-4.7994393,37.8998047],[-4.7994145,37.8997462],[-4.799366,37.8996979],[-4.7992996,37.8996654],[-4.7992232,37.8996526],[-4.7991523,37.8996596],[-4.7990876,37.8996835]]]}},{"type":"Feature","properties":{"osm":453834440},"geometry":{"type":"Polygon","coordinates":[[[-4.79947,37.88572],[-4.7994391,37.8857613],[-4.7993896,37.8857892],[-4.79933,37.8857987],[-4.7992706,37.8857883],[-4.7992218,37.8857597],[-4.7991918,37.8857179],[-4.7991861,37.8856701],[-4.7992054,37.8856246],[-4.7992465,37.8855893],[-4.7993023,37.8855702],[-4.7993631,37.8855706],[-4.7994184,37.8855905],[-4.7994587,37.8856265],[-4.7994769,37.8856723],[-4.79947,37.88572]]]}},{"type":"Feature","properties":{"osm":486146056},"geometry":{"type":"Polygon","coordinates":[[[-4.7751212,37.8945589],[-4.7751893,37.8945314],[-4.7753725,37.8944532],[-4.7759876,37.894206],[-4.7759933,37.8941119],[-4.7759887,37.8941117],[-4.7759913,37.8940706],[-4.7755071,37.894052],[-4.7755178,37.8938748],[-4.7755504,37.8938761],[-4.7755629,37.8936577],[-4.775786,37.893665],[-4.7759126,37.8936694],[-4.7761684,37.8936783],[-4.7761805,37.893597],[-4.7760505,37.8935938],[-4.7759229,37.8935907],[-4.7758013,37.8935878],[-4.7756747,37.8935847],[-4.7755423,37.8935815],[-4.775555,37.8933973],[-4.7755575,37.8933788],[-4.7754918,37.8933755],[-4.7754666,37.8935295],[-4.7753823,37.8940107],[-4.7753116,37.8942164],[-4.7751212,37.8945589]]]}},{"type":"Feature","properties":{"osm":516993204},"geometry":{"type":"Polygon","coordinates":[[[-4.8139766,37.8964679],[-4.8140046,37.8964458],[-4.8140022,37.8964108],[-4.8139859,37.8963868],[-4.8129468,37.8961676],[-4.8129048,37.8961786],[-4.8129025,37.8962173],[-4.8129211,37.896245],[-4.8134348,37.89635],[-4.8139766,37.8964679]]]}},{"type":"Feature","properties":{"osm":516994562},"geometry":{"type":"Polygon","coordinates":[[[-4.8026405,37.9052809],[-4.8036604,37.9057673],[-4.8031156,37.9064949],[-4.801221,37.9065488],[-4.8011127,37.9052675],[-4.8018707,37.9052139],[-4.8017732,37.9043281],[-4.8010845,37.9043866],[-4.8010934,37.904351],[-4.800675,37.9043117],[-4.8006379,37.9045037],[-4.7992784,37.904266],[-4.7992188,37.9043014],[-4.7991434,37.9043272],[-4.799064,37.9043382],[-4.7989833,37.9043363],[-4.79902,37.9043015],[-4.799104,37.9042953],[-4.7992033,37.9042641],[-4.7993022,37.9042043],[-4.799951,37.904316],[-4.804507,37.9039816],[-4.8048732,37.9040841],[-4.8046722,37.9043393],[-4.804281,37.9041411],[-4.8025297,37.9042728],[-4.8026405,37.9052809]]]}},{"type":"Feature","properties":{"osm":517344600},"geometry":{"type":"Polygon","coordinates":[[[-4.7805916,37.8929402],[-4.7805644,37.8929009],[-4.7800884,37.893106],[-4.7801156,37.8931454],[-4.7805916,37.8929402]]]}},{"type":"Feature","properties":{"osm":517344601},"geometry":{"type":"Polygon","coordinates":[[[-4.7799646,37.89321],[-4.7799401,37.8931741],[-4.7794171,37.8933967],[-4.7794416,37.8934325],[-4.7799646,37.89321]]]}},{"type":"Feature","properties":{"osm":517344602},"geometry":{"type":"Polygon","coordinates":[[[-4.7792904,37.8934978],[-4.7792682,37.8934652],[-4.7788604,37.893638],[-4.7788825,37.8936706],[-4.7792904,37.8934978]]]}},{"type":"Feature","properties":{"osm":517344603},"geometry":{"type":"Polygon","coordinates":[[[-4.7787278,37.8937424],[-4.7787041,37.893707],[-4.778299,37.8938767],[-4.7783228,37.893912],[-4.7787278,37.8937424]]]}},{"type":"Feature","properties":{"osm":517344604},"geometry":{"type":"Polygon","coordinates":[[[-4.7777627,37.894151],[-4.7777397,37.8941166],[-4.7781482,37.8939469],[-4.7781712,37.8939813],[-4.7777627,37.894151]]]}},{"type":"Feature","properties":{"osm":517344605},"geometry":{"type":"Polygon","coordinates":[[[-4.7776062,37.894221],[-4.7775818,37.8941855],[-4.7771773,37.8943582],[-4.7772017,37.8943937],[-4.7776062,37.894221]]]}},{"type":"Feature","properties":{"osm":517344606},"geometry":{"type":"Polygon","coordinates":[[[-4.777048,37.8944606],[-4.7770256,37.8944281],[-4.7766191,37.8946021],[-4.7766415,37.8946347],[-4.777048,37.8944606]]]}},{"type":"Feature","properties":{"osm":517347468},"geometry":{"type":"Polygon","coordinates":[[[-4.7866411,37.880439],[-4.7865903,37.8804198],[-4.7864545,37.8804169],[-4.7863515,37.880463],[-4.7863109,37.8804142],[-4.7862707,37.8803551],[-4.7862517,37.8803164],[-4.786229,37.8802574],[-4.7862022,37.8801685],[-4.7861904,37.8800154],[-4.7862001,37.8799198],[-4.786207,37.879821],[-4.7862203,37.8797908],[-4.786694,37.8798149],[-4.7867285,37.8798422],[-4.7867245,37.8798677],[-4.7867005,37.8800052],[-4.7866752,37.8801866],[-4.7866588,37.8802569],[-4.786655,37.8803169],[-4.7866411,37.880439]]]}},{"type":"Feature","properties":{"osm":536176223},"geometry":{"type":"Polygon","coordinates":[[[-4.8208783,37.8776333],[-4.8208626,37.8775023],[-4.8177079,37.8782121],[-4.8177301,37.8783271],[-4.8177984,37.8784465],[-4.8178467,37.8784364],[-4.8201162,37.877959],[-4.8200509,37.8777948],[-4.8201739,37.8777695],[-4.8202111,37.8778729],[-4.8202713,37.8779263],[-4.8204091,37.877892],[-4.8214554,37.8803801],[-4.8215448,37.8804443],[-4.8216749,37.8804571],[-4.8220977,37.8804892],[-4.8221628,37.8803801],[-4.8219351,37.8803416],[-4.8218619,37.8801619],[-4.821805,37.879886],[-4.8218701,37.87961],[-4.8218701,37.8792763],[-4.8217481,37.8789105],[-4.8215367,37.878519],[-4.8208783,37.8776333]]]}},{"type":"Feature","properties":{"osm":544410809},"geometry":{"type":"Polygon","coordinates":[[[-4.8099145,37.8922944],[-4.8094335,37.8922981],[-4.8093915,37.8922317],[-4.8093401,37.8921838],[-4.8093355,37.8921396],[-4.8093822,37.892088],[-4.8093962,37.8920327],[-4.8093915,37.891631],[-4.8098772,37.8916126],[-4.8099145,37.8922944]]]}},{"type":"Feature","properties":{"osm":544410810},"geometry":{"type":"Polygon","coordinates":[[[-4.8156512,37.8915152],[-4.81533,37.8915023],[-4.81533,37.8914286],[-4.8156512,37.8915152]]]}},{"type":"Feature","properties":{"osm":544410811},"geometry":{"type":"Polygon","coordinates":[[[-4.8150658,37.8915056],[-4.8143421,37.8914927],[-4.8143218,37.891159],[-4.8150617,37.8913612],[-4.8150658,37.8915056]]]}},{"type":"Feature","properties":{"osm":544566429},"geometry":{"type":"Polygon","coordinates":[[[-4.7856767,37.8797557],[-4.7851301,37.8797197],[-4.7851099,37.8797246],[-4.7850968,37.8797299],[-4.7850913,37.8797461],[-4.785085,37.8797865],[-4.7850851,37.8798165],[-4.78509,37.8798483],[-4.7850982,37.879878],[-4.7851096,37.8799093],[-4.785122,37.8799428],[-4.7851337,37.8799754],[-4.7851451,37.8800052],[-4.7851533,37.8800266],[-4.7851671,37.8800576],[-4.785182,37.8800901],[-4.7851862,37.8801515],[-4.785184,37.8802027],[-4.7851724,37.8802426],[-4.7851322,37.880323],[-4.7851027,37.8803675],[-4.7851372,37.8803619],[-4.7852529,37.8803548],[-4.7852819,37.8803598],[-4.7853146,37.8803654],[-4.7853845,37.8803928],[-4.7853966,37.8803972],[-4.7854302,37.8804102],[-4.7854475,37.8804169],[-4.7854872,37.8803771],[-4.7855347,37.880322],[-4.7855823,37.8802521],[-4.78563,37.8801722],[-4.7856592,37.8801044],[-4.7856966,37.8799092],[-4.78571,37.8797857],[-4.7856993,37.8797686],[-4.7856767,37.8797557]]]}},{"type":"Feature","properties":{"osm":544566430},"geometry":{"type":"Polygon","coordinates":[[[-4.7856928,37.8796837],[-4.7857008,37.8796265],[-4.7851563,37.8795884],[-4.7851483,37.8796498],[-4.7856928,37.8796837]]]}},{"type":"Feature","properties":{"osm":548112048},"geometry":{"type":"Polygon","coordinates":[[[-4.8117045,37.8838011],[-4.811646,37.8838649],[-4.8116198,37.8838744],[-4.8115875,37.8838721],[-4.8113671,37.8838065],[-4.8113327,37.8837929],[-4.8113172,37.8837685],[-4.8112725,37.8835946],[-4.8112828,37.8835728],[-4.8113103,37.8835579],[-4.8113447,37.8835552],[-4.8113568,37.8835416],[-4.8113568,37.8835212],[-4.8109747,37.8827944],[-4.8109661,37.882755],[-4.8109885,37.8827156],[-4.8110298,37.8826952],[-4.8110762,37.8826857],[-4.8111175,37.882698],[-4.8111589,37.8827211],[-4.8111757,37.8827616],[-4.8112891,37.8832445],[-4.8113174,37.8832885],[-4.8113475,37.8833053],[-4.8115227,37.8833569],[-4.8115512,37.8833658],[-4.811573,37.8833824],[-4.8116538,37.8834557],[-4.8116673,37.8834746],[-4.811666,37.8834954],[-4.8116029,37.8836371],[-4.8115986,37.8836618],[-4.8116123,37.8836856],[-4.8116948,37.8837613],[-4.8117082,37.8837805],[-4.8117045,37.8838011]]]}},{"type":"Feature","properties":{"osm":548112051},"geometry":{"type":"Polygon","coordinates":[[[-4.8123365,37.8840681],[-4.8116678,37.8841662],[-4.8116542,37.8841052],[-4.8123219,37.8840038],[-4.8123365,37.8840681]]]}},{"type":"Feature","properties":{"osm":548112052},"geometry":{"type":"Polygon","coordinates":[[[-4.8123125,37.883979],[-4.8116458,37.8840788],[-4.811627,37.8840038],[-4.811627,37.8839864],[-4.8116385,37.8839592],[-4.8117221,37.8838594],[-4.811744,37.8838421],[-4.8117754,37.883833],[-4.8119739,37.8838256],[-4.8120293,37.8838186],[-4.8120565,37.8837893],[-4.8121139,37.883659],[-4.8121244,37.8836442],[-4.8121526,37.8836409],[-4.8122352,37.8836384],[-4.812254,37.8836433],[-4.8122744,37.883664],[-4.8123092,37.8837293],[-4.812335,37.8838396],[-4.8123036,37.8839452],[-4.8123125,37.883979]]]}},{"type":"Feature","properties":{"osm":548112054},"geometry":{"type":"Polygon","coordinates":[[[-4.811585,37.8840862],[-4.8115588,37.8839741],[-4.8115432,37.8839502],[-4.8115076,37.883932],[-4.8113384,37.8838867],[-4.811307,37.8838759],[-4.811283,37.8838561],[-4.8113258,37.8840318],[-4.8113467,37.884064],[-4.811377,37.8840871],[-4.8114178,37.8841011],[-4.8114617,37.884106],[-4.811585,37.8840862]]]}},{"type":"Feature","properties":{"osm":548112055},"geometry":{"type":"Polygon","coordinates":[[[-4.8110594,37.8840565],[-4.811005,37.8840656],[-4.8109632,37.88389],[-4.8109664,37.8838306],[-4.8110019,37.8837836],[-4.811051,37.883758],[-4.8111085,37.8837522],[-4.8111701,37.8837679],[-4.811213,37.8837943],[-4.8112391,37.8838388],[-4.811283,37.8840285],[-4.8112976,37.884064],[-4.8113269,37.8840953],[-4.8113708,37.8841233],[-4.8114481,37.8841365],[-4.8112631,37.8841605],[-4.8112572,37.8841376],[-4.8112457,37.8840932],[-4.8112245,37.8840109],[-4.8112203,37.8839947],[-4.8112046,37.8839617],[-4.8111764,37.8839411],[-4.8111334,37.8839326],[-4.8111262,37.8839312],[-4.811075,37.8839493],[-4.8110702,37.8839546],[-4.811051,37.8839757],[-4.8110491,37.8839939],[-4.8110479,37.8840046],[-4.8110594,37.8840565]]]}},{"type":"Feature","properties":{"osm":548112057},"geometry":{"type":"Polygon","coordinates":[[[-4.8108159,37.8835416],[-4.8107183,37.8835566],[-4.8106629,37.8833357],[-4.810762,37.8833208],[-4.8108159,37.8835416]]]}},{"type":"Feature","properties":{"osm":548112058},"geometry":{"type":"Polygon","coordinates":[[[-4.8107037,37.8832587],[-4.8106002,37.8832725],[-4.8105492,37.8830505],[-4.8105448,37.8829975],[-4.8105682,37.8829665],[-4.8106206,37.8829354],[-4.8108757,37.8828986],[-4.8109194,37.8828848],[-4.8109442,37.8828538],[-4.8109602,37.8829308],[-4.8109442,37.8829607],[-4.8109063,37.882978],[-4.810746,37.8830033],[-4.8106964,37.8830183],[-4.8106673,37.8830493],[-4.8106644,37.8830953],[-4.8107037,37.8832587]]]}},{"type":"Feature","properties":{"osm":548112059},"geometry":{"type":"Polygon","coordinates":[[[-4.8105013,37.8827406],[-4.810534,37.8827819],[-4.8105846,37.8828111],[-4.81065,37.882817],[-4.810708,37.8827916],[-4.81074,37.8827468],[-4.81074,37.8827049],[-4.8107191,37.882667],[-4.8106857,37.8826416],[-4.8106475,37.8826261],[-4.8106018,37.882627],[-4.8105932,37.882589],[-4.8106808,37.8825744],[-4.8107117,37.8825754],[-4.810745,37.8825988],[-4.8107857,37.8827653],[-4.8107684,37.882815],[-4.81074,37.8828491],[-4.8106796,37.8828773],[-4.8106055,37.8828832],[-4.8105463,37.8828676],[-4.8105019,37.8828316],[-4.8104821,37.8827955],[-4.8104735,37.8827449],[-4.8105013,37.8827406]]]}},{"type":"Feature","properties":{"osm":548112060},"geometry":{"type":"Polygon","coordinates":[[[-4.810311,37.882312],[-4.8098907,37.8823204],[-4.8098323,37.8823734],[-4.8098801,37.882423],[-4.8099252,37.8824705],[-4.810009,37.8825071],[-4.8101025,37.8825138],[-4.8101773,37.8824996],[-4.8102399,37.882466],[-4.8102933,37.8824013],[-4.810311,37.882312]]]}},{"type":"Feature","properties":{"osm":548112061},"geometry":{"type":"Polygon","coordinates":[[[-4.809866,37.8822896],[-4.8097306,37.8822875],[-4.8097191,37.8822938],[-4.8097943,37.8823469],[-4.809866,37.8822896]]]}},{"type":"Feature","properties":{"osm":548112065},"geometry":{"type":"Polygon","coordinates":[[[-4.8104562,37.8841583],[-4.8103477,37.8841854],[-4.8101963,37.8838322],[-4.8102307,37.8838404],[-4.8102858,37.8838227],[-4.8102978,37.8837928],[-4.8104562,37.8841583]]]}},{"type":"Feature","properties":{"osm":548112066},"geometry":{"type":"Polygon","coordinates":[[[-4.8102772,37.883748],[-4.8101102,37.8833704],[-4.8100224,37.883407],[-4.8101773,37.8837888],[-4.8101877,37.8837575],[-4.810241,37.8837371],[-4.8102772,37.883748]]]}},{"type":"Feature","properties":{"osm":548112067},"geometry":{"type":"Polygon","coordinates":[[[-4.8106128,37.8845074],[-4.8105009,37.8842506],[-4.8103822,37.8842805],[-4.8104906,37.8845373],[-4.8105199,37.8845318],[-4.8105302,37.8845115],[-4.810556,37.8845006],[-4.8105956,37.8845128],[-4.8106128,37.8845074]]]}},{"type":"Feature","properties":{"osm":548114550},"geometry":{"type":"Polygon","coordinates":[[[-4.8144818,37.883755],[-4.8126158,37.8840856],[-4.8110248,37.8845311],[-4.8102997,37.8829442],[-4.8102482,37.8828126],[-4.8102691,37.88271],[-4.8103718,37.8825038],[-4.8105239,37.8823587],[-4.8106375,37.8823046],[-4.8107223,37.8822886],[-4.8118091,37.8822553],[-4.8123973,37.8822157],[-4.812919,37.8821598],[-4.8130828,37.8821566],[-4.8132769,37.8821696],[-4.8141079,37.8822628],[-4.8141387,37.8824002],[-4.8141138,37.882414],[-4.8142754,37.8831067],[-4.8143278,37.8831006],[-4.814419,37.883479],[-4.8143657,37.883491],[-4.8144106,37.8836856],[-4.8144612,37.8836817],[-4.8144818,37.883755]]]}},{"type":"Feature","properties":{"osm":548114554},"geometry":{"type":"Polygon","coordinates":[[[-4.8112031,37.8827219],[-4.8111871,37.8826391],[-4.8111419,37.8825953],[-4.8110661,37.8825666],[-4.8110005,37.8825712],[-4.8109408,37.8826046],[-4.8109087,37.8826506],[-4.8109044,37.8826908],[-4.8109248,37.8827771],[-4.8109262,37.8827299],[-4.8109627,37.8826839],[-4.8110064,37.8826609],[-4.8110559,37.8826517],[-4.8111186,37.8826563],[-4.8111696,37.8826816],[-4.8112031,37.8827219]]]}},{"type":"Feature","properties":{"osm":548114555},"geometry":{"type":"Polygon","coordinates":[[[-4.8119636,37.8825187],[-4.8119453,37.8824256],[-4.8119361,37.8823857],[-4.8115316,37.8824354],[-4.8115214,37.8825237],[-4.8114849,37.8825445],[-4.8112897,37.882575],[-4.8112511,37.8825927],[-4.811245,37.882628],[-4.8113771,37.8831815],[-4.8114035,37.8832328],[-4.8114747,37.8832521],[-4.8120581,37.8831702],[-4.8121028,37.8831542],[-4.8121069,37.8831221],[-4.8120862,37.8830446],[-4.8114258,37.883144],[-4.8112992,37.8826195],[-4.8119636,37.8825187]]]}},{"type":"Feature","properties":{"osm":548114556},"geometry":{"type":"Polygon","coordinates":[[[-4.8126306,37.8824087],[-4.8127037,37.882402],[-4.8127504,37.8825897],[-4.8127748,37.8826346],[-4.8128256,37.8826923],[-4.8128622,37.8827357],[-4.8128968,37.8828576],[-4.8128795,37.8828913],[-4.8128323,37.8829079],[-4.8123561,37.8829763],[-4.8122992,37.8829988],[-4.8122809,37.883026],[-4.8122951,37.8830886],[-4.8122362,37.8830998],[-4.8121955,37.8830854],[-4.812163,37.8830613],[-4.8121467,37.8830341],[-4.8121296,37.8829455],[-4.8127393,37.8828584],[-4.8126306,37.8824087]]]}},{"type":"Feature","properties":{"osm":548114557},"geometry":{"type":"Polygon","coordinates":[[[-4.8123692,37.8830814],[-4.8123621,37.8830556],[-4.8123649,37.8830265],[-4.8123905,37.8830064],[-4.8126952,37.8829572],[-4.8126697,37.8829751],[-4.812664,37.8829963],[-4.8126697,37.8830198],[-4.8126428,37.8830377],[-4.8123692,37.8830814]]]}},{"type":"Feature","properties":{"osm":548114559},"geometry":{"type":"Polygon","coordinates":[[[-4.8136541,37.8823315],[-4.8136491,37.8823117],[-4.8136207,37.8822971],[-4.8135955,37.8822998],[-4.8129142,37.8824002],[-4.8128556,37.8824174],[-4.8128288,37.8824451],[-4.8128221,37.8824887],[-4.8128589,37.8826341],[-4.8129744,37.8827437],[-4.8129359,37.8825693],[-4.8129343,37.8825165],[-4.812961,37.8824742],[-4.8129996,37.8824385],[-4.8130598,37.8824187],[-4.8136541,37.8823315]]]}},{"type":"Feature","properties":{"osm":548114560},"geometry":{"type":"Polygon","coordinates":[[[-4.8119421,37.8834266],[-4.811774,37.8834524],[-4.8117433,37.8834564],[-4.8117217,37.8834432],[-4.8116665,37.883392],[-4.8116485,37.8833645],[-4.8116437,37.8833304],[-4.8116545,37.8833096],[-4.8116809,37.8832954],[-4.812083,37.8832338],[-4.812125,37.8832338],[-4.8121742,37.8832395],[-4.812251,37.8832651],[-4.8122858,37.8832821],[-4.8122882,37.8833067],[-4.8121958,37.8835142],[-4.8121754,37.8835294],[-4.8121154,37.8835455],[-4.8120914,37.8835464],[-4.812071,37.8835275],[-4.812023,37.8834413],[-4.8119798,37.8834223],[-4.8119421,37.8834266]]]}},{"type":"Feature","properties":{"osm":548114561},"geometry":{"type":"Polygon","coordinates":[[[-4.8132672,37.883602],[-4.8132316,37.88346],[-4.8130339,37.8835143],[-4.8130155,37.8835225],[-4.8130103,37.8835352],[-4.8130277,37.8836072],[-4.8130443,37.8836245],[-4.8130726,37.8836299],[-4.8132672,37.883602]]]}},{"type":"Feature","properties":{"osm":548114562},"geometry":{"type":"Polygon","coordinates":[[[-4.8126563,37.8838837],[-4.8125217,37.8838994],[-4.8124664,37.8838938],[-4.8124394,37.8838647],[-4.8123799,37.8837472],[-4.8123601,37.8836756],[-4.8123119,37.8834709],[-4.8123104,37.8834228],[-4.812326,37.8833713],[-4.8124068,37.8831844],[-4.8124238,37.8831565],[-4.8124621,37.8831419],[-4.8126407,37.8831106],[-4.8126762,37.8831117],[-4.8126946,37.8831274],[-4.8127116,37.8831811],[-4.8127059,37.8832035],[-4.8126719,37.8832214],[-4.8125599,37.8832505],[-4.8125259,37.8832706],[-4.8125117,37.8832974],[-4.8125231,37.8834418],[-4.8125415,37.8834765],[-4.8125883,37.8834966],[-4.8128378,37.8834843],[-4.8128732,37.8834899],[-4.8128973,37.8835179],[-4.8129242,37.883623],[-4.8129129,37.8836499],[-4.8128718,37.8836644],[-4.8127584,37.8836801],[-4.8127144,37.8837025],[-4.8127045,37.8837327],[-4.8126989,37.8837651],[-4.8127144,37.8838233],[-4.8127045,37.8838613],[-4.8126563,37.8838837]]]}},{"type":"Feature","properties":{"osm":548114563},"geometry":{"type":"Polygon","coordinates":[[[-4.8142734,37.8834801],[-4.8143117,37.8836289],[-4.8136397,37.8837296],[-4.8136326,37.8836882],[-4.8140877,37.8836211],[-4.8141245,37.8836155],[-4.8141883,37.8835864],[-4.8142266,37.8835472],[-4.8142493,37.8834991],[-4.8142479,37.8834823],[-4.8142734,37.8834801]]]}},{"type":"Feature","properties":{"osm":548119333},"geometry":{"type":"Polygon","coordinates":[[[-4.8108418,37.8858239],[-4.8106976,37.8862967],[-4.810065,37.8861781],[-4.8100083,37.8861446],[-4.8099686,37.8861087],[-4.8099456,37.8860666],[-4.8099487,37.8860281],[-4.8099714,37.8858984],[-4.8100281,37.8858312],[-4.8101174,37.8857966],[-4.810863,37.8855952],[-4.810975,37.8855627],[-4.8110816,37.8855743],[-4.8108418,37.8858239]]]}},{"type":"Feature","properties":{"osm":548378324},"geometry":{"type":"Polygon","coordinates":[[[-4.8134472,37.8801698],[-4.8129478,37.8802558],[-4.8130797,37.8801286],[-4.8131807,37.8801145],[-4.8134472,37.8801698]]]}},{"type":"Feature","properties":{"osm":548378325},"geometry":{"type":"Polygon","coordinates":[[[-4.8129185,37.880234],[-4.812854,37.8799946],[-4.8129739,37.8800296],[-4.8129966,37.8801582],[-4.8129185,37.880234]]]}},{"type":"Feature","properties":{"osm":548378326},"geometry":{"type":"Polygon","coordinates":[[[-4.8131285,37.8800104],[-4.813223,37.879932],[-4.8132279,37.8798356],[-4.8130732,37.879806],[-4.8130504,37.8798227],[-4.8130846,37.8799795],[-4.8131285,37.8800104]]]}},{"type":"Feature","properties":{"osm":548378327},"geometry":{"type":"Polygon","coordinates":[[[-4.8128408,37.8799469],[-4.8127701,37.8796938],[-4.8129592,37.879788],[-4.8130064,37.8799127],[-4.8129478,37.8799397],[-4.8128408,37.8799469]]]}},{"type":"Feature","properties":{"osm":548378328},"geometry":{"type":"Polygon","coordinates":[[[-4.8134738,37.8801492],[-4.8134115,37.8799056],[-4.813337,37.879941],[-4.8133158,37.8800142],[-4.8133467,37.8800733],[-4.8134738,37.8801492]]]}},{"type":"Feature","properties":{"osm":548378329},"geometry":{"type":"Polygon","coordinates":[[[-4.813403,37.8798744],[-4.8133152,37.8795565],[-4.8130506,37.8796073],[-4.8132148,37.8797494],[-4.8132751,37.8797739],[-4.813403,37.8798744]]]}},{"type":"Feature","properties":{"osm":548378330},"geometry":{"type":"Polygon","coordinates":[[[-4.812992,37.8796178],[-4.8127868,37.8796575],[-4.8129429,37.879725],[-4.8130097,37.8797058],[-4.812992,37.8796178]]]}},{"type":"Feature","properties":{"osm":548380553},"geometry":{"type":"Polygon","coordinates":[[[-4.8135979,37.8808767],[-4.8131344,37.8809497],[-4.8132784,37.8808196],[-4.8133784,37.8807771],[-4.81344,37.8807847],[-4.8135979,37.8808767]]]}},{"type":"Feature","properties":{"osm":548380554},"geometry":{"type":"Polygon","coordinates":[[[-4.8134738,37.8801492],[-4.8134664,37.8801516],[-4.8134472,37.8801698],[-4.8129478,37.8802558],[-4.8129277,37.8802421],[-4.8129185,37.880234],[-4.812854,37.8799946],[-4.8128475,37.8799727],[-4.8128408,37.8799469],[-4.8127701,37.8796938],[-4.8127796,37.8796746],[-4.8127868,37.8796575],[-4.812992,37.8796178],[-4.8130228,37.8796126],[-4.8130506,37.8796073],[-4.8133152,37.8795565],[-4.813403,37.8798744],[-4.813407,37.8798895],[-4.8134115,37.8799056],[-4.8134738,37.8801492]]]}},{"type":"Feature","properties":{"osm":548380555},"geometry":{"type":"Polygon","coordinates":[[[-4.8136471,37.880869],[-4.8135877,37.8806211],[-4.8135621,37.8805144],[-4.8135022,37.8802649],[-4.8129308,37.8803707],[-4.813004,37.880637],[-4.8130919,37.8809564],[-4.8131344,37.8809497],[-4.8135979,37.8808767],[-4.8136471,37.880869]]]}},{"type":"Feature","properties":{"osm":548380556},"geometry":{"type":"Polygon","coordinates":[[[-4.8130919,37.8809564],[-4.8132305,37.8807989],[-4.8132015,37.8806106],[-4.813004,37.880637],[-4.8130919,37.8809564]]]}},{"type":"Feature","properties":{"osm":548380557},"geometry":{"type":"Polygon","coordinates":[[[-4.8136471,37.880869],[-4.8134718,37.8807401],[-4.8135877,37.8806211],[-4.8136471,37.880869]]]}},{"type":"Feature","properties":{"osm":548380558},"geometry":{"type":"Polygon","coordinates":[[[-4.813458,37.880689],[-4.8133904,37.880739],[-4.8133284,37.8807467],[-4.8132787,37.8807129],[-4.8132622,37.8806204],[-4.8132801,37.8805987],[-4.8133436,37.8805943],[-4.8134084,37.8806302],[-4.813447,37.880664],[-4.813458,37.880689]]]}},{"type":"Feature","properties":{"osm":548380559},"geometry":{"type":"Polygon","coordinates":[[[-4.8135022,37.8802649],[-4.8134235,37.8803919],[-4.8134277,37.8804724],[-4.8134663,37.8805257],[-4.8135621,37.8805144],[-4.8135022,37.8802649]]]}},{"type":"Feature","properties":{"osm":548381009},"geometry":{"type":"Polygon","coordinates":[[[-4.8137813,37.8815493],[-4.8132277,37.8816213],[-4.8131658,37.8815879],[-4.8131658,37.8810365],[-4.8136722,37.8809491],[-4.8137813,37.8815493]]]}},{"type":"Feature","properties":{"osm":548381010},"geometry":{"type":"Polygon","coordinates":[[[-4.8134589,37.8815223],[-4.8134312,37.8813591],[-4.8133806,37.8813232],[-4.8132342,37.8813373],[-4.8132244,37.8815519],[-4.8134589,37.8815223]]]}},{"type":"Feature","properties":{"osm":548381011},"geometry":{"type":"Polygon","coordinates":[[[-4.8135094,37.8815198],[-4.8134947,37.8813578],[-4.8135647,37.8812781],[-4.813669,37.881264],[-4.8137162,37.8814928],[-4.8135094,37.8815198]]]}},{"type":"Feature","properties":{"osm":548381012},"geometry":{"type":"Polygon","coordinates":[[[-4.8133693,37.8812666],[-4.8132326,37.8812846],[-4.8132277,37.8810776],[-4.8134035,37.8810532],[-4.8134214,37.8811766],[-4.8133693,37.8812666]]]}},{"type":"Feature","properties":{"osm":548381014},"geometry":{"type":"Polygon","coordinates":[[[-4.8136624,37.8812152],[-4.8136266,37.8810262],[-4.8134491,37.8810506],[-4.8134687,37.8811689],[-4.8135322,37.8812306],[-4.8136624,37.8812152]]]}},{"type":"Feature","properties":{"osm":548388176},"geometry":{"type":"Polygon","coordinates":[[[-4.786777,37.8791361],[-4.786704,37.8791254],[-4.7865942,37.879084],[-4.786541,37.8790572],[-4.7864645,37.8789901],[-4.7863447,37.8788496],[-4.7863105,37.8788028],[-4.7863349,37.878801],[-4.7864689,37.8788031],[-4.7868088,37.8788181],[-4.786777,37.8791361]]]}},{"type":"Feature","properties":{"osm":548388177},"geometry":{"type":"Polygon","coordinates":[[[-4.7867554,37.8793534],[-4.7865603,37.8795043],[-4.7862363,37.8794875],[-4.7862881,37.879444],[-4.7864519,37.879324],[-4.786604,37.8792317],[-4.7867118,37.8791859],[-4.7867737,37.879169],[-4.7867554,37.8793534]]]}},{"type":"Feature","properties":{"osm":548388178},"geometry":{"type":"Polygon","coordinates":[[[-4.7866938,37.8791562],[-4.7865969,37.8791999],[-4.7864832,37.8792639],[-4.786327,37.8793654],[-4.7862157,37.8794543],[-4.7862745,37.8788174],[-4.786332,37.8788925],[-4.786412,37.8789893],[-4.7864881,37.8790626],[-4.7866028,37.879127],[-4.7866938,37.8791562]]]}},{"type":"Feature","properties":{"osm":548389471},"geometry":{"type":"Polygon","coordinates":[[[-4.7883379,37.8756016],[-4.7882398,37.8755997],[-4.7877411,37.8755732],[-4.787642,37.8755628],[-4.7876468,37.8754979],[-4.7882561,37.8755344],[-4.7882922,37.875538],[-4.7883188,37.8755544],[-4.7883363,37.8755816],[-4.7883379,37.8756016]]]}},{"type":"Feature","properties":{"osm":548389472},"geometry":{"type":"Polygon","coordinates":[[[-4.7883063,37.8760028],[-4.7882964,37.8761123],[-4.7880484,37.8761093],[-4.7880379,37.8761403],[-4.7879353,37.876134],[-4.7879473,37.8759831],[-4.7878801,37.87598],[-4.7878903,37.8758603],[-4.7883166,37.875883],[-4.7883063,37.8760028]]]}},{"type":"Feature","properties":{"osm":548389473},"geometry":{"type":"Polygon","coordinates":[[[-4.7883187,37.8758594],[-4.7878972,37.8758335],[-4.7879116,37.875654],[-4.7879159,37.8756464],[-4.7879264,37.8756432],[-4.7879844,37.8756477],[-4.787993,37.87565],[-4.7879993,37.8756567],[-4.7879953,37.8757159],[-4.7880004,37.875726],[-4.7880098,37.8757311],[-4.7882029,37.8757451],[-4.7882143,37.8757431],[-4.7882196,37.8757361],[-4.7882236,37.8756755],[-4.7882285,37.8756697],[-4.7882404,37.8756667],[-4.7883353,37.8756746],[-4.7883187,37.8758594]]]}},{"type":"Feature","properties":{"osm":548389474},"geometry":{"type":"Polygon","coordinates":[[[-4.7878483,37.8758355],[-4.7878556,37.8757922],[-4.787852,37.8757844],[-4.7878436,37.8757811],[-4.7877421,37.8757783],[-4.7877308,37.8757746],[-4.787726,37.8757649],[-4.7877438,37.8756421],[-4.7877396,37.8756334],[-4.7877267,37.8756291],[-4.7876158,37.8756241],[-4.7875922,37.8758253],[-4.7878483,37.8758355]]]}},{"type":"Feature","properties":{"osm":548390401},"geometry":{"type":"Polygon","coordinates":[[[-4.786602,37.8755704],[-4.7867511,37.8755798],[-4.7871026,37.8756068],[-4.787128,37.8756378],[-4.7871405,37.8756531],[-4.7870705,37.8763206],[-4.7870477,37.8765634],[-4.7869889,37.8772211],[-4.7869742,37.8773405],[-4.7865825,37.8774223],[-4.7864085,37.8774586],[-4.7864613,37.8769422],[-4.7864945,37.8766192],[-4.7865531,37.8765911],[-4.7865639,37.8764994],[-4.7865106,37.8764627],[-4.7865706,37.8758784],[-4.786602,37.8755704]]]}},{"type":"Feature","properties":{"osm":548518347},"geometry":{"type":"Polygon","coordinates":[[[-4.7899433,37.8773928],[-4.7897414,37.8770604],[-4.7893078,37.8772245],[-4.7895096,37.8775569],[-4.7899433,37.8773928]]]}},{"type":"Feature","properties":{"osm":548519786},"geometry":{"type":"Polygon","coordinates":[[[-4.7890221,37.8759102],[-4.7885459,37.8758777],[-4.7885623,37.8756906],[-4.7886129,37.8756938],[-4.7886193,37.8756969],[-4.7886216,37.8757028],[-4.7886104,37.8757951],[-4.7886136,37.8758018],[-4.7886206,37.8758057],[-4.788767,37.8758144],[-4.7887753,37.8758116],[-4.7887795,37.8758065],[-4.7887879,37.8757123],[-4.7887911,37.8757082],[-4.7887978,37.8757055],[-4.7888985,37.8757118],[-4.7890221,37.8759102]]]}},{"type":"Feature","properties":{"osm":548523179},"geometry":{"type":"Polygon","coordinates":[[[-4.768303,37.8785061],[-4.7682755,37.8787183],[-4.7682355,37.8790241],[-4.7680999,37.8788112],[-4.7681247,37.8784908],[-4.7681816,37.8784956],[-4.7681475,37.8787746],[-4.7681938,37.8787786],[-4.7682258,37.8787813],[-4.7682613,37.8785028],[-4.768303,37.8785061]]]}},{"type":"Feature","properties":{"osm":548523180},"geometry":{"type":"Polygon","coordinates":[[[-4.7680704,37.8787649],[-4.767969,37.8786055],[-4.7679821,37.8782258],[-4.7680387,37.8782281],[-4.7680161,37.8784818],[-4.7680952,37.8784884],[-4.7680704,37.8787649]]]}},{"type":"Feature","properties":{"osm":548523181},"geometry":{"type":"Polygon","coordinates":[[[-4.767937,37.8785553],[-4.7679522,37.8782225],[-4.7678729,37.8782153],[-4.7678834,37.8779688],[-4.7677238,37.877953],[-4.7678111,37.8783576],[-4.767937,37.8785553]]]}},{"type":"Feature","properties":{"osm":548527498},"geometry":{"type":"Polygon","coordinates":[[[-4.7690236,37.8805723],[-4.7688148,37.880584],[-4.7688021,37.8805631],[-4.7687833,37.8805439],[-4.7687619,37.8805266],[-4.7689017,37.8804235],[-4.7690236,37.8805723]]]}},{"type":"Feature","properties":{"osm":548527499},"geometry":{"type":"Polygon","coordinates":[[[-4.7687376,37.8805136],[-4.7686958,37.8804974],[-4.7686455,37.8804896],[-4.7686417,37.8804896],[-4.7685966,37.8804896],[-4.7682094,37.8792102],[-4.769064,37.8802663],[-4.7687376,37.8805136]]]}},{"type":"Feature","properties":{"osm":548527500},"geometry":{"type":"Polygon","coordinates":[[[-4.7685669,37.8804977],[-4.7685321,37.8805086],[-4.7685009,37.8805257],[-4.7684027,37.8804736],[-4.7679247,37.8788584],[-4.7681616,37.8791512],[-4.7685669,37.8804977]]]}},{"type":"Feature","properties":{"osm":548527718},"geometry":{"type":"Polygon","coordinates":[[[-4.7684374,37.8805925],[-4.7684606,37.8805563],[-4.7684777,37.8805408],[-4.7684114,37.8805036],[-4.7684374,37.8805925]]]}},{"type":"Feature","properties":{"osm":548527719},"geometry":{"type":"Polygon","coordinates":[[[-4.7688295,37.8806118],[-4.7693154,37.8805769],[-4.7693398,37.880669],[-4.7693272,37.8806716],[-4.7693417,37.8807348],[-4.7687936,37.8807181],[-4.7687334,37.8807163],[-4.7687387,37.8806638],[-4.7688123,37.8806685],[-4.7688326,37.8806698],[-4.7688367,37.8806369],[-4.7688295,37.8806118]]]}},{"type":"Feature","properties":{"osm":549330520},"geometry":{"type":"Polygon","coordinates":[[[-4.7555729,37.8931793],[-4.7553977,37.8929315],[-4.7551626,37.8930316],[-4.7553368,37.8932821],[-4.7555729,37.8931793]]]}},{"type":"Feature","properties":{"osm":549330524},"geometry":{"type":"Polygon","coordinates":[[[-4.7537454,37.8939867],[-4.7540115,37.8938724],[-4.7540246,37.8938496],[-4.7540212,37.893818],[-4.7538598,37.8935884],[-4.7538185,37.8935656],[-4.7537771,37.8935754],[-4.75354,37.8936744],[-4.7535055,37.893707],[-4.7535096,37.8937462],[-4.7536599,37.8939703],[-4.7536999,37.8939905],[-4.7537454,37.8939867]]]}},{"type":"Feature","properties":{"osm":550216139},"geometry":{"type":"Polygon","coordinates":[[[-4.7592468,37.8961278],[-4.7592273,37.8962184],[-4.7592248,37.8962302],[-4.7591475,37.8962209],[-4.7591499,37.8962082],[-4.759167,37.8961185],[-4.7592468,37.8961278]]]}},{"type":"Feature","properties":{"osm":550937322},"geometry":{"type":"Polygon","coordinates":[[[-4.7761563,37.8946914],[-4.7761554,37.8945383],[-4.7748823,37.8950798],[-4.774901,37.8951103],[-4.7745577,37.8952625],[-4.7748214,37.8952748],[-4.7753777,37.8950318],[-4.7753413,37.8949843],[-4.7755031,37.8949114],[-4.7755422,37.894957],[-4.7761563,37.8946914]]]}},{"type":"Feature","properties":{"osm":550937502},"geometry":{"type":"Polygon","coordinates":[[[-4.7777307,37.8940257],[-4.7777916,37.8938989],[-4.7777753,37.8938375],[-4.7764764,37.8943993],[-4.7765675,37.8945278],[-4.7777307,37.8940257]]]}},{"type":"Feature","properties":{"osm":550937668},"geometry":{"type":"Polygon","coordinates":[[[-4.7779523,37.8937857],[-4.7782489,37.893828],[-4.7791948,37.893405],[-4.7795325,37.8931415],[-4.7795015,37.8931005],[-4.7779523,37.8937857]]]}},{"type":"Feature","properties":{"osm":550937897},"geometry":{"type":"Polygon","coordinates":[[[-4.7803598,37.8928841],[-4.7799888,37.8929575],[-4.7793621,37.8933029],[-4.7793534,37.8933163],[-4.7793632,37.893327],[-4.7803598,37.8928841]]]}},{"type":"Feature","properties":{"osm":550938223},"geometry":{"type":"Polygon","coordinates":[[[-4.7736211,37.8959689],[-4.7735969,37.895957],[-4.7741218,37.8956478],[-4.7741205,37.8957151],[-4.7741087,37.8957651],[-4.7736211,37.8959689]]]}},{"type":"Feature","properties":{"osm":550938332},"geometry":{"type":"Polygon","coordinates":[[[-4.7808045,37.8926542],[-4.7811017,37.8925224],[-4.7807104,37.8920217],[-4.7805239,37.8922307],[-4.7808045,37.8926542]]]}},{"type":"Feature","properties":{"osm":552130862},"geometry":{"type":"Polygon","coordinates":[[[-4.7976313,37.8670765],[-4.7976171,37.8670689],[-4.7970601,37.86677],[-4.7969963,37.8667113],[-4.7969397,37.8666275],[-4.7969043,37.8665353],[-4.7969043,37.8664599],[-4.7969058,37.8663419],[-4.7978042,37.8668862],[-4.7977431,37.866954],[-4.7976313,37.8670765]]]}},{"type":"Feature","properties":{"osm":552130863},"geometry":{"type":"Polygon","coordinates":[[[-4.7978042,37.8668862],[-4.7985395,37.8672954],[-4.7989849,37.8677803],[-4.7988702,37.8677158],[-4.7987382,37.8676452],[-4.7986545,37.8675947],[-4.7984062,37.8674566],[-4.798424,37.8674308],[-4.7981928,37.867293],[-4.7979405,37.8671518],[-4.7979026,37.8671918],[-4.7978707,37.8671731],[-4.7979568,37.8670612],[-4.7977431,37.866954],[-4.7978042,37.8668862]]]}},{"type":"Feature","properties":{"osm":553024356},"geometry":{"type":"Polygon","coordinates":[[[-4.799808,37.8774557],[-4.7991605,37.877706],[-4.7991139,37.8776309],[-4.7990444,37.877519],[-4.7989585,37.8773806],[-4.7992603,37.8772639],[-4.7997226,37.8770851],[-4.7998052,37.8772182],[-4.7996683,37.8772711],[-4.7997392,37.8773853],[-4.7997597,37.8774183],[-4.7997799,37.8774105],[-4.799808,37.8774557]]]}},{"type":"Feature","properties":{"osm":553028341},"geometry":{"type":"Polygon","coordinates":[[[-4.800033,37.8773615],[-4.7999921,37.8773773],[-4.7997914,37.8770535],[-4.7998324,37.8770377],[-4.800033,37.8773615]]]}},{"type":"Feature","properties":{"osm":553064898},"geometry":{"type":"Polygon","coordinates":[[[-4.7802657,37.8913825],[-4.7801669,37.8914148],[-4.7800205,37.8911325],[-4.7801113,37.8911074],[-4.7802657,37.8913825]]]}},{"type":"Feature","properties":{"osm":553064899},"geometry":{"type":"Polygon","coordinates":[[[-4.78005,37.8909766],[-4.7799478,37.8910025],[-4.7798229,37.8906638],[-4.7799228,37.8906378],[-4.78005,37.8909766]]]}},{"type":"Feature","properties":{"osm":553064900},"geometry":{"type":"Polygon","coordinates":[[[-4.77991,37.8906077],[-4.7798388,37.8906259],[-4.7797821,37.8904567],[-4.7798446,37.8904408],[-4.77991,37.8906077]]]}},{"type":"Feature","properties":{"osm":553064901},"geometry":{"type":"Polygon","coordinates":[[[-4.7798225,37.8903854],[-4.7797369,37.8904074],[-4.7796485,37.890157],[-4.7796686,37.8901016],[-4.779709,37.8900925],[-4.7798225,37.8903854]]]}},{"type":"Feature","properties":{"osm":553064902},"geometry":{"type":"Polygon","coordinates":[[[-4.779684,37.8900348],[-4.7796494,37.8900439],[-4.7795979,37.8900037],[-4.7795754,37.8899331],[-4.7795791,37.8899113],[-4.7795869,37.889897],[-4.7796054,37.889884],[-4.7796215,37.8898769],[-4.779684,37.8900348]]]}},{"type":"Feature","properties":{"osm":553124327},"geometry":{"type":"Polygon","coordinates":[[[-4.7747754,37.895293],[-4.7745353,37.8953118],[-4.7744069,37.8953597],[-4.774394,37.8953403],[-4.7743714,37.8953434],[-4.7743411,37.8953861],[-4.7743333,37.8954167],[-4.7743966,37.8954615],[-4.7747754,37.895293]]]}},{"type":"Feature","properties":{"osm":553837212},"geometry":{"type":"Polygon","coordinates":[[[-4.7696281,37.8928647],[-4.7695209,37.8929433],[-4.769418,37.8928594],[-4.7695243,37.8927768],[-4.7696281,37.8928647]]]}},{"type":"Feature","properties":{"osm":553837214},"geometry":{"type":"Polygon","coordinates":[[[-4.7692781,37.8928128],[-4.7692613,37.8928245],[-4.7689212,37.8925405],[-4.768852,37.8924984],[-4.7686998,37.8924477],[-4.7686256,37.8924086],[-4.7685446,37.8923431],[-4.7685297,37.8923096],[-4.7685317,37.8922877],[-4.7685525,37.892283],[-4.7685673,37.8922908],[-4.768677,37.8923828],[-4.7687215,37.8923497],[-4.7687536,37.8923626],[-4.7687724,37.8923661],[-4.7688273,37.8923681],[-4.7688293,37.8923899],[-4.7688629,37.8924282],[-4.7689192,37.8924711],[-4.7691486,37.892663],[-4.7692652,37.8927894],[-4.7692781,37.8928128]]]}},{"type":"Feature","properties":{"osm":553837216},"geometry":{"type":"Polygon","coordinates":[[[-4.7692803,37.892473],[-4.7694536,37.8926183],[-4.7694871,37.8925278],[-4.7692803,37.892473]]]}},{"type":"Feature","properties":{"osm":553837217},"geometry":{"type":"Polygon","coordinates":[[[-4.7696569,37.8926129],[-4.7696193,37.892633],[-4.7696094,37.8926229],[-4.7695895,37.8926744],[-4.7696628,37.8927535],[-4.7697434,37.8927101],[-4.7696569,37.8926129]]]}},{"type":"Feature","properties":{"osm":553837218},"geometry":{"type":"Polygon","coordinates":[[[-4.769575,37.8926675],[-4.769478,37.8926158],[-4.7695049,37.8925316],[-4.7695484,37.8925427],[-4.7695423,37.892546],[-4.7695969,37.8926102],[-4.769575,37.8926675]]]}},{"type":"Feature","properties":{"osm":553837219},"geometry":{"type":"Polygon","coordinates":[[[-4.7698549,37.8926501],[-4.7697681,37.8926968],[-4.7696828,37.8925945],[-4.7697221,37.8925727],[-4.7696914,37.8925347],[-4.7697401,37.8925105],[-4.7698549,37.8926501]]]}},{"type":"Feature","properties":{"osm":553837220},"geometry":{"type":"Polygon","coordinates":[[[-4.7697296,37.8924978],[-4.7696814,37.8925202],[-4.7696534,37.8924852],[-4.7695704,37.8925277],[-4.7694047,37.8924842],[-4.7693905,37.8924648],[-4.7696066,37.8923482],[-4.7697296,37.8924978]]]}},{"type":"Feature","properties":{"osm":553839968},"geometry":{"type":"Polygon","coordinates":[[[-4.769337,37.8924577],[-4.7691427,37.8924089],[-4.7690083,37.8922872],[-4.7692423,37.8923516],[-4.769337,37.8924577]]]}},{"type":"Feature","properties":{"osm":553840349},"geometry":{"type":"Polygon","coordinates":[[[-4.7692143,37.8923179],[-4.7690052,37.8922632],[-4.7690634,37.8921361],[-4.7692143,37.8923179]]]}},{"type":"Feature","properties":{"osm":553840350},"geometry":{"type":"Polygon","coordinates":[[[-4.7688695,37.892231],[-4.7689811,37.8922599],[-4.7690328,37.8921311],[-4.7688575,37.8920866],[-4.7689517,37.8921728],[-4.7688695,37.892231]]]}},{"type":"Feature","properties":{"osm":553840351},"geometry":{"type":"Polygon","coordinates":[[[-4.7688764,37.8920685],[-4.7688481,37.8920457],[-4.768899,37.891938],[-4.7690392,37.8921069],[-4.7688764,37.8920685]]]}},{"type":"Feature","properties":{"osm":553840352},"geometry":{"type":"Polygon","coordinates":[[[-4.7688175,37.8920488],[-4.7686909,37.8919411],[-4.7686621,37.89196],[-4.7686873,37.8919003],[-4.7688613,37.8919453],[-4.7688175,37.8920488]]]}},{"type":"Feature","properties":{"osm":553840353},"geometry":{"type":"Polygon","coordinates":[[[-4.7686956,37.8918824],[-4.7687184,37.8918208],[-4.7687705,37.8917833],[-4.7688879,37.8919247],[-4.7686956,37.8918824]]]}},{"type":"Feature","properties":{"osm":553840905},"geometry":{"type":"Polygon","coordinates":[[[-4.7687371,37.8917419],[-4.7687126,37.8917676],[-4.7686858,37.8917425],[-4.7686205,37.891716],[-4.7685376,37.8916956],[-4.7684363,37.8916969],[-4.7683454,37.8917161],[-4.7682313,37.8917531],[-4.7682146,37.8917324],[-4.7684361,37.8916289],[-4.7686008,37.8915726],[-4.7687371,37.8917419]]]}},{"type":"Feature","properties":{"osm":553840906},"geometry":{"type":"Polygon","coordinates":[[[-4.7681163,37.8919324],[-4.767964,37.8918553],[-4.7681561,37.8917609],[-4.7681787,37.8917875],[-4.7681163,37.8919324]]]}},{"type":"Feature","properties":{"osm":553840907},"geometry":{"type":"Polygon","coordinates":[[[-4.7681235,37.8923076],[-4.7681936,37.8921881],[-4.7681476,37.8921269],[-4.768114,37.8920509],[-4.7681084,37.8919636],[-4.7679317,37.8918875],[-4.7678944,37.8919067],[-4.7681022,37.8922041],[-4.7680921,37.8922974],[-4.7681235,37.8923076]]]}},{"type":"Feature","properties":{"osm":553840973},"geometry":{"type":"Polygon","coordinates":[[[-4.7684987,37.8922338],[-4.7684108,37.8921585],[-4.7683664,37.8921929],[-4.7683592,37.8922036],[-4.7683645,37.8922161],[-4.7683763,37.8922222],[-4.7684987,37.8922338]]]}},{"type":"Feature","properties":{"osm":555431772},"geometry":{"type":"Polygon","coordinates":[[[-4.7804661,37.8921421],[-4.7806134,37.8919763],[-4.7805645,37.8919762],[-4.7805177,37.8919906],[-4.7804778,37.8920192],[-4.780451,37.8920628],[-4.780451,37.892109],[-4.7804661,37.8921421]]]}},{"type":"Feature","properties":{"osm":555468920},"geometry":{"type":"Polygon","coordinates":[[[-4.7733095,37.8929143],[-4.7731995,37.8929778],[-4.7732197,37.8928333],[-4.7732304,37.892827],[-4.7733095,37.8929143]]]}},{"type":"Feature","properties":{"osm":555468921},"geometry":{"type":"Polygon","coordinates":[[[-4.7731318,37.8930831],[-4.7730755,37.8930323],[-4.7731492,37.8929889],[-4.7731318,37.8930831]]]}},{"type":"Feature","properties":{"osm":555468922},"geometry":{"type":"Polygon","coordinates":[[[-4.7731848,37.8927751],[-4.773106,37.8928191],[-4.7731224,37.8927058],[-4.7731848,37.8927751]]]}},{"type":"Feature","properties":{"osm":555468923},"geometry":{"type":"Polygon","coordinates":[[[-4.7730277,37.8929905],[-4.7729005,37.8928789],[-4.7730742,37.8927253],[-4.7730277,37.8929905]]]}},{"type":"Feature","properties":{"osm":555647118},"geometry":{"type":"Polygon","coordinates":[[[-4.7736116,37.8930271],[-4.7735553,37.8933165],[-4.7735766,37.8933554],[-4.7736295,37.8933755],[-4.7742073,37.8934346],[-4.7742943,37.8931139],[-4.7736116,37.8930271]]]}},{"type":"Feature","properties":{"osm":555647119},"geometry":{"type":"Polygon","coordinates":[[[-4.7748905,37.8931957],[-4.7743336,37.8931247],[-4.7742425,37.8934389],[-4.7749815,37.8934647],[-4.7749853,37.8933161],[-4.7749918,37.8931668],[-4.774897,37.8931578],[-4.7748905,37.8931957]]]}},{"type":"Feature","properties":{"osm":555651067},"geometry":{"type":"Polygon","coordinates":[[[-4.7792884,37.8897684],[-4.7792138,37.8895592],[-4.7791346,37.8895768],[-4.7792092,37.889786],[-4.7792884,37.8897684]]]}},{"type":"Feature","properties":{"osm":555651069},"geometry":{"type":"Polygon","coordinates":[[[-4.7794267,37.8901685],[-4.7793555,37.8899603],[-4.7792758,37.8899773],[-4.7793471,37.8901855],[-4.7794267,37.8901685]]]}},{"type":"Feature","properties":{"osm":555651073},"geometry":{"type":"Polygon","coordinates":[[[-4.7777261,37.8901138],[-4.7778346,37.8899725],[-4.7776715,37.8899427],[-4.7777261,37.8901138]]]}},{"type":"Feature","properties":{"osm":555699360},"geometry":{"type":"Polygon","coordinates":[[[-4.7857688,37.8826245],[-4.7858637,37.8826301],[-4.7858919,37.8826191],[-4.7859098,37.8825976],[-4.7859247,37.8824997],[-4.7858942,37.8825193],[-4.7858297,37.8825305],[-4.7857922,37.8825501],[-4.7857794,37.8825792],[-4.7857808,37.882606],[-4.7857688,37.8826245]]]}},{"type":"Feature","properties":{"osm":555699361},"geometry":{"type":"Polygon","coordinates":[[[-4.7856777,37.8826166],[-4.7857221,37.8826195],[-4.7857422,37.8826174],[-4.7857509,37.8826048],[-4.7857521,37.8825835],[-4.7857491,37.8825797],[-4.7857371,37.8825896],[-4.7857089,37.8826072],[-4.7856777,37.8826166]]]}},{"type":"Feature","properties":{"osm":555699362},"geometry":{"type":"Polygon","coordinates":[[[-4.7856386,37.8825102],[-4.7856287,37.8825846],[-4.7856381,37.8825927],[-4.7856713,37.8825938],[-4.7856979,37.8825873],[-4.7857362,37.8825567],[-4.7857451,37.8825414],[-4.7857392,37.8825255],[-4.7857216,37.8825146],[-4.7856386,37.8825102]]]}},{"type":"Feature","properties":{"osm":555699363},"geometry":{"type":"Polygon","coordinates":[[[-4.7855801,37.8825803],[-4.7855874,37.8825069],[-4.7854649,37.8824981],[-4.7854514,37.882502],[-4.785444,37.8825144],[-4.7854452,37.8825324],[-4.7854566,37.8825544],[-4.7854788,37.8825736],[-4.7855038,37.8825836],[-4.785527,37.882587],[-4.7855671,37.8825877],[-4.7855758,37.8825863],[-4.7855801,37.8825803]]]}},{"type":"Feature","properties":{"osm":555699365},"geometry":{"type":"Polygon","coordinates":[[[-4.7857615,37.8824728],[-4.785756,37.8824801],[-4.7857539,37.8824884],[-4.7857555,37.8824968],[-4.7857607,37.8825042],[-4.7857687,37.8825098],[-4.7857787,37.882513],[-4.7857894,37.8825132],[-4.7857988,37.882511],[-4.7858068,37.8825065],[-4.7858127,37.8825003],[-4.7858158,37.8824929],[-4.7858158,37.8824852],[-4.7858128,37.8824778],[-4.785807,37.8824715],[-4.7857991,37.882467],[-4.7857897,37.8824646],[-4.7857799,37.8824646],[-4.7857698,37.8824675],[-4.7857615,37.8824728]]]}},{"type":"Feature","properties":{"osm":555699366},"geometry":{"type":"Polygon","coordinates":[[[-4.7858492,37.8825049],[-4.7858526,37.8824823],[-4.785843,37.8824629],[-4.7858238,37.8824458],[-4.7858384,37.8824342],[-4.785853,37.8824296],[-4.7858706,37.8824267],[-4.7858926,37.8824261],[-4.7859035,37.8824288],[-4.785913,37.8824365],[-4.7859149,37.8824464],[-4.7859142,37.8824563],[-4.7859092,37.8824738],[-4.7858964,37.8824913],[-4.7858718,37.8825022],[-4.7858492,37.8825049]]]}},{"type":"Feature","properties":{"osm":555699367},"geometry":{"type":"Polygon","coordinates":[[[-4.7857195,37.8824752],[-4.7856428,37.8824704],[-4.785654,37.8824407],[-4.7856753,37.882409],[-4.7856977,37.8823882],[-4.7857363,37.8823769],[-4.7857749,37.8823741],[-4.7858996,37.8823832],[-4.7859088,37.8823923],[-4.7858979,37.8824012],[-4.7858465,37.8824032],[-4.7858003,37.8824134],[-4.7857658,37.8824303],[-4.7857465,37.8824447],[-4.7857195,37.8824752]]]}},{"type":"Feature","properties":{"osm":555699368},"geometry":{"type":"Polygon","coordinates":[[[-4.7856189,37.8824387],[-4.7856103,37.8824331],[-4.7855971,37.8824042],[-4.7855656,37.8823589],[-4.7856926,37.8823665],[-4.7856611,37.8823913],[-4.7856291,37.8824331],[-4.7856189,37.8824387]]]}},{"type":"Feature","properties":{"osm":555699369},"geometry":{"type":"Polygon","coordinates":[[[-4.7855909,37.8824674],[-4.7854662,37.8824579],[-4.7854534,37.8824545],[-4.785452,37.8824473],[-4.7854598,37.8823684],[-4.7854669,37.8823572],[-4.7854825,37.8823544],[-4.7855044,37.8823563],[-4.7855212,37.8823617],[-4.7855363,37.8823684],[-4.7855604,37.8823868],[-4.7855923,37.8824501],[-4.7855952,37.8824601],[-4.7855909,37.8824674]]]}},{"type":"Feature","properties":{"osm":556712734},"geometry":{"type":"Polygon","coordinates":[[[-4.7664696,37.8826648],[-4.7664311,37.8828304],[-4.7664228,37.882859],[-4.7664787,37.8828673],[-4.7664862,37.8828401],[-4.7666025,37.8828594],[-4.7666429,37.8828644],[-4.7666687,37.8827219],[-4.7666556,37.8826899],[-4.7666111,37.8826586],[-4.7664732,37.8826474],[-4.7664696,37.8826648]]]}},{"type":"Feature","properties":{"osm":556726096},"geometry":{"type":"Polygon","coordinates":[[[-4.7872621,37.8899469],[-4.7871783,37.8899846],[-4.7871517,37.8899477],[-4.7872354,37.88991],[-4.7872621,37.8899469]]]}},{"type":"Feature","properties":{"osm":556726097},"geometry":{"type":"Polygon","coordinates":[[[-4.7870776,37.8899816],[-4.7869915,37.8900187],[-4.7870172,37.8900557],[-4.7871032,37.8900186],[-4.7870776,37.8899816]]]}},{"type":"Feature","properties":{"osm":556726098},"geometry":{"type":"Polygon","coordinates":[[[-4.7869465,37.8900899],[-4.786861,37.8901281],[-4.7868329,37.8900887],[-4.7869183,37.8900506],[-4.7869465,37.8900899]]]}},{"type":"Feature","properties":{"osm":556726099},"geometry":{"type":"Polygon","coordinates":[[[-4.7867879,37.8901608],[-4.7867605,37.8901221],[-4.7866739,37.8901602],[-4.7867013,37.8901989],[-4.7867879,37.8901608]]]}},{"type":"Feature","properties":{"osm":556726100},"geometry":{"type":"Polygon","coordinates":[[[-4.7866299,37.890232],[-4.7866029,37.8901937],[-4.7865172,37.8902314],[-4.7865442,37.8902696],[-4.7866299,37.890232]]]}},{"type":"Feature","properties":{"osm":556726101},"geometry":{"type":"Polygon","coordinates":[[[-4.7863954,37.8903401],[-4.7863669,37.8903003],[-4.7859483,37.8904865],[-4.7859767,37.8905263],[-4.7863954,37.8903401]]]}},{"type":"Feature","properties":{"osm":556726102},"geometry":{"type":"Polygon","coordinates":[[[-4.7858255,37.8905946],[-4.7854111,37.8907798],[-4.785385,37.8907434],[-4.7857994,37.8905581],[-4.7858255,37.8905946]]]}},{"type":"Feature","properties":{"osm":556726103},"geometry":{"type":"Polygon","coordinates":[[[-4.7852638,37.8908485],[-4.7852383,37.8908127],[-4.7848357,37.8909921],[-4.7848613,37.8910278],[-4.7852638,37.8908485]]]}},{"type":"Feature","properties":{"osm":556726104},"geometry":{"type":"Polygon","coordinates":[[[-4.7847094,37.8910971],[-4.78431,37.8912771],[-4.7842819,37.8912382],[-4.7846813,37.8910583],[-4.7847094,37.8910971]]]}},{"type":"Feature","properties":{"osm":556726105},"geometry":{"type":"Polygon","coordinates":[[[-4.7841583,37.8913466],[-4.7841313,37.8913086],[-4.7837321,37.8914857],[-4.7837591,37.8915237],[-4.7841583,37.8913466]]]}},{"type":"Feature","properties":{"osm":556726106},"geometry":{"type":"Polygon","coordinates":[[[-4.7836067,37.8915938],[-4.7834286,37.8916721],[-4.7834013,37.8916334],[-4.7835794,37.8915551],[-4.7836067,37.8915938]]]}},{"type":"Feature","properties":{"osm":556726107},"geometry":{"type":"Polygon","coordinates":[[[-4.7828166,37.8919493],[-4.7827887,37.8919106],[-4.7823825,37.8920929],[-4.7824103,37.8921315],[-4.7828166,37.8919493]]]}},{"type":"Feature","properties":{"osm":556726108},"geometry":{"type":"Polygon","coordinates":[[[-4.7822577,37.8921993],[-4.7822311,37.8921624],[-4.7818049,37.892354],[-4.7818315,37.8923909],[-4.7822577,37.8921993]]]}},{"type":"Feature","properties":{"osm":556726109},"geometry":{"type":"Polygon","coordinates":[[[-4.7816787,37.8924604],[-4.7816518,37.8924228],[-4.781475,37.8925016],[-4.7815019,37.8925392],[-4.7816787,37.8924604]]]}},{"type":"Feature","properties":{"osm":556744723},"geometry":{"type":"Polygon","coordinates":[[[-4.7594827,37.8874766],[-4.7594062,37.8875322],[-4.7593913,37.8875194],[-4.7593557,37.8875453],[-4.7593726,37.8875598],[-4.759334,37.8875878],[-4.7593219,37.8875774],[-4.7593084,37.8875872],[-4.7592936,37.8875878],[-4.7592828,37.8875788],[-4.7592708,37.8875877],[-4.759242,37.8875637],[-4.7592591,37.8875508],[-4.7592256,37.8875229],[-4.7592077,37.8875363],[-4.7591526,37.8874904],[-4.7591698,37.8874776],[-4.7591363,37.8874497],[-4.7591184,37.8874631],[-4.7590639,37.8874177],[-4.7590669,37.8874062],[-4.759232,37.8872795],[-4.7592457,37.8872771],[-4.7592957,37.8873199],[-4.7592753,37.8873347],[-4.7593141,37.887368],[-4.759334,37.8873535],[-4.7593863,37.8873984],[-4.7593697,37.8874105],[-4.7594052,37.8874409],[-4.7594247,37.8874268],[-4.7594827,37.8874766]]]}},{"type":"Feature","properties":{"osm":556785702},"geometry":{"type":"Polygon","coordinates":[[[-4.7610134,37.8874338],[-4.760897,37.8873401],[-4.7609507,37.8872975],[-4.7610442,37.8873757],[-4.7610542,37.8873916],[-4.7610482,37.8874076],[-4.7610134,37.8874338]]]}},{"type":"Feature","properties":{"osm":556809326},"geometry":{"type":"Polygon","coordinates":[[[-4.761743,37.8934081],[-4.761701,37.8934067],[-4.7616977,37.8934395],[-4.7615412,37.8934277],[-4.761043,37.8933739],[-4.7607431,37.8933546],[-4.7605212,37.8933403],[-4.7604781,37.8932695],[-4.7607389,37.8931594],[-4.7607455,37.8931694],[-4.761274,37.8929498],[-4.7612951,37.8929812],[-4.7614283,37.8929245],[-4.761743,37.8934081]]]}},{"type":"Feature","properties":{"osm":556876789},"geometry":{"type":"Polygon","coordinates":[[[-4.7627061,37.8800633],[-4.7627615,37.8800415],[-4.7627003,37.8797129],[-4.7626641,37.8796949],[-4.7625112,37.8797447],[-4.7627061,37.8800633]]]}},{"type":"Feature","properties":{"osm":557067350},"geometry":{"type":"Polygon","coordinates":[[[-4.7637066,37.8995368],[-4.7642476,37.8989187],[-4.7639786,37.8987735],[-4.7645305,37.8988373],[-4.7638826,37.8995824],[-4.7637066,37.8995368]]]}},{"type":"Feature","properties":{"osm":557067351},"geometry":{"type":"Polygon","coordinates":[[[-4.7646686,37.8986884],[-4.7642356,37.8986377],[-4.7642465,37.8985831],[-4.7645935,37.8986229],[-4.7646904,37.898658],[-4.7646686,37.8986884]]]}},{"type":"Feature","properties":{"osm":557395798},"geometry":{"type":"Polygon","coordinates":[[[-4.7952422,37.8652914],[-4.7949199,37.8653132],[-4.7948731,37.8653581],[-4.7946014,37.8656206],[-4.7946071,37.8656418],[-4.7948312,37.8656202],[-4.7949139,37.8656122],[-4.7952811,37.8655823],[-4.7952422,37.8652914]]]}},{"type":"Feature","properties":{"osm":557396147},"geometry":{"type":"Polygon","coordinates":[[[-4.7945834,37.8658039],[-4.7945703,37.8657133],[-4.7944942,37.8657174],[-4.7944661,37.8657478],[-4.7944758,37.8658116],[-4.7945834,37.8658039]]]}},{"type":"Feature","properties":{"osm":557397547},"geometry":{"type":"Polygon","coordinates":[[[-4.7944764,37.8651246],[-4.7944259,37.8650429],[-4.7940929,37.8652565],[-4.7940988,37.8653048],[-4.7941408,37.8653498],[-4.7941609,37.8653864],[-4.7942303,37.8657896],[-4.7942682,37.8657851],[-4.7942101,37.8653926],[-4.7943382,37.8653781],[-4.794328,37.8652562],[-4.7944886,37.865245],[-4.7944764,37.8651246]]]}},{"type":"Feature","properties":{"osm":557398504},"geometry":{"type":"Polygon","coordinates":[[[-4.7945958,37.8642261],[-4.7943823,37.8639507],[-4.7940459,37.8641144],[-4.794259,37.864387],[-4.7945958,37.8642261]]]}},{"type":"Feature","properties":{"osm":557711175},"geometry":{"type":"Polygon","coordinates":[[[-4.7849051,37.8810696],[-4.7850314,37.8813237],[-4.7848851,37.8827196],[-4.7848835,37.8827301],[-4.7848794,37.882738],[-4.7848729,37.8827457],[-4.7848641,37.8827519],[-4.7848529,37.882758],[-4.7848426,37.8827614],[-4.7848295,37.882765],[-4.7848127,37.8827654],[-4.7847983,37.882764],[-4.7847851,37.8827609],[-4.7847732,37.8827555],[-4.7847642,37.8827497],[-4.7847515,37.8827388],[-4.7847447,37.8827251],[-4.7847403,37.8827086],[-4.7847973,37.8819864],[-4.7848738,37.8810844],[-4.7848831,37.8810705],[-4.7849051,37.8810696]]]}},{"type":"Feature","properties":{"osm":557729519},"geometry":{"type":"Polygon","coordinates":[[[-4.7936796,37.8652653],[-4.7934516,37.8650673],[-4.7931163,37.8653087],[-4.793343,37.8655025],[-4.7936796,37.8652653]]]}},{"type":"Feature","properties":{"osm":557955109},"geometry":{"type":"Polygon","coordinates":[[[-4.7826869,37.8826566],[-4.7824998,37.882602],[-4.7824067,37.88291],[-4.7824466,37.8829124],[-4.7825638,37.8829199],[-4.7826869,37.8826566]]]}},{"type":"Feature","properties":{"osm":557955599},"geometry":{"type":"Polygon","coordinates":[[[-4.7820445,37.8800004],[-4.7822052,37.8800857],[-4.7823139,37.879961],[-4.7821555,37.8798765],[-4.7820445,37.8800004]]]}},{"type":"Feature","properties":{"osm":557962958},"geometry":{"type":"Polygon","coordinates":[[[-4.7929183,37.8782046],[-4.793023,37.878512],[-4.7930653,37.8786363],[-4.793201,37.8789575],[-4.7934998,37.8788353],[-4.7936571,37.878771],[-4.7936886,37.8787688],[-4.7936714,37.8787486],[-4.7931463,37.8781316],[-4.7930837,37.8781504],[-4.7929183,37.8782046]]]}},{"type":"Feature","properties":{"osm":557971321},"geometry":{"type":"Polygon","coordinates":[[[-4.7950776,37.879603],[-4.7949796,37.8794372],[-4.7945637,37.8795946],[-4.7945756,37.8796123],[-4.7946446,37.879588],[-4.7949259,37.8794851],[-4.7949867,37.8796008],[-4.7950029,37.8796288],[-4.7950776,37.879603]]]}},{"type":"Feature","properties":{"osm":557971322},"geometry":{"type":"Polygon","coordinates":[[[-4.7950029,37.8796288],[-4.7947671,37.8797173],[-4.7948115,37.87978],[-4.7946947,37.8798168],[-4.7945756,37.8796123],[-4.7946446,37.879588],[-4.7947154,37.8797036],[-4.7949867,37.8796008],[-4.7950029,37.8796288]]]}},{"type":"Feature","properties":{"osm":557971323},"geometry":{"type":"Polygon","coordinates":[[[-4.7938249,37.8797344],[-4.7937664,37.8796396],[-4.7935507,37.8796906],[-4.7933119,37.8792669],[-4.7932988,37.8792754],[-4.7935599,37.879839],[-4.7938249,37.8797344]]]}},{"type":"Feature","properties":{"osm":557974722},"geometry":{"type":"Polygon","coordinates":[[[-4.7956582,37.8789209],[-4.7955966,37.8788261],[-4.7958635,37.8787219],[-4.795877,37.8787167],[-4.7959386,37.8788164],[-4.7956582,37.8789209]]]}},{"type":"Feature","properties":{"osm":557974723},"geometry":{"type":"Polygon","coordinates":[[[-4.7957846,37.8785659],[-4.7957291,37.878471],[-4.7954518,37.8785732],[-4.7955042,37.878668],[-4.7957846,37.8785659]]]}},{"type":"Feature","properties":{"osm":557974724},"geometry":{"type":"Polygon","coordinates":[[[-4.7961635,37.879186],[-4.7961142,37.8791082],[-4.7958339,37.8792103],[-4.7958924,37.8792955],[-4.7961635,37.879186]]]}},{"type":"Feature","properties":{"osm":557974725},"geometry":{"type":"Polygon","coordinates":[[[-4.7963268,37.8794365],[-4.7962683,37.8793465],[-4.7959941,37.8794511],[-4.7960495,37.8795411],[-4.7963268,37.8794365]]]}},{"type":"Feature","properties":{"osm":557974757},"geometry":{"type":"Polygon","coordinates":[[[-4.7965,37.8793913],[-4.7963579,37.8794438],[-4.7957314,37.8784519],[-4.7958793,37.8783943],[-4.7965,37.8793913]]]}},{"type":"Feature","properties":{"osm":557974758},"geometry":{"type":"Polygon","coordinates":[[[-4.7960061,37.8788773],[-4.7954552,37.8790905],[-4.7954129,37.8790358],[-4.79597,37.8788187],[-4.7960061,37.8788773]]]}},{"type":"Feature","properties":{"osm":557974759},"geometry":{"type":"Polygon","coordinates":[[[-4.7957314,37.8784519],[-4.7956992,37.8784034],[-4.7952218,37.8785845],[-4.7952643,37.8786321],[-4.7957314,37.8784519]]]}},{"type":"Feature","properties":{"osm":557974760},"geometry":{"type":"Polygon","coordinates":[[[-4.7961307,37.8790794],[-4.7960999,37.8790295],[-4.7956244,37.8792088],[-4.7956582,37.8792565],[-4.7961307,37.8790794]]]}},{"type":"Feature","properties":{"osm":557974761},"geometry":{"type":"Polygon","coordinates":[[[-4.7963966,37.8795049],[-4.7963579,37.8794438],[-4.7958708,37.8796238],[-4.7959099,37.8796848],[-4.7963966,37.8795049]]]}},{"type":"Feature","properties":{"osm":558014161},"geometry":{"type":"Polygon","coordinates":[[[-4.791683,37.8693499],[-4.7916586,37.8694173],[-4.7916566,37.869475],[-4.7916627,37.8695408],[-4.7916932,37.8696499],[-4.7917399,37.8697318],[-4.7917948,37.8698168],[-4.7918314,37.8698746],[-4.7910447,37.8701682],[-4.7909634,37.8701249],[-4.7903089,37.8691413],[-4.7903028,37.8691076],[-4.790313,37.8690819],[-4.7907073,37.8687064],[-4.7907398,37.868708],[-4.7907419,37.8687289],[-4.790689,37.8687722],[-4.7906809,37.869069],[-4.7904959,37.8690674],[-4.7904898,37.8693017],[-4.7907459,37.8693081],[-4.7907561,37.8697045],[-4.7908821,37.8696997],[-4.7908842,37.8698297],[-4.791122,37.8698329],[-4.7911382,37.8698313],[-4.7911382,37.8697125],[-4.7912805,37.8697141],[-4.7912968,37.8693402],[-4.791683,37.8693499]]]}},{"type":"Feature","properties":{"osm":558014162},"geometry":{"type":"Polygon","coordinates":[[[-4.7918639,37.8674644],[-4.7917034,37.8676125],[-4.7916807,37.8676334],[-4.7916513,37.8676605],[-4.7914399,37.8678555],[-4.7910549,37.8682105],[-4.7910956,37.8683822],[-4.791,37.8684898],[-4.7910488,37.8685154],[-4.7911321,37.8683838],[-4.7913984,37.8683132],[-4.7914106,37.8681415],[-4.7916708,37.8681223],[-4.791679,37.868286],[-4.7917135,37.8682828],[-4.7917399,37.8682073],[-4.7923843,37.8682202],[-4.7924168,37.8682779],[-4.7925347,37.8682892],[-4.7926425,37.8684208],[-4.7924107,37.8684063],[-4.7924168,37.8685363],[-4.7925063,37.8685652],[-4.7928864,37.8685588],[-4.7918639,37.8674644]]]}},{"type":"Feature","properties":{"osm":558541915},"geometry":{"type":"Polygon","coordinates":[[[-4.7819801,37.8828324],[-4.7820428,37.8827174],[-4.7820454,37.8827127],[-4.7820371,37.8827089],[-4.782021,37.8827298],[-4.7819873,37.8827843],[-4.781944,37.8827668],[-4.7819312,37.8827626],[-4.7819071,37.8828108],[-4.7819801,37.8828324]]]}},{"type":"Feature","properties":{"osm":558541916},"geometry":{"type":"Polygon","coordinates":[[[-4.7820371,37.8827089],[-4.782013,37.8826963],[-4.7818984,37.8826606],[-4.7818667,37.8827319],[-4.7819358,37.8827518],[-4.7819312,37.8827626],[-4.781944,37.8827668],[-4.7819741,37.8827117],[-4.782021,37.8827298],[-4.7820371,37.8827089]]]}},{"type":"Feature","properties":{"osm":558556849},"geometry":{"type":"Polygon","coordinates":[[[-4.7950097,37.8771821],[-4.794928,37.8772171],[-4.7949233,37.8772272],[-4.7949117,37.8772346],[-4.7949035,37.8772383],[-4.7948801,37.87723],[-4.7948439,37.8772235],[-4.7948171,37.8772282],[-4.7947879,37.8772411],[-4.7947669,37.877265],[-4.7947622,37.8772825],[-4.7947575,37.8772936],[-4.7947377,37.8772899],[-4.7947097,37.8772991],[-4.7946618,37.8773249],[-4.7945684,37.8772917],[-4.7945416,37.8772346],[-4.794649,37.8772023],[-4.794642,37.8771858],[-4.794642,37.877171],[-4.7946455,37.8771498],[-4.794656,37.8771378],[-4.7946676,37.8771286],[-4.7946875,37.8771203],[-4.7946536,37.8770604],[-4.7946968,37.8770586],[-4.7947214,37.8770411],[-4.7947424,37.8770162],[-4.7947564,37.8769913],[-4.7947774,37.876983],[-4.7948007,37.8769821],[-4.794872,37.8769563],[-4.7949925,37.8771538],[-4.7950097,37.8771821]]]}},{"type":"Feature","properties":{"osm":558557061},"geometry":{"type":"Polygon","coordinates":[[[-4.7954832,37.8779046],[-4.7954527,37.8778564],[-4.7951681,37.8779656],[-4.7952007,37.8780121],[-4.7954832,37.8779046]]]}},{"type":"Feature","properties":{"osm":558557062},"geometry":{"type":"Polygon","coordinates":[[[-4.7953531,37.8777104],[-4.7953206,37.8776591],[-4.795038,37.8777634],[-4.7950746,37.8778163],[-4.7953531,37.8777104]]]}},{"type":"Feature","properties":{"osm":558597518},"geometry":{"type":"Polygon","coordinates":[[[-4.7926064,37.8967608],[-4.792298,37.8968377],[-4.7919997,37.8969012],[-4.7917654,37.8969436],[-4.7914805,37.8969857],[-4.791262,37.8970067],[-4.7909831,37.8970169],[-4.790804,37.8970043],[-4.7906494,37.8969893],[-4.7906248,37.8973803],[-4.7906321,37.8974387],[-4.7906532,37.8974895],[-4.7906792,37.8975362],[-4.7907255,37.8975739],[-4.7907758,37.8975935],[-4.7908254,37.897604],[-4.7908793,37.897599],[-4.79118,37.8975271],[-4.7916465,37.8974083],[-4.7921498,37.8972858],[-4.7927502,37.8971412],[-4.792675,37.8969422],[-4.7926562,37.8968922],[-4.7926359,37.8968377],[-4.7926064,37.8967608]]]}},{"type":"Feature","properties":{"osm":558601610},"geometry":{"type":"Polygon","coordinates":[[[-4.799352,37.8680851],[-4.7993093,37.8680016],[-4.7992626,37.8679318],[-4.799228,37.8678732],[-4.7991752,37.8678147],[-4.7991558,37.8678115],[-4.7991385,37.8678159],[-4.7991213,37.8678203],[-4.7991091,37.867842],[-4.7990268,37.8680024],[-4.7990217,37.8680185],[-4.7990227,37.8680361],[-4.7990298,37.868057],[-4.7990338,37.8680616],[-4.7990623,37.8680947],[-4.7991314,37.8681725],[-4.7992707,37.8683314],[-4.7992829,37.8683426],[-4.7992881,37.8683416],[-4.7992991,37.8683394],[-4.7993215,37.8683298],[-4.799351,37.8683089],[-4.7993713,37.8682857],[-4.7993815,37.8682608],[-4.7993896,37.8682335],[-4.7993947,37.8682078],[-4.7993876,37.8681741],[-4.799352,37.8680851]]]}},{"type":"Feature","properties":{"osm":561037243},"geometry":{"type":"Polygon","coordinates":[[[-4.7913146,37.8747152],[-4.7912797,37.874784],[-4.7910624,37.8747226],[-4.7910973,37.8746549],[-4.7913146,37.8747152]]]}},{"type":"Feature","properties":{"osm":561261777},"geometry":{"type":"Polygon","coordinates":[[[-4.7758654,37.8891603],[-4.7758659,37.8892093],[-4.7758872,37.8892085],[-4.7758888,37.8892221],[-4.7759025,37.8892281],[-4.7759035,37.8891595],[-4.7758654,37.8891603]]]}},{"type":"Feature","properties":{"osm":567462173},"geometry":{"type":"Polygon","coordinates":[[[-4.8039406,37.8909938],[-4.8036509,37.8910568],[-4.8036348,37.8910198],[-4.8038186,37.89096],[-4.8036943,37.8907944],[-4.8032714,37.8908917],[-4.8029071,37.890944],[-4.8029464,37.8911379],[-4.8032452,37.891102],[-4.8032121,37.8909099],[-4.8032275,37.8909087],[-4.8033046,37.8911336],[-4.8029117,37.8912212],[-4.8030796,37.891685],[-4.8033924,37.8916163],[-4.8032653,37.8912497],[-4.8033962,37.8912212],[-4.8034101,37.8912437],[-4.8033616,37.891271],[-4.8034324,37.8913737],[-4.8040278,37.89124],[-4.804004,37.8911756],[-4.8043114,37.8911079],[-4.8044434,37.8914707],[-4.8029735,37.8917784],[-4.8029557,37.8917218],[-4.8028454,37.8917395],[-4.8026014,37.891024],[-4.8027031,37.8910031],[-4.8026783,37.8909319],[-4.8039378,37.8906484],[-4.8040323,37.8909179],[-4.8041858,37.8908875],[-4.8042548,37.8910791],[-4.8039906,37.8911374],[-4.8039406,37.8909938]]]}},{"type":"Feature","properties":{"osm":568721627},"geometry":{"type":"Polygon","coordinates":[[[-4.7966893,37.880326],[-4.7969404,37.8802287],[-4.7968303,37.8800585],[-4.7966655,37.8801205],[-4.7967217,37.8802044],[-4.7966955,37.8802135],[-4.7966655,37.8802883],[-4.7966893,37.880326]]]}},{"type":"Feature","properties":{"osm":568721632},"geometry":{"type":"Polygon","coordinates":[[[-4.7969813,37.8809308],[-4.7969742,37.8809511],[-4.7968362,37.8810048],[-4.7967371,37.8808491],[-4.7968096,37.8808177],[-4.796799,37.8808044],[-4.796876,37.8807695],[-4.7968954,37.880803],[-4.7968609,37.8808156],[-4.7968769,37.8808344],[-4.7967742,37.8808742],[-4.7968432,37.8809846],[-4.7969813,37.8809308]]]}},{"type":"Feature","properties":{"osm":570281982},"geometry":{"type":"Polygon","coordinates":[[[-4.7895492,37.8682784],[-4.7892129,37.8680767],[-4.7892017,37.8680739],[-4.7891891,37.8680745],[-4.7891783,37.8680798],[-4.7890956,37.8681436],[-4.7890352,37.8681765],[-4.7889749,37.8682005],[-4.7889058,37.8682225],[-4.78931,37.8685547],[-4.7895754,37.868334],[-4.7895414,37.868305],[-4.7895492,37.8682784]]]}},{"type":"Feature","properties":{"osm":570282002},"geometry":{"type":"Polygon","coordinates":[[[-4.7909091,37.8672826],[-4.7909071,37.8672881],[-4.7909014,37.8672902],[-4.7908863,37.8672908],[-4.7908729,37.8672929],[-4.7908531,37.8672969],[-4.7908256,37.8673111],[-4.7908072,37.867331],[-4.7908018,37.8673434],[-4.7908011,37.8673606],[-4.7907884,37.8673696],[-4.7907693,37.8673723],[-4.7907478,37.8673675],[-4.7907311,37.8673527],[-4.7907274,37.8673371],[-4.7907364,37.8673178],[-4.7907559,37.8672976],[-4.7907864,37.8672791],[-4.7908246,37.8672677],[-4.7908538,37.8672675],[-4.7908766,37.8672707],[-4.7908997,37.8672767],[-4.7909091,37.8672826]]]}},{"type":"Feature","properties":{"osm":570282003},"geometry":{"type":"Polygon","coordinates":[[[-4.7909671,37.8673241],[-4.790958,37.8673178],[-4.790951,37.8673172],[-4.7909473,37.8673215],[-4.7909497,37.8673297],[-4.7909517,37.8673421],[-4.7909477,37.867363],[-4.7909339,37.8673845],[-4.7909135,37.8674019],[-4.7908943,37.8674091],[-4.7908826,37.8674144],[-4.7908756,37.8674223],[-4.7908726,37.8674366],[-4.7908783,37.8674498],[-4.7908923,37.8674607],[-4.7909068,37.8674662],[-4.7909238,37.8674662],[-4.790942,37.867461],[-4.7909547,37.8674509],[-4.7909691,37.8674358],[-4.7909795,37.867421],[-4.7909882,37.8673974],[-4.7909899,37.8673773],[-4.7909862,37.8673564],[-4.7909762,37.8673368],[-4.7909671,37.8673241]]]}},{"type":"Feature","properties":{"osm":572351470},"geometry":{"type":"Polygon","coordinates":[[[-4.7999891,37.8941651],[-4.7999515,37.89419],[-4.7999078,37.8942164],[-4.8002625,37.894607],[-4.8006406,37.8950329],[-4.8008307,37.8952615],[-4.8011081,37.8955719],[-4.8013927,37.8958815],[-4.8015572,37.8960767],[-4.8012597,37.8962226],[-4.8015595,37.8967408],[-4.8019589,37.8965306],[-4.8020118,37.8965964],[-4.8024366,37.8963694],[-4.8026419,37.8962549],[-4.8025802,37.8961967],[-4.8028538,37.8960412],[-4.8021725,37.8956136],[-4.8019123,37.8958158],[-4.801624,37.8955692],[-4.8010634,37.8950802],[-4.8007616,37.8948178],[-4.8003727,37.8944865],[-4.7999891,37.8941651]]]}},{"type":"Feature","properties":{"osm":572351512},"geometry":{"type":"Polygon","coordinates":[[[-4.8004887,37.8935766],[-4.8017348,37.8938589],[-4.8017389,37.8937338],[-4.8017145,37.8936103],[-4.8016372,37.8934723],[-4.801562,37.8933504],[-4.8004887,37.8935766]]]}},{"type":"Feature","properties":{"osm":572380682},"geometry":{"type":"Polygon","coordinates":[[[-4.7905787,37.8816953],[-4.7905898,37.881672],[-4.7906103,37.881653],[-4.7906377,37.8816407],[-4.7906688,37.8816365],[-4.7906999,37.8816408],[-4.7907248,37.8816517],[-4.7907443,37.8816682],[-4.7907565,37.8816885],[-4.7907601,37.8817109],[-4.7907548,37.881733],[-4.7907411,37.8817528],[-4.7907204,37.8817682],[-4.7906946,37.8817779],[-4.7906663,37.8817809],[-4.7906354,37.881776],[-4.7906084,37.8817631],[-4.7905886,37.8817437],[-4.7905783,37.8817202],[-4.7905787,37.8816953]]]}},{"type":"Feature","properties":{"osm":572413361},"geometry":{"type":"Polygon","coordinates":[[[-4.7979974,37.8933831],[-4.7980067,37.8935451],[-4.7974985,37.8936742],[-4.7973228,37.893236],[-4.7979974,37.8933831]]]}},{"type":"Feature","properties":{"osm":572413373},"geometry":{"type":"Polygon","coordinates":[[[-4.7958906,37.886558],[-4.7953395,37.8868131],[-4.7952536,37.8865506],[-4.7957686,37.8863008],[-4.7958906,37.886558]]]}},{"type":"Feature","properties":{"osm":572417112},"geometry":{"type":"Polygon","coordinates":[[[-4.7960166,37.8861879],[-4.7961262,37.8864389],[-4.7962064,37.8866231],[-4.796267,37.8864883],[-4.7963709,37.8863113],[-4.7966448,37.8860146],[-4.7966774,37.885971],[-4.7966656,37.8859589],[-4.7966195,37.8859675],[-4.7963158,37.8860681],[-4.7960166,37.8861879]]]}},{"type":"Feature","properties":{"osm":575386433},"geometry":{"type":"Polygon","coordinates":[[[-4.7660574,37.869531],[-4.7661043,37.8694881],[-4.7659702,37.8693812],[-4.7658763,37.8694621],[-4.7659796,37.8695336],[-4.7660574,37.869531]]]}},{"type":"Feature","properties":{"osm":575386434},"geometry":{"type":"Polygon","coordinates":[[[-4.7662565,37.8695987],[-4.7661412,37.8695135],[-4.7660882,37.8695558],[-4.7660889,37.8696268],[-4.766162,37.869676],[-4.7662565,37.8695987]]]}},{"type":"Feature","properties":{"osm":575386435},"geometry":{"type":"Polygon","coordinates":[[[-4.7661311,37.869703],[-4.7660621,37.8696517],[-4.7659722,37.8696564],[-4.7659333,37.8696935],[-4.7660426,37.869776],[-4.7661311,37.869703]]]}},{"type":"Feature","properties":{"osm":575386436},"geometry":{"type":"Polygon","coordinates":[[[-4.7658991,37.8696691],[-4.76594,37.8696305],[-4.7659367,37.8695654],[-4.7658441,37.8694886],[-4.7657597,37.8695622],[-4.7658991,37.8696691]]]}},{"type":"Feature","properties":{"osm":575386437},"geometry":{"type":"Polygon","coordinates":[[[-4.7660467,37.8696146],[-4.7660453,37.8695691],[-4.7659863,37.8695707],[-4.7659876,37.8696151],[-4.7660467,37.8696146]]]}},{"type":"Feature","properties":{"osm":575671555},"geometry":{"type":"Polygon","coordinates":[[[-4.780067,37.8771029],[-4.7801108,37.8771516],[-4.7800964,37.8771621],[-4.7800077,37.8771836],[-4.7799854,37.8771652],[-4.780067,37.8771029]]]}},{"type":"Feature","properties":{"osm":577243380},"geometry":{"type":"Polygon","coordinates":[[[-4.7792237,37.8846431],[-4.7792549,37.8846432],[-4.7792576,37.8846398],[-4.7792614,37.8846393],[-4.7792639,37.8846406],[-4.7792644,37.884643],[-4.7792617,37.8846461],[-4.7792621,37.8846743],[-4.7792652,37.8846775],[-4.779265,37.8846798],[-4.7792619,37.8846817],[-4.779259,37.8846816],[-4.7792557,37.8846784],[-4.7792243,37.8846788],[-4.7792213,37.8846814],[-4.7792175,37.8846813],[-4.7792154,37.8846798],[-4.7792153,37.8846771],[-4.7792189,37.8846738],[-4.7792177,37.884647],[-4.7792144,37.884644],[-4.7792148,37.8846413],[-4.7792167,37.8846399],[-4.77922,37.8846401],[-4.7792237,37.8846431]]]}},{"type":"Feature","properties":{"osm":577243383},"geometry":{"type":"Polygon","coordinates":[[[-4.7793282,37.8846445],[-4.7793594,37.8846445],[-4.7793621,37.8846411],[-4.7793659,37.8846406],[-4.7793683,37.8846419],[-4.7793689,37.8846443],[-4.7793662,37.8846474],[-4.7793665,37.8846756],[-4.7793696,37.8846788],[-4.7793694,37.8846812],[-4.7793664,37.884683],[-4.7793635,37.884683],[-4.7793602,37.8846798],[-4.7793288,37.8846801],[-4.7793257,37.8846827],[-4.779322,37.8846827],[-4.7793199,37.8846811],[-4.7793198,37.8846784],[-4.7793234,37.8846751],[-4.7793221,37.8846483],[-4.7793188,37.8846454],[-4.7793193,37.8846426],[-4.7793212,37.8846412],[-4.7793245,37.8846414],[-4.7793282,37.8846445]]]}},{"type":"Feature","properties":{"osm":577243386},"geometry":{"type":"Polygon","coordinates":[[[-4.7794352,37.8846474],[-4.7794663,37.8846474],[-4.779469,37.884644],[-4.7794729,37.8846435],[-4.7794753,37.8846448],[-4.7794758,37.8846472],[-4.7794731,37.8846503],[-4.7794735,37.8846785],[-4.7794766,37.8846817],[-4.7794764,37.8846841],[-4.7794733,37.8846859],[-4.7794705,37.8846859],[-4.7794672,37.8846827],[-4.7794357,37.884683],[-4.7794327,37.8846856],[-4.7794289,37.8846856],[-4.7794269,37.884684],[-4.7794267,37.8846813],[-4.7794303,37.884678],[-4.7794291,37.8846513],[-4.7794258,37.8846483],[-4.7794262,37.8846455],[-4.7794282,37.8846441],[-4.7794314,37.8846443],[-4.7794352,37.8846474]]]}},{"type":"Feature","properties":{"osm":577243389},"geometry":{"type":"Polygon","coordinates":[[[-4.7796417,37.8846521],[-4.7796728,37.8846522],[-4.7796755,37.8846488],[-4.7796794,37.8846483],[-4.7796818,37.8846496],[-4.7796823,37.884652],[-4.7796797,37.8846551],[-4.77968,37.8846833],[-4.7796831,37.8846865],[-4.7796829,37.8846888],[-4.7796798,37.8846907],[-4.779677,37.8846906],[-4.7796737,37.8846874],[-4.7796423,37.8846878],[-4.7796392,37.8846904],[-4.7796354,37.8846903],[-4.7796334,37.8846888],[-4.7796333,37.8846861],[-4.7796369,37.8846828],[-4.7796356,37.884656],[-4.7796323,37.884653],[-4.7796327,37.8846503],[-4.7796347,37.8846489],[-4.779638,37.8846491],[-4.7796417,37.8846521]]]}},{"type":"Feature","properties":{"osm":577243390},"geometry":{"type":"Polygon","coordinates":[[[-4.7797483,37.8846543],[-4.7797795,37.8846543],[-4.7797822,37.8846509],[-4.779786,37.8846504],[-4.7797885,37.8846517],[-4.779789,37.8846541],[-4.7797863,37.8846572],[-4.7797866,37.8846854],[-4.7797897,37.8846886],[-4.7797896,37.8846909],[-4.7797865,37.8846928],[-4.7797836,37.8846928],[-4.7797803,37.8846896],[-4.7797489,37.8846899],[-4.7797458,37.8846925],[-4.7797421,37.8846924],[-4.77974,37.8846909],[-4.7797399,37.8846882],[-4.7797435,37.8846849],[-4.7797422,37.8846581],[-4.7797389,37.8846552],[-4.7797394,37.8846524],[-4.7797413,37.884651],[-4.7797446,37.8846512],[-4.7797483,37.8846543]]]}},{"type":"Feature","properties":{"osm":577243391},"geometry":{"type":"Polygon","coordinates":[[[-4.7798546,37.8846569],[-4.7798857,37.8846569],[-4.7798884,37.8846535],[-4.7798923,37.8846531],[-4.7798947,37.8846544],[-4.7798952,37.8846567],[-4.7798926,37.8846599],[-4.7798929,37.8846881],[-4.779896,37.8846913],[-4.7798958,37.8846936],[-4.7798927,37.8846954],[-4.7798899,37.8846954],[-4.7798866,37.8846922],[-4.7798552,37.8846926],[-4.7798521,37.8846951],[-4.7798483,37.8846951],[-4.7798463,37.8846936],[-4.7798462,37.8846908],[-4.7798498,37.8846876],[-4.7798485,37.8846608],[-4.7798452,37.8846578],[-4.7798456,37.884655],[-4.7798476,37.8846536],[-4.7798509,37.8846539],[-4.7798546,37.8846569]]]}},{"type":"Feature","properties":{"osm":577243393},"geometry":{"type":"Polygon","coordinates":[[[-4.7798598,37.8843206],[-4.7798909,37.8843207],[-4.7798936,37.8843172],[-4.7798975,37.8843168],[-4.7798999,37.8843181],[-4.7799004,37.8843205],[-4.7798978,37.8843236],[-4.7798981,37.8843518],[-4.7799012,37.884355],[-4.779901,37.8843573],[-4.7798979,37.8843591],[-4.7798951,37.8843591],[-4.7798918,37.8843559],[-4.7798604,37.8843563],[-4.7798573,37.8843589],[-4.7798535,37.8843588],[-4.7798515,37.8843573],[-4.7798514,37.8843545],[-4.779855,37.8843513],[-4.7798537,37.8843245],[-4.7798504,37.8843215],[-4.7798508,37.8843187],[-4.7798528,37.8843173],[-4.7798561,37.8843176],[-4.7798598,37.8843206]]]}},{"type":"Feature","properties":{"osm":577243394},"geometry":{"type":"Polygon","coordinates":[[[-4.7797556,37.8843186],[-4.7797868,37.8843187],[-4.7797895,37.8843152],[-4.7797933,37.8843148],[-4.7797958,37.8843161],[-4.7797963,37.8843185],[-4.7797936,37.8843216],[-4.7797939,37.8843498],[-4.779797,37.884353],[-4.7797969,37.8843553],[-4.7797938,37.8843571],[-4.7797909,37.8843571],[-4.7797876,37.8843539],[-4.7797562,37.8843543],[-4.7797531,37.8843568],[-4.7797494,37.8843568],[-4.7797473,37.8843553],[-4.7797472,37.8843525],[-4.7797508,37.8843493],[-4.7797495,37.8843225],[-4.7797463,37.8843195],[-4.7797467,37.8843167],[-4.7797486,37.8843153],[-4.7797519,37.8843156],[-4.7797556,37.8843186]]]}},{"type":"Feature","properties":{"osm":577243395},"geometry":{"type":"Polygon","coordinates":[[[-4.7796484,37.8843174],[-4.7796795,37.8843174],[-4.7796822,37.884314],[-4.7796861,37.8843136],[-4.7796885,37.8843149],[-4.779689,37.8843172],[-4.7796864,37.8843204],[-4.7796867,37.8843486],[-4.7796898,37.8843518],[-4.7796896,37.8843541],[-4.7796865,37.8843559],[-4.7796837,37.8843559],[-4.7796804,37.8843527],[-4.779649,37.8843531],[-4.7796459,37.8843556],[-4.7796421,37.8843556],[-4.7796401,37.8843541],[-4.77964,37.8843513],[-4.7796436,37.8843481],[-4.7796423,37.8843213],[-4.779639,37.8843183],[-4.7796394,37.8843155],[-4.7796414,37.8843141],[-4.7796447,37.8843144],[-4.7796484,37.8843174]]]}},{"type":"Feature","properties":{"osm":577243397},"geometry":{"type":"Polygon","coordinates":[[[-4.7794375,37.884315],[-4.7794686,37.884315],[-4.7794713,37.8843116],[-4.7794752,37.8843112],[-4.7794776,37.8843125],[-4.7794781,37.8843148],[-4.7794755,37.884318],[-4.7794758,37.8843462],[-4.7794789,37.8843494],[-4.7794787,37.8843517],[-4.7794756,37.8843535],[-4.7794728,37.8843535],[-4.7794695,37.8843503],[-4.7794381,37.8843507],[-4.779435,37.8843532],[-4.7794312,37.8843532],[-4.7794292,37.8843517],[-4.7794291,37.8843489],[-4.7794327,37.8843457],[-4.7794314,37.8843189],[-4.7794281,37.8843159],[-4.7794285,37.8843131],[-4.7794305,37.8843117],[-4.7794338,37.884312],[-4.7794375,37.884315]]]}},{"type":"Feature","properties":{"osm":577243400},"geometry":{"type":"Polygon","coordinates":[[[-4.7793364,37.8843122],[-4.7793675,37.8843122],[-4.7793702,37.8843088],[-4.7793741,37.8843084],[-4.7793765,37.8843097],[-4.779377,37.884312],[-4.7793743,37.8843151],[-4.7793747,37.8843434],[-4.7793778,37.8843466],[-4.7793776,37.8843489],[-4.7793745,37.8843507],[-4.7793717,37.8843507],[-4.7793684,37.8843475],[-4.7793369,37.8843478],[-4.7793339,37.8843504],[-4.7793301,37.8843504],[-4.7793281,37.8843489],[-4.7793279,37.8843461],[-4.7793315,37.8843429],[-4.7793303,37.8843161],[-4.779327,37.8843131],[-4.7793274,37.8843103],[-4.7793294,37.8843089],[-4.7793326,37.8843092],[-4.7793364,37.8843122]]]}},{"type":"Feature","properties":{"osm":577243402},"geometry":{"type":"Polygon","coordinates":[[[-4.7792301,37.8843086],[-4.7792613,37.8843086],[-4.779264,37.8843052],[-4.7792678,37.8843047],[-4.7792703,37.884306],[-4.7792708,37.8843084],[-4.7792681,37.8843115],[-4.7792685,37.8843397],[-4.7792716,37.8843429],[-4.7792714,37.8843453],[-4.7792683,37.8843471],[-4.7792655,37.8843471],[-4.7792622,37.8843439],[-4.7792307,37.8843442],[-4.7792277,37.8843468],[-4.7792239,37.8843468],[-4.7792219,37.8843452],[-4.7792217,37.8843425],[-4.7792253,37.8843393],[-4.7792241,37.8843125],[-4.7792208,37.8843095],[-4.7792212,37.8843067],[-4.7792231,37.8843053],[-4.7792264,37.8843056],[-4.7792301,37.8843086]]]}},{"type":"Feature","properties":{"osm":577703675},"geometry":{"type":"Polygon","coordinates":[[[-4.7884204,37.8774677],[-4.7888957,37.8774924],[-4.7889155,37.8772541],[-4.7884402,37.8772295],[-4.7884204,37.8774677]]]}},{"type":"Feature","properties":{"osm":580378828},"geometry":{"type":"Polygon","coordinates":[[[-4.7676307,37.8811085],[-4.7675085,37.8810998],[-4.76756,37.8808712],[-4.7676393,37.8808539],[-4.7676307,37.8811085]]]}},{"type":"Feature","properties":{"osm":580378831},"geometry":{"type":"Polygon","coordinates":[[[-4.7677736,37.8808323],[-4.7677839,37.8808323],[-4.7677938,37.8808349],[-4.7678021,37.8808397],[-4.7678081,37.8808463],[-4.7678112,37.8808541],[-4.7678111,37.8808623],[-4.7678078,37.88087],[-4.7678017,37.8808765],[-4.7677923,37.8808816],[-4.7677813,37.8808838],[-4.76777,37.880883],[-4.7677597,37.8808791],[-4.7677517,37.8808728],[-4.7677469,37.8808646],[-4.7677459,37.8808557],[-4.7677489,37.880847],[-4.7677554,37.8808396],[-4.7677638,37.8808348],[-4.7677736,37.8808323]]]}},{"type":"Feature","properties":{"osm":581199666},"geometry":{"type":"Polygon","coordinates":[[[-4.7741106,37.8883207],[-4.7740955,37.8882843],[-4.7740132,37.8883023],[-4.7740178,37.8883101],[-4.7739787,37.8883189],[-4.7739846,37.8883336],[-4.7739892,37.8883327],[-4.7739951,37.8883456],[-4.7741106,37.8883207]]]}},{"type":"Feature","properties":{"osm":584138485},"geometry":{"type":"Polygon","coordinates":[[[-4.777094,37.8883092],[-4.7771124,37.8882381],[-4.7771814,37.8882471],[-4.7771832,37.8882339],[-4.7776008,37.8883044],[-4.777576,37.8884029],[-4.7777512,37.8884245],[-4.7777564,37.8884053],[-4.7777745,37.8884099],[-4.777736,37.8885652],[-4.7777226,37.8885634],[-4.7777062,37.8886375],[-4.7777191,37.888638],[-4.7777164,37.888645],[-4.7775138,37.8886027],[-4.7775273,37.8885885],[-4.7775396,37.8885696],[-4.7775477,37.8885492],[-4.7775481,37.8885273],[-4.7775427,37.8885067],[-4.7775312,37.888489],[-4.7775073,37.8884744],[-4.7774141,37.8884532],[-4.7774379,37.8883707],[-4.7772888,37.8883431],[-4.7772849,37.8883379],[-4.7772796,37.8883333],[-4.7772698,37.8883291],[-4.7772588,37.8883275],[-4.7772475,37.8883289],[-4.7772397,37.8883326],[-4.777094,37.8883092]]]}},{"type":"Feature","properties":{"osm":584138487},"geometry":{"type":"Polygon","coordinates":[[[-4.7771099,37.8883409],[-4.7770898,37.8884192],[-4.7773795,37.8884743],[-4.7774014,37.8883963],[-4.777283,37.8883733],[-4.777275,37.8883784],[-4.7772642,37.8883813],[-4.7772528,37.8883814],[-4.7772421,37.8883785],[-4.777233,37.888373],[-4.7772268,37.8883655],[-4.777226,37.888363],[-4.7771099,37.8883409]]]}},{"type":"Feature","properties":{"osm":584138491},"geometry":{"type":"Polygon","coordinates":[[[-4.7769802,37.8885453],[-4.7772925,37.8885752],[-4.7773182,37.8884794],[-4.7770076,37.888425],[-4.7769802,37.8885453]]]}},{"type":"Feature","properties":{"osm":584138493},"geometry":{"type":"Polygon","coordinates":[[[-4.7769786,37.8884203],[-4.7769511,37.8885431],[-4.7763972,37.8884668],[-4.7764003,37.8884106],[-4.7764022,37.888387],[-4.7764033,37.8883738],[-4.7764113,37.8883346],[-4.7764214,37.8882362],[-4.7764402,37.888061],[-4.7764458,37.8880084],[-4.7764181,37.8880084],[-4.7764234,37.8879419],[-4.7765906,37.8879657],[-4.7765897,37.8879782],[-4.7766362,37.8879855],[-4.7765904,37.8881293],[-4.7766863,37.8881483],[-4.7766393,37.8883584],[-4.7766821,37.8883647],[-4.7766822,37.888377],[-4.7769786,37.8884203]]]}},{"type":"Feature","properties":{"osm":584138494},"geometry":{"type":"Polygon","coordinates":[[[-4.7768538,37.8882275],[-4.7768519,37.8882311],[-4.7768514,37.8882348],[-4.7768522,37.8882386],[-4.7768543,37.888242],[-4.7768575,37.8882448],[-4.7768616,37.8882468],[-4.7768663,37.8882478],[-4.7768711,37.8882478],[-4.7768757,37.8882467],[-4.7768797,37.8882446],[-4.7768835,37.888241],[-4.7768854,37.8882366],[-4.7768853,37.888232],[-4.7768833,37.8882276],[-4.7768795,37.8882241],[-4.7768744,37.8882218],[-4.7768686,37.8882209],[-4.7768628,37.8882217],[-4.7768576,37.888224],[-4.7768538,37.8882275]]]}},{"type":"Feature","properties":{"osm":584138496},"geometry":{"type":"Polygon","coordinates":[[[-4.7769331,37.8882441],[-4.7769169,37.8882405],[-4.7769061,37.888236],[-4.776895,37.8882272],[-4.7768877,37.8882154],[-4.7768856,37.8882022],[-4.7768877,37.8881893],[-4.7768892,37.8881829],[-4.7769461,37.8881917],[-4.7769331,37.8882441]]]}},{"type":"Feature","properties":{"osm":584138497},"geometry":{"type":"Polygon","coordinates":[[[-4.77693,37.8882565],[-4.7769109,37.8882536],[-4.7768911,37.8882536],[-4.7768773,37.8882596],[-4.7768678,37.8882677],[-4.7768609,37.8882762],[-4.7768569,37.8882895],[-4.7769193,37.8882991],[-4.77693,37.8882565]]]}},{"type":"Feature","properties":{"osm":584138499},"geometry":{"type":"Polygon","coordinates":[[[-4.7768519,37.8882886],[-4.776855,37.8882772],[-4.7768545,37.8882663],[-4.7768521,37.8882569],[-4.7768463,37.8882484],[-4.7768372,37.8882414],[-4.7768201,37.888234],[-4.7768009,37.8882303],[-4.7767888,37.8882788],[-4.7768519,37.8882886]]]}},{"type":"Feature","properties":{"osm":584138500},"geometry":{"type":"Polygon","coordinates":[[[-4.7768801,37.8881815],[-4.7768766,37.8881941],[-4.7768688,37.8882065],[-4.7768602,37.8882137],[-4.776848,37.8882197],[-4.7768332,37.8882229],[-4.7768174,37.888222],[-4.7768036,37.8882194],[-4.7768156,37.8881714],[-4.7768801,37.8881815]]]}},{"type":"Feature","properties":{"osm":586371510},"geometry":{"type":"Polygon","coordinates":[[[-4.7563553,37.88273],[-4.7565443,37.882815],[-4.7575836,37.8813754],[-4.7576144,37.8813402],[-4.7576714,37.8813031],[-4.7577353,37.8812727],[-4.7578293,37.8812508],[-4.757884,37.8812508],[-4.7579502,37.8812569],[-4.758008,37.881269],[-4.7581428,37.8813304],[-4.7587511,37.8804841],[-4.7583481,37.8803148],[-4.7583984,37.8802401],[-4.7582073,37.8801523],[-4.7581206,37.880273],[-4.7580186,37.8804149],[-4.7578736,37.8806167],[-4.757789,37.8807345],[-4.7576498,37.8809283],[-4.7575889,37.881013],[-4.7563553,37.88273]]]}},{"type":"Feature","properties":{"osm":586685074},"geometry":{"type":"Polygon","coordinates":[[[-4.763135,37.8867393],[-4.7631447,37.8867149],[-4.7631677,37.8866842],[-4.7631943,37.8866534],[-4.7632516,37.886595],[-4.7632652,37.8865543],[-4.7632774,37.8865016],[-4.7632084,37.8864101],[-4.7626459,37.8858526],[-4.7625254,37.8857707],[-4.7623782,37.885726],[-4.762212,37.8857138],[-4.7610678,37.8856992],[-4.7610671,37.885752],[-4.7616227,37.8857593],[-4.7620598,37.8857652],[-4.76213,37.8857659],[-4.7621784,37.8857667],[-4.7621689,37.8858565],[-4.7621488,37.8858734],[-4.763135,37.8867393]]]}},{"type":"Feature","properties":{"osm":586685075},"geometry":{"type":"Polygon","coordinates":[[[-4.7631111,37.8867909],[-4.7631033,37.8868178],[-4.7630983,37.8868472],[-4.7630898,37.886876],[-4.7630831,37.88691],[-4.7630783,37.8869343],[-4.7630621,37.8869848],[-4.7630282,37.8870377],[-4.762982,37.8870942],[-4.7629697,37.8871069],[-4.7629104,37.8871684],[-4.762849,37.8872254],[-4.7628326,37.8872407],[-4.7627573,37.8873122],[-4.7627232,37.8873447],[-4.7626157,37.887431],[-4.7626138,37.8874781],[-4.7625657,37.8875179],[-4.762445,37.887414],[-4.7623988,37.8874486],[-4.7623264,37.8873933],[-4.7623534,37.8873717],[-4.7623826,37.8873975],[-4.7624808,37.8873233],[-4.7624924,37.8873334],[-4.7626214,37.8872355],[-4.7626099,37.8872255],[-4.7626345,37.8872057],[-4.7626049,37.8871814],[-4.7626364,37.8871565],[-4.7626565,37.887172],[-4.7626888,37.8871467],[-4.762668,37.8871288],[-4.7631111,37.8867909]]]}},{"type":"Feature","properties":{"osm":586685082},"geometry":{"type":"Polygon","coordinates":[[[-4.7620168,37.8859134],[-4.7618317,37.8860589],[-4.7611998,37.8865556],[-4.7610592,37.8865548],[-4.7610596,37.8865197],[-4.7610603,37.8863445],[-4.7610619,37.886133],[-4.7610643,37.8860971],[-4.761065,37.8859711],[-4.7610648,37.885897],[-4.7611448,37.8858993],[-4.7613409,37.8859018],[-4.7613888,37.8859037],[-4.7615813,37.8859054],[-4.7616424,37.8859069],[-4.7620168,37.8859134]]]}},{"type":"Feature","properties":{"osm":586692700},"geometry":{"type":"Polygon","coordinates":[[[-4.7595248,37.8954505],[-4.7598401,37.8954829],[-4.7598654,37.8953372],[-4.7596488,37.8953123],[-4.7596287,37.895315],[-4.7596059,37.8953213],[-4.7595784,37.895333],[-4.7595589,37.8953483],[-4.7595446,37.8953641],[-4.7595375,37.8953877],[-4.7595248,37.8954505]]]}},{"type":"Feature","properties":{"osm":586715904},"geometry":{"type":"Polygon","coordinates":[[[-4.7810308,37.9023479],[-4.7810767,37.9023616],[-4.7811205,37.9023729],[-4.7811623,37.9023815],[-4.7812052,37.9023868],[-4.7812087,37.9022336],[-4.7810308,37.9023479]]]}},{"type":"Feature","properties":{"osm":587234874},"geometry":{"type":"Polygon","coordinates":[[[-4.7772181,37.8918068],[-4.7772389,37.89165],[-4.777113,37.8916582],[-4.7770692,37.891662],[-4.7769776,37.89167],[-4.7769794,37.8916758],[-4.7764926,37.8917239],[-4.776477,37.8917255],[-4.7764777,37.8917309],[-4.7763598,37.8917425],[-4.7763656,37.8917789],[-4.7772181,37.8918068]]]}},{"type":"Feature","properties":{"osm":593487522},"geometry":{"type":"Polygon","coordinates":[[[-4.7950695,37.8805292],[-4.7948372,37.8806094],[-4.7950053,37.8808701],[-4.7947858,37.8809457],[-4.7949224,37.8811742],[-4.7953486,37.881012],[-4.7950695,37.8805292]]]}},{"type":"Feature","properties":{"osm":595612507},"geometry":{"type":"Polygon","coordinates":[[[-4.7738447,37.8614224],[-4.7741095,37.8619587],[-4.7733964,37.8621794],[-4.7733869,37.8621803],[-4.7733767,37.8621791],[-4.7733646,37.8621736],[-4.7732482,37.8621196],[-4.7732416,37.8621154],[-4.7732407,37.8621101],[-4.773242,37.8621045],[-4.773265,37.8620808],[-4.7732774,37.8620661],[-4.7732942,37.8620448],[-4.773304,37.8620263],[-4.7733168,37.861998],[-4.7733239,37.8619753],[-4.7733292,37.8619456],[-4.7733367,37.8619257],[-4.7733588,37.8618849],[-4.7733938,37.8618297],[-4.7734557,37.8617476],[-4.7735331,37.861654],[-4.7736459,37.861531],[-4.7736827,37.8614986],[-4.7737295,37.8614685],[-4.7737844,37.8614423],[-4.7738447,37.8614224]]]}},{"type":"Feature","properties":{"osm":597864861},"geometry":{"type":"Polygon","coordinates":[[[-4.7817467,37.8717388],[-4.7817668,37.8717422],[-4.7817618,37.8717251],[-4.7817739,37.8717276],[-4.7817819,37.8717383],[-4.7817953,37.8717471],[-4.7818081,37.8717456],[-4.7818112,37.8717372],[-4.7818024,37.8717338],[-4.7818012,37.8717238],[-4.7818297,37.8717162],[-4.7818505,37.8716941],[-4.781868,37.8716672],[-4.7818997,37.8716313],[-4.7819399,37.8716046],[-4.781964,37.8715781],[-4.7819774,37.8715573],[-4.7819994,37.8715452],[-4.782003,37.8715364],[-4.7819847,37.8715219],[-4.781976,37.8714743],[-4.7819565,37.8714669],[-4.7819153,37.8714704],[-4.7818854,37.8714951],[-4.7818505,37.8715326],[-4.781812,37.8715648],[-4.7817865,37.8715941],[-4.7817507,37.8716243],[-4.7817208,37.8716571],[-4.7817261,37.8716691],[-4.781696,37.8716821],[-4.7816907,37.8717006],[-4.7817191,37.8716972],[-4.7817391,37.8717103],[-4.7817259,37.8717248],[-4.7817298,37.8717388],[-4.7817467,37.8717388]]]}},{"type":"Feature","properties":{"osm":597864863},"geometry":{"type":"Polygon","coordinates":[[[-4.7821419,37.8719394],[-4.7821545,37.8719593],[-4.782163,37.8719615],[-4.7821682,37.8719588],[-4.7821838,37.8719382],[-4.7821864,37.8719266],[-4.7821734,37.8719075],[-4.782157,37.8718593],[-4.7821601,37.8718415],[-4.7821516,37.8718421],[-4.7821377,37.8718534],[-4.7821357,37.871862],[-4.7821443,37.8719072],[-4.7821419,37.8719394]]]}},{"type":"Feature","properties":{"osm":597864864},"geometry":{"type":"Polygon","coordinates":[[[-4.7825556,37.8717135],[-4.7825426,37.8717037],[-4.7824999,37.8717039],[-4.7824747,37.8717243],[-4.7824574,37.8717487],[-4.782421,37.8717707],[-4.7823817,37.8717811],[-4.7823521,37.8718496],[-4.7822652,37.8719531],[-4.7822621,37.8719737],[-4.7822822,37.8719918],[-4.7822222,37.8719953],[-4.782213,37.8720077],[-4.7821937,37.8720206],[-4.7821917,37.872034],[-4.7821825,37.8720484],[-4.7821729,37.8720823],[-4.7821388,37.8720824],[-4.7821316,37.8720898],[-4.7820728,37.8720851],[-4.7820245,37.8720683],[-4.7820032,37.8720715],[-4.7819767,37.8721182],[-4.781946,37.8721222],[-4.7819361,37.8721616],[-4.7819415,37.8721803],[-4.7819157,37.8722197],[-4.7819212,37.8722314],[-4.7818902,37.8722487],[-4.7818601,37.8722507],[-4.7818417,37.8722695],[-4.7818442,37.8722987],[-4.7818724,37.8723059],[-4.7818973,37.8723029],[-4.7819024,37.8722805],[-4.7819311,37.8722674],[-4.781988,37.8722589],[-4.7820163,37.8722494],[-4.7820326,37.8722041],[-4.7821281,37.8721754],[-4.7821712,37.8721815],[-4.7821667,37.8721923],[-4.7821558,37.8721962],[-4.7821498,37.8722023],[-4.7821827,37.8722084],[-4.7822024,37.8721918],[-4.7822037,37.8721719],[-4.7822189,37.8721576],[-4.7822062,37.872129],[-4.7822248,37.8721168],[-4.7822259,37.8721016],[-4.7822157,37.872091],[-4.782218,37.8720811],[-4.7822383,37.8720779],[-4.7822466,37.8720859],[-4.7822658,37.8720833],[-4.7822734,37.8720754],[-4.7822964,37.8720663],[-4.7823069,37.8720587],[-4.7823362,37.8720601],[-4.7823487,37.8720509],[-4.782323,37.8720222],[-4.7823513,37.8720114],[-4.7823451,37.8719978],[-4.7823748,37.8719583],[-4.7824252,37.8719249],[-4.7824735,37.871881],[-4.782497,37.8718399],[-4.7825154,37.8718091],[-4.7825584,37.8718034],[-4.7825676,37.8717919],[-4.7825679,37.8717617],[-4.7825795,37.8717447],[-4.7825794,37.8717338],[-4.7825632,37.8717268],[-4.7825556,37.8717135]]]}},{"type":"Feature","properties":{"osm":597864865},"geometry":{"type":"Polygon","coordinates":[[[-4.7822907,37.8722742],[-4.7823246,37.8722981],[-4.7823873,37.8723056],[-4.7824081,37.8722999],[-4.7824148,37.8722935],[-4.7824609,37.8722852],[-4.7825235,37.872261],[-4.7825123,37.8722451],[-4.7825723,37.8722288],[-4.782569,37.8721937],[-4.782511,37.8722004],[-4.7825247,37.8721633],[-4.7826239,37.8721636],[-4.7827856,37.8719925],[-4.7828018,37.8719685],[-4.7827912,37.8719503],[-4.7828271,37.8719335],[-4.7828509,37.8719088],[-4.7828437,37.8718887],[-4.7827913,37.8718735],[-4.7827867,37.8718676],[-4.7827573,37.8718566],[-4.782714,37.8718839],[-4.7826477,37.8719139],[-4.7826036,37.871951],[-4.782521,37.8720611],[-4.7824997,37.8720883],[-4.7824862,37.8721156],[-4.7825037,37.8721456],[-4.7824828,37.8721616],[-4.7824769,37.872195],[-4.782414,37.8722119],[-4.7823703,37.8721968],[-4.7823446,37.8721593],[-4.782337,37.8721918],[-4.7823238,37.8722357],[-4.7822907,37.8722742]]]}},{"type":"Feature","properties":{"osm":597864866},"geometry":{"type":"Polygon","coordinates":[[[-4.7819888,37.8718368],[-4.7819773,37.8718476],[-4.7819586,37.8718568],[-4.7819449,37.8718882],[-4.7819916,37.8718812],[-4.7820135,37.8718738],[-4.7820384,37.8718741],[-4.7820439,37.8718619],[-4.7820396,37.8718537],[-4.7820615,37.8718514],[-4.7821141,37.8718031],[-4.7821586,37.8717764],[-4.7821634,37.8717596],[-4.7821928,37.8717182],[-4.7822302,37.8716929],[-4.7822452,37.8716787],[-4.7822515,37.8716601],[-4.7822881,37.8716375],[-4.7823192,37.8716086],[-4.7823545,37.8715924],[-4.782395,37.8715559],[-4.7824026,37.8715463],[-4.782419,37.8714976],[-4.7824171,37.8714871],[-4.7824079,37.8714808],[-4.7823848,37.8714858],[-4.7823555,37.8715081],[-4.7823286,37.8715435],[-4.7823002,37.8715881],[-4.782261,37.8716274],[-4.7822339,37.8716437],[-4.7822069,37.8716509],[-4.7821919,37.871637],[-4.7821797,37.8716359],[-4.7821763,37.8716231],[-4.7821833,37.8716124],[-4.7822117,37.8715932],[-4.78221,37.8715793],[-4.7822061,37.8715793],[-4.7821861,37.8715877],[-4.7821539,37.8715971],[-4.7821478,37.8715943],[-4.7821434,37.8715856],[-4.7821489,37.8715557],[-4.7821393,37.8715414],[-4.7821497,37.8715371],[-4.7821691,37.8715509],[-4.7821855,37.8715523],[-4.7821893,37.8715454],[-4.7821878,37.8715384],[-4.7821723,37.8715235],[-4.782173,37.8715186],[-4.7821802,37.8715176],[-4.7821907,37.8715098],[-4.7821963,37.8715],[-4.7821926,37.8714778],[-4.7821809,37.871462],[-4.7821814,37.8714462],[-4.7821691,37.8714304],[-4.7821524,37.8714212],[-4.7821504,37.8714102],[-4.7821611,37.8714069],[-4.7821645,37.8714019],[-4.782163,37.8713866],[-4.7821586,37.8713823],[-4.7821624,37.8713588],[-4.7821595,37.8713516],[-4.7821516,37.8713575],[-4.7821462,37.8713747],[-4.7821476,37.8713868],[-4.7821377,37.8714112],[-4.7821213,37.8714147],[-4.7821162,37.8714213],[-4.7821181,37.8714407],[-4.7821236,37.8714461],[-4.7821384,37.8714503],[-4.7821409,37.8714623],[-4.7821494,37.8714703],[-4.7821343,37.8714719],[-4.7821283,37.8714805],[-4.7821203,37.8714787],[-4.7821103,37.8714812],[-4.7821103,37.8714894],[-4.7821184,37.871504],[-4.7821159,37.8715115],[-4.7821067,37.871518],[-4.7821314,37.8716305],[-4.7820565,37.8716998],[-4.7819981,37.8718269],[-4.7819888,37.8718368]]]}},{"type":"Feature","properties":{"osm":597864872},"geometry":{"type":"Polygon","coordinates":[[[-4.7810589,37.8723224],[-4.7809808,37.8723725],[-4.780876,37.8724478],[-4.780769,37.8725704],[-4.7806648,37.8726871],[-4.7806149,37.8727685],[-4.7806287,37.872794],[-4.7806074,37.8728568],[-4.7805617,37.8729058],[-4.7805825,37.8729541],[-4.780624,37.8729501],[-4.7807181,37.8728767],[-4.7808672,37.8726822],[-4.7809638,37.8725504],[-4.7810402,37.8724488],[-4.7810504,37.8724003],[-4.7810712,37.872358],[-4.7810691,37.8723294],[-4.7810589,37.8723224]]]}},{"type":"Feature","properties":{"osm":597864877},"geometry":{"type":"Polygon","coordinates":[[[-4.7780664,37.8753678],[-4.7780926,37.8753321],[-4.7781631,37.8752401],[-4.778362,37.8752501],[-4.7783819,37.875299],[-4.7786237,37.8752946],[-4.7790657,37.8749302],[-4.7793415,37.8746326],[-4.7796338,37.874269],[-4.7799653,37.8739279],[-4.7801154,37.8736931],[-4.7802209,37.8735455],[-4.7800921,37.8736309],[-4.7799755,37.8737465],[-4.7799046,37.8738782],[-4.779702,37.8740865],[-4.7795426,37.8742046],[-4.7792588,37.8743817],[-4.778991,37.8744869],[-4.7788789,37.8745586],[-4.7788697,37.8745323],[-4.7787839,37.8745865],[-4.7787638,37.874572],[-4.7787309,37.8745979],[-4.7787382,37.8746097],[-4.7787255,37.8746183],[-4.7786895,37.874618],[-4.7786814,37.8746457],[-4.7786487,37.8746318],[-4.7786313,37.8746484],[-4.7785018,37.8747749],[-4.7783347,37.8748272],[-4.7781435,37.8750077],[-4.7780666,37.8750197],[-4.7780062,37.8749724],[-4.7778616,37.8749851],[-4.7777642,37.8750954],[-4.7777493,37.8752075],[-4.7776855,37.8753249],[-4.7775727,37.8752676],[-4.777407,37.8752691],[-4.7773495,37.8753111],[-4.7772698,37.875457],[-4.7773153,37.8755435],[-4.777587,37.8756463],[-4.7776665,37.875623],[-4.7776919,37.8756869],[-4.7777296,37.875716],[-4.777798,37.8757279],[-4.7778529,37.8757184],[-4.7779412,37.8756871],[-4.778044,37.875619],[-4.7780671,37.8755529],[-4.7780308,37.8754165],[-4.7780664,37.8753678]]]}},{"type":"Feature","properties":{"osm":597864883},"geometry":{"type":"Polygon","coordinates":[[[-4.7786418,37.8745774],[-4.7786417,37.8745697],[-4.778568,37.8745637],[-4.7784674,37.8745765],[-4.778269,37.8746283],[-4.7781687,37.874683],[-4.7781338,37.8747144],[-4.7781259,37.8747488],[-4.7781297,37.8747737],[-4.778146,37.8747995],[-4.7782315,37.8748316],[-4.7782797,37.8748254],[-4.7782984,37.8747988],[-4.778374,37.8747644],[-4.7785128,37.8746911],[-4.7785679,37.8746442],[-4.7786029,37.8746115],[-4.7786418,37.8745774]]]}},{"type":"Feature","properties":{"osm":597866471},"geometry":{"type":"Polygon","coordinates":[[[-4.7823448,37.8704406],[-4.7822948,37.8705228],[-4.7822753,37.8705567],[-4.7822593,37.8705474],[-4.7822478,37.8705607],[-4.782238,37.8706009],[-4.7822216,37.8706202],[-4.7822283,37.870641],[-4.7822218,37.8706675],[-4.7822325,37.8706735],[-4.7822196,37.8706922],[-4.7822069,37.8706945],[-4.7821919,37.8707215],[-4.7822195,37.87078],[-4.7822631,37.8708398],[-4.7822974,37.8708415],[-4.7823615,37.8707844],[-4.7824853,37.8707693],[-4.7825683,37.8707357],[-4.7826469,37.8706873],[-4.782754,37.8705578],[-4.7827982,37.8705231],[-4.7828346,37.8704604],[-4.7828689,37.8704423],[-4.7829036,37.8704012],[-4.7829667,37.8703907],[-4.7830398,37.8703333],[-4.7831044,37.8703295],[-4.7831374,37.870308],[-4.7831503,37.8703327],[-4.7831468,37.8703687],[-4.7831698,37.8703698],[-4.7831817,37.8703926],[-4.7832216,37.8703902],[-4.7834022,37.8702201],[-4.7836446,37.8700305],[-4.7837472,37.8699708],[-4.7838357,37.8699055],[-4.7840143,37.8696171],[-4.7840605,37.8695277],[-4.7841155,37.8694536],[-4.7841454,37.8693786],[-4.7842757,37.8691725],[-4.7842876,37.8691283],[-4.7842761,37.8691008],[-4.7842325,37.8690995],[-4.7841868,37.8691142],[-4.7841283,37.8691369],[-4.7838411,37.8692649],[-4.7834867,37.8694415],[-4.7834098,37.869486],[-4.7833418,37.8695137],[-4.7831282,37.8696966],[-4.7829476,37.8698872],[-4.78288,37.8699126],[-4.7827269,37.8700406],[-4.7825896,37.8701665],[-4.7825395,37.8702419],[-4.7824727,37.8703163],[-4.7823847,37.8703893],[-4.7823448,37.8704406]]]}},{"type":"Feature","properties":{"osm":599392090},"geometry":{"type":"Polygon","coordinates":[[[-4.7934205,37.8859749],[-4.7931094,37.8861076],[-4.7931135,37.8859547],[-4.7934205,37.8859749]]]}},{"type":"Feature","properties":{"osm":600800860},"geometry":{"type":"Polygon","coordinates":[[[-4.785833,37.8756555],[-4.7860733,37.8756859],[-4.7861203,37.8756658],[-4.7861326,37.8755327],[-4.7859131,37.8754889],[-4.785833,37.8756555]]]}},{"type":"Feature","properties":{"osm":601291313},"geometry":{"type":"Polygon","coordinates":[[[-4.7723873,37.8790366],[-4.7724498,37.8788922],[-4.7718452,37.8787173],[-4.7718191,37.8787864],[-4.771985,37.8788895],[-4.772168,37.8789703],[-4.7723873,37.8790366]]]}},{"type":"Feature","properties":{"osm":603055587},"geometry":{"type":"Polygon","coordinates":[[[-4.8039173,37.8869062],[-4.8038096,37.886672],[-4.8024781,37.8870554],[-4.8025838,37.887288],[-4.8039173,37.8869062]]]}},{"type":"Feature","properties":{"osm":603055591},"geometry":{"type":"Polygon","coordinates":[[[-4.803679,37.8863832],[-4.8035693,37.8861458],[-4.8022309,37.8865274],[-4.8023415,37.8867634],[-4.803679,37.8863832]]]}},{"type":"Feature","properties":{"osm":603055595},"geometry":{"type":"Polygon","coordinates":[[[-4.8051772,37.8859401],[-4.8050752,37.8857072],[-4.8037395,37.8860904],[-4.8038495,37.8863317],[-4.8051772,37.8859401]]]}},{"type":"Feature","properties":{"osm":603055599},"geometry":{"type":"Polygon","coordinates":[[[-4.8054212,37.8864693],[-4.8053193,37.8862322],[-4.8039782,37.8866153],[-4.8040882,37.8868482],[-4.8054212,37.8864693]]]}},{"type":"Feature","properties":{"osm":603055603},"geometry":{"type":"Polygon","coordinates":[[[-4.805491,37.8861877],[-4.8055983,37.8864121],[-4.8069233,37.8860353],[-4.8068187,37.8857898],[-4.805491,37.8861877]]]}},{"type":"Feature","properties":{"osm":603055604},"geometry":{"type":"Polygon","coordinates":[[[-4.8066846,37.8855103],[-4.8065826,37.8852732],[-4.8052496,37.8856606],[-4.8053569,37.8858914],[-4.8066846,37.8855103]]]}},{"type":"Feature","properties":{"osm":603055611},"geometry":{"type":"Polygon","coordinates":[[[-4.8066661,37.8846131],[-4.8067215,37.884663],[-4.8067952,37.8847445],[-4.8068824,37.8848779],[-4.8070031,37.8851467],[-4.8070822,37.8853563],[-4.8071506,37.885568],[-4.8072338,37.885822],[-4.8073102,37.8860718],[-4.8073598,37.8861544],[-4.8074161,37.8862083],[-4.8074698,37.8862528],[-4.8074939,37.8862655],[-4.8074269,37.8863078],[-4.8073679,37.8863671],[-4.807333,37.8864063],[-4.8073156,37.886456],[-4.8072096,37.8861999],[-4.8071721,37.8861374],[-4.8069414,37.8856368],[-4.8067751,37.885279],[-4.8066236,37.884952],[-4.8065444,37.8847932],[-4.8064653,37.8847106],[-4.8063111,37.8845889],[-4.8064438,37.8845964],[-4.8066661,37.8846131]]]}},{"type":"Feature","properties":{"osm":603117236},"geometry":{"type":"Polygon","coordinates":[[[-4.7845822,37.8727694],[-4.7845932,37.8727558],[-4.7844835,37.8726975],[-4.7844676,37.872695],[-4.7844503,37.8726992],[-4.7844313,37.87271],[-4.7844101,37.8727299],[-4.7844017,37.8727502],[-4.784399,37.8727767],[-4.7844047,37.872804],[-4.7844189,37.8728365],[-4.784437,37.87287],[-4.7844698,37.8729101],[-4.7845016,37.8729433],[-4.7845379,37.8729751],[-4.7845817,37.8729999],[-4.7848961,37.8731709],[-4.7850536,37.8732603],[-4.7851898,37.873349],[-4.7853066,37.8734307],[-4.7854393,37.8735348],[-4.7855756,37.87365],[-4.7856942,37.8737652],[-4.7858304,37.8739105],[-4.7859233,37.8740327],[-4.7860233,37.8741675],[-4.7861074,37.8742974],[-4.7861746,37.8744155],[-4.7862073,37.8744546],[-4.7862401,37.8744804],[-4.7862808,37.8744958],[-4.786333,37.8745028],[-4.7863542,37.8744972],[-4.7863905,37.8744804],[-4.7864126,37.8744665],[-4.7864201,37.8744495],[-4.7863706,37.8743355],[-4.7863354,37.8742736],[-4.7863159,37.8742464],[-4.7862483,37.874138],[-4.7861595,37.8740099],[-4.7860755,37.8739011],[-4.7860045,37.8738052],[-4.7858762,37.8736601],[-4.7857358,37.8735157],[-4.7855735,37.8733677],[-4.7854176,37.8732468],[-4.7852921,37.8731704],[-4.7851507,37.8730832],[-4.7849822,37.8729914],[-4.7845822,37.8727694]]]}},{"type":"Feature","properties":{"osm":604042239},"geometry":{"type":"Polygon","coordinates":[[[-4.7666236,37.8974444],[-4.7666444,37.8973698],[-4.7666022,37.8973602],[-4.7665552,37.8973375],[-4.7664855,37.8972179],[-4.7664452,37.8970756],[-4.7663245,37.8971899],[-4.7663118,37.8972052],[-4.7663038,37.8972243],[-4.7662991,37.8972465],[-4.7662984,37.8972708],[-4.7663017,37.8972967],[-4.7663105,37.8973221],[-4.7663266,37.8973444],[-4.766348,37.8973677],[-4.7663701,37.8973846],[-4.766397,37.8974015],[-4.7664191,37.8974116],[-4.7664526,37.8974195],[-4.7666236,37.8974444]]]}},{"type":"Feature","properties":{"osm":604042899},"geometry":{"type":"Polygon","coordinates":[[[-4.7683585,37.8974804],[-4.7683801,37.8974834],[-4.7684055,37.8974712],[-4.7684078,37.8974573],[-4.7683932,37.8974372],[-4.7675542,37.8967053],[-4.767532,37.896701],[-4.7675119,37.89671],[-4.7673423,37.8969005],[-4.7673349,37.8969132],[-4.7673382,37.8969249],[-4.7673517,37.8969365],[-4.7683585,37.8974804]]]}},{"type":"Feature","properties":{"osm":604042900},"geometry":{"type":"Polygon","coordinates":[[[-4.7682206,37.8975526],[-4.7682511,37.8975173],[-4.7678219,37.8972934],[-4.7678359,37.8972741],[-4.7674845,37.8970861],[-4.7671459,37.8968991],[-4.7671062,37.8969396],[-4.7668015,37.8967729],[-4.7666801,37.896888],[-4.766784,37.8970751],[-4.7669113,37.8970705],[-4.76693,37.8972188],[-4.7669778,37.897298],[-4.7669498,37.89731],[-4.7669743,37.8973542],[-4.766923,37.8973754],[-4.7669813,37.8974777],[-4.7670012,37.8974952],[-4.7670245,37.8975072],[-4.7673468,37.8975569],[-4.7676246,37.8975818],[-4.7678266,37.8975873],[-4.7680239,37.8975762],[-4.7682206,37.8975526]]]}},{"type":"Feature","properties":{"osm":604042901},"geometry":{"type":"Polygon","coordinates":[[[-4.7689759,37.8936213],[-4.7690908,37.8936798],[-4.7661497,37.8970521],[-4.7660959,37.8971045],[-4.7660492,37.8971367],[-4.7659932,37.8971551],[-4.7659302,37.8971653],[-4.7658683,37.8971653],[-4.7658041,37.8971727],[-4.7657445,37.8971837],[-4.7656908,37.8972031],[-4.7656359,37.8972362],[-4.7655927,37.8972602],[-4.7655507,37.8972758],[-4.765518,37.8972851],[-4.7654993,37.8972519],[-4.7655624,37.897239],[-4.7656313,37.8972196],[-4.7656943,37.8971938],[-4.7657749,37.8971598],[-4.7658426,37.89711],[-4.7659302,37.897028],[-4.7659862,37.8970529],[-4.7689759,37.8936213]]]}},{"type":"Feature","properties":{"osm":604654457},"geometry":{"type":"Polygon","coordinates":[[[-4.7644455,37.8972124],[-4.7644654,37.8972142],[-4.7644708,37.8972114],[-4.7644725,37.8972044],[-4.7644619,37.8971981],[-4.7643159,37.8971157],[-4.7643102,37.8971576],[-4.7632669,37.8970303],[-4.7632714,37.8970751],[-4.7632733,37.8970934],[-4.7632987,37.8970962],[-4.7633225,37.8970964],[-4.7633539,37.8970922],[-4.7633875,37.897088],[-4.7634366,37.8970891],[-4.7634964,37.8970939],[-4.76363,37.89711],[-4.763922,37.8971463],[-4.7644455,37.8972124]]]}},{"type":"Feature","properties":{"osm":604654458},"geometry":{"type":"Polygon","coordinates":[[[-4.7619359,37.8968872],[-4.7619457,37.89683],[-4.7617645,37.8968105],[-4.7617571,37.8968132],[-4.7617538,37.89682],[-4.7617531,37.896828],[-4.7617618,37.8968349],[-4.7619409,37.8969163],[-4.7619898,37.8969306],[-4.7620535,37.896946],[-4.7621045,37.896955],[-4.7621219,37.8969534],[-4.7621407,37.8969455],[-4.7622191,37.8968714],[-4.7622218,37.896865],[-4.7622118,37.8968618],[-4.7621391,37.8968531],[-4.7621275,37.8969091],[-4.7619359,37.8968872]]]}},{"type":"Feature","properties":{"osm":604654459},"geometry":{"type":"Polygon","coordinates":[[[-4.7618317,37.8969226],[-4.7617007,37.8968624],[-4.7615936,37.8968235],[-4.7614727,37.8967895],[-4.7613541,37.8967652],[-4.7612461,37.8967459],[-4.7612371,37.8968041],[-4.7578617,37.8963986],[-4.7578737,37.8963422],[-4.7576275,37.8963108],[-4.7576894,37.8964113],[-4.7577104,37.896426],[-4.7577571,37.8964343],[-4.7618317,37.8969226]]]}},{"type":"Feature","properties":{"osm":604654460},"geometry":{"type":"Polygon","coordinates":[[[-4.7569733,37.8962732],[-4.7569228,37.8963109],[-4.7569166,37.89632],[-4.7569157,37.8963312],[-4.7569237,37.8963375],[-4.7575599,37.8964136],[-4.7575731,37.8964136],[-4.7575829,37.8964066],[-4.7575855,37.896394],[-4.7575439,37.8963319],[-4.7575307,37.8963228],[-4.7575068,37.8963151],[-4.7570378,37.8962558],[-4.7570175,37.8962558],[-4.7569936,37.8962607],[-4.7569733,37.8962732]]]}},{"type":"Feature","properties":{"osm":605271747},"geometry":{"type":"Polygon","coordinates":[[[-4.7885976,37.897093],[-4.7882264,37.8970238],[-4.7880723,37.8969897],[-4.7879768,37.8969581],[-4.7879121,37.8969387],[-4.7878686,37.8969414],[-4.7878439,37.8969572],[-4.7878393,37.8969803],[-4.7878454,37.8970022],[-4.7878778,37.8969937],[-4.7882675,37.8975723],[-4.7882398,37.8975808],[-4.7882614,37.8976185],[-4.7882814,37.8976428],[-4.7883091,37.8976659],[-4.7883461,37.8976708],[-4.7899803,37.8977666],[-4.7900504,37.8977629],[-4.7901111,37.8977463],[-4.7901508,37.8977187],[-4.7901835,37.8976708],[-4.7902255,37.8976284],[-4.7903143,37.8975768],[-4.790382,37.897551],[-4.7904193,37.8975141],[-4.7904333,37.8974699],[-4.790438,37.8973907],[-4.7904473,37.8972986],[-4.7904644,37.8969905],[-4.7903726,37.896993],[-4.7902013,37.8970194],[-4.7900644,37.8970611],[-4.7899527,37.897103],[-4.7898649,37.8971417],[-4.789823,37.8970803],[-4.78967,37.8971284],[-4.7896381,37.8971304],[-4.7893609,37.8970292],[-4.7891281,37.8970885],[-4.7887008,37.897188],[-4.7886833,37.8971692],[-4.7886596,37.8971616],[-4.7886354,37.8971622],[-4.7885976,37.897093]]]}},{"type":"Feature","properties":{"osm":605291390},"geometry":{"type":"Polygon","coordinates":[[[-4.7568576,37.8962228],[-4.7568568,37.8962332],[-4.7567444,37.8963116],[-4.753952,37.8959808],[-4.7539258,37.8959723],[-4.7539027,37.8959553],[-4.7538534,37.8958897],[-4.7538503,37.8958775],[-4.7538595,37.8958666],[-4.7538719,37.8958617],[-4.7540569,37.8958837],[-4.75405,37.8959256],[-4.7566334,37.896235],[-4.7566418,37.8961967],[-4.7568576,37.8962228]]]}},{"type":"Feature","properties":{"osm":605291391},"geometry":{"type":"Polygon","coordinates":[[[-4.7537581,37.8959561],[-4.7537709,37.8959561],[-4.7537856,37.8959508],[-4.753789,37.8959407],[-4.753785,37.8959275],[-4.7537461,37.8958862],[-4.7527604,37.8957597],[-4.7527154,37.8957703],[-4.7526866,37.8957867],[-4.7526678,37.8958026],[-4.7526678,37.8958116],[-4.7526739,37.8958195],[-4.7526839,37.8958259],[-4.7526993,37.8958285],[-4.7537581,37.8959561]]]}},{"type":"Feature","properties":{"osm":605291392},"geometry":{"type":"Polygon","coordinates":[[[-4.7524573,37.8958026],[-4.7524801,37.8958016],[-4.7525002,37.895792],[-4.7525874,37.8957338],[-4.7525927,37.8957243],[-4.7525887,37.8957116],[-4.7525686,37.8957052],[-4.7523916,37.8956777],[-4.7523822,37.8957211],[-4.7511054,37.8955708],[-4.7511122,37.8955317],[-4.7509713,37.8955137],[-4.7509351,37.8955137],[-4.7508895,37.8955253],[-4.7507997,37.8955666],[-4.7507903,37.8955761],[-4.7507809,37.8955973],[-4.7524573,37.8958026]]]}},{"type":"Feature","properties":{"osm":605291393},"geometry":{"type":"Polygon","coordinates":[[[-4.7508438,37.895873],[-4.7508238,37.8958681],[-4.7507991,37.8958499],[-4.7507868,37.8958231],[-4.750793,37.8958],[-4.7508176,37.8957769],[-4.7508515,37.8957672],[-4.7524201,37.895958],[-4.7524479,37.895964],[-4.752474,37.8959835],[-4.7524787,37.8960102],[-4.7524694,37.8960358],[-4.7524509,37.8960504],[-4.7524278,37.8960577],[-4.7524124,37.8960577],[-4.7523154,37.8960443],[-4.75232,37.8960102],[-4.7510537,37.8958534],[-4.7510475,37.8958984],[-4.7509457,37.8958857],[-4.7509517,37.8958477],[-4.7508485,37.8958336],[-4.7508438,37.895873]]]}},{"type":"Feature","properties":{"osm":605291394},"geometry":{"type":"Polygon","coordinates":[[[-4.752641,37.8960478],[-4.7526267,37.8960422],[-4.7526135,37.8960358],[-4.752583,37.8959989],[-4.752583,37.8959885],[-4.7525902,37.8959805],[-4.7526024,37.8959781],[-4.7536878,37.896108],[-4.753698,37.896116],[-4.7537021,37.8961264],[-4.753696,37.8961336],[-4.7536563,37.8961609],[-4.7536431,37.8961657],[-4.7536248,37.8961641],[-4.752641,37.8960478]]]}},{"type":"Feature","properties":{"osm":605291395},"geometry":{"type":"Polygon","coordinates":[[[-4.7539927,37.8962114],[-4.7539866,37.8962459],[-4.7537976,37.8962243],[-4.7537895,37.8962195],[-4.7537854,37.8962106],[-4.7537874,37.8962034],[-4.7538799,37.8961409],[-4.7538982,37.8961344],[-4.7539206,37.8961328],[-4.7542926,37.8961794],[-4.7543373,37.8961994],[-4.754381,37.8962259],[-4.7544125,37.8962507],[-4.7544521,37.8962965],[-4.7544501,37.8963029],[-4.7544369,37.8963029],[-4.7543241,37.8962868],[-4.7543322,37.896254],[-4.7539927,37.8962114]]]}},{"type":"Feature","properties":{"osm":605291396},"geometry":{"type":"Polygon","coordinates":[[[-4.7544857,37.8962042],[-4.7544776,37.896209],[-4.754567,37.8963205],[-4.7547357,37.8963422],[-4.7548191,37.8963181],[-4.7551494,37.896359],[-4.7552612,37.8964015],[-4.7554929,37.8964328],[-4.755501,37.8963927],[-4.7565835,37.8965218],[-4.7565774,37.8965603],[-4.7567674,37.8965844],[-4.7567796,37.8965804],[-4.7567878,37.8965708],[-4.7567857,37.8965619],[-4.7567308,37.8964865],[-4.7567207,37.8964753],[-4.7567024,37.8964673],[-4.7544857,37.8962042]]]}},{"type":"Feature","properties":{"osm":605296275},"geometry":{"type":"Polygon","coordinates":[[[-4.7574987,37.8965617],[-4.7575133,37.8965653],[-4.7575194,37.8965744],[-4.7575179,37.896586],[-4.7575064,37.8965951],[-4.7574617,37.8966237],[-4.7574455,37.8966297],[-4.7574262,37.896631],[-4.7574139,37.8966303],[-4.7569117,37.8965702],[-4.7568963,37.8965659],[-4.7568801,37.8965568],[-4.7568709,37.8965483],[-4.7568424,37.89651],[-4.7568408,37.8965009],[-4.7568432,37.8964918],[-4.7568509,37.8964881],[-4.7568632,37.8964839],[-4.7568817,37.8964851],[-4.7574987,37.8965617]]]}},{"type":"Feature","properties":{"osm":605296276},"geometry":{"type":"Polygon","coordinates":[[[-4.7578079,37.8966407],[-4.7577947,37.8967064],[-4.7575927,37.8966827],[-4.7575835,37.8966803],[-4.7575769,37.8966755],[-4.7575759,37.8966699],[-4.7575774,37.8966639],[-4.7575815,37.8966591],[-4.7576684,37.8965949],[-4.7576902,37.8965881],[-4.7577121,37.8965873],[-4.7577344,37.8965905],[-4.7621405,37.8971214],[-4.7621673,37.8971255],[-4.7621854,37.897132],[-4.7621989,37.8971449],[-4.762245,37.8972223],[-4.7622497,37.8972333],[-4.7622456,37.8972388],[-4.7622386,37.8972407],[-4.7621698,37.8972301],[-4.7621816,37.8971657],[-4.7609568,37.8970189],[-4.7609454,37.8970828],[-4.7608568,37.8970712],[-4.7608697,37.8970095],[-4.7578079,37.8966407]]]}},{"type":"Feature","properties":{"osm":605296277},"geometry":{"type":"Polygon","coordinates":[[[-4.763105,37.8969713],[-4.7631563,37.8969824],[-4.763175,37.8969934],[-4.7631879,37.8970183],[-4.7631972,37.8970736],[-4.7631844,37.8970819],[-4.7623414,37.8969814],[-4.7623332,37.8969695],[-4.7623449,37.8969566],[-4.7623928,37.8969216],[-4.7624617,37.8968902],[-4.7625738,37.8969059],[-4.7625621,37.8969584],[-4.7629987,37.8970146],[-4.7630116,37.8969575],[-4.763105,37.8969713]]]}},{"type":"Feature","properties":{"osm":605296278},"geometry":{"type":"Polygon","coordinates":[[[-4.7622959,37.8971344],[-4.7623309,37.8972062],[-4.7623508,37.897221],[-4.762389,37.897239],[-4.7623966,37.8971857],[-4.7626985,37.8972205],[-4.7626844,37.8972892],[-4.7630174,37.8973269],[-4.7630956,37.8972965],[-4.7631283,37.8972717],[-4.7631505,37.8972514],[-4.7631575,37.8972385],[-4.7622959,37.8971344]]]}},{"type":"Feature","properties":{"osm":605296279},"geometry":{"type":"Polygon","coordinates":[[[-4.763189,37.8973076],[-4.7632135,37.8972781],[-4.7632334,37.8972468],[-4.7633256,37.8972707],[-4.7634564,37.8973103],[-4.7635428,37.897326],[-4.7644768,37.8974402],[-4.7644756,37.8974485],[-4.7643904,37.8974743],[-4.7643192,37.8974882],[-4.7642748,37.8974835],[-4.7642841,37.897443],[-4.763189,37.8973076]]]}},{"type":"Feature","properties":{"osm":605297588},"geometry":{"type":"Polygon","coordinates":[[[-4.7672951,37.8977714],[-4.767291,37.8977922],[-4.7673754,37.8978644],[-4.767476,37.897967],[-4.7675868,37.8980954],[-4.7679517,37.8979695],[-4.7682729,37.8978516],[-4.7684507,37.8977794],[-4.7686982,37.8976787],[-4.7686953,37.8976721],[-4.768592,37.8977004],[-4.7684461,37.8977347],[-4.7681869,37.8977724],[-4.7679592,37.8977972],[-4.7676076,37.897798],[-4.7672951,37.8977714]]]}},{"type":"Feature","properties":{"osm":605297589},"geometry":{"type":"Polygon","coordinates":[[[-4.7677244,37.8982616],[-4.7676594,37.8981453],[-4.7677397,37.8981124],[-4.7677285,37.8980851],[-4.7679989,37.8979929],[-4.7682072,37.8979151],[-4.7684572,37.8978189],[-4.7687123,37.8977146],[-4.7688607,37.8976521],[-4.7690813,37.8975662],[-4.7692144,37.8975101],[-4.7701739,37.8971099],[-4.7707959,37.8968524],[-4.7718895,37.8963961],[-4.7727402,37.8960376],[-4.7727912,37.8961042],[-4.7728797,37.8960707],[-4.7729001,37.8960993],[-4.7677244,37.8982616]]]}},{"type":"Feature","properties":{"osm":605300321},"geometry":{"type":"Polygon","coordinates":[[[-4.7709616,37.8970692],[-4.7709838,37.8971042],[-4.7708005,37.897422],[-4.7706709,37.8973741],[-4.7690994,37.8980752],[-4.7688367,37.897973],[-4.7697859,37.8975759],[-4.7701105,37.8974276],[-4.7709616,37.8970692]]]}},{"type":"Feature","properties":{"osm":605300325},"geometry":{"type":"Polygon","coordinates":[[[-4.7693918,37.9008712],[-4.7693989,37.9009402],[-4.7694666,37.900943],[-4.7694747,37.9011227],[-4.769414,37.9011254],[-4.7694105,37.9012802],[-4.7694315,37.9013041],[-4.7694584,37.9013106],[-4.770027,37.9013032],[-4.769839,37.9009412],[-4.7697678,37.9009614],[-4.7696942,37.9009679],[-4.7696335,37.9009531],[-4.7695868,37.9009273],[-4.7695203,37.9008933],[-4.7694467,37.900873],[-4.7693918,37.9008712]]]}},{"type":"Feature","properties":{"osm":606647376},"geometry":{"type":"Polygon","coordinates":[[[-4.7524051,37.8872766],[-4.7518499,37.8873155],[-4.7517913,37.8872849],[-4.7519777,37.887041],[-4.7520479,37.8870237],[-4.7524229,37.8872188],[-4.7524051,37.8872766]]]}},{"type":"Feature","properties":{"osm":606647389},"geometry":{"type":"Polygon","coordinates":[[[-4.7558,37.886243],[-4.7554005,37.8860616],[-4.7555592,37.8858399],[-4.7559586,37.8860184],[-4.7558,37.886243]]]}},{"type":"Feature","properties":{"osm":606656691},"geometry":{"type":"Polygon","coordinates":[[[-4.7588294,37.8879364],[-4.7584039,37.8881469],[-4.7576418,37.8870718],[-4.7577943,37.8870221],[-4.7588294,37.8879364]]]}},{"type":"Feature","properties":{"osm":606656693},"geometry":{"type":"Polygon","coordinates":[[[-4.7582949,37.8869762],[-4.7583987,37.8866055],[-4.7574513,37.8868062],[-4.7575624,37.8869615],[-4.7576799,37.8869315],[-4.7582949,37.8869762]]]}},{"type":"Feature","properties":{"osm":606688076},"geometry":{"type":"Polygon","coordinates":[[[-4.7564317,37.8870317],[-4.756461,37.887025],[-4.7564863,37.8870116],[-4.7565052,37.8869927],[-4.7565157,37.8869701],[-4.7565169,37.886946],[-4.7565087,37.8869229],[-4.7564918,37.8869028],[-4.756468,37.8868878],[-4.7564394,37.8868794],[-4.7564057,37.8868786],[-4.7563736,37.8868869],[-4.756347,37.8869033],[-4.7563291,37.8869259],[-4.756322,37.8869519],[-4.7563265,37.8869783],[-4.756342,37.887002],[-4.7563669,37.88702],[-4.756398,37.8870303],[-4.7564317,37.8870317]]]}},{"type":"Feature","properties":{"osm":606688077},"geometry":{"type":"Polygon","coordinates":[[[-4.7540272,37.8860075],[-4.7537885,37.8858975],[-4.7537447,37.8859869],[-4.7535777,37.8859119],[-4.7532505,37.8857661],[-4.7533098,37.8856832],[-4.753118,37.885599],[-4.7532395,37.885421],[-4.7534347,37.8855074],[-4.7534925,37.8854254],[-4.7538035,37.8855619],[-4.753819,37.8855688],[-4.7539912,37.8856461],[-4.7539296,37.8857228],[-4.7541333,37.8858194],[-4.7540272,37.8860075]]]}},{"type":"Feature","properties":{"osm":606757312},"geometry":{"type":"Polygon","coordinates":[[[-4.7577941,37.8852706],[-4.7577929,37.8853006],[-4.7577602,37.885301],[-4.7577579,37.8853167],[-4.757717,37.8853176],[-4.7577217,37.8854273],[-4.757682,37.8854254],[-4.7576855,37.8852678],[-4.7577941,37.8852706]]]}},{"type":"Feature","properties":{"osm":606757313},"geometry":{"type":"Polygon","coordinates":[[[-4.7578384,37.8852706],[-4.7578349,37.8853001],[-4.7578349,37.8853176],[-4.7578758,37.885313],[-4.7578781,37.8853674],[-4.7578676,37.8853683],[-4.7578664,37.8853922],[-4.7578478,37.8853904],[-4.7578478,37.8854466],[-4.7578984,37.8854494],[-4.7579003,37.8854079],[-4.7579201,37.8854042],[-4.7579295,37.8853904],[-4.7579494,37.8853909],[-4.7579482,37.8853646],[-4.7579073,37.8853637],[-4.757912,37.8852725],[-4.7578384,37.8852706]]]}},{"type":"Feature","properties":{"osm":606757314},"geometry":{"type":"Polygon","coordinates":[[[-4.757989,37.8853637],[-4.7579903,37.885392],[-4.7582097,37.8853978],[-4.7582097,37.8854171],[-4.7582214,37.8854153],[-4.7582179,37.8854549],[-4.7582716,37.8854549],[-4.7582704,37.8854024],[-4.7582424,37.8853996],[-4.7582435,37.8853102],[-4.7582562,37.8853108],[-4.7582564,37.885278],[-4.7582144,37.8852752],[-4.7582167,37.8853674],[-4.757989,37.8853637]]]}},{"type":"Feature","properties":{"osm":606757315},"geometry":{"type":"Polygon","coordinates":[[[-4.7582933,37.885277],[-4.7582891,37.8852973],[-4.7583685,37.8852983],[-4.7583661,37.8853204],[-4.7584093,37.8853194],[-4.7584065,37.8854579],[-4.758442,37.8854604],[-4.758442,37.885489],[-4.7584198,37.8854899],[-4.7584187,37.8855222],[-4.7583269,37.8855208],[-4.7583262,37.8855401],[-4.7584737,37.8855411],[-4.7584731,37.8854321],[-4.7584362,37.8854284],[-4.7584395,37.8852802],[-4.7582933,37.885277]]]}},{"type":"Feature","properties":{"osm":606757316},"geometry":{"type":"Polygon","coordinates":[[[-4.7582927,37.8855374],[-4.7582933,37.8855204],[-4.7582272,37.8855194],[-4.7582307,37.8854871],[-4.7582167,37.8854862],[-4.7582179,37.8855019],[-4.7581933,37.8855],[-4.7581933,37.8855194],[-4.7581605,37.8855188],[-4.7581612,37.885538],[-4.7582927,37.8855374]]]}},{"type":"Feature","properties":{"osm":606757317},"geometry":{"type":"Polygon","coordinates":[[[-4.7581284,37.8855353],[-4.7581277,37.8855183],[-4.757991,37.8855159],[-4.7579882,37.8855353],[-4.7581284,37.8855353]]]}},{"type":"Feature","properties":{"osm":606757318},"geometry":{"type":"Polygon","coordinates":[[[-4.757952,37.8855332],[-4.7579541,37.8855153],[-4.757926,37.8855148],[-4.7579236,37.8854982],[-4.7579085,37.8854973],[-4.7578968,37.8854835],[-4.7578875,37.8854807],[-4.7578851,37.8855139],[-4.7577938,37.8855134],[-4.7577931,37.8855342],[-4.757952,37.8855332]]]}},{"type":"Feature","properties":{"osm":606757319},"geometry":{"type":"Polygon","coordinates":[[[-4.7577589,37.8855132],[-4.7577582,37.8855337],[-4.7576704,37.8855321],[-4.7576761,37.885477],[-4.757696,37.8854779],[-4.7576983,37.8855129],[-4.7577589,37.8855132]]]}},{"type":"Feature","properties":{"osm":606757320},"geometry":{"type":"Polygon","coordinates":[[[-4.7581808,37.8853399],[-4.7581801,37.8853108],[-4.7581211,37.8853081],[-4.7581178,37.8853145],[-4.7581144,37.8853198],[-4.7581057,37.8853261],[-4.758099,37.8853293],[-4.758093,37.885333],[-4.7580876,37.8853362],[-4.7581808,37.8853399]]]}},{"type":"Feature","properties":{"osm":606757321},"geometry":{"type":"Polygon","coordinates":[[[-4.7580386,37.8853362],[-4.7579441,37.8853357],[-4.7579441,37.885306],[-4.7580031,37.885305],[-4.7580065,37.8853117],[-4.7580096,37.8853166],[-4.758014,37.8853212],[-4.7580202,37.885326],[-4.7580286,37.8853309],[-4.7580386,37.8853362]]]}},{"type":"Feature","properties":{"osm":606757322},"geometry":{"type":"Polygon","coordinates":[[[-4.7580067,37.8852689],[-4.7580104,37.8852607],[-4.7580162,37.8852553],[-4.7580223,37.8852508],[-4.7580298,37.8852466],[-4.7580394,37.8852417],[-4.7580419,37.8852384],[-4.757946,37.8852377],[-4.7579468,37.8852679],[-4.7580067,37.8852689]]]}},{"type":"Feature","properties":{"osm":606757323},"geometry":{"type":"Polygon","coordinates":[[[-4.7581822,37.8852701],[-4.7581827,37.8852414],[-4.7580902,37.885241],[-4.7580962,37.8852442],[-4.7581029,37.8852474],[-4.7581088,37.8852515],[-4.7581133,37.8852566],[-4.7581168,37.8852614],[-4.7581193,37.8852665],[-4.7581213,37.8852701],[-4.7581822,37.8852701]]]}},{"type":"Feature","properties":{"osm":606757324},"geometry":{"type":"Polygon","coordinates":[[[-4.758137,37.8852123],[-4.758137,37.8851833],[-4.7579365,37.8851812],[-4.757933,37.8851619],[-4.7579131,37.8851628],[-4.7579108,37.8851398],[-4.757891,37.8851361],[-4.7578933,37.8850928],[-4.7579085,37.885079],[-4.7579365,37.885078],[-4.7579365,37.8850568],[-4.7579652,37.8850572],[-4.7579652,37.8850322],[-4.7578732,37.885031],[-4.7578702,37.8852091],[-4.758137,37.8852123]]]}},{"type":"Feature","properties":{"osm":606757325},"geometry":{"type":"Polygon","coordinates":[[[-4.7580023,37.8850355],[-4.7581395,37.8850375],[-4.7581405,37.8850597],[-4.7580023,37.8850578],[-4.7580023,37.8850355]]]}},{"type":"Feature","properties":{"osm":606757326},"geometry":{"type":"Polygon","coordinates":[[[-4.7583042,37.8850399],[-4.7583041,37.8850645],[-4.7582389,37.8850624],[-4.7582015,37.8850605],[-4.7581761,37.8850602],[-4.7581761,37.8850371],[-4.7583042,37.8850399]]]}},{"type":"Feature","properties":{"osm":606757327},"geometry":{"type":"Polygon","coordinates":[[[-4.7581741,37.8851837],[-4.7581741,37.8852123],[-4.7583687,37.8852155],[-4.7583687,37.8852424],[-4.7584734,37.8852444],[-4.7584739,37.8852192],[-4.7585095,37.8852183],[-4.7585115,37.8851281],[-4.7584846,37.8851293],[-4.7584817,37.8852024],[-4.7584409,37.8852043],[-4.7584409,37.8852245],[-4.7584023,37.8852255],[-4.7584035,37.885172],[-4.7583369,37.885172],[-4.7583346,37.8851868],[-4.7582389,37.8851895],[-4.7582389,37.885169],[-4.7581992,37.8851683],[-4.7581992,37.885184],[-4.7581741,37.8851837]]]}},{"type":"Feature","properties":{"osm":606757328},"geometry":{"type":"Polygon","coordinates":[[[-4.7583357,37.8850395],[-4.7583357,37.8850656],[-4.7584047,37.8850679],[-4.7584057,37.8850387],[-4.7583357,37.8850395]]]}},{"type":"Feature","properties":{"osm":606757329},"geometry":{"type":"Polygon","coordinates":[[[-4.7584481,37.8850419],[-4.7585135,37.8850423],[-4.758513,37.8851064],[-4.7584855,37.8851064],[-4.7584876,37.885055],[-4.7584486,37.8850538],[-4.7584481,37.8850419]]]}},{"type":"Feature","properties":{"osm":606766186},"geometry":{"type":"Polygon","coordinates":[[[-4.7577939,37.8850048],[-4.757793,37.8849769],[-4.757724,37.8849755],[-4.7577258,37.885002],[-4.7577939,37.8850048]]]}},{"type":"Feature","properties":{"osm":606766187},"geometry":{"type":"Polygon","coordinates":[[[-4.7578284,37.8849776],[-4.7578284,37.8850027],[-4.7579655,37.8850034],[-4.7579646,37.8849776],[-4.7578284,37.8849776]]]}},{"type":"Feature","properties":{"osm":606766188},"geometry":{"type":"Polygon","coordinates":[[[-4.7580027,37.8849818],[-4.7580036,37.8850048],[-4.7581381,37.8850069],[-4.7581407,37.8849804],[-4.7580027,37.8849818]]]}},{"type":"Feature","properties":{"osm":606766189},"geometry":{"type":"Polygon","coordinates":[[[-4.7581805,37.8850083],[-4.758308,37.8850104],[-4.758308,37.884986],[-4.7581779,37.8849818],[-4.7581805,37.8850083]]]}},{"type":"Feature","properties":{"osm":606766190},"geometry":{"type":"Polygon","coordinates":[[[-4.758338,37.8849832],[-4.7585849,37.884988],[-4.7585858,37.8850153],[-4.7583371,37.8850125],[-4.758338,37.8849832]]]}},{"type":"Feature","properties":{"osm":606766195},"geometry":{"type":"Polygon","coordinates":[[[-4.7593167,37.8848422],[-4.7593167,37.8847936],[-4.7592807,37.8847936],[-4.7592801,37.8848418],[-4.7593167,37.8848422]]]}},{"type":"Feature","properties":{"osm":606766196},"geometry":{"type":"Polygon","coordinates":[[[-4.7593178,37.8847539],[-4.7593193,37.884707],[-4.7592827,37.884707],[-4.7592827,37.8847543],[-4.7593178,37.8847539]]]}},{"type":"Feature","properties":{"osm":606766197},"geometry":{"type":"Polygon","coordinates":[[[-4.7592395,37.8848406],[-4.759241,37.8847904],[-4.759206,37.8847908],[-4.7592054,37.8848394],[-4.7592395,37.8848406]]]}},{"type":"Feature","properties":{"osm":606766198},"geometry":{"type":"Polygon","coordinates":[[[-4.7592415,37.8847527],[-4.759241,37.8847054],[-4.759207,37.8847054],[-4.759206,37.8847511],[-4.7592415,37.8847527]]]}},{"type":"Feature","properties":{"osm":606766199},"geometry":{"type":"Polygon","coordinates":[[[-4.759491,37.8848685],[-4.759492,37.8848012],[-4.7594468,37.8848001],[-4.7594472,37.8848687],[-4.759491,37.8848685]]]}},{"type":"Feature","properties":{"osm":606766200},"geometry":{"type":"Polygon","coordinates":[[[-4.7594931,37.8847796],[-4.7594951,37.884705],[-4.7594478,37.8847027],[-4.7594468,37.88478],[-4.7594931,37.8847796]]]}},{"type":"Feature","properties":{"osm":606766201},"geometry":{"type":"Polygon","coordinates":[[[-4.7595134,37.8848686],[-4.7595561,37.8848684],[-4.7595568,37.8848015],[-4.7595154,37.8848021],[-4.7595134,37.8848686]]]}},{"type":"Feature","properties":{"osm":606766202},"geometry":{"type":"Polygon","coordinates":[[[-4.7595571,37.8847779],[-4.7595584,37.8847104],[-4.759517,37.8847086],[-4.7595166,37.8847788],[-4.7595571,37.8847779]]]}},{"type":"Feature","properties":{"osm":606766218},"geometry":{"type":"Polygon","coordinates":[[[-4.7496864,37.8924703],[-4.7496934,37.8924416],[-4.7497209,37.8924228],[-4.7497395,37.8924151],[-4.7497262,37.8922796],[-4.7495758,37.8922887],[-4.7495209,37.892508],[-4.7496864,37.8924703]]]}},{"type":"Feature","properties":{"osm":606766219},"geometry":{"type":"Polygon","coordinates":[[[-4.7496926,37.8925052],[-4.7497014,37.8925171],[-4.7497156,37.8925345],[-4.7497333,37.8925352],[-4.7497465,37.8925359],[-4.7497793,37.8926839],[-4.7494669,37.8928166],[-4.7495147,37.8925471],[-4.7496926,37.8925052]]]}},{"type":"Feature","properties":{"osm":606766220},"geometry":{"type":"Polygon","coordinates":[[[-4.7498164,37.8926686],[-4.7497881,37.8925282],[-4.7498102,37.8925164],[-4.7498262,37.8924975],[-4.7498359,37.8924661],[-4.7500226,37.8924263],[-4.7501022,37.8925415],[-4.7498164,37.8926686]]]}},{"type":"Feature","properties":{"osm":606766221},"geometry":{"type":"Polygon","coordinates":[[[-4.7500191,37.8923921],[-4.7499872,37.8922629],[-4.7497881,37.8922782],[-4.7497917,37.8924004],[-4.7498058,37.8924046],[-4.7498164,37.8924116],[-4.7498226,37.8924179],[-4.7498324,37.8924298],[-4.7498386,37.8924381],[-4.7500191,37.8923921]]]}},{"type":"Feature","properties":{"osm":606766222},"geometry":{"type":"Polygon","coordinates":[[[-4.7497675,37.8925017],[-4.7497818,37.8924996],[-4.7497953,37.8924905],[-4.749803,37.8924759],[-4.7498014,37.8924613],[-4.7497933,37.892454],[-4.7497783,37.8924455],[-4.7497598,37.8924455],[-4.7497441,37.8924504],[-4.7497333,37.8924589],[-4.7497271,37.8924738],[-4.7497298,37.892485],[-4.749739,37.8924932],[-4.7497533,37.8924999],[-4.7497675,37.8925017]]]}},{"type":"Feature","properties":{"osm":606766230},"geometry":{"type":"Polygon","coordinates":[[[-4.7510955,37.8878726],[-4.7506146,37.8878893],[-4.7505899,37.8874466],[-4.7510709,37.8874299],[-4.7510883,37.8877419],[-4.7510955,37.8878726]]]}},{"type":"Feature","properties":{"osm":606766231},"geometry":{"type":"Polygon","coordinates":[[[-4.7523277,37.8874714],[-4.7522435,37.8874756],[-4.7522359,37.8873808],[-4.7523201,37.8873766],[-4.7523277,37.8874714]]]}},{"type":"Feature","properties":{"osm":606766232},"geometry":{"type":"Polygon","coordinates":[[[-4.7522045,37.8874734],[-4.752055,37.8874802],[-4.7520484,37.88739],[-4.7521979,37.8873832],[-4.7522045,37.8874734]]]}},{"type":"Feature","properties":{"osm":606766233},"geometry":{"type":"Polygon","coordinates":[[[-4.7519686,37.8873952],[-4.7519786,37.8874817],[-4.7518828,37.8874886],[-4.7518728,37.887402],[-4.7519686,37.8873952]]]}},{"type":"Feature","properties":{"osm":606788331},"geometry":{"type":"Polygon","coordinates":[[[-4.7583394,37.8838528],[-4.7582844,37.8839084],[-4.7582717,37.884],[-4.7582418,37.8839864],[-4.7582438,37.8838231],[-4.7583394,37.8838528]]]}},{"type":"Feature","properties":{"osm":606788336},"geometry":{"type":"Polygon","coordinates":[[[-4.7577438,37.8841953],[-4.7578413,37.8841685],[-4.757876,37.8841339],[-4.7578763,37.8841147],[-4.7579343,37.8841154],[-4.7579339,37.8841346],[-4.7579644,37.884135],[-4.7579643,37.8841432],[-4.7579975,37.8841436],[-4.7579977,37.8841335],[-4.7580417,37.8841348],[-4.7580349,37.8841211],[-4.7580418,37.8841195],[-4.7580421,37.8840981],[-4.7580324,37.8840981],[-4.7580334,37.8840212],[-4.7580465,37.8840213],[-4.758047,37.8839792],[-4.7580394,37.8839791],[-4.7580396,37.8839615],[-4.7581496,37.8839666],[-4.7581453,37.8841622],[-4.7581444,37.8842042],[-4.7577438,37.8841953]]]}},{"type":"Feature","properties":{"osm":606788337},"geometry":{"type":"Polygon","coordinates":[[[-4.7580396,37.8839615],[-4.7581496,37.8839666],[-4.7581533,37.883795],[-4.757769,37.8836855],[-4.757765,37.8838104],[-4.7577761,37.8838104],[-4.7577761,37.8837948],[-4.7578114,37.8837949],[-4.7578114,37.883789],[-4.7578364,37.8837891],[-4.7578364,37.8837957],[-4.7578774,37.8837958],[-4.7578773,37.8838143],[-4.7579373,37.8838146],[-4.7579374,37.8837978],[-4.7579753,37.883798],[-4.7579753,37.8837915],[-4.7579958,37.8837916],[-4.7579958,37.8838019],[-4.7580398,37.8838021],[-4.7580398,37.8838119],[-4.7580466,37.8838141],[-4.758046,37.883838],[-4.7580362,37.8838378],[-4.758034,37.8839145],[-4.7580451,37.8839147],[-4.758044,37.8839514],[-4.7580397,37.8839518],[-4.7580396,37.8839615]]]}},{"type":"Feature","properties":{"osm":606788348},"geometry":{"type":"Polygon","coordinates":[[[-4.7569353,37.8854313],[-4.7569515,37.8852747],[-4.7571734,37.8852796],[-4.7571809,37.8850688],[-4.7573903,37.8850652],[-4.7573892,37.8851857],[-4.7572815,37.8851835],[-4.7572756,37.8854334],[-4.7569353,37.8854313]]]}},{"type":"Feature","properties":{"osm":606788351},"geometry":{"type":"Polygon","coordinates":[[[-4.7569353,37.8854313],[-4.7568688,37.885422],[-4.7568039,37.8854222],[-4.7568079,37.885331],[-4.7567532,37.8853301],[-4.7567572,37.8852339],[-4.7566471,37.8852311],[-4.7566474,37.8851579],[-4.7568087,37.8851614],[-4.7568048,37.8852022],[-4.7568038,37.8852433],[-4.7568476,37.8852439],[-4.7568474,37.8852512],[-4.7568731,37.8852516],[-4.7568733,37.8852425],[-4.7569126,37.8852431],[-4.7569128,37.8852313],[-4.756974,37.8852323],[-4.7569736,37.8852476],[-4.7570126,37.8852482],[-4.7570124,37.8852562],[-4.7570351,37.8852566],[-4.7570353,37.8852516],[-4.7570777,37.8852523],[-4.7570782,37.8852367],[-4.7570865,37.8852369],[-4.7570873,37.8852092],[-4.7570793,37.8852091],[-4.7570801,37.8851734],[-4.7570814,37.8851376],[-4.7570894,37.8851378],[-4.7570901,37.8851139],[-4.7570822,37.8851138],[-4.7570825,37.8851029],[-4.7570478,37.8851023],[-4.7570481,37.8850933],[-4.7570199,37.8850928],[-4.7570198,37.8850982],[-4.7569846,37.8850976],[-4.7569841,37.8851156],[-4.7569161,37.8851144],[-4.7569167,37.8850934],[-4.7568869,37.8850929],[-4.7568871,37.8850881],[-4.7568619,37.8850877],[-4.7568618,37.8850911],[-4.7568211,37.8850905],[-4.7568208,37.8851031],[-4.7568095,37.8851029],[-4.756809,37.8851281],[-4.7566477,37.8851256],[-4.756647,37.8850568],[-4.7571809,37.8850688],[-4.7571734,37.8852796],[-4.7569515,37.8852747],[-4.7569353,37.8854313]]]}},{"type":"Feature","properties":{"osm":606788353},"geometry":{"type":"Polygon","coordinates":[[[-4.757361,37.885021],[-4.7573647,37.8848469],[-4.7573256,37.8848457],[-4.7573239,37.8850066],[-4.7572912,37.8850064],[-4.757291,37.88502],[-4.757361,37.885021]]]}},{"type":"Feature","properties":{"osm":606788354},"geometry":{"type":"Polygon","coordinates":[[[-4.7571937,37.8850167],[-4.7571261,37.8850167],[-4.7571293,37.8848395],[-4.757179,37.8848408],[-4.7571748,37.8849986],[-4.7571942,37.8849989],[-4.7571937,37.8850167]]]}},{"type":"Feature","properties":{"osm":606788355},"geometry":{"type":"Polygon","coordinates":[[[-4.757179,37.8848059],[-4.757131,37.8848041],[-4.7571331,37.8847696],[-4.7570502,37.8847685],[-4.7570514,37.8847457],[-4.7570829,37.8847452],[-4.7571722,37.8847487],[-4.7571734,37.884729],[-4.7572467,37.8847319],[-4.7572437,37.884779],[-4.7571987,37.8847768],[-4.7571976,37.8847953],[-4.7571797,37.8847946],[-4.757179,37.8848059]]]}},{"type":"Feature","properties":{"osm":606788356},"geometry":{"type":"Polygon","coordinates":[[[-4.7573263,37.8848128],[-4.7573642,37.8848128],[-4.7573657,37.8847232],[-4.7573264,37.8847203],[-4.7573234,37.8847679],[-4.7572856,37.8847664],[-4.7572847,37.8847806],[-4.7573043,37.8847814],[-4.7573041,37.8847932],[-4.7573268,37.8847935],[-4.7573263,37.8848128]]]}},{"type":"Feature","properties":{"osm":606788357},"geometry":{"type":"Polygon","coordinates":[[[-4.7573278,37.8846831],[-4.7573677,37.8846853],[-4.7573677,37.8845937],[-4.7570005,37.8845822],[-4.7569987,37.8847153],[-4.7570552,37.8847147],[-4.757059,37.8846554],[-4.7570585,37.884623],[-4.7570807,37.8846228],[-4.7572464,37.8846294],[-4.7572488,37.8845922],[-4.7572886,37.8845938],[-4.7572874,37.8846129],[-4.7573332,37.8846147],[-4.7573278,37.8846831]]]}},{"type":"Feature","properties":{"osm":606788358},"geometry":{"type":"Polygon","coordinates":[[[-4.7568397,37.8847726],[-4.7569044,37.8847726],[-4.7569044,37.8846545],[-4.7568419,37.8846552],[-4.7568397,37.8847726]]]}},{"type":"Feature","properties":{"osm":606788359},"geometry":{"type":"Polygon","coordinates":[[[-4.7568425,37.8846223],[-4.756908,37.8846209],[-4.7569071,37.8845844],[-4.7566613,37.8845765],[-4.7566604,37.8846838],[-4.7566858,37.8846838],[-4.7566878,37.8846079],[-4.756716,37.8846079],[-4.7567146,37.8845867],[-4.7568212,37.8845904],[-4.7568219,37.8846095],[-4.7568427,37.8846095],[-4.7568425,37.8846223]]]}},{"type":"Feature","properties":{"osm":606788360},"geometry":{"type":"Polygon","coordinates":[[[-4.7566852,37.8847096],[-4.7566613,37.8847082],[-4.7566514,37.8848914],[-4.7566852,37.8848907],[-4.7566861,37.8848489],[-4.7567139,37.8848489],[-4.7567119,37.8848381],[-4.7567133,37.884818],[-4.7566824,37.8848154],[-4.7566852,37.8847096]]]}},{"type":"Feature","properties":{"osm":606788361},"geometry":{"type":"Polygon","coordinates":[[[-4.7569308,37.8848752],[-4.7569522,37.8848755],[-4.7569528,37.8848512],[-4.7569055,37.8848504],[-4.7569061,37.884827],[-4.7568387,37.884826],[-4.7568179,37.8848259],[-4.7568178,37.8848407],[-4.7567605,37.8848405],[-4.7567604,37.8848489],[-4.7567595,37.8848851],[-4.7568383,37.8848863],[-4.7568388,37.8848662],[-4.756931,37.8848676],[-4.7569308,37.8848752]]]}},{"type":"Feature","properties":{"osm":606788362},"geometry":{"type":"Polygon","coordinates":[[[-4.7569504,37.8848963],[-4.7569699,37.8848963],[-4.7569694,37.885018],[-4.7567609,37.8850174],[-4.7567611,37.8849812],[-4.7568618,37.8849814],[-4.7568618,37.8849877],[-4.7569262,37.8849878],[-4.7569264,37.8849548],[-4.7569501,37.8849548],[-4.7569504,37.8848963]]]}},{"type":"Feature","properties":{"osm":606788363},"geometry":{"type":"Polygon","coordinates":[[[-4.7567222,37.8850124],[-4.7566522,37.8850117],[-4.7566538,37.8849142],[-4.7566839,37.8849145],[-4.7566825,37.8850009],[-4.7567224,37.8850013],[-4.7567222,37.8850124]]]}},{"type":"Feature","properties":{"osm":606788366},"geometry":{"type":"Polygon","coordinates":[[[-4.7563565,37.8849713],[-4.7563605,37.8847867],[-4.7559063,37.8845771],[-4.7557107,37.8848599],[-4.7559207,37.8848666],[-4.7558735,37.88479],[-4.7559693,37.8847485],[-4.7559868,37.884766],[-4.7560335,37.8847448],[-4.756093,37.8847688],[-4.7561082,37.8847467],[-4.7562016,37.8847881],[-4.7561853,37.8848102],[-4.7562378,37.8848379],[-4.7562343,37.8848849],[-4.7562693,37.884884],[-4.7562693,37.8849669],[-4.7563565,37.8849713]]]}},{"type":"Feature","properties":{"osm":606788371},"geometry":{"type":"Polygon","coordinates":[[[-4.7570991,37.883316],[-4.7567834,37.8833896],[-4.7567248,37.8833865],[-4.7566823,37.8833696],[-4.756646,37.883338],[-4.7566298,37.8833011],[-4.7566285,37.8832663],[-4.756646,37.8832326],[-4.7566671,37.8832094],[-4.7566962,37.8831866],[-4.7570202,37.8831099],[-4.7570723,37.8831133],[-4.7571117,37.8831316],[-4.7571414,37.8831488],[-4.7571618,37.8831744],[-4.7571728,37.883207],[-4.7571717,37.8832385],[-4.7571619,37.8832638],[-4.7571481,37.8832849],[-4.7571256,37.8833031],[-4.7570991,37.883316]]]}},{"type":"Feature","properties":{"osm":606788379},"geometry":{"type":"Polygon","coordinates":[[[-4.7568918,37.8842347],[-4.7569156,37.8842348],[-4.7569166,37.884287],[-4.7566908,37.8842849],[-4.7566899,37.8842283],[-4.7567414,37.8842334],[-4.756741,37.8842474],[-4.7567632,37.8842478],[-4.7567626,37.8842704],[-4.7568733,37.8842723],[-4.7568738,37.8842512],[-4.7568914,37.8842515],[-4.7568918,37.8842347]]]}},{"type":"Feature","properties":{"osm":606788381},"geometry":{"type":"Polygon","coordinates":[[[-4.7570136,37.8842312],[-4.7570136,37.8841868],[-4.7569991,37.8841732],[-4.7569746,37.8841732],[-4.7569746,37.8842312],[-4.7570136,37.8842312]]]}},{"type":"Feature","properties":{"osm":606788382},"geometry":{"type":"Polygon","coordinates":[[[-4.7571032,37.8842306],[-4.757105,37.8841748],[-4.7570828,37.8841744],[-4.7570677,37.8841836],[-4.7570662,37.8842298],[-4.7571032,37.8842306]]]}},{"type":"Feature","properties":{"osm":606788384},"geometry":{"type":"Polygon","coordinates":[[[-4.7571105,37.8841284],[-4.757111,37.8840692],[-4.7570708,37.8840689],[-4.7570704,37.8841131],[-4.7570855,37.8841283],[-4.7571105,37.8841284]]]}},{"type":"Feature","properties":{"osm":606788386},"geometry":{"type":"Polygon","coordinates":[[[-4.756999,37.8841256],[-4.7570141,37.8841153],[-4.757016,37.8840716],[-4.7569808,37.8840706],[-4.7569783,37.884125],[-4.756999,37.8841256]]]}},{"type":"Feature","properties":{"osm":606788387},"geometry":{"type":"Polygon","coordinates":[[[-4.7568937,37.8842007],[-4.7569222,37.8842011],[-4.7569245,37.884091],[-4.7568961,37.8840907],[-4.7568937,37.8842007]]]}},{"type":"Feature","properties":{"osm":606788389},"geometry":{"type":"Polygon","coordinates":[[[-4.7567423,37.8841983],[-4.7566949,37.8841978],[-4.7566968,37.8840829],[-4.7567456,37.8840834],[-4.7567575,37.8840836],[-4.7567545,37.8841985],[-4.7567423,37.8841983]]]}},{"type":"Feature","properties":{"osm":606788390},"geometry":{"type":"Polygon","coordinates":[[[-4.7567478,37.8840551],[-4.7567027,37.8840551],[-4.7567028,37.8839591],[-4.7567494,37.8839591],[-4.7567494,37.8840074],[-4.7567902,37.8840074],[-4.7567902,37.8840164],[-4.7567705,37.8840164],[-4.7567705,37.884035],[-4.7567478,37.884035],[-4.7567478,37.8840551]]]}},{"type":"Feature","properties":{"osm":606788392},"geometry":{"type":"Polygon","coordinates":[[[-4.7568966,37.8840594],[-4.7569285,37.8840597],[-4.7569292,37.8840168],[-4.7570467,37.884018],[-4.7570494,37.8838521],[-4.7568581,37.8838501],[-4.7568585,37.8838265],[-4.7567126,37.883825],[-4.7567109,37.8839282],[-4.7567481,37.8839286],[-4.7567493,37.8838545],[-4.7567907,37.8838549],[-4.756791,37.8838357],[-4.7568351,37.8838362],[-4.7568345,37.8838702],[-4.7569965,37.8838718],[-4.756996,37.8839044],[-4.7570122,37.8839045],[-4.7570112,37.8839674],[-4.7569946,37.8839672],[-4.7569941,37.8839983],[-4.7569214,37.8839976],[-4.7569215,37.8839911],[-4.7568991,37.8839909],[-4.7568993,37.8839771],[-4.7568295,37.8839764],[-4.7568289,37.884018],[-4.7568786,37.8840185],[-4.7568782,37.8840395],[-4.756897,37.8840397],[-4.7568966,37.8840594]]]}},{"type":"Feature","properties":{"osm":606788394},"geometry":{"type":"Polygon","coordinates":[[[-4.7568067,37.8837916],[-4.756807,37.8837601],[-4.756718,37.8837596],[-4.7567177,37.883791],[-4.7568067,37.8837916]]]}},{"type":"Feature","properties":{"osm":606788395},"geometry":{"type":"Polygon","coordinates":[[[-4.756843,37.8837908],[-4.7569825,37.8837936],[-4.7569835,37.8837624],[-4.756844,37.8837597],[-4.756843,37.8837908]]]}},{"type":"Feature","properties":{"osm":606788397},"geometry":{"type":"Polygon","coordinates":[[[-4.7570203,37.8837633],[-4.7571619,37.8837654],[-4.7571611,37.8837979],[-4.7570195,37.8837958],[-4.7570203,37.8837633]]]}},{"type":"Feature","properties":{"osm":606788398},"geometry":{"type":"Polygon","coordinates":[[[-4.7571974,37.8837997],[-4.757282,37.8838],[-4.7572822,37.8837648],[-4.7571977,37.8837644],[-4.7571974,37.8837997]]]}},{"type":"Feature","properties":{"osm":606788400},"geometry":{"type":"Polygon","coordinates":[[[-4.7573159,37.8838],[-4.7573664,37.883801],[-4.7573675,37.8837674],[-4.757317,37.8837664],[-4.7573159,37.8838]]]}},{"type":"Feature","properties":{"osm":606788402},"geometry":{"type":"Polygon","coordinates":[[[-4.7573119,37.8839647],[-4.7573126,37.883942],[-4.7572422,37.8839406],[-4.7572299,37.8839525],[-4.7572295,37.8839631],[-4.7573119,37.8839647]]]}},{"type":"Feature","properties":{"osm":606788404},"geometry":{"type":"Polygon","coordinates":[[[-4.7571851,37.8839617],[-4.7571852,37.8839542],[-4.7571708,37.8839411],[-4.7571006,37.8839406],[-4.7571003,37.883961],[-4.7571851,37.8839617]]]}},{"type":"Feature","properties":{"osm":606788405},"geometry":{"type":"Polygon","coordinates":[[[-4.75717,37.8838992],[-4.7571839,37.8838877],[-4.7571841,37.8838794],[-4.7571018,37.8838778],[-4.7571011,37.8838979],[-4.75717,37.8838992]]]}},{"type":"Feature","properties":{"osm":606788407},"geometry":{"type":"Polygon","coordinates":[[[-4.7573135,37.8839009],[-4.7573137,37.8838799],[-4.7572305,37.8838794],[-4.7572304,37.8838886],[-4.7572446,37.8839005],[-4.7573135,37.8839009]]]}},{"type":"Feature","properties":{"osm":606788408},"geometry":{"type":"Polygon","coordinates":[[[-4.7574579,37.8843893],[-4.7574599,37.8844613],[-4.7575107,37.8844604],[-4.7575087,37.8843884],[-4.7574579,37.8843893]]]}},{"type":"Feature","properties":{"osm":606788410},"geometry":{"type":"Polygon","coordinates":[[[-4.7575131,37.8843642],[-4.7575144,37.8842565],[-4.7574623,37.8842561],[-4.757461,37.8843638],[-4.7575131,37.8843642]]]}},{"type":"Feature","properties":{"osm":606788412},"geometry":{"type":"Polygon","coordinates":[[[-4.7575134,37.8842256],[-4.7575155,37.8840889],[-4.7574666,37.8840884],[-4.7574645,37.8842251],[-4.7575134,37.8842256]]]}},{"type":"Feature","properties":{"osm":606788418},"geometry":{"type":"Polygon","coordinates":[[[-4.7573369,37.8843881],[-4.7573966,37.884389],[-4.7573948,37.884463],[-4.7570199,37.8844574],[-4.7570243,37.884273],[-4.7571567,37.884275],[-4.7571577,37.884234],[-4.7571867,37.8842344],[-4.7571862,37.8842568],[-4.7572072,37.8842571],[-4.7572069,37.8842725],[-4.7572586,37.8842733],[-4.7572576,37.8843183],[-4.7571829,37.8843172],[-4.7571835,37.8842953],[-4.7570894,37.884294],[-4.7570886,37.8843291],[-4.7570673,37.8843288],[-4.7570659,37.8843868],[-4.7570897,37.8843872],[-4.7570889,37.8844231],[-4.7572511,37.8844254],[-4.7572503,37.8844581],[-4.7572937,37.8844588],[-4.7572942,37.8844377],[-4.7573357,37.8844383],[-4.7573369,37.8843881]]]}},{"type":"Feature","properties":{"osm":606788419},"geometry":{"type":"Polygon","coordinates":[[[-4.757335,37.8843613],[-4.7574061,37.8843623],[-4.7574124,37.8840968],[-4.7573454,37.8840958],[-4.7573453,37.8841008],[-4.7573377,37.8841006],[-4.7573351,37.8842059],[-4.7573401,37.884206],[-4.7573389,37.884256],[-4.7573176,37.8842557],[-4.7573171,37.8842765],[-4.7572953,37.8842761],[-4.757295,37.8842887],[-4.7573368,37.8842893],[-4.757335,37.8843613]]]}},{"type":"Feature","properties":{"osm":606788421},"geometry":{"type":"Polygon","coordinates":[[[-4.7573465,37.8840689],[-4.7574096,37.8840705],[-4.7574121,37.8840108],[-4.7571645,37.8840044],[-4.7571622,37.8840614],[-4.7571919,37.8840622],[-4.7571926,37.8840447],[-4.7572076,37.8840451],[-4.7572084,37.8840268],[-4.7573182,37.8840296],[-4.7573176,37.8840448],[-4.7573475,37.8840456],[-4.7573465,37.8840689]]]}},{"type":"Feature","properties":{"osm":606788423},"geometry":{"type":"Polygon","coordinates":[[[-4.7571904,37.8840914],[-4.7571627,37.884091],[-4.7571602,37.884202],[-4.7571879,37.8842023],[-4.7571904,37.8840914]]]}},{"type":"Feature","properties":{"osm":606788424},"geometry":{"type":"Polygon","coordinates":[[[-4.7592021,37.8846709],[-4.7592033,37.88459],[-4.7593741,37.8845916],[-4.7593744,37.8845767],[-4.7594249,37.8845771],[-4.7594235,37.884673],[-4.7592021,37.8846709]]]}},{"type":"Feature","properties":{"osm":606788426},"geometry":{"type":"Polygon","coordinates":[[[-4.7594766,37.8845809],[-4.7594748,37.8846746],[-4.759706,37.8846774],[-4.7597043,37.8847674],[-4.7599317,37.8847701],[-4.7599349,37.8846026],[-4.7595221,37.8845977],[-4.7595224,37.8845814],[-4.7594766,37.8845809]]]}},{"type":"Feature","properties":{"osm":606788428},"geometry":{"type":"Polygon","coordinates":[[[-4.7596914,37.8848551],[-4.7597578,37.8848557],[-4.7597588,37.8847887],[-4.7596924,37.884788],[-4.7596914,37.8848551]]]}},{"type":"Feature","properties":{"osm":606788429},"geometry":{"type":"Polygon","coordinates":[[[-4.7599519,37.8847723],[-4.7600045,37.8847728],[-4.7600051,37.8847321],[-4.7599525,37.8847317],[-4.7599519,37.8847723]]]}},{"type":"Feature","properties":{"osm":606788431},"geometry":{"type":"Polygon","coordinates":[[[-4.7600957,37.8847723],[-4.7601513,37.8847743],[-4.7601535,37.884736],[-4.7600979,37.884734],[-4.7600957,37.8847723]]]}},{"type":"Feature","properties":{"osm":606793625},"geometry":{"type":"Polygon","coordinates":[[[-4.7603345,37.8834496],[-4.7603521,37.8829823],[-4.7613155,37.8830041],[-4.7612986,37.8834717],[-4.7612819,37.8835063],[-4.7608499,37.8834614],[-4.7604533,37.8834523],[-4.7603345,37.8834496]]]}},{"type":"Feature","properties":{"osm":606793646},"geometry":{"type":"Polygon","coordinates":[[[-4.7537317,37.8850427],[-4.7537796,37.8849775],[-4.753624,37.884901],[-4.7535762,37.8849737],[-4.7537317,37.8850427]]]}},{"type":"Feature","properties":{"osm":606793647},"geometry":{"type":"Polygon","coordinates":[[[-4.7545546,37.885205],[-4.7546186,37.8851175],[-4.7543706,37.8850046],[-4.7544965,37.8848322],[-4.7547445,37.884945],[-4.7548185,37.8848514],[-4.7547816,37.8848346],[-4.7547724,37.8848471],[-4.7544463,37.8846984],[-4.75412,37.8845496],[-4.7540639,37.8846262],[-4.7538825,37.8845435],[-4.7537439,37.8847329],[-4.7539328,37.8848191],[-4.7538758,37.884897],[-4.7541983,37.885044],[-4.7545546,37.885205]]]}},{"type":"Feature","properties":{"osm":606793657},"geometry":{"type":"Polygon","coordinates":[[[-4.7561666,37.8854667],[-4.7561701,37.8853995],[-4.756246,37.885402],[-4.7562598,37.8851372],[-4.7563524,37.8851387],[-4.7563517,37.8851693],[-4.7563038,37.8851682],[-4.7563018,37.8852258],[-4.7563455,37.8852267],[-4.7563389,37.8854719],[-4.7561666,37.8854667]]]}},{"type":"Feature","properties":{"osm":607430008},"geometry":{"type":"Polygon","coordinates":[[[-4.7568812,37.8867782],[-4.7568054,37.8867962],[-4.7566625,37.8866985],[-4.7568023,37.8865713],[-4.7568812,37.8867782]]]}},{"type":"Feature","properties":{"osm":607430010},"geometry":{"type":"Polygon","coordinates":[[[-4.7566149,37.886678],[-4.7565681,37.8866467],[-4.7565776,37.8865302],[-4.7567638,37.8865397],[-4.7566149,37.886678]]]}},{"type":"Feature","properties":{"osm":607430012},"geometry":{"type":"Polygon","coordinates":[[[-4.7568434,37.8864032],[-4.7568431,37.8864771],[-4.7569218,37.8864773],[-4.7569219,37.8864544],[-4.7569702,37.8864546],[-4.7569486,37.8864035],[-4.7568434,37.8864032]]]}},{"type":"Feature","properties":{"osm":607430014},"geometry":{"type":"Polygon","coordinates":[[[-4.7567495,37.8864616],[-4.7565864,37.8864535],[-4.7565943,37.8863552],[-4.7567574,37.8863633],[-4.7567495,37.8864616]]]}},{"type":"Feature","properties":{"osm":607430020},"geometry":{"type":"Polygon","coordinates":[[[-4.7572211,37.8861898],[-4.7572385,37.8857452],[-4.7572383,37.8857352],[-4.7574571,37.8857437],[-4.7574872,37.8857411],[-4.7574892,37.8856891],[-4.7567286,37.8856862],[-4.7567315,37.8857342],[-4.7569109,37.8857387],[-4.7569049,37.8859047],[-4.7568043,37.8859045],[-4.7567951,37.8861419],[-4.7569701,37.8861496],[-4.7569625,37.8862454],[-4.7572211,37.8861898]]]}},{"type":"Feature","properties":{"osm":607430039},"geometry":{"type":"Polygon","coordinates":[[[-4.7591959,37.8859823],[-4.7594271,37.8859842],[-4.7594281,37.8859022],[-4.759197,37.8859003],[-4.7591959,37.8859823]]]}},{"type":"Feature","properties":{"osm":607430040},"geometry":{"type":"Polygon","coordinates":[[[-4.7594491,37.8859226],[-4.7595438,37.8859242],[-4.7595457,37.8858534],[-4.7594511,37.8858518],[-4.7594491,37.8859226]]]}},{"type":"Feature","properties":{"osm":607430041},"geometry":{"type":"Polygon","coordinates":[[[-4.7595474,37.8858056],[-4.7595479,37.8857365],[-4.7594567,37.8857361],[-4.7594563,37.8858053],[-4.7595474,37.8858056]]]}},{"type":"Feature","properties":{"osm":607430042},"geometry":{"type":"Polygon","coordinates":[[[-4.7598313,37.8858834],[-4.7598269,37.8858877],[-4.7598246,37.8858929],[-4.7598246,37.8858984],[-4.7598269,37.8859037],[-4.7598313,37.885908],[-4.7598373,37.8859108],[-4.7598441,37.885912],[-4.7598507,37.8859114],[-4.7598567,37.8859091],[-4.7598615,37.8859055],[-4.7598646,37.8859008],[-4.7598656,37.8858957],[-4.7598646,37.8858905],[-4.7598615,37.8858859],[-4.7598567,37.8858822],[-4.7598507,37.88588],[-4.7598441,37.8858794],[-4.7598373,37.8858805],[-4.7598313,37.8858834]]]}},{"type":"Feature","properties":{"osm":607430043},"geometry":{"type":"Polygon","coordinates":[[[-4.7596356,37.8858794],[-4.7596308,37.8858833],[-4.759628,37.8858882],[-4.7596273,37.8858935],[-4.7596289,37.8858988],[-4.7596326,37.8859033],[-4.759638,37.8859066],[-4.7596445,37.8859083],[-4.7596511,37.8859083],[-4.7596574,37.8859066],[-4.7596626,37.8859034],[-4.7596663,37.885899],[-4.759668,37.885894],[-4.7596675,37.8858888],[-4.759665,37.885884],[-4.7596607,37.88588],[-4.759655,37.8858774],[-4.7596485,37.8858763],[-4.7596417,37.885877],[-4.7596356,37.8858794]]]}},{"type":"Feature","properties":{"osm":607430044},"geometry":{"type":"Polygon","coordinates":[[[-4.7598323,37.8857638],[-4.759828,37.8857684],[-4.7598259,37.8857738],[-4.7598262,37.8857794],[-4.7598288,37.8857847],[-4.7598335,37.8857889],[-4.7598397,37.8857917],[-4.7598467,37.8857928],[-4.7598535,37.885792],[-4.7598596,37.8857895],[-4.7598644,37.8857856],[-4.7598674,37.8857807],[-4.7598683,37.8857753],[-4.7598669,37.88577],[-4.7598635,37.8857653],[-4.7598583,37.8857618],[-4.759852,37.8857596],[-4.7598451,37.8857592],[-4.7598382,37.8857607],[-4.7598323,37.8857638]]]}},{"type":"Feature","properties":{"osm":607430045},"geometry":{"type":"Polygon","coordinates":[[[-4.7596339,37.885764],[-4.7596309,37.8857685],[-4.7596299,37.8857735],[-4.7596311,37.8857785],[-4.7596343,37.8857829],[-4.7596392,37.8857863],[-4.7596452,37.8857881],[-4.7596517,37.8857883],[-4.7596576,37.8857868],[-4.7596627,37.885784],[-4.7596663,37.88578],[-4.7596681,37.8857753],[-4.759668,37.8857704],[-4.7596659,37.8857658],[-4.759662,37.885762],[-4.7596568,37.8857594],[-4.7596508,37.8857581],[-4.7596446,37.8857585],[-4.7596386,37.8857605],[-4.7596339,37.885764]]]}},{"type":"Feature","properties":{"osm":607430047},"geometry":{"type":"Polygon","coordinates":[[[-4.7599443,37.88593],[-4.7600296,37.8859313],[-4.7600315,37.8858562],[-4.7599461,37.8858549],[-4.7599443,37.88593]]]}},{"type":"Feature","properties":{"osm":607430048},"geometry":{"type":"Polygon","coordinates":[[[-4.759946,37.8858128],[-4.7600339,37.8858132],[-4.7600343,37.8857505],[-4.7599464,37.8857501],[-4.759946,37.8858128]]]}},{"type":"Feature","properties":{"osm":607430052},"geometry":{"type":"Polygon","coordinates":[[[-4.7590083,37.8857553],[-4.7589091,37.8857547],[-4.7589095,37.8857095],[-4.7590087,37.8857101],[-4.7590083,37.8857553]]]}},{"type":"Feature","properties":{"osm":607430053},"geometry":{"type":"Polygon","coordinates":[[[-4.7590495,37.8857563],[-4.7591707,37.8857563],[-4.7591707,37.8857095],[-4.7590495,37.8857095],[-4.7590495,37.8857563]]]}},{"type":"Feature","properties":{"osm":607430054},"geometry":{"type":"Polygon","coordinates":[[[-4.7593499,37.8857623],[-4.7592174,37.8857629],[-4.759217,37.8857099],[-4.7593495,37.8857093],[-4.7593499,37.8857623]]]}},{"type":"Feature","properties":{"osm":607430058},"geometry":{"type":"Polygon","coordinates":[[[-4.7612606,37.8860506],[-4.7612482,37.8860605],[-4.7612403,37.886073],[-4.7612377,37.8860868],[-4.7612407,37.8861006],[-4.761249,37.8861129],[-4.7612617,37.8861226],[-4.7612776,37.8861287],[-4.7612952,37.8861306],[-4.7613142,37.8861276],[-4.7613307,37.8861197],[-4.7613429,37.8861079],[-4.7613493,37.8860934],[-4.7613491,37.8860782],[-4.7613423,37.8860638],[-4.7613297,37.8860522],[-4.7613129,37.8860446],[-4.7612939,37.886042],[-4.7612764,37.8860442],[-4.7612606,37.8860506]]]}},{"type":"Feature","properties":{"osm":607430059},"geometry":{"type":"Polygon","coordinates":[[[-4.7613723,37.8861724],[-4.7613462,37.8861412],[-4.761324,37.8861528],[-4.7612979,37.8861581],[-4.761269,37.8861539],[-4.7612429,37.8861428],[-4.7612107,37.8861724],[-4.7612442,37.8861867],[-4.761269,37.8861925],[-4.7612972,37.8861957],[-4.7613294,37.8861909],[-4.7613495,37.8861835],[-4.7613723,37.8861724]]]}},{"type":"Feature","properties":{"osm":607430060},"geometry":{"type":"Polygon","coordinates":[[[-4.7614705,37.8859927],[-4.7614598,37.8860018],[-4.7614534,37.8860131],[-4.7614519,37.8860254],[-4.7614555,37.8860374],[-4.7614639,37.8860479],[-4.761476,37.8860557],[-4.7614907,37.8860601],[-4.7615064,37.8860604],[-4.7615217,37.8860567],[-4.7615346,37.8860492],[-4.7615437,37.8860387],[-4.7615479,37.8860265],[-4.7615468,37.8860139],[-4.7615405,37.8860022],[-4.7615297,37.8859928],[-4.7615156,37.8859868],[-4.7614997,37.8859848],[-4.7614843,37.8859868],[-4.7614705,37.8859927]]]}},{"type":"Feature","properties":{"osm":607430061},"geometry":{"type":"Polygon","coordinates":[[[-4.7611842,37.886223],[-4.7611737,37.8862311],[-4.7611671,37.8862414],[-4.7611649,37.8862529],[-4.7611675,37.8862643],[-4.7611746,37.8862744],[-4.7611854,37.8862823],[-4.7611988,37.886287],[-4.7612134,37.886288],[-4.7612282,37.8862852],[-4.7612409,37.8862787],[-4.7612502,37.8862692],[-4.7612551,37.8862578],[-4.7612548,37.8862458],[-4.7612496,37.8862346],[-4.7612399,37.8862253],[-4.7612269,37.8862191],[-4.761212,37.8862166],[-4.7611975,37.886218],[-4.7611842,37.886223]]]}},{"type":"Feature","properties":{"osm":607430067},"geometry":{"type":"Polygon","coordinates":[[[-4.7618317,37.8860589],[-4.7616424,37.8859069],[-4.7620168,37.8859134],[-4.7618317,37.8860589]]]}},{"type":"Feature","properties":{"osm":607430068},"geometry":{"type":"Polygon","coordinates":[[[-4.7615806,37.8859531],[-4.7615813,37.8859054],[-4.7613888,37.8859037],[-4.7613882,37.8859514],[-4.7615806,37.8859531]]]}},{"type":"Feature","properties":{"osm":607430069},"geometry":{"type":"Polygon","coordinates":[[[-4.7613409,37.8859018],[-4.7613399,37.8859489],[-4.7611439,37.8859463],[-4.7611448,37.8858993],[-4.7613409,37.8859018]]]}},{"type":"Feature","properties":{"osm":607430070},"geometry":{"type":"Polygon","coordinates":[[[-4.7611276,37.8859713],[-4.761065,37.8859711],[-4.7610643,37.8860971],[-4.761127,37.8860973],[-4.7611276,37.8859713]]]}},{"type":"Feature","properties":{"osm":607430071},"geometry":{"type":"Polygon","coordinates":[[[-4.7610649,37.8863034],[-4.7611257,37.8863027],[-4.7611227,37.8861323],[-4.7610619,37.886133],[-4.7610649,37.8863034]]]}},{"type":"Feature","properties":{"osm":607430072},"geometry":{"type":"Polygon","coordinates":[[[-4.7611199,37.8863446],[-4.7610603,37.8863445],[-4.7610596,37.8865197],[-4.7611192,37.8865198],[-4.7611199,37.8863446]]]}},{"type":"Feature","properties":{"osm":607430073},"geometry":{"type":"Polygon","coordinates":[[[-4.7614023,37.8861509],[-4.7613674,37.8861281],[-4.7613809,37.8861059],[-4.7613829,37.8860832],[-4.7613748,37.8860646],[-4.7613634,37.8860461],[-4.761405,37.8860223],[-4.7614137,37.8860398],[-4.7614231,37.8860578],[-4.7614291,37.886081],[-4.7614271,37.886108],[-4.7614164,37.8861313],[-4.7614023,37.8861509]]]}},{"type":"Feature","properties":{"osm":607430074},"geometry":{"type":"Polygon","coordinates":[[[-4.7613473,37.8860308],[-4.7613748,37.8860001],[-4.7613446,37.8859895],[-4.7613145,37.8859826],[-4.7612823,37.8859826],[-4.7612581,37.8859868],[-4.761238,37.8859927],[-4.7612166,37.8860027],[-4.7612414,37.8860318],[-4.7612702,37.8860218],[-4.7612883,37.886017],[-4.7613064,37.8860165],[-4.7613279,37.8860218],[-4.7613473,37.8860308]]]}},{"type":"Feature","properties":{"osm":607430075},"geometry":{"type":"Polygon","coordinates":[[[-4.7612239,37.8861292],[-4.7611898,37.8861477],[-4.7611723,37.8861292],[-4.7611629,37.8861049],[-4.7611623,37.8860795],[-4.761169,37.8860556],[-4.761179,37.8860366],[-4.7611871,37.886026],[-4.7612233,37.8860466],[-4.7612126,37.886063],[-4.7612045,37.8860821],[-4.7612058,37.8860964],[-4.7612126,37.8861149],[-4.7612239,37.8861292]]]}},{"type":"Feature","properties":{"osm":607430082},"geometry":{"type":"Polygon","coordinates":[[[-4.7599987,37.8855709],[-4.7599996,37.8854148],[-4.7599429,37.8854146],[-4.759942,37.8855707],[-4.7599987,37.8855709]]]}},{"type":"Feature","properties":{"osm":607430083},"geometry":{"type":"Polygon","coordinates":[[[-4.7598399,37.8855617],[-4.7597301,37.8855609],[-4.7597315,37.8854393],[-4.7598413,37.8854401],[-4.7598399,37.8855617]]]}},{"type":"Feature","properties":{"osm":607430084},"geometry":{"type":"Polygon","coordinates":[[[-4.7597309,37.8853988],[-4.7597316,37.8853476],[-4.7599417,37.8853494],[-4.759941,37.8854005],[-4.7597309,37.8853988]]]}},{"type":"Feature","properties":{"osm":607430086},"geometry":{"type":"Polygon","coordinates":[[[-4.7598889,37.8851459],[-4.7600051,37.8851471],[-4.7600071,37.8850241],[-4.7598909,37.885023],[-4.7598889,37.8851459]]]}},{"type":"Feature","properties":{"osm":607430087},"geometry":{"type":"Polygon","coordinates":[[[-4.7598489,37.8851206],[-4.759745,37.8851204],[-4.7597453,37.8849929],[-4.7598492,37.884993],[-4.7598489,37.8851206]]]}},{"type":"Feature","properties":{"osm":607430090},"geometry":{"type":"Polygon","coordinates":[[[-4.7603376,37.8854709],[-4.7603363,37.8855667],[-4.7604625,37.8855678],[-4.7604639,37.885472],[-4.7603376,37.8854709]]]}},{"type":"Feature","properties":{"osm":607430091},"geometry":{"type":"Polygon","coordinates":[[[-4.7603834,37.8853759],[-4.7603418,37.8853751],[-4.7603504,37.8851581],[-4.7603895,37.8851561],[-4.7603834,37.8853759]]]}},{"type":"Feature","properties":{"osm":607430092},"geometry":{"type":"Polygon","coordinates":[[[-4.7604653,37.885416],[-4.7605135,37.8854156],[-4.7605161,37.8852668],[-4.7604688,37.8852672],[-4.7604653,37.885416]]]}},{"type":"Feature","properties":{"osm":607430093},"geometry":{"type":"Polygon","coordinates":[[[-4.7603462,37.8850114],[-4.7604791,37.8850112],[-4.7604797,37.8852345],[-4.7604115,37.8852346],[-4.7604112,37.885121],[-4.7603465,37.8851211],[-4.7603462,37.8850114]]]}},{"type":"Feature","properties":{"osm":607430094},"geometry":{"type":"Polygon","coordinates":[[[-4.7600188,37.8843412],[-4.760018,37.884374],[-4.7600673,37.8843747],[-4.7600681,37.8843419],[-4.7600188,37.8843412]]]}},{"type":"Feature","properties":{"osm":607430095},"geometry":{"type":"Polygon","coordinates":[[[-4.7601094,37.8843455],[-4.7601094,37.8843749],[-4.7601567,37.8843749],[-4.7601567,37.8843455],[-4.7601094,37.8843455]]]}},{"type":"Feature","properties":{"osm":607430096},"geometry":{"type":"Polygon","coordinates":[[[-4.7601152,37.884404],[-4.760115,37.884445],[-4.7601613,37.8844452],[-4.7601615,37.8844042],[-4.7601152,37.884404]]]}},{"type":"Feature","properties":{"osm":607430097},"geometry":{"type":"Polygon","coordinates":[[[-4.7600656,37.8844036],[-4.7600653,37.8844435],[-4.7600188,37.8844433],[-4.7600191,37.8844034],[-4.7600656,37.8844036]]]}},{"type":"Feature","properties":{"osm":607430112},"geometry":{"type":"Polygon","coordinates":[[[-4.7607826,37.8847875],[-4.7607899,37.8843959],[-4.7608925,37.8843971],[-4.7608852,37.8847887],[-4.7607826,37.8847875]]]}},{"type":"Feature","properties":{"osm":607430113},"geometry":{"type":"Polygon","coordinates":[[[-4.7608363,37.8847369],[-4.7608664,37.8846908],[-4.7608372,37.8846468],[-4.7608106,37.8846908],[-4.7608363,37.8847369]]]}},{"type":"Feature","properties":{"osm":607430114},"geometry":{"type":"Polygon","coordinates":[[[-4.7608354,37.884628],[-4.7608655,37.8845819],[-4.7608354,37.8845421],[-4.760808,37.884584],[-4.7608354,37.884628]]]}},{"type":"Feature","properties":{"osm":607430115},"geometry":{"type":"Polygon","coordinates":[[[-4.7608363,37.8845127],[-4.760862,37.8844778],[-4.7608381,37.884438],[-4.7608098,37.8844771],[-4.7608363,37.8845127]]]}},{"type":"Feature","properties":{"osm":607430116},"geometry":{"type":"Polygon","coordinates":[[[-4.7605912,37.8843919],[-4.7605893,37.8844792],[-4.7603719,37.8844763],[-4.7603758,37.8842925],[-4.7604688,37.8842937],[-4.7604667,37.8843903],[-4.7605912,37.8843919]]]}},{"type":"Feature","properties":{"osm":607430128},"geometry":{"type":"Polygon","coordinates":[[[-4.7611439,37.8847262],[-4.7610718,37.8847254],[-4.7610708,37.8847839],[-4.7611428,37.8847847],[-4.7611439,37.8847262]]]}},{"type":"Feature","properties":{"osm":607430139},"geometry":{"type":"Polygon","coordinates":[[[-4.7610868,37.8854628],[-4.7610837,37.8855679],[-4.7612184,37.8855703],[-4.7612214,37.8854652],[-4.7610868,37.8854628]]]}},{"type":"Feature","properties":{"osm":607430140},"geometry":{"type":"Polygon","coordinates":[[[-4.7610372,37.8854282],[-4.7609524,37.8854262],[-4.7609473,37.8855612],[-4.761032,37.8855632],[-4.7610372,37.8854282]]]}},{"type":"Feature","properties":{"osm":607430142},"geometry":{"type":"Polygon","coordinates":[[[-4.7611249,37.8851013],[-4.7612319,37.8851033],[-4.7612339,37.8850346],[-4.761127,37.8850326],[-4.7611249,37.8851013]]]}},{"type":"Feature","properties":{"osm":607430143},"geometry":{"type":"Polygon","coordinates":[[[-4.7610446,37.8850974],[-4.7609593,37.8850955],[-4.7609616,37.8850296],[-4.7610469,37.8850315],[-4.7610446,37.8850974]]]}},{"type":"Feature","properties":{"osm":607430156},"geometry":{"type":"Polygon","coordinates":[[[-4.7631177,37.8858969],[-4.7629546,37.8858938],[-4.762969,37.8854088],[-4.7631321,37.8854118],[-4.7631177,37.8858969]]]}},{"type":"Feature","properties":{"osm":607430160},"geometry":{"type":"Polygon","coordinates":[[[-4.7591407,37.8862422],[-4.7591432,37.8860939],[-4.7589653,37.886092],[-4.7589628,37.8862403],[-4.7591407,37.8862422]]]}},{"type":"Feature","properties":{"osm":607430164},"geometry":{"type":"Polygon","coordinates":[[[-4.7599414,37.8862807],[-4.7600224,37.8862806],[-4.7600226,37.8863532],[-4.7599417,37.8863533],[-4.7599414,37.8862807]]]}},{"type":"Feature","properties":{"osm":607430165},"geometry":{"type":"Polygon","coordinates":[[[-4.759916,37.8863514],[-4.7599167,37.8862955],[-4.7597791,37.8862944],[-4.7597784,37.8863502],[-4.759916,37.8863514]]]}},{"type":"Feature","properties":{"osm":607430167},"geometry":{"type":"Polygon","coordinates":[[[-4.7596952,37.8862937],[-4.7596942,37.8863488],[-4.7595584,37.8863472],[-4.7595594,37.8862921],[-4.7596952,37.8862937]]]}},{"type":"Feature","properties":{"osm":607430169},"geometry":{"type":"Polygon","coordinates":[[[-4.7595353,37.8862781],[-4.7595351,37.8863476],[-4.7594457,37.8863474],[-4.759446,37.8862779],[-4.7595353,37.8862781]]]}},{"type":"Feature","properties":{"osm":607430171},"geometry":{"type":"Polygon","coordinates":[[[-4.7595403,37.8862057],[-4.7595403,37.8861338],[-4.7594492,37.8861338],[-4.7594492,37.8862057],[-4.7595403,37.8862057]]]}},{"type":"Feature","properties":{"osm":607430172},"geometry":{"type":"Polygon","coordinates":[[[-4.7600255,37.8862137],[-4.7600276,37.8861396],[-4.7599395,37.8861381],[-4.7599375,37.8862121],[-4.7600255,37.8862137]]]}},{"type":"Feature","properties":{"osm":607430174},"geometry":{"type":"Polygon","coordinates":[[[-4.7598246,37.8861874],[-4.7598208,37.8861917],[-4.7598189,37.8861966],[-4.759819,37.8862018],[-4.759821,37.8862067],[-4.7598249,37.8862109],[-4.7598302,37.8862139],[-4.7598365,37.8862155],[-4.7598438,37.8862154],[-4.7598506,37.8862133],[-4.7598562,37.8862096],[-4.7598598,37.8862045],[-4.7598609,37.8861988],[-4.7598596,37.8861932],[-4.7598559,37.8861882],[-4.7598502,37.8861845],[-4.7598433,37.8861826],[-4.759836,37.8861826],[-4.7598298,37.8861843],[-4.7598246,37.8861874]]]}},{"type":"Feature","properties":{"osm":607430177},"geometry":{"type":"Polygon","coordinates":[[[-4.7596538,37.8861763],[-4.759661,37.8861796],[-4.7596663,37.8861846],[-4.7596692,37.8861907],[-4.7596693,37.8861973],[-4.7596666,37.8862034],[-4.7596614,37.8862085],[-4.7596544,37.8862119],[-4.7596463,37.8862133],[-4.7596381,37.8862124],[-4.7596314,37.8862097],[-4.759626,37.8862055],[-4.7596225,37.8862003],[-4.7596213,37.8861944],[-4.7596224,37.8861886],[-4.7596257,37.8861832],[-4.7596309,37.886179],[-4.7596375,37.8861762],[-4.7596457,37.8861751],[-4.7596538,37.8861763]]]}},{"type":"Feature","properties":{"osm":607430184},"geometry":{"type":"Polygon","coordinates":[[[-4.7585992,37.8863034],[-4.7586252,37.8863996],[-4.7584006,37.8864374],[-4.7583746,37.8863412],[-4.7585992,37.8863034]]]}},{"type":"Feature","properties":{"osm":607430185},"geometry":{"type":"Polygon","coordinates":[[[-4.7584276,37.8862336],[-4.7583906,37.886118],[-4.7586056,37.8861196],[-4.7586047,37.8861983],[-4.7584276,37.8862336]]]}},{"type":"Feature","properties":{"osm":607431633},"geometry":{"type":"Polygon","coordinates":[[[-4.760205,37.8861261],[-4.7606604,37.8861311],[-4.7606598,37.886161],[-4.7605343,37.8861597],[-4.760533,37.8862333],[-4.7603189,37.886231],[-4.7603202,37.8861547],[-4.7602046,37.8861534],[-4.760205,37.8861261]]]}},{"type":"Feature","properties":{"osm":607431637},"geometry":{"type":"Polygon","coordinates":[[[-4.7608153,37.8863091],[-4.7607801,37.8863085],[-4.7607843,37.88616],[-4.760697,37.8861585],[-4.7606977,37.8861337],[-4.7608201,37.8861359],[-4.7608153,37.8863091]]]}},{"type":"Feature","properties":{"osm":607431638},"geometry":{"type":"Polygon","coordinates":[[[-4.7600475,37.8862952],[-4.7600732,37.8862954],[-4.7600746,37.8861506],[-4.7601647,37.8861511],[-4.760165,37.8861222],[-4.7600492,37.8861214],[-4.7600475,37.8862952]]]}},{"type":"Feature","properties":{"osm":607456200},"geometry":{"type":"Polygon","coordinates":[[[-4.753875,37.8870705],[-4.753564,37.8870817],[-4.7535345,37.8869144],[-4.753875,37.8870705]]]}},{"type":"Feature","properties":{"osm":607456201},"geometry":{"type":"Polygon","coordinates":[[[-4.7535327,37.8870851],[-4.753505,37.8869081],[-4.7533762,37.8870965],[-4.7535327,37.8870851]]]}},{"type":"Feature","properties":{"osm":607456202},"geometry":{"type":"Polygon","coordinates":[[[-4.7538915,37.887069],[-4.7539438,37.8869975],[-4.7540913,37.8870617],[-4.7538915,37.887069]]]}},{"type":"Feature","properties":{"osm":607456203},"geometry":{"type":"Polygon","coordinates":[[[-4.7541233,37.8870595],[-4.7542893,37.8870513],[-4.7541676,37.8869954],[-4.7541233,37.8870595]]]}},{"type":"Feature","properties":{"osm":607456205},"geometry":{"type":"Polygon","coordinates":[[[-4.7544887,37.8870413],[-4.7543551,37.8870486],[-4.7543936,37.8869954],[-4.7544887,37.8870413]]]}},{"type":"Feature","properties":{"osm":607456207},"geometry":{"type":"Polygon","coordinates":[[[-4.7546913,37.8870325],[-4.754937,37.8870194],[-4.7547598,37.8869392],[-4.7546913,37.8870325]]]}},{"type":"Feature","properties":{"osm":607456209},"geometry":{"type":"Polygon","coordinates":[[[-4.7546676,37.8870127],[-4.7546517,37.8870355],[-4.7546331,37.8870275],[-4.754649,37.8870047],[-4.7546676,37.8870127]]]}},{"type":"Feature","properties":{"osm":607456211},"geometry":{"type":"Polygon","coordinates":[[[-4.7546751,37.8870015],[-4.7546549,37.8869926],[-4.754824,37.8867525],[-4.7548443,37.8867614],[-4.7546751,37.8870015]]]}},{"type":"Feature","properties":{"osm":607456212},"geometry":{"type":"Polygon","coordinates":[[[-4.7550584,37.8868348],[-4.7551032,37.8867725],[-4.754935,37.886697],[-4.7548902,37.8867593],[-4.7550584,37.8868348]]]}},{"type":"Feature","properties":{"osm":607456213},"geometry":{"type":"Polygon","coordinates":[[[-4.7546895,37.8868908],[-4.7547859,37.8867476],[-4.7544408,37.886594],[-4.754332,37.8867441],[-4.7544652,37.8867986],[-4.754484,37.8867958],[-4.7546895,37.8868908]]]}},{"type":"Feature","properties":{"osm":607456214},"geometry":{"type":"Polygon","coordinates":[[[-4.7544214,37.8868691],[-4.7542639,37.8868028],[-4.7543028,37.8867497],[-4.7543205,37.8867574],[-4.7543258,37.8867525],[-4.7544665,37.8868118],[-4.7544214,37.8868691]]]}},{"type":"Feature","properties":{"osm":607456215},"geometry":{"type":"Polygon","coordinates":[[[-4.7541894,37.8868679],[-4.7542815,37.8867422],[-4.7541307,37.8866734],[-4.7540386,37.8867992],[-4.7541894,37.8868679]]]}},{"type":"Feature","properties":{"osm":607456216},"geometry":{"type":"Polygon","coordinates":[[[-4.7539653,37.8868693],[-4.7541157,37.886665],[-4.7537892,37.8865153],[-4.7536388,37.8867195],[-4.7539653,37.8868693]]]}},{"type":"Feature","properties":{"osm":607456218},"geometry":{"type":"Polygon","coordinates":[[[-4.7533084,37.8869471],[-4.7533808,37.8868437],[-4.7530434,37.8866844],[-4.7529633,37.8867987],[-4.7533084,37.8869471]]]}},{"type":"Feature","properties":{"osm":607456222},"geometry":{"type":"Polygon","coordinates":[[[-4.7528202,37.8869343],[-4.7529509,37.8867493],[-4.7526542,37.8866186],[-4.7525234,37.8868036],[-4.7528202,37.8869343]]]}},{"type":"Feature","properties":{"osm":607456223},"geometry":{"type":"Polygon","coordinates":[[[-4.7530441,37.8869314],[-4.7530852,37.8868727],[-4.7529573,37.886817],[-4.7529162,37.8868757],[-4.7530441,37.8869314]]]}},{"type":"Feature","properties":{"osm":607456224},"geometry":{"type":"Polygon","coordinates":[[[-4.7525574,37.8867119],[-4.7523802,37.8866327],[-4.7524571,37.8865257],[-4.7526342,37.886605],[-4.7525574,37.8867119]]]}},{"type":"Feature","properties":{"osm":607456228},"geometry":{"type":"Polygon","coordinates":[[[-4.753088,37.8865733],[-4.7527708,37.8864342],[-4.7528897,37.8862646],[-4.7532048,37.8864138],[-4.753088,37.8865733]]]}},{"type":"Feature","properties":{"osm":607456229},"geometry":{"type":"Polygon","coordinates":[[[-4.7532048,37.8864138],[-4.7535767,37.8865791],[-4.7535092,37.8866696],[-4.7531354,37.8865054],[-4.7532048,37.8864138]]]}},{"type":"Feature","properties":{"osm":607456230},"geometry":{"type":"Polygon","coordinates":[[[-4.7527708,37.8864342],[-4.7525808,37.8863509],[-4.7526402,37.8862538],[-4.7528325,37.8863463],[-4.7527708,37.8864342]]]}},{"type":"Feature","properties":{"osm":607456231},"geometry":{"type":"Polygon","coordinates":[[[-4.752924,37.8861574],[-4.7529698,37.8860949],[-4.7528167,37.8860251],[-4.752771,37.8860876],[-4.752924,37.8861574]]]}},{"type":"Feature","properties":{"osm":607456232},"geometry":{"type":"Polygon","coordinates":[[[-4.7531032,37.8859105],[-4.7531486,37.8858503],[-4.7529932,37.8857774],[-4.7529478,37.8858376],[-4.7531032,37.8859105]]]}},{"type":"Feature","properties":{"osm":607456233},"geometry":{"type":"Polygon","coordinates":[[[-4.753755,37.8862073],[-4.7537853,37.8861641],[-4.7538548,37.8861946],[-4.7538718,37.8861704],[-4.7537021,37.8860962],[-4.7536549,37.8861635],[-4.753755,37.8862073]]]}},{"type":"Feature","properties":{"osm":607456235},"geometry":{"type":"Polygon","coordinates":[[[-4.7535362,37.8853146],[-4.753584,37.8852482],[-4.7534288,37.8851763],[-4.7533762,37.8852454],[-4.7535362,37.8853146]]]}},{"type":"Feature","properties":{"osm":607456242},"geometry":{"type":"Polygon","coordinates":[[[-4.7555073,37.8862126],[-4.7555517,37.8861511],[-4.7553886,37.8860778],[-4.7553442,37.8861394],[-4.7555073,37.8862126]]]}},{"type":"Feature","properties":{"osm":607456243},"geometry":{"type":"Polygon","coordinates":[[[-4.7548816,37.8867106],[-4.7548654,37.8867032],[-4.755222,37.886213],[-4.7552382,37.8862204],[-4.7548816,37.8867106]]]}},{"type":"Feature","properties":{"osm":607456244},"geometry":{"type":"Polygon","coordinates":[[[-4.7548371,37.8866823],[-4.7551856,37.8861964],[-4.7550254,37.8861249],[-4.7549451,37.8862368],[-4.7550628,37.8862894],[-4.7548243,37.886622],[-4.7542168,37.8863507],[-4.7541726,37.8863855],[-4.7548371,37.8866823]]]}},{"type":"Feature","properties":{"osm":607456249},"geometry":{"type":"Polygon","coordinates":[[[-4.7557803,37.8859252],[-4.7558257,37.8858585],[-4.7560021,37.8859333],[-4.7559568,37.886],[-4.7557803,37.8859252]]]}},{"type":"Feature","properties":{"osm":607456250},"geometry":{"type":"Polygon","coordinates":[[[-4.755604,37.886492],[-4.7556573,37.8864171],[-4.7554861,37.8863412],[-4.7554328,37.8864161],[-4.755604,37.886492]]]}},{"type":"Feature","properties":{"osm":607489725},"geometry":{"type":"Polygon","coordinates":[[[-4.7487612,37.8879167],[-4.7487312,37.8879397],[-4.7487119,37.8879691],[-4.7487053,37.8880017],[-4.7487119,37.8880343],[-4.7487313,37.8880636],[-4.7487613,37.8880867],[-4.7487989,37.8881011],[-4.7488404,37.8881055],[-4.7488845,37.8880985],[-4.7489229,37.8880802],[-4.7489514,37.8880528],[-4.7489665,37.8880194],[-4.7489665,37.8879839],[-4.7489514,37.8879505],[-4.7489229,37.8879231],[-4.7488844,37.8879049],[-4.7488404,37.8878979],[-4.7487989,37.8879022],[-4.7487612,37.8879167]]]}},{"type":"Feature","properties":{"osm":607492133},"geometry":{"type":"Polygon","coordinates":[[[-4.7515563,37.8872723],[-4.7515864,37.8872643],[-4.7516258,37.8872475],[-4.7516549,37.8872336],[-4.7516803,37.8872139],[-4.751701,37.8871898],[-4.7517311,37.8871497],[-4.7516723,37.8871233],[-4.7515563,37.8872723]]]}},{"type":"Feature","properties":{"osm":607492134},"geometry":{"type":"Polygon","coordinates":[[[-4.7517764,37.8870834],[-4.7518258,37.8870167],[-4.7517738,37.8869927],[-4.7517244,37.8870595],[-4.7517764,37.8870834]]]}},{"type":"Feature","properties":{"osm":607492135},"geometry":{"type":"Polygon","coordinates":[[[-4.7518484,37.8869754],[-4.751853,37.8869476],[-4.7518524,37.8869256],[-4.7518465,37.8868995],[-4.7518056,37.8869555],[-4.7518484,37.8869754]]]}},{"type":"Feature","properties":{"osm":607492136},"geometry":{"type":"Polygon","coordinates":[[[-4.7523244,37.8869698],[-4.7523901,37.886875],[-4.7522461,37.8868129],[-4.7521804,37.8869077],[-4.7523244,37.8869698]]]}},{"type":"Feature","properties":{"osm":607492137},"geometry":{"type":"Polygon","coordinates":[[[-4.7523448,37.8869604],[-4.7523325,37.8869772],[-4.7526733,37.8871323],[-4.7526856,37.8871154],[-4.7523448,37.8869604]]]}},{"type":"Feature","properties":{"osm":608993480},"geometry":{"type":"Polygon","coordinates":[[[-4.7553725,37.8868023],[-4.7549865,37.8866271],[-4.755171,37.8863739],[-4.755557,37.8865492],[-4.7553725,37.8868023]]]}},{"type":"Feature","properties":{"osm":608993507},"geometry":{"type":"Polygon","coordinates":[[[-4.7531304,37.887111],[-4.7529834,37.8871177],[-4.7530213,37.8870635],[-4.7531304,37.887111]]]}},{"type":"Feature","properties":{"osm":608993508},"geometry":{"type":"Polygon","coordinates":[[[-4.7529209,37.887119],[-4.7527477,37.887129],[-4.7527955,37.8870627],[-4.7529209,37.887119]]]}},{"type":"Feature","properties":{"osm":609237614},"geometry":{"type":"Polygon","coordinates":[[[-4.7543082,37.8857019],[-4.7543518,37.8857219],[-4.754424,37.8857551],[-4.7547752,37.8859144],[-4.7548873,37.8859652],[-4.7549217,37.8859828],[-4.7549383,37.8859913],[-4.7551732,37.8856697],[-4.7551461,37.8856686],[-4.7551075,37.885667],[-4.7548768,37.8856578],[-4.7548532,37.8856569],[-4.7545657,37.8856453],[-4.7545354,37.8856441],[-4.7545177,37.8856419],[-4.7545069,37.8856405],[-4.7544692,37.8856326],[-4.7544455,37.8856254],[-4.7544291,37.8856204],[-4.7543791,37.8856028],[-4.7543082,37.8857019]]]}},{"type":"Feature","properties":{"osm":611864856},"geometry":{"type":"Polygon","coordinates":[[[-4.7549914,37.8870159],[-4.7551477,37.8870127],[-4.7550288,37.8869555],[-4.7549914,37.8870159]]]}},{"type":"Feature","properties":{"osm":611864857},"geometry":{"type":"Polygon","coordinates":[[[-4.7503386,37.8942247],[-4.7503587,37.8942534],[-4.750586,37.8941544],[-4.7505659,37.8941256],[-4.7503386,37.8942247]]]}},{"type":"Feature","properties":{"osm":611864858},"geometry":{"type":"Polygon","coordinates":[[[-4.7503875,37.8943302],[-4.750391,37.8943373],[-4.7503974,37.8943397],[-4.7504082,37.8943429],[-4.7504187,37.894345],[-4.7504346,37.8943474],[-4.7504507,37.8943486],[-4.7504682,37.8943496],[-4.750486,37.8943485],[-4.7505079,37.8943458],[-4.7505291,37.8943405],[-4.7505468,37.8943345],[-4.7505654,37.8943258],[-4.7505865,37.8943149],[-4.7506016,37.8943048],[-4.750615,37.8942921],[-4.7506298,37.8942778],[-4.7506415,37.8942627],[-4.7506479,37.8942503],[-4.7506566,37.8942347],[-4.7506583,37.8942217],[-4.7506479,37.8942162],[-4.7503875,37.8943302]]]}},{"type":"Feature","properties":{"osm":611864859},"geometry":{"type":"Polygon","coordinates":[[[-4.7502725,37.8941601],[-4.7505392,37.8940442],[-4.7505354,37.8940408],[-4.7505285,37.8940358],[-4.7505157,37.8940316],[-4.7504992,37.8940274],[-4.7504817,37.8940253],[-4.7504625,37.8940249],[-4.7504431,37.8940259],[-4.7504215,37.8940284],[-4.7504008,37.8940337],[-4.7503822,37.89404],[-4.7503654,37.8940473],[-4.7503476,37.8940557],[-4.7503292,37.8940652],[-4.7503084,37.8940807],[-4.7502962,37.8940919],[-4.7502861,37.8941055],[-4.7502786,37.8941183],[-4.7502733,37.8941316],[-4.7502707,37.8941488],[-4.7502696,37.8941572],[-4.7502725,37.8941601]]]}},{"type":"Feature","properties":{"osm":611864860},"geometry":{"type":"Polygon","coordinates":[[[-4.7501244,37.8943541],[-4.7501076,37.8943266],[-4.7495057,37.8945726],[-4.749259,37.8946646],[-4.7489063,37.8947938],[-4.7487185,37.8948562],[-4.7483752,37.8949694],[-4.7480265,37.8950795],[-4.747816,37.8951451],[-4.7476631,37.8952001],[-4.747537,37.8952467],[-4.7473412,37.8953261],[-4.7473458,37.8953305],[-4.7475793,37.8952627],[-4.7479115,37.8951592],[-4.7483607,37.8950198],[-4.7486364,37.8949341],[-4.7489653,37.894819],[-4.7493581,37.8946703],[-4.749752,37.8945149],[-4.750001,37.8944066],[-4.7501244,37.8943541]]]}},{"type":"Feature","properties":{"osm":611864861},"geometry":{"type":"Polygon","coordinates":[[[-4.746998,37.8948143],[-4.7470112,37.8948267],[-4.7477816,37.8946341],[-4.7477352,37.8945461],[-4.7477581,37.8945406],[-4.74778,37.8945354],[-4.747823,37.8946241],[-4.7482962,37.894492],[-4.7484162,37.894488],[-4.7484702,37.894508],[-4.7485243,37.8945174],[-4.7485699,37.8945174],[-4.7486071,37.8945067],[-4.7486477,37.8944787],[-4.7486629,37.8944267],[-4.748673,37.89438],[-4.748695,37.8943267],[-4.7487423,37.894264],[-4.7487913,37.8942187],[-4.7488639,37.8941733],[-4.7489315,37.8941507],[-4.7490093,37.8941387],[-4.7490718,37.894136],[-4.7491546,37.8941467],[-4.7492205,37.894168],[-4.7492847,37.8941933],[-4.7493404,37.8942253],[-4.7493692,37.8942533],[-4.7493911,37.8942814],[-4.7494131,37.8942854],[-4.7494199,37.8942694],[-4.7494013,37.8942293],[-4.7493556,37.894188],[-4.74931,37.8941547],[-4.7492458,37.8941187],[-4.7491681,37.894092],[-4.7490583,37.8940733],[-4.7490143,37.8940764],[-4.7477007,37.894525],[-4.7477218,37.8945669],[-4.746998,37.8948143]]]}},{"type":"Feature","properties":{"osm":611864877},"geometry":{"type":"Polygon","coordinates":[[[-4.7592936,37.884033],[-4.7592653,37.884038],[-4.7592407,37.8840501],[-4.7592223,37.8840677],[-4.7592122,37.8840892],[-4.7592114,37.884112],[-4.7592202,37.8841339],[-4.7592374,37.8841523],[-4.7592613,37.8841652],[-4.7592891,37.8841714],[-4.759318,37.8841701],[-4.7593448,37.8841614],[-4.7593666,37.8841464],[-4.759381,37.8841266],[-4.7593865,37.8841041],[-4.7593825,37.8840815],[-4.7593694,37.8840612],[-4.7593486,37.8840452],[-4.7593224,37.8840355],[-4.7592936,37.884033]]]}},{"type":"Feature","properties":{"osm":626235718},"geometry":{"type":"Polygon","coordinates":[[[-4.7809766,37.9000889],[-4.7811214,37.9000117],[-4.7811553,37.8999874],[-4.7811661,37.8999533],[-4.7811476,37.8999187],[-4.7811253,37.899898],[-4.7810952,37.8998932],[-4.7810552,37.8998974],[-4.7808865,37.8999862],[-4.7808657,37.9000074],[-4.780858,37.9000318],[-4.7808649,37.9000609],[-4.7808803,37.9000852],[-4.7809081,37.900095],[-4.7809443,37.9000956],[-4.7809766,37.9000889]]]}},{"type":"Feature","properties":{"osm":626236616},"geometry":{"type":"Polygon","coordinates":[[[-4.7793946,37.9025459],[-4.7796818,37.9026067],[-4.7802352,37.9025367],[-4.780506,37.9023543],[-4.7805644,37.9022235],[-4.7806461,37.9020835],[-4.7806742,37.9019305],[-4.7806415,37.901855],[-4.780464,37.9017315],[-4.7802889,37.9016063],[-4.7801138,37.9016947],[-4.780018,37.9017629],[-4.779969,37.9018347],[-4.7799503,37.9019766],[-4.7799363,37.9021092],[-4.7798639,37.9022622],[-4.7797085,37.9023999],[-4.779554,37.9024785],[-4.7793946,37.9025459]]]}},{"type":"Feature","properties":{"osm":626236617},"geometry":{"type":"Polygon","coordinates":[[[-4.7786921,37.9029468],[-4.7788689,37.9027977],[-4.7790173,37.9026822],[-4.7791535,37.902594],[-4.7792369,37.9025587],[-4.7790742,37.9024897],[-4.7789279,37.9024063],[-4.7788161,37.9023293],[-4.7787388,37.9022764],[-4.7786697,37.9022539],[-4.778564,37.9022443],[-4.7784726,37.9022716],[-4.7783872,37.9023502],[-4.7783506,37.9024512],[-4.7783689,37.9025972],[-4.7784014,37.902679],[-4.7785152,37.9028362],[-4.7785925,37.9029067],[-4.7786921,37.9029468]]]}},{"type":"Feature","properties":{"osm":629301279},"geometry":{"type":"Polygon","coordinates":[[[-4.8117537,37.8866565],[-4.8102636,37.8863873],[-4.8102508,37.8863918],[-4.810241,37.8864212],[-4.8117358,37.8867494],[-4.8117616,37.8866675],[-4.8117537,37.8866565]]]}},{"type":"Feature","properties":{"osm":629301280},"geometry":{"type":"Polygon","coordinates":[[[-4.8156213,37.8865805],[-4.8156393,37.8864785],[-4.8146651,37.8863717],[-4.8146471,37.8864738],[-4.8156213,37.8865805]]]}},{"type":"Feature","properties":{"osm":629557719},"geometry":{"type":"Polygon","coordinates":[[[-4.7805452,37.8946806],[-4.7805269,37.8945875],[-4.7807129,37.894549],[-4.7805452,37.8946806]]]}},{"type":"Feature","properties":{"osm":630221417},"geometry":{"type":"Polygon","coordinates":[[[-4.8069217,37.8927612],[-4.8084721,37.8928248],[-4.8086091,37.8928338],[-4.8084813,37.8929906],[-4.8083056,37.8931693],[-4.8081023,37.8933347],[-4.8078466,37.8935],[-4.8076555,37.8936058],[-4.8074707,37.8937067],[-4.8072304,37.893838],[-4.8070024,37.8939583],[-4.8067728,37.8940714],[-4.8064278,37.8942404],[-4.8063045,37.8942926],[-4.806249,37.8943048],[-4.8061874,37.8942914],[-4.8061335,37.8942696],[-4.8060781,37.8942221],[-4.8060534,37.8941759],[-4.8060426,37.8941322],[-4.8060472,37.8940884],[-4.8060719,37.8940617],[-4.8061366,37.8940106],[-4.8062691,37.8939133],[-4.8062367,37.8938842],[-4.8063138,37.8938246],[-4.8064016,37.8937517],[-4.8065094,37.8936508],[-4.8066665,37.8934745],[-4.8067744,37.8933128],[-4.8068483,37.8931523],[-4.8068899,37.8929943],[-4.8069217,37.8927612]]]}},{"type":"Feature","properties":{"osm":636026095},"geometry":{"type":"Polygon","coordinates":[[[-4.7805093,37.8762444],[-4.7803625,37.8765236],[-4.7803702,37.8766202],[-4.7805184,37.8765123],[-4.7808558,37.8762685],[-4.7811739,37.8759845],[-4.7813996,37.8757748],[-4.781546,37.8756191],[-4.7816931,37.8754769],[-4.7818633,37.8752963],[-4.7819927,37.8751583],[-4.7821545,37.8749862],[-4.7822931,37.8748409],[-4.7825165,37.8746062],[-4.7826998,37.874408],[-4.78285,37.8742359],[-4.7829856,37.8740973],[-4.783192,37.8738778],[-4.7834254,37.8736188],[-4.7836134,37.8734121],[-4.7836765,37.8733275],[-4.7837025,37.8732712],[-4.7837242,37.8732221],[-4.7837317,37.8731864],[-4.7837418,37.8731292],[-4.7835768,37.8730929],[-4.7807064,37.87606],[-4.7805093,37.8762444]]]}},{"type":"Feature","properties":{"osm":636549348},"geometry":{"type":"Polygon","coordinates":[[[-4.7691659,37.8882605],[-4.7691908,37.8882738],[-4.7691438,37.8883845],[-4.7690427,37.8883254],[-4.7691659,37.8882605]]]}},{"type":"Feature","properties":{"osm":642170706},"geometry":{"type":"Polygon","coordinates":[[[-4.7662266,37.8825369],[-4.7662335,37.8824492],[-4.7662396,37.8824113],[-4.766269,37.882413],[-4.766306,37.8822373],[-4.766254,37.882234],[-4.7662627,37.8821709],[-4.7662908,37.8819687],[-4.7660128,37.8819516],[-4.7658759,37.8825287],[-4.7662266,37.8825369]]]}},{"type":"Feature","properties":{"osm":642170712},"geometry":{"type":"Polygon","coordinates":[[[-4.7662396,37.8831591],[-4.7663066,37.8828373],[-4.766135,37.882814],[-4.766084,37.8831464],[-4.7662396,37.8831591]]]}},{"type":"Feature","properties":{"osm":645593698},"geometry":{"type":"Polygon","coordinates":[[[-4.8028841,37.8810536],[-4.8028784,37.8809986],[-4.8024663,37.881023],[-4.8023607,37.8811106],[-4.8030337,37.8813148],[-4.8030208,37.8811803],[-4.8029458,37.8811832],[-4.8029444,37.8811691],[-4.8027102,37.88118],[-4.8026955,37.8810638],[-4.8028841,37.8810536]]]}},{"type":"Feature","properties":{"osm":650673383},"geometry":{"type":"Polygon","coordinates":[[[-4.7634282,37.8871142],[-4.7637892,37.8867553],[-4.76382,37.8868086],[-4.7638343,37.8868755],[-4.7638275,37.886934],[-4.7638063,37.8869832],[-4.7637708,37.8870308],[-4.7637266,37.8870676],[-4.7636544,37.8871042],[-4.7635831,37.8871222],[-4.763499,37.8871256],[-4.7634282,37.8871142]]]}},{"type":"Feature","properties":{"osm":650673384},"geometry":{"type":"Polygon","coordinates":[[[-4.7632737,37.8870246],[-4.7636417,37.8866563],[-4.7635649,37.8866403],[-4.7634806,37.8866408],[-4.7633975,37.88666],[-4.763322,37.8866983],[-4.7632708,37.8867434],[-4.763235,37.8867978],[-4.763216,37.8868734],[-4.7632218,37.8869301],[-4.7632466,37.8869885],[-4.7632737,37.8870246]]]}},{"type":"Feature","properties":{"osm":650673385},"geometry":{"type":"Polygon","coordinates":[[[-4.7739558,37.8959636],[-4.7741476,37.8958856],[-4.7742028,37.8958484],[-4.774239,37.8958103],[-4.7742652,37.8957711],[-4.7742826,37.8957267],[-4.7742913,37.8956865],[-4.7742833,37.8956441],[-4.7742706,37.895607],[-4.7742524,37.8955663],[-4.7742317,37.8955203],[-4.7742216,37.895505],[-4.7741914,37.8954605],[-4.7741599,37.8954303],[-4.7741304,37.8954076],[-4.7741022,37.8953912],[-4.7740694,37.8953817],[-4.7740183,37.8953814],[-4.7732815,37.8956933],[-4.7732587,37.895723],[-4.7732459,37.8957542],[-4.7732559,37.8958276],[-4.7733098,37.8959141],[-4.7733606,37.8959685],[-4.7734035,37.8959891],[-4.7734451,37.8960061],[-4.7735041,37.8960166],[-4.7735557,37.8960219],[-4.7736087,37.8960246],[-4.7736818,37.896023],[-4.7737462,37.8960198],[-4.7738595,37.8959981],[-4.7739558,37.8959636]]]}},{"type":"Feature","properties":{"osm":651205008},"geometry":{"type":"Polygon","coordinates":[[[-4.7803274,37.8917099],[-4.7803525,37.891704],[-4.7803786,37.8917052],[-4.7804027,37.8917133],[-4.780422,37.8917274],[-4.780434,37.8917457],[-4.7804374,37.8917662],[-4.7804318,37.8917864],[-4.7804193,37.8918027],[-4.780343,37.8918797],[-4.7803361,37.8918798],[-4.7803302,37.8918774],[-4.7802958,37.8917943],[-4.7802869,37.8917767],[-4.7802855,37.8917577],[-4.7802917,37.8917394],[-4.7803063,37.8917222],[-4.7803274,37.8917099]]]}},{"type":"Feature","properties":{"osm":651206275},"geometry":{"type":"Polygon","coordinates":[[[-4.7703593,37.8929588],[-4.7701949,37.8926966],[-4.7698291,37.8929774],[-4.7699466,37.8931018],[-4.7703593,37.8929588]]]}},{"type":"Feature","properties":{"osm":651206277},"geometry":{"type":"Polygon","coordinates":[[[-4.7697985,37.892953],[-4.7697163,37.8930759],[-4.7696216,37.8931454],[-4.769611,37.8931328],[-4.7695504,37.8931447],[-4.7688625,37.8925435],[-4.7681499,37.892316],[-4.7673021,37.892045],[-4.7675372,37.8916082],[-4.7679335,37.8918703],[-4.7686027,37.8915591],[-4.7693566,37.8924507],[-4.7693924,37.8924542],[-4.7696123,37.8923386],[-4.7698673,37.8926509],[-4.7696507,37.8927691],[-4.7697827,37.8929246],[-4.7698574,37.8928878],[-4.7698744,37.8929116],[-4.7697985,37.892953]]]}},{"type":"Feature","properties":{"osm":658719482},"geometry":{"type":"Polygon","coordinates":[[[-4.7851491,37.8868596],[-4.7851908,37.8868344],[-4.7851611,37.8868038],[-4.7851194,37.8868291],[-4.7851491,37.8868596]]]}},{"type":"Feature","properties":{"osm":658719483},"geometry":{"type":"Polygon","coordinates":[[[-4.785051,37.8869259],[-4.7850936,37.886899],[-4.7850633,37.8868691],[-4.7850207,37.886896],[-4.785051,37.8869259]]]}},{"type":"Feature","properties":{"osm":658719484},"geometry":{"type":"Polygon","coordinates":[[[-4.784999,37.8867177],[-4.785045,37.8866842],[-4.785007,37.8866517],[-4.784961,37.8866852],[-4.784999,37.8867177]]]}},{"type":"Feature","properties":{"osm":658719485},"geometry":{"type":"Polygon","coordinates":[[[-4.7848935,37.8867774],[-4.7849371,37.8867495],[-4.7849057,37.8867188],[-4.784862,37.8867467],[-4.7848935,37.8867774]]]}},{"type":"Feature","properties":{"osm":658719487},"geometry":{"type":"Polygon","coordinates":[[[-4.7895691,37.8763479],[-4.7896214,37.8762503],[-4.7896133,37.8762319],[-4.7895899,37.876219],[-4.7895701,37.8762162],[-4.7895479,37.8762043],[-4.7895374,37.8761849],[-4.7895444,37.8761665],[-4.789653,37.8760651],[-4.7896611,37.8760513],[-4.7896518,37.8760393],[-4.7896308,37.8760273],[-4.7896086,37.8760236],[-4.7895957,37.8760301],[-4.7895876,37.8760476],[-4.7895537,37.8760992],[-4.7895444,37.8761112],[-4.7895222,37.8761112],[-4.7895082,37.8761038],[-4.7894965,37.8760872],[-4.7894778,37.8760411],[-4.7894778,37.8760246],[-4.7894895,37.8760089],[-4.789507,37.8759932],[-4.7895175,37.8759785],[-4.7895222,37.8759628],[-4.7895199,37.8759425],[-4.7895082,37.8759186],[-4.7894918,37.8759029],[-4.7894685,37.8758965],[-4.7893541,37.8758753],[-4.7893401,37.8758743],[-4.7893261,37.8758817],[-4.7893085,37.8758928],[-4.789305,37.8759112],[-4.789305,37.8759278],[-4.7893097,37.8759435],[-4.7895621,37.876349],[-4.7895691,37.8763479]]]}},{"type":"Feature","properties":{"osm":659895604},"geometry":{"type":"Polygon","coordinates":[[[-4.8102734,37.8900716],[-4.8107495,37.8900573],[-4.8160394,37.891416],[-4.8160422,37.8915159],[-4.8158822,37.8915125],[-4.8102734,37.8900716]]]}},{"type":"Feature","properties":{"osm":660018563},"geometry":{"type":"Polygon","coordinates":[[[-4.785198,37.8709858],[-4.7846133,37.8707991],[-4.7848634,37.8701508],[-4.7853101,37.8702916],[-4.7851418,37.8705992],[-4.7853791,37.8706801],[-4.785198,37.8709858]]]}},{"type":"Feature","properties":{"osm":660018564},"geometry":{"type":"Polygon","coordinates":[[[-4.7853791,37.8706801],[-4.7855929,37.8703949],[-4.785447,37.8703416],[-4.7853101,37.8702916],[-4.7851418,37.8705992],[-4.7853791,37.8706801]]]}},{"type":"Feature","properties":{"osm":660018565},"geometry":{"type":"Polygon","coordinates":[[[-4.7850337,37.8713727],[-4.785198,37.8709858],[-4.7846133,37.8707991],[-4.7844207,37.8711512],[-4.7850337,37.8713727]]]}},{"type":"Feature","properties":{"osm":660018566},"geometry":{"type":"Polygon","coordinates":[[[-4.7848864,37.8716258],[-4.7847181,37.8715487],[-4.7847958,37.8713913],[-4.7849862,37.8714543],[-4.7848864,37.8716258]]]}},{"type":"Feature","properties":{"osm":660018567},"geometry":{"type":"Polygon","coordinates":[[[-4.7839003,37.872413],[-4.7840591,37.8724157],[-4.7842146,37.872373],[-4.7843329,37.8723383],[-4.7844444,37.8723383],[-4.7846978,37.8718901],[-4.7844783,37.871819],[-4.7842619,37.8717488],[-4.7842653,37.8718395],[-4.7842213,37.8718555],[-4.784218,37.8717888],[-4.7841166,37.8717861],[-4.7838935,37.8720395],[-4.783711,37.8721276],[-4.7836063,37.8721969],[-4.7836266,37.8722876],[-4.7837246,37.8723623],[-4.7839003,37.872413]]]}},{"type":"Feature","properties":{"osm":660018568},"geometry":{"type":"Polygon","coordinates":[[[-4.7842382,37.871594],[-4.7842619,37.8717488],[-4.7844783,37.871819],[-4.7846978,37.8718901],[-4.7848864,37.8716258],[-4.7847181,37.8715487],[-4.784653,37.8715569],[-4.7844867,37.8714912],[-4.7845726,37.8713462],[-4.7845082,37.8713218],[-4.784582,37.8712096],[-4.7844207,37.8711512],[-4.7842382,37.871594]]]}},{"type":"Feature","properties":{"osm":660030534},"geometry":{"type":"Polygon","coordinates":[[[-4.785447,37.8703416],[-4.7855777,37.8700975],[-4.7855392,37.8700858],[-4.785661,37.8698697],[-4.7857018,37.8698829],[-4.7858339,37.869638],[-4.7859794,37.8696885],[-4.7860222,37.8695797],[-4.7853114,37.8693468],[-4.7852111,37.8695562],[-4.7854573,37.8696401],[-4.7853814,37.8697672],[-4.7852986,37.8697396],[-4.7852348,37.8698334],[-4.7852756,37.869848],[-4.7852505,37.8698907],[-4.7852112,37.8698775],[-4.7851574,37.8700037],[-4.7852404,37.8700331],[-4.7851825,37.870138],[-4.784942,37.8700536],[-4.7848634,37.8701508],[-4.785447,37.8703416]]]}},{"type":"Feature","properties":{"osm":660030536},"geometry":{"type":"Polygon","coordinates":[[[-4.7860222,37.8695797],[-4.7863459,37.8690959],[-4.7860552,37.8689853],[-4.7860558,37.8689378],[-4.7860786,37.8688987],[-4.7856145,37.8687222],[-4.7853114,37.8693468],[-4.7860222,37.8695797]]]}},{"type":"Feature","properties":{"osm":662988939},"geometry":{"type":"Polygon","coordinates":[[[-4.783284,37.8743414],[-4.7832357,37.8743832],[-4.7831331,37.8744478],[-4.7830467,37.8745142],[-4.7829626,37.8744451],[-4.7829319,37.8744268],[-4.7826888,37.8746891],[-4.7824439,37.8749648],[-4.7824792,37.8749866],[-4.782445,37.8750229],[-4.7824095,37.8750018],[-4.7824019,37.8750102],[-4.7824517,37.8750388],[-4.7824804,37.875058],[-4.782622,37.8751377],[-4.7823185,37.8753458],[-4.7822734,37.8753793],[-4.7822033,37.8754304],[-4.7821655,37.8754017],[-4.7821323,37.8753757],[-4.7820973,37.8753821],[-4.7820648,37.8753593],[-4.7818927,37.8755363],[-4.781919,37.8755674],[-4.7818778,37.87561],[-4.781841,37.8756509],[-4.781796,37.8756979],[-4.7817662,37.8756896],[-4.7813722,37.8760663],[-4.7813796,37.8760757],[-4.781389,37.8760876],[-4.7814728,37.8761592],[-4.7815084,37.8761738],[-4.7815165,37.8762062],[-4.7814981,37.8762301],[-4.7814893,37.8762345],[-4.7816491,37.8764516],[-4.7816567,37.8764611],[-4.7816673,37.8764742],[-4.7817748,37.8766079],[-4.7818208,37.8766651],[-4.7818502,37.876652],[-4.7818928,37.876633],[-4.7819354,37.8766978],[-4.7820199,37.876847],[-4.782033,37.8768414],[-4.7820429,37.8768588],[-4.7820525,37.8768748],[-4.7820404,37.8768806],[-4.7821242,37.8770254],[-4.782314,37.8769606],[-4.7822373,37.8768207],[-4.7821864,37.8767245],[-4.7822138,37.8767155],[-4.782098,37.8764799],[-4.7821596,37.8764567],[-4.7821877,37.8764451],[-4.7828721,37.8761673],[-4.7827999,37.8760581],[-4.7831864,37.8757236],[-4.7833128,37.8756065],[-4.78332,37.8755998],[-4.7833553,37.8755692],[-4.7836016,37.8753558],[-4.7838521,37.8751317],[-4.7838912,37.875098],[-4.7840283,37.8749755],[-4.7840318,37.8749731],[-4.7840926,37.8749241],[-4.7840464,37.8748919],[-4.7840107,37.8748643],[-4.7840013,37.8748577],[-4.7837419,37.874674],[-4.783639,37.8746011],[-4.7835662,37.8745495],[-4.783284,37.8743414]]]}},{"type":"Feature","properties":{"osm":662991337},"geometry":{"type":"Polygon","coordinates":[[[-4.7577566,37.8794287],[-4.7574628,37.8791464],[-4.7580381,37.8783019],[-4.7580989,37.8782406],[-4.7581564,37.8781912],[-4.7583845,37.8780845],[-4.7588762,37.8778351],[-4.758888,37.8778258],[-4.7588931,37.8778125],[-4.7588846,37.8777911],[-4.758616,37.8776658],[-4.7583963,37.8776338],[-4.75818,37.8778471],[-4.7577779,37.8783806],[-4.7572017,37.8791688],[-4.7564735,37.8801758],[-4.7559023,37.8809786],[-4.7552113,37.8819268],[-4.7544272,37.8829711],[-4.7544864,37.8830004],[-4.754559,37.8829777],[-4.7546283,37.8829431],[-4.7547246,37.882843],[-4.7550761,37.8823456],[-4.75512,37.8822816],[-4.7551944,37.8822589],[-4.7552535,37.8822496],[-4.7553346,37.8822069],[-4.7560561,37.881188],[-4.7569415,37.8799797],[-4.7570463,37.879869],[-4.7572085,37.879733],[-4.7577566,37.8794287]]]}},{"type":"Feature","properties":{"osm":671577899},"geometry":{"type":"Polygon","coordinates":[[[-4.754919,37.8859484],[-4.7548434,37.8858837],[-4.754886,37.885835],[-4.7549115,37.8858005],[-4.7549211,37.8857711],[-4.754919,37.8857392],[-4.7549136,37.8857098],[-4.7551159,37.8856796],[-4.754919,37.8859484]]]}},{"type":"Feature","properties":{"osm":671577900},"geometry":{"type":"Polygon","coordinates":[[[-4.7547561,37.8858929],[-4.7547678,37.8858837],[-4.7546092,37.8857493],[-4.7544602,37.8857644],[-4.7547561,37.8858929]]]}},{"type":"Feature","properties":{"osm":671577901},"geometry":{"type":"Polygon","coordinates":[[[-4.7548593,37.8856829],[-4.7548532,37.8856569],[-4.7545657,37.8856453],[-4.7546316,37.8857056],[-4.7548593,37.8856829]]]}},{"type":"Feature","properties":{"osm":671577902},"geometry":{"type":"Polygon","coordinates":[[[-4.7545634,37.8857115],[-4.7543995,37.8857333],[-4.7544857,37.8856426],[-4.7545634,37.8857115]]]}},{"type":"Feature","properties":{"osm":674050718},"geometry":{"type":"Polygon","coordinates":[[[-4.7738578,37.8889391],[-4.77389,37.8889808],[-4.7741095,37.8888745],[-4.77407,37.8888202],[-4.7738578,37.8889391]]]}},{"type":"Feature","properties":{"osm":674050719},"geometry":{"type":"Polygon","coordinates":[[[-4.7734725,37.888618],[-4.7731834,37.8887864],[-4.7734496,37.8890204],[-4.7734456,37.8890426],[-4.7735464,37.8890766],[-4.7736267,37.8891034],[-4.7736379,37.8890938],[-4.7736587,37.8890742],[-4.7736069,37.8890421],[-4.7736856,37.8889679],[-4.7737608,37.8889475],[-4.7736452,37.8887635],[-4.7735022,37.8886199],[-4.7734725,37.888618]]]}},{"type":"Feature","properties":{"osm":674050720},"geometry":{"type":"Polygon","coordinates":[[[-4.7736856,37.8889679],[-4.7737415,37.8889952],[-4.7737289,37.8890071],[-4.7738314,37.8890705],[-4.7738584,37.889091],[-4.7738926,37.8890602],[-4.7739244,37.8890317],[-4.77389,37.8889808],[-4.7738578,37.8889391],[-4.7738418,37.8889151],[-4.7737608,37.8889475],[-4.7736856,37.8889679]]]}},{"type":"Feature","properties":{"osm":674050722},"geometry":{"type":"Polygon","coordinates":[[[-4.7733704,37.888507],[-4.7734975,37.8884393],[-4.7735335,37.8884908],[-4.7735839,37.8885703],[-4.7735085,37.8886135],[-4.7735022,37.8886199],[-4.7734725,37.888618],[-4.7734287,37.8885721],[-4.7733704,37.888507]]]}},{"type":"Feature","properties":{"osm":674050723},"geometry":{"type":"Polygon","coordinates":[[[-4.7734287,37.8885721],[-4.7731917,37.888713],[-4.7731835,37.8887071],[-4.7731527,37.8887281],[-4.7731705,37.888754],[-4.7731317,37.8887764],[-4.7730163,37.8886658],[-4.7730687,37.8886331],[-4.7730416,37.8885989],[-4.7731217,37.8885718],[-4.7732062,37.8885359],[-4.7733325,37.8884665],[-4.7733704,37.888507],[-4.7734287,37.8885721]]]}},{"type":"Feature","properties":{"osm":674050727},"geometry":{"type":"Polygon","coordinates":[[[-4.7736608,37.8884154],[-4.7735964,37.8883452],[-4.7735268,37.8883653],[-4.7734572,37.8883917],[-4.7734975,37.8884393],[-4.7735335,37.8884908],[-4.7736608,37.8884154]]]}},{"type":"Feature","properties":{"osm":674051070},"geometry":{"type":"Polygon","coordinates":[[[-4.7735964,37.8883452],[-4.7736608,37.8884154],[-4.7736922,37.888449],[-4.7738954,37.888352],[-4.7738589,37.8882881],[-4.7735964,37.8883452]]]}},{"type":"Feature","properties":{"osm":685748419},"geometry":{"type":"Polygon","coordinates":[[[-4.7901842,37.8878137],[-4.7911327,37.8873887],[-4.7914613,37.88724],[-4.7914349,37.8872058],[-4.7912442,37.8872922],[-4.7911612,37.8871767],[-4.790705,37.8873596],[-4.7906556,37.8874955],[-4.7901287,37.8877421],[-4.7901842,37.8878137]]]}},{"type":"Feature","properties":{"osm":685748420},"geometry":{"type":"Polygon","coordinates":[[[-4.7918711,37.8870742],[-4.7927112,37.886681],[-4.7926882,37.8866489],[-4.7925413,37.8866475],[-4.7918015,37.8869648],[-4.7918711,37.8870742]]]}},{"type":"Feature","properties":{"osm":685748421},"geometry":{"type":"Polygon","coordinates":[[[-4.7933622,37.8864123],[-4.7933236,37.8863594],[-4.7938643,37.8861139],[-4.7939233,37.8862021],[-4.7933622,37.8864123]]]}},{"type":"Feature","properties":{"osm":685748422},"geometry":{"type":"Polygon","coordinates":[[[-4.7955346,37.8858149],[-4.7948533,37.886016],[-4.7947514,37.8858149],[-4.7945717,37.885853],[-4.7945207,37.8857958],[-4.7948238,37.8856857],[-4.7950733,37.8855608],[-4.7951564,37.8855079],[-4.7952342,37.885491],[-4.7953066,37.8855016],[-4.795371,37.885527],[-4.7954246,37.8855757],[-4.7955154,37.8857732],[-4.7955346,37.8858149]]]}},{"type":"Feature","properties":{"osm":686289435},"geometry":{"type":"Polygon","coordinates":[[[-4.7934849,37.8840849],[-4.7937061,37.8840206],[-4.7935433,37.8836673],[-4.7933221,37.8837315],[-4.7934849,37.8840849]]]}},{"type":"Feature","properties":{"osm":686289438},"geometry":{"type":"Polygon","coordinates":[[[-4.7939416,37.8837113],[-4.7943082,37.8835989],[-4.7942335,37.8834422],[-4.7938622,37.8835546],[-4.7939416,37.8837113]]]}},{"type":"Feature","properties":{"osm":686291920},"geometry":{"type":"Polygon","coordinates":[[[-4.7941242,37.8831965],[-4.793746,37.8833052],[-4.7936642,37.8831283],[-4.7940378,37.8830159],[-4.7941242,37.8831965]]]}},{"type":"Feature","properties":{"osm":686343111},"geometry":{"type":"Polygon","coordinates":[[[-4.795467,37.887888],[-4.7954696,37.8878642],[-4.79549,37.8878391],[-4.7955032,37.8878258],[-4.7955165,37.8878188],[-4.7954059,37.8875779],[-4.7951821,37.8876261],[-4.7951741,37.8876589],[-4.7951599,37.8876813],[-4.795136,37.8877043],[-4.7951891,37.8878468],[-4.7951785,37.8878503],[-4.7951989,37.8879033],[-4.795467,37.887888]]]}},{"type":"Feature","properties":{"osm":686343112},"geometry":{"type":"Polygon","coordinates":[[[-4.7951452,37.8879082],[-4.7951288,37.8878621],[-4.7951137,37.8878631],[-4.7950611,37.8877212],[-4.7950296,37.8877147],[-4.7950039,37.8877018],[-4.7949899,37.8876908],[-4.7949736,37.8876769],[-4.7947564,37.8877239],[-4.7948078,37.8878465],[-4.7948463,37.887852],[-4.7948708,37.8878631],[-4.7949117,37.8878806],[-4.7949245,37.8878962],[-4.7949432,37.8879211],[-4.7951452,37.8879082]]]}},{"type":"Feature","properties":{"osm":686343113},"geometry":{"type":"Polygon","coordinates":[[[-4.794739,37.8876932],[-4.7949593,37.8876421],[-4.7949611,37.8876238],[-4.7949664,37.8876043],[-4.7949814,37.8875875],[-4.7950035,37.8875687],[-4.7949522,37.8874255],[-4.7949664,37.8874192],[-4.7949478,37.8873662],[-4.7947178,37.8874688],[-4.7947231,37.8874884],[-4.7947231,37.8875135],[-4.7947142,37.8875379],[-4.7946983,37.8875603],[-4.7946815,37.8875715],[-4.794739,37.8876932]]]}},{"type":"Feature","properties":{"osm":686343114},"geometry":{"type":"Polygon","coordinates":[[[-4.7950841,37.8875512],[-4.7950257,37.8874046],[-4.7950097,37.8874053],[-4.7949894,37.8873438],[-4.7951672,37.8872656],[-4.7951814,37.8872768],[-4.7952017,37.8872845],[-4.7952185,37.88729],[-4.7952362,37.8872935],[-4.7952557,37.8872928],[-4.7952743,37.8872893],[-4.7953884,37.8875435],[-4.7951681,37.8875945],[-4.7951548,37.8875798],[-4.7951363,37.8875666],[-4.7951124,37.8875547],[-4.7950841,37.8875512]]]}},{"type":"Feature","properties":{"osm":686403637},"geometry":{"type":"Polygon","coordinates":[[[-4.7960976,37.887853],[-4.7960267,37.8876935],[-4.795987,37.8877046],[-4.7959753,37.8876806],[-4.7959532,37.8876843],[-4.7959311,37.8876796],[-4.7959204,37.8876738],[-4.795913,37.8876679],[-4.7959023,37.8876674],[-4.7958929,37.8876648],[-4.7958855,37.8876579],[-4.7958855,37.8876521],[-4.7958694,37.8876484],[-4.7958587,37.8876415],[-4.7958513,37.887632],[-4.79585,37.8876219],[-4.7958506,37.8876134],[-4.7958587,37.8876007],[-4.79585,37.8875811],[-4.7958406,37.8875737],[-4.7958345,37.8875653],[-4.7958318,37.8875568],[-4.7958332,37.8875478],[-4.7958278,37.8875388],[-4.7958258,37.8875309],[-4.7958258,37.887524],[-4.7958285,37.8875187],[-4.7958218,37.8875097],[-4.7958204,37.8874975],[-4.7958238,37.8874848],[-4.7958298,37.8874758],[-4.7958412,37.88747],[-4.7958553,37.8874653],[-4.7958567,37.8874552],[-4.7959146,37.88744],[-4.7957327,37.8870579],[-4.795747,37.8869929],[-4.7957183,37.8869315],[-4.7955543,37.8869808],[-4.7955295,37.8869865],[-4.7959065,37.8878152],[-4.7959339,37.8878079],[-4.7959594,37.8878678],[-4.7959355,37.8878749],[-4.7959438,37.8878957],[-4.7959721,37.8878887],[-4.7960976,37.887853]]]}},{"type":"Feature","properties":{"osm":686410084},"geometry":{"type":"Polygon","coordinates":[[[-4.7987683,37.8894005],[-4.7988515,37.8892619],[-4.7987822,37.8891136],[-4.7984571,37.8892023],[-4.7985711,37.8894491],[-4.7987683,37.8894005]]]}},{"type":"Feature","properties":{"osm":686430306},"geometry":{"type":"Polygon","coordinates":[[[-4.7977046,37.8883232],[-4.7976746,37.8883172],[-4.7976579,37.8883084],[-4.7976467,37.8882947],[-4.7976416,37.8882783],[-4.7976442,37.8882618],[-4.7976564,37.8882462],[-4.7976797,37.8882338],[-4.7988913,37.8878788],[-4.7989282,37.8878751],[-4.7989544,37.8878835],[-4.7989664,37.8878962],[-4.7989731,37.8879121],[-4.7989772,37.8879269],[-4.7989671,37.8879518],[-4.798951,37.887965],[-4.7977308,37.8883173],[-4.7977046,37.8883232]]]}},{"type":"Feature","properties":{"osm":686430307},"geometry":{"type":"Polygon","coordinates":[[[-4.7991596,37.8879041],[-4.7997242,37.8877379],[-4.7997591,37.8877147],[-4.7997645,37.8876893],[-4.799743,37.8876586],[-4.7996988,37.887649],[-4.7991248,37.8878141],[-4.7990966,37.8878353],[-4.7990872,37.8878618],[-4.7990966,37.8878872],[-4.7991207,37.8879052],[-4.7991596,37.8879041]]]}},{"type":"Feature","properties":{"osm":686430308},"geometry":{"type":"Polygon","coordinates":[[[-4.7999421,37.8876754],[-4.7999055,37.8876657],[-4.7998872,37.8876481],[-4.7998821,37.8876312],[-4.7998872,37.8876048],[-4.7999197,37.8875855],[-4.8004858,37.8874171],[-4.8005214,37.8874163],[-4.8005448,37.8874283],[-4.8005611,37.8874484],[-4.8005641,37.8874748],[-4.8005417,37.8874989],[-4.8005204,37.8875093],[-4.7999858,37.8876657],[-4.7999421,37.8876754]]]}},{"type":"Feature","properties":{"osm":686430309},"geometry":{"type":"Polygon","coordinates":[[[-4.8007191,37.8874484],[-4.8006943,37.8874431],[-4.8006749,37.8874309],[-4.8006655,37.8874129],[-4.8006641,37.8873891],[-4.8006782,37.8873647],[-4.80076,37.8873372],[-4.8016478,37.8870811],[-4.8016881,37.8870758],[-4.8017135,37.8870885],[-4.801731,37.8871075],[-4.801735,37.8871351],[-4.8017202,37.8871541],[-4.8016948,37.88717],[-4.8007466,37.8874452],[-4.8007191,37.8874484]]]}},{"type":"Feature","properties":{"osm":686461081},"geometry":{"type":"Polygon","coordinates":[[[-4.7986539,37.8904319],[-4.7986371,37.8903978],[-4.798856,37.8903505],[-4.7989156,37.8903373],[-4.7988047,37.8900941],[-4.7991167,37.8900042],[-4.7991853,37.8902805],[-4.7991588,37.8902854],[-4.7991703,37.8903189],[-4.7986539,37.8904319]]]}},{"type":"Feature","properties":{"osm":686463398},"geometry":{"type":"Polygon","coordinates":[[[-4.7962223,37.8884719],[-4.7961731,37.8883709],[-4.7961941,37.888366],[-4.7962189,37.8884158],[-4.7962343,37.8884671],[-4.7962223,37.8884719]]]}},{"type":"Feature","properties":{"osm":686463399},"geometry":{"type":"Polygon","coordinates":[[[-4.7961479,37.8883168],[-4.7961068,37.8882182],[-4.796122,37.8882138],[-4.7961423,37.8882583],[-4.7961924,37.8882339],[-4.7962182,37.8882964],[-4.7961479,37.8883168]]]}},{"type":"Feature","properties":{"osm":686463400},"geometry":{"type":"Polygon","coordinates":[[[-4.7966714,37.8886115],[-4.7966151,37.8886263],[-4.7965843,37.8885596],[-4.7966419,37.8885438],[-4.7966714,37.8886115]]]}},{"type":"Feature","properties":{"osm":686463401},"geometry":{"type":"Polygon","coordinates":[[[-4.7964233,37.8886845],[-4.796367,37.8886983],[-4.7963402,37.8886316],[-4.7963938,37.8886157],[-4.7964233,37.8886845]]]}},{"type":"Feature","properties":{"osm":686463408},"geometry":{"type":"Polygon","coordinates":[[[-4.7965995,37.8891088],[-4.7965685,37.889042],[-4.7964943,37.8890645],[-4.7965385,37.8891668],[-4.7965543,37.8891632],[-4.796536,37.8891194],[-4.7965527,37.889119],[-4.7965995,37.8891088]]]}},{"type":"Feature","properties":{"osm":686463409},"geometry":{"type":"Polygon","coordinates":[[[-4.7964776,37.8889989],[-4.7964649,37.889003],[-4.7964212,37.8889123],[-4.796436,37.8889097],[-4.7964608,37.8889605],[-4.7964776,37.8889989]]]}},{"type":"Feature","properties":{"osm":686464573},"geometry":{"type":"Polygon","coordinates":[[[-4.7970715,37.8899386],[-4.7970114,37.8898091],[-4.796981,37.8898109],[-4.7969524,37.8898468],[-4.7969361,37.8898432],[-4.7969507,37.8897953],[-4.7968672,37.8897754],[-4.796861,37.8897573],[-4.7968743,37.8897168],[-4.7968858,37.8896923],[-4.7967566,37.8895506],[-4.7967647,37.8895273],[-4.7967888,37.8895072],[-4.7968384,37.8894828],[-4.7968532,37.8894765],[-4.7968358,37.8894236],[-4.7966842,37.8894648],[-4.7969243,37.8899813],[-4.7970715,37.8899386]]]}},{"type":"Feature","properties":{"osm":686464575},"geometry":{"type":"Polygon","coordinates":[[[-4.7969988,37.8897867],[-4.796959,37.889777],[-4.7969271,37.8897658],[-4.7969103,37.8897553],[-4.796897,37.8897455],[-4.7969059,37.8897141],[-4.7969227,37.8896911],[-4.7969457,37.8896736],[-4.7969988,37.8897867]]]}},{"type":"Feature","properties":{"osm":686464577},"geometry":{"type":"Polygon","coordinates":[[[-4.7968714,37.8895207],[-4.7969298,37.8896499],[-4.7968997,37.8896604],[-4.7968377,37.8895975],[-4.7968094,37.8895689],[-4.7968139,37.8895458],[-4.7968377,37.889527],[-4.7968714,37.8895207]]]}},{"type":"Feature","properties":{"osm":686466167},"geometry":{"type":"Polygon","coordinates":[[[-4.7846678,37.883804],[-4.7846402,37.8838032],[-4.7846506,37.8836747],[-4.7846799,37.8833103],[-4.7847278,37.8833094],[-4.7847418,37.8835213],[-4.7847284,37.8837416],[-4.7846728,37.8837376],[-4.7846719,37.8837535],[-4.7846678,37.883804]]]}},{"type":"Feature","properties":{"osm":686466169},"geometry":{"type":"Polygon","coordinates":[[[-4.7845992,37.8843181],[-4.7846314,37.8843191],[-4.7847051,37.8840302],[-4.7847199,37.8838905],[-4.7846703,37.8838894],[-4.7846569,37.8840365],[-4.784618,37.8840408],[-4.7845992,37.8843181]]]}},{"type":"Feature","properties":{"osm":686466171},"geometry":{"type":"Polygon","coordinates":[[[-4.7846682,37.8845434],[-4.7845851,37.8845406],[-4.7845748,37.8847181],[-4.7845672,37.8847181],[-4.7845868,37.8843716],[-4.7846359,37.8843738],[-4.7846339,37.8844087],[-4.7846795,37.8844099],[-4.7846682,37.8845434]]]}},{"type":"Feature","properties":{"osm":686466173},"geometry":{"type":"Polygon","coordinates":[[[-4.7847979,37.8832198],[-4.7847483,37.8832108],[-4.7847573,37.8831679],[-4.7847034,37.8831543],[-4.7847115,37.8829224],[-4.7847705,37.8829264],[-4.7847593,37.8830492],[-4.7847396,37.8830775],[-4.7848392,37.8830832],[-4.7847979,37.8832198]]]}},{"type":"Feature","properties":{"osm":687020864},"geometry":{"type":"Polygon","coordinates":[[[-4.7997493,37.8886921],[-4.7997234,37.8886983],[-4.799683,37.8885617],[-4.7999286,37.8884916],[-4.8000071,37.8888048],[-4.7998823,37.8888419],[-4.7998677,37.8888099],[-4.7999665,37.8887818],[-4.7999531,37.8887285],[-4.799942,37.8886838],[-4.7999313,37.8886412],[-4.7999203,37.8885971],[-4.7999029,37.8885278],[-4.7997716,37.8885649],[-4.799772,37.8885774],[-4.7997208,37.8885785],[-4.7997432,37.8886679],[-4.7997493,37.8886921]]]}},{"type":"Feature","properties":{"osm":687020865},"geometry":{"type":"Polygon","coordinates":[[[-4.799841,37.8891831],[-4.7998712,37.8891773],[-4.7998726,37.8891829],[-4.7998969,37.8892803],[-4.8000787,37.8892281],[-4.8000645,37.8891715],[-4.8000531,37.8891265],[-4.8000424,37.8890839],[-4.8000313,37.8890398],[-4.8000145,37.8889729],[-4.8000469,37.888964],[-4.8001182,37.8892458],[-4.7998746,37.8893161],[-4.799841,37.8891831]]]}},{"type":"Feature","properties":{"osm":687728455},"geometry":{"type":"Polygon","coordinates":[[[-4.7904343,37.8862567],[-4.7905317,37.8862616],[-4.7905968,37.8856627],[-4.7904922,37.8856543],[-4.7904343,37.8862567]]]}},{"type":"Feature","properties":{"osm":687812624},"geometry":{"type":"Polygon","coordinates":[[[-4.79443,37.8847776],[-4.7943752,37.8846505],[-4.7942955,37.8846708],[-4.7943522,37.8847986],[-4.79443,37.8847776]]]}},{"type":"Feature","properties":{"osm":687937064},"geometry":{"type":"Polygon","coordinates":[[[-4.791357,37.8845653],[-4.7913138,37.8845626],[-4.7913127,37.8845742],[-4.7913098,37.8846055],[-4.7913068,37.8846376],[-4.7913051,37.8846562],[-4.7913569,37.884658],[-4.7913556,37.8846728],[-4.7914383,37.8846777],[-4.7914383,37.8846841],[-4.7915254,37.8846882],[-4.7915253,37.8846821],[-4.791616,37.8846871],[-4.7916158,37.8846933],[-4.7917058,37.8846985],[-4.7917064,37.8846914],[-4.7917973,37.884696],[-4.7917977,37.8847034],[-4.7918849,37.8847079],[-4.7918851,37.8847007],[-4.791976,37.8847057],[-4.7919758,37.8847127],[-4.792065,37.8847174],[-4.7920651,37.8847103],[-4.7921572,37.8847149],[-4.7921571,37.8847222],[-4.7922019,37.8847246],[-4.7922022,37.8847205],[-4.7922055,37.8846815],[-4.7922108,37.8846169],[-4.7922114,37.8846102],[-4.7921663,37.8846082],[-4.7921652,37.8846207],[-4.7921633,37.8846423],[-4.7920708,37.8846371],[-4.7920728,37.8846146],[-4.7920739,37.8846034],[-4.7919859,37.884599],[-4.7919849,37.8846107],[-4.7919829,37.8846335],[-4.7918904,37.8846283],[-4.791892,37.8846061],[-4.7918929,37.8845942],[-4.7918091,37.8845902],[-4.7918084,37.8846016],[-4.7918071,37.8846239],[-4.791712,37.8846191],[-4.791714,37.8845965],[-4.7917151,37.8845842],[-4.7916282,37.8845802],[-4.7916276,37.8845925],[-4.7916267,37.8846142],[-4.7915316,37.8846098],[-4.7915333,37.8845866],[-4.7915342,37.8845745],[-4.7914493,37.8845701],[-4.7914486,37.8845823],[-4.7914473,37.8846058],[-4.7913522,37.8846006],[-4.7913554,37.8845772],[-4.791357,37.8845653]]]}},{"type":"Feature","properties":{"osm":691993321},"geometry":{"type":"Polygon","coordinates":[[[-4.786716,37.8851781],[-4.7867239,37.8851053],[-4.7873653,37.8851487],[-4.7873574,37.8852214],[-4.786716,37.8851781]]]}},{"type":"Feature","properties":{"osm":691993324},"geometry":{"type":"Polygon","coordinates":[[[-4.7874965,37.885222],[-4.7875029,37.8851583],[-4.7879478,37.8851862],[-4.7879414,37.8852499],[-4.7874965,37.885222]]]}},{"type":"Feature","properties":{"osm":691993326},"geometry":{"type":"Polygon","coordinates":[[[-4.7885954,37.8852982],[-4.7881898,37.8852747],[-4.7881972,37.8851947],[-4.7886028,37.8852181],[-4.7885954,37.8852982]]]}},{"type":"Feature","properties":{"osm":691993327},"geometry":{"type":"Polygon","coordinates":[[[-4.7886933,37.885299],[-4.7887003,37.8852257],[-4.7889888,37.885243],[-4.7889817,37.8853163],[-4.7886933,37.885299]]]}},{"type":"Feature","properties":{"osm":691993329},"geometry":{"type":"Polygon","coordinates":[[[-4.789065,37.8853201],[-4.7890716,37.885247],[-4.7894056,37.8852659],[-4.7893989,37.8853389],[-4.789065,37.8853201]]]}},{"type":"Feature","properties":{"osm":694032823},"geometry":{"type":"Polygon","coordinates":[[[-4.7946427,37.8853016],[-4.7947361,37.885285],[-4.794854,37.8852371],[-4.7949392,37.8851836],[-4.7949929,37.8851191],[-4.7950373,37.8850463],[-4.795056,37.8849634],[-4.7950642,37.8848989],[-4.7950326,37.884781],[-4.7950291,37.8848851],[-4.7950011,37.8849874],[-4.7949661,37.8850556],[-4.7949042,37.8851284],[-4.7948213,37.885203],[-4.7947256,37.8852574],[-4.79455,37.8853142],[-4.7946427,37.8853016]]]}},{"type":"Feature","properties":{"osm":694032824},"geometry":{"type":"Polygon","coordinates":[[[-4.7959104,37.8846867],[-4.7957107,37.8848221],[-4.795615,37.8848728],[-4.7955064,37.8848829],[-4.7954329,37.8848627],[-4.7953792,37.8848184],[-4.7953325,37.8847567],[-4.7953161,37.8847005],[-4.7954025,37.8848083],[-4.7955263,37.8847622],[-4.7955963,37.884824],[-4.7957852,37.8847336],[-4.7958987,37.8846793],[-4.7959104,37.8846867]]]}},{"type":"Feature","properties":{"osm":694032826},"geometry":{"type":"Polygon","coordinates":[[[-4.7953347,37.8852891],[-4.7955718,37.8851484],[-4.795562,37.8851766],[-4.7955314,37.8852209],[-4.7954932,37.8852519],[-4.7954449,37.8852751],[-4.7953805,37.8852888],[-4.7953347,37.8852891]]]}},{"type":"Feature","properties":{"osm":694032827},"geometry":{"type":"Polygon","coordinates":[[[-4.795182,37.8852224],[-4.7953217,37.8851379],[-4.7953009,37.8851148],[-4.7952442,37.8851085],[-4.7951934,37.8850871],[-4.7951862,37.8850619],[-4.795211,37.8850434],[-4.7952617,37.8850387],[-4.7952875,37.885027],[-4.7953065,37.8849993],[-4.7953076,37.8849698],[-4.7953411,37.8849608],[-4.7953726,37.8849761],[-4.7953826,37.8850056],[-4.7953826,37.8850517],[-4.7953612,37.8850846],[-4.7953773,37.8851043],[-4.7955307,37.8850116],[-4.7954862,37.8849771],[-4.7954447,37.8849581],[-4.7953761,37.884944],[-4.7953049,37.884948],[-4.7952307,37.8849742],[-4.7951849,37.8850079],[-4.7951535,37.8850495],[-4.7951372,37.8851015],[-4.7951434,37.8851604],[-4.7951579,37.8851915],[-4.795182,37.8852224]]]}},{"type":"Feature","properties":{"osm":694032829},"geometry":{"type":"Polygon","coordinates":[[[-4.7943787,37.8856279],[-4.7947569,37.8854405],[-4.7946926,37.8854405],[-4.794415,37.8855157],[-4.7944217,37.8855697],[-4.7944015,37.8856025],[-4.7943787,37.8856279]]]}},{"type":"Feature","properties":{"osm":694032830},"geometry":{"type":"Polygon","coordinates":[[[-4.7949048,37.8853711],[-4.7950799,37.8852753],[-4.7950472,37.8852329],[-4.7950321,37.8851924],[-4.7949842,37.8852421],[-4.794885,37.8852983],[-4.7947881,37.8853352],[-4.7947402,37.8853481],[-4.7949048,37.8853711]]]}},{"type":"Feature","properties":{"osm":694054983},"geometry":{"type":"Polygon","coordinates":[[[-4.7937693,37.8790506],[-4.7940807,37.8789388],[-4.7943025,37.8792824],[-4.794523,37.8795858],[-4.7946728,37.8798146],[-4.7942845,37.8799555],[-4.7940758,37.8796239],[-4.7937495,37.8790691],[-4.7937693,37.8790506]]]}},{"type":"Feature","properties":{"osm":694054984},"geometry":{"type":"Polygon","coordinates":[[[-4.7932645,37.8790193],[-4.7935166,37.8789208],[-4.7934871,37.8788795],[-4.793231,37.8789801],[-4.7932645,37.8790193]]]}},{"type":"Feature","properties":{"osm":694054985},"geometry":{"type":"Polygon","coordinates":[[[-4.7935636,37.8789039],[-4.7935287,37.8788626],[-4.7939029,37.8787091],[-4.7939324,37.8787546],[-4.7935636,37.8789039]]]}},{"type":"Feature","properties":{"osm":694054986},"geometry":{"type":"Polygon","coordinates":[[[-4.793981,37.8787313],[-4.7939536,37.8786856],[-4.7942107,37.8785829],[-4.7942432,37.8786286],[-4.793981,37.8787313]]]}},{"type":"Feature","properties":{"osm":694054987},"geometry":{"type":"Polygon","coordinates":[[[-4.7942943,37.8786104],[-4.7942677,37.8785671],[-4.7943314,37.8785385],[-4.794365,37.8785825],[-4.7942943,37.8786104]]]}},{"type":"Feature","properties":{"osm":694054988},"geometry":{"type":"Polygon","coordinates":[[[-4.7944084,37.8785636],[-4.7945296,37.8785147],[-4.7945022,37.8784728],[-4.794381,37.878521],[-4.7944084,37.8785636]]]}},{"type":"Feature","properties":{"osm":694054989},"geometry":{"type":"Polygon","coordinates":[[[-4.7945632,37.8785043],[-4.794719,37.8784428],[-4.7946924,37.8783974],[-4.7945287,37.8784589],[-4.7945632,37.8785043]]]}},{"type":"Feature","properties":{"osm":694054990},"geometry":{"type":"Polygon","coordinates":[[[-4.7954078,37.8803626],[-4.7953869,37.8803299],[-4.7953472,37.8803457],[-4.7953681,37.8803784],[-4.7954078,37.8803626]]]}},{"type":"Feature","properties":{"osm":694054991},"geometry":{"type":"Polygon","coordinates":[[[-4.7952108,37.8804391],[-4.795341,37.8803904],[-4.7953214,37.8803577],[-4.7951911,37.8804064],[-4.7952108,37.8804391]]]}},{"type":"Feature","properties":{"osm":694054992},"geometry":{"type":"Polygon","coordinates":[[[-4.795044,37.8804988],[-4.7951713,37.8804508],[-4.7951525,37.8804197],[-4.7950252,37.8804678],[-4.795044,37.8804988]]]}},{"type":"Feature","properties":{"osm":694054993},"geometry":{"type":"Polygon","coordinates":[[[-4.7950077,37.8805117],[-4.79488,37.8805604],[-4.7948601,37.8805278],[-4.7949877,37.8804792],[-4.7950077,37.8805117]]]}},{"type":"Feature","properties":{"osm":694054994},"geometry":{"type":"Polygon","coordinates":[[[-4.7945567,37.8806686],[-4.7946845,37.8806225],[-4.7946653,37.8805939],[-4.7945398,37.8806363],[-4.7945567,37.8806686]]]}},{"type":"Feature","properties":{"osm":694054995},"geometry":{"type":"Polygon","coordinates":[[[-4.7947126,37.880616],[-4.7947639,37.880599],[-4.7947429,37.8805667],[-4.794695,37.8805829],[-4.7947126,37.880616]]]}},{"type":"Feature","properties":{"osm":694054996},"geometry":{"type":"Polygon","coordinates":[[[-4.7948036,37.8805829],[-4.7948445,37.8805672],[-4.7948217,37.8805377],[-4.7947844,37.8805501],[-4.7948036,37.8805829]]]}},{"type":"Feature","properties":{"osm":694054997},"geometry":{"type":"Polygon","coordinates":[[[-4.7949377,37.881244],[-4.7946139,37.8806923],[-4.7945732,37.8807076],[-4.7948864,37.8812594],[-4.7949377,37.881244]]]}},{"type":"Feature","properties":{"osm":697772812},"geometry":{"type":"Polygon","coordinates":[[[-4.7829402,37.8976892],[-4.7828706,37.8977125],[-4.7827426,37.8977553],[-4.7826157,37.8977978],[-4.7824779,37.8978439],[-4.7825223,37.8978882],[-4.7829776,37.8977242],[-4.7829402,37.8976892]]]}},{"type":"Feature","properties":{"osm":697774407},"geometry":{"type":"Polygon","coordinates":[[[-4.8125377,37.8866257],[-4.8125562,37.8860503],[-4.8123839,37.8866039],[-4.8124547,37.8866354],[-4.8125377,37.8866257]]]}},{"type":"Feature","properties":{"osm":697774754},"geometry":{"type":"Polygon","coordinates":[[[-4.8124219,37.8868285],[-4.8124219,37.8870063],[-4.812431,37.8870199],[-4.8124595,37.8870247],[-4.8124828,37.8870135],[-4.8124808,37.8868277],[-4.8124219,37.8868285]]]}},{"type":"Feature","properties":{"osm":697775479},"geometry":{"type":"Polygon","coordinates":[[[-4.8112965,37.8853819],[-4.8113111,37.885356],[-4.8113156,37.8853278],[-4.8113098,37.8852999],[-4.8112943,37.8852744],[-4.81127,37.8852534],[-4.8112394,37.8852387],[-4.8112046,37.8852315],[-4.8111687,37.8852325],[-4.8111346,37.8852415],[-4.8111051,37.8852578],[-4.8110816,37.8852817],[-4.8110684,37.8853102],[-4.8110668,37.8853404],[-4.8110769,37.8853696],[-4.8110977,37.885395],[-4.8111273,37.8854143],[-4.811163,37.8854255],[-4.8112012,37.8854276],[-4.8112385,37.8854205],[-4.8112713,37.8854048],[-4.8112965,37.8853819]]]}},{"type":"Feature","properties":{"osm":699037976},"geometry":{"type":"Polygon","coordinates":[[[-4.7813862,37.8940756],[-4.7815216,37.8939982],[-4.7814236,37.8938858],[-4.7812835,37.8939687],[-4.7813862,37.8940756]]]}},{"type":"Feature","properties":{"osm":699113036},"geometry":{"type":"Polygon","coordinates":[[[-4.7974949,37.8837849],[-4.7973071,37.8839433],[-4.7974363,37.8840355],[-4.7975579,37.8839268],[-4.7976149,37.8838829],[-4.7975088,37.8837962],[-4.7974949,37.8837849]]]}},{"type":"Feature","properties":{"osm":699113039},"geometry":{"type":"Polygon","coordinates":[[[-4.798101,37.8840015],[-4.7980584,37.8839655],[-4.7983114,37.8837595],[-4.7984292,37.8838552],[-4.798101,37.8840015]]]}},{"type":"Feature","properties":{"osm":699113040},"geometry":{"type":"Polygon","coordinates":[[[-4.79863,37.8762901],[-4.7985683,37.8762487],[-4.7987347,37.8760104],[-4.7989042,37.8760809],[-4.798784,37.8762584],[-4.7986916,37.8762317],[-4.79863,37.8762901]]]}},{"type":"Feature","properties":{"osm":699113041},"geometry":{"type":"Polygon","coordinates":[[[-4.799012,37.8759715],[-4.7989227,37.8759228],[-4.7989165,37.8758766],[-4.7987686,37.8758182],[-4.7991075,37.8753999],[-4.7992924,37.8755872],[-4.799012,37.8759715]]]}},{"type":"Feature","properties":{"osm":699113042},"geometry":{"type":"Polygon","coordinates":[[[-4.798442,37.874826],[-4.7984605,37.8747554],[-4.7984143,37.8747165],[-4.7983064,37.8746776],[-4.7982078,37.8746728],[-4.7981,37.8747092],[-4.7980507,37.8747554],[-4.7980137,37.8747846],[-4.7980569,37.8748065],[-4.7981031,37.8747457],[-4.7981555,37.8747263],[-4.7982294,37.874719],[-4.7983249,37.8747311],[-4.7983742,37.8747457],[-4.7984266,37.8747846],[-4.798442,37.874826]]]}},{"type":"Feature","properties":{"osm":699113043},"geometry":{"type":"Polygon","coordinates":[[[-4.7989781,37.874916],[-4.798935,37.8749281],[-4.7982387,37.874522],[-4.7982664,37.8744977],[-4.7989781,37.874916]]]}},{"type":"Feature","properties":{"osm":699113045},"geometry":{"type":"Polygon","coordinates":[[[-4.7971541,37.8762317],[-4.7971264,37.8761782],[-4.7970168,37.8762033],[-4.7969605,37.8761113],[-4.7969169,37.8761247],[-4.7970093,37.8762779],[-4.7971541,37.8762317]]]}},{"type":"Feature","properties":{"osm":699115382},"geometry":{"type":"Polygon","coordinates":[[[-4.7963811,37.8756834],[-4.796621,37.8754684],[-4.7965641,37.8754299],[-4.7963324,37.8756353],[-4.7963811,37.8756834]]]}},{"type":"Feature","properties":{"osm":699115383},"geometry":{"type":"Polygon","coordinates":[[[-4.7961494,37.8754524],[-4.7963933,37.8753208],[-4.7959949,37.8750994],[-4.7960518,37.8753272],[-4.7961494,37.8754524]]]}},{"type":"Feature","properties":{"osm":699115384},"geometry":{"type":"Polygon","coordinates":[[[-4.7960803,37.8754877],[-4.7959746,37.8753497],[-4.7957876,37.8754267],[-4.7955477,37.8756834],[-4.7960803,37.8754877]]]}},{"type":"Feature","properties":{"osm":699115385},"geometry":{"type":"Polygon","coordinates":[[[-4.7955477,37.8756128],[-4.7954339,37.875738],[-4.7949542,37.8759113],[-4.7948485,37.8758407],[-4.7955477,37.8756128]]]}},{"type":"Feature","properties":{"osm":699115386},"geometry":{"type":"Polygon","coordinates":[[[-4.7980189,37.8745231],[-4.7980511,37.8745527],[-4.7975522,37.8751603],[-4.7975173,37.8751476],[-4.7980189,37.8745231]]]}},{"type":"Feature","properties":{"osm":699115387},"geometry":{"type":"Polygon","coordinates":[[[-4.7960836,37.8733841],[-4.7959982,37.8733423],[-4.7960754,37.8732364],[-4.796173,37.8732878],[-4.7960836,37.8733841]]]}},{"type":"Feature","properties":{"osm":699115388},"geometry":{"type":"Polygon","coordinates":[[[-4.7962055,37.8738975],[-4.7961649,37.8738686],[-4.7964494,37.8735927],[-4.7966202,37.8736729],[-4.7965999,37.873705],[-4.7964657,37.8736472],[-4.7962055,37.8738975]]]}},{"type":"Feature","properties":{"osm":699115390},"geometry":{"type":"Polygon","coordinates":[[[-4.792729,37.8716711],[-4.7929455,37.8712188],[-4.7928255,37.871184],[-4.7929116,37.870977],[-4.7927612,37.8709399],[-4.7926667,37.8711294],[-4.7925501,37.8711014],[-4.7923376,37.8715618],[-4.7924393,37.8715954],[-4.792357,37.8717836],[-4.7923334,37.8718065],[-4.7921437,37.8717465],[-4.7921912,37.8716062],[-4.7920395,37.8717311],[-4.7924645,37.8718805],[-4.7927545,37.8719767],[-4.7928484,37.87198],[-4.7928516,37.871876],[-4.7927908,37.8717744],[-4.7927138,37.87191],[-4.7925255,37.8718616],[-4.7925181,37.871818],[-4.79261,37.8716435],[-4.792729,37.8716711]]]}},{"type":"Feature","properties":{"osm":699115394},"geometry":{"type":"Polygon","coordinates":[[[-4.793213,37.8709152],[-4.7932317,37.8708599],[-4.7931523,37.8708157],[-4.7933438,37.870495],[-4.7928908,37.8702996],[-4.7929562,37.8701042],[-4.7928301,37.8700637],[-4.7924939,37.8704581],[-4.7926246,37.8705023],[-4.7927367,37.8703106],[-4.7930029,37.8704212],[-4.7929142,37.8705945],[-4.7931056,37.8706609],[-4.7930029,37.8708415],[-4.793213,37.8709152]]]}},{"type":"Feature","properties":{"osm":699115395},"geometry":{"type":"Polygon","coordinates":[[[-4.7941937,37.8698793],[-4.7937548,37.8701411],[-4.7934886,37.8698683],[-4.7934325,37.8699125],[-4.7930496,37.8695365],[-4.7931196,37.8693743],[-4.7937921,37.8700342],[-4.7940256,37.8698683],[-4.7938248,37.8696434],[-4.7937361,37.8696839],[-4.7936333,37.8695881],[-4.7936754,37.8695144],[-4.7934139,37.8692489],[-4.7932738,37.8693374],[-4.7932457,37.8692858],[-4.7934559,37.8691752],[-4.7941937,37.8698793]]]}},{"type":"Feature","properties":{"osm":699115396},"geometry":{"type":"Polygon","coordinates":[[[-4.7865971,37.8663711],[-4.7868572,37.8661914],[-4.7878492,37.8652991],[-4.7886054,37.8645224],[-4.7894266,37.8635018],[-4.7903048,37.8627187],[-4.791004,37.8621024],[-4.7916301,37.861621],[-4.791191,37.8618328],[-4.7903048,37.8621859],[-4.7889225,37.8633349],[-4.7874996,37.8651002],[-4.7867759,37.8660117],[-4.7865971,37.8663711]]]}},{"type":"Feature","properties":{"osm":699115397},"geometry":{"type":"Polygon","coordinates":[[[-4.7975822,37.8814596],[-4.7975331,37.8812232],[-4.797784,37.8811267],[-4.7978813,37.8812933],[-4.7978406,37.8813073],[-4.7978616,37.8813529],[-4.7975822,37.8814596]]]}},{"type":"Feature","properties":{"osm":699117129},"geometry":{"type":"Polygon","coordinates":[[[-4.7942499,37.8869283],[-4.7942052,37.886832],[-4.7949085,37.8864823],[-4.7949369,37.886508],[-4.7945223,37.8867358],[-4.7942499,37.8869283]]]}},{"type":"Feature","properties":{"osm":699117133},"geometry":{"type":"Polygon","coordinates":[[[-4.7975733,37.8905067],[-4.7974215,37.8901829],[-4.7967329,37.8903628],[-4.7968509,37.890638],[-4.7975733,37.8905067]]]}},{"type":"Feature","properties":{"osm":699117135},"geometry":{"type":"Polygon","coordinates":[[[-4.7959084,37.8911128],[-4.7957072,37.8906713],[-4.7950056,37.8908285],[-4.7959084,37.8911128]]]}},{"type":"Feature","properties":{"osm":699117136},"geometry":{"type":"Polygon","coordinates":[[[-4.790397,37.8895704],[-4.7904311,37.8895427],[-4.7904553,37.8895051],[-4.7904614,37.889463],[-4.7904509,37.8894214],[-4.7904231,37.8893857],[-4.7904045,37.8893729],[-4.7903837,37.8893601],[-4.7903364,37.889345],[-4.7903203,37.8893729],[-4.7902988,37.8893898],[-4.7902718,37.8894061],[-4.790242,37.8894203],[-4.7902054,37.8894358],[-4.7901655,37.8894477],[-4.7901447,37.8894525],[-4.7901434,37.8894745],[-4.7901497,37.8894998],[-4.7901549,37.8895148],[-4.7901677,37.8895343],[-4.7901818,37.8895518],[-4.7902047,37.8895676],[-4.7902261,37.8895787],[-4.7902483,37.8895877],[-4.790268,37.8895916],[-4.7902941,37.8895944],[-4.7903197,37.8895946],[-4.7903444,37.8895905],[-4.7903723,37.889581],[-4.790397,37.8895704]]]}},{"type":"Feature","properties":{"osm":699119818},"geometry":{"type":"Polygon","coordinates":[[[-4.7926187,37.8900749],[-4.7925154,37.8898399],[-4.7916154,37.8900157],[-4.7917515,37.8902389],[-4.7926187,37.8900749]]]}},{"type":"Feature","properties":{"osm":699119819},"geometry":{"type":"Polygon","coordinates":[[[-4.7934536,37.8902676],[-4.7934617,37.8901553],[-4.7934333,37.8900334],[-4.7933032,37.8900558],[-4.7933316,37.890213],[-4.7934536,37.8902676]]]}},{"type":"Feature","properties":{"osm":699119821},"geometry":{"type":"Polygon","coordinates":[[[-4.7929595,37.8785002],[-4.7928822,37.8782563],[-4.7924716,37.8783783],[-4.7926017,37.8786927],[-4.7926586,37.8786735],[-4.7925855,37.8784745],[-4.7926505,37.87842],[-4.792679,37.8783686],[-4.79287,37.878375],[-4.792873,37.8785016],[-4.7929595,37.8785002]]]}},{"type":"Feature","properties":{"osm":699119823},"geometry":{"type":"Polygon","coordinates":[[[-4.7876748,37.8785671],[-4.7876854,37.8784638],[-4.7880004,37.8784582],[-4.7880429,37.8782319],[-4.787788,37.878204],[-4.787781,37.8780447],[-4.7881561,37.8780503],[-4.7881526,37.8781034],[-4.7880075,37.8780727],[-4.7878376,37.8780699],[-4.7878447,37.8781593],[-4.7880393,37.8781565],[-4.7880429,37.8781034],[-4.7881455,37.8781313],[-4.7881703,37.8783157],[-4.7880995,37.8783101],[-4.7881066,37.8784414],[-4.7880429,37.8784945],[-4.7880039,37.8786034],[-4.7876748,37.8785671]]]}},{"type":"Feature","properties":{"osm":699119828},"geometry":{"type":"Polygon","coordinates":[[[-4.7827066,37.8918015],[-4.7826506,37.8917388],[-4.7822816,37.8919047],[-4.7823097,37.891982],[-4.7827066,37.8918015]]]}},{"type":"Feature","properties":{"osm":699119829},"geometry":{"type":"Polygon","coordinates":[[[-4.7821509,37.8920594],[-4.7821089,37.8919931],[-4.7817072,37.8921737],[-4.7817493,37.8922511],[-4.7821509,37.8920594]]]}},{"type":"Feature","properties":{"osm":699119831},"geometry":{"type":"Polygon","coordinates":[[[-4.7931571,37.8848971],[-4.7932279,37.8848888],[-4.7931477,37.8847218],[-4.7929804,37.8847727],[-4.7930881,37.884909],[-4.7931562,37.8849125],[-4.7931571,37.8848971]]]}},{"type":"Feature","properties":{"osm":699119832},"geometry":{"type":"Polygon","coordinates":[[[-4.7931194,37.8846515],[-4.7930537,37.8845128],[-4.7929358,37.8845448],[-4.7929994,37.884679],[-4.7931194,37.8846515]]]}},{"type":"Feature","properties":{"osm":700369467},"geometry":{"type":"Polygon","coordinates":[[[-4.7615379,37.8780961],[-4.7615587,37.8781214],[-4.761749,37.8780283],[-4.7616466,37.8778952],[-4.7614544,37.8779876],[-4.7614833,37.8780241],[-4.7616417,37.8779475],[-4.7616978,37.8780195],[-4.7615379,37.8780961]]]}},{"type":"Feature","properties":{"osm":700370648},"geometry":{"type":"Polygon","coordinates":[[[-4.7623401,37.8793913],[-4.762113,37.8794474],[-4.761878,37.8791459],[-4.7620724,37.8790495],[-4.7623401,37.8793913]]]}},{"type":"Feature","properties":{"osm":702277509},"geometry":{"type":"Polygon","coordinates":[[[-4.7930881,37.884909],[-4.7929804,37.8847727],[-4.792921,37.8847904],[-4.7929181,37.8848335],[-4.792915,37.8848774],[-4.792938,37.884878],[-4.7929853,37.8848804],[-4.7929835,37.8849034],[-4.7930476,37.8849068],[-4.7930881,37.884909]]]}},{"type":"Feature","properties":{"osm":702277510},"geometry":{"type":"Polygon","coordinates":[[[-4.7929994,37.884679],[-4.7929272,37.8846951],[-4.7928805,37.8846911],[-4.7928271,37.8845769],[-4.79289,37.8845578],[-4.7929358,37.8845448],[-4.7929994,37.884679]]]}},{"type":"Feature","properties":{"osm":702277511},"geometry":{"type":"Polygon","coordinates":[[[-4.7928805,37.8846911],[-4.7928271,37.8845769],[-4.7928032,37.8845845],[-4.7927799,37.8845911],[-4.7927731,37.8846292],[-4.7927669,37.8846851],[-4.7928805,37.8846911]]]}},{"type":"Feature","properties":{"osm":702279520},"geometry":{"type":"Polygon","coordinates":[[[-4.7935644,37.8848554],[-4.7936217,37.8848507],[-4.7936344,37.8846642],[-4.7936141,37.8846898],[-4.7936012,37.8846954],[-4.7936187,37.8847341],[-4.7935615,37.8847543],[-4.7935228,37.8847687],[-4.7935644,37.8848554]]]}},{"type":"Feature","properties":{"osm":702279521},"geometry":{"type":"Polygon","coordinates":[[[-4.7934985,37.8847451],[-4.7934856,37.8847156],[-4.7934518,37.8847276],[-4.7934653,37.8847554],[-4.7934985,37.8847451]]]}},{"type":"Feature","properties":{"osm":702908784},"geometry":{"type":"Polygon","coordinates":[[[-4.7855316,37.8859548],[-4.7855491,37.8857724],[-4.7855013,37.8857678],[-4.7854873,37.8857926],[-4.7854639,37.8858101],[-4.7854406,37.8858194],[-4.7854114,37.885823],[-4.7853962,37.8859465],[-4.7855316,37.8859548]]]}},{"type":"Feature","properties":{"osm":702908785},"geometry":{"type":"Polygon","coordinates":[[[-4.7853378,37.885941],[-4.7853495,37.885824],[-4.785325,37.8858147],[-4.7853016,37.8858009],[-4.7852818,37.8857788],[-4.7852654,37.8857521],[-4.7852199,37.8857484],[-4.7852024,37.8859336],[-4.7853378,37.885941]]]}},{"type":"Feature","properties":{"osm":702908786},"geometry":{"type":"Polygon","coordinates":[[[-4.7855538,37.8857189],[-4.7855737,37.8855236],[-4.7854429,37.8855144],[-4.7854301,37.885636],[-4.7854557,37.8856461],[-4.7854838,37.8856599],[-4.7854989,37.8856784],[-4.7855083,37.8857143],[-4.7855538,37.8857189]]]}},{"type":"Feature","properties":{"osm":702908787},"geometry":{"type":"Polygon","coordinates":[[[-4.7852246,37.8857079],[-4.7852643,37.8857097],[-4.7852771,37.885683],[-4.7852946,37.8856627],[-4.7853191,37.8856452],[-4.7853647,37.8856305],[-4.7853764,37.8855107],[-4.7852444,37.8855005],[-4.7852246,37.8857079]]]}},{"type":"Feature","properties":{"osm":702908788},"geometry":{"type":"Polygon","coordinates":[[[-4.7853864,37.8857713],[-4.7854111,37.885767],[-4.7854319,37.8857512],[-4.7854396,37.8857306],[-4.7854349,37.8857111],[-4.7854188,37.8856953],[-4.7853972,37.8856892],[-4.7853695,37.8856886],[-4.7853448,37.8857014],[-4.785334,37.8857196],[-4.7853363,37.8857421],[-4.7853479,37.8857585],[-4.7853664,37.8857695],[-4.7853864,37.8857713]]]}},{"type":"Feature","properties":{"osm":704266111},"geometry":{"type":"Polygon","coordinates":[[[-4.7968894,37.8831706],[-4.7968421,37.8830711],[-4.79697,37.8830325],[-4.7970157,37.8831329],[-4.7968894,37.8831706]]]}},{"type":"Feature","properties":{"osm":704266115},"geometry":{"type":"Polygon","coordinates":[[[-4.7971756,37.8824864],[-4.7971009,37.8823288],[-4.7972503,37.8822861],[-4.7973268,37.8824388],[-4.7971756,37.8824864]]]}},{"type":"Feature","properties":{"osm":704266116},"geometry":{"type":"Polygon","coordinates":[[[-4.7975927,37.8824384],[-4.7976242,37.8825017],[-4.7976567,37.8824936],[-4.7977047,37.8825934],[-4.7979428,37.8825286],[-4.7979302,37.8825012],[-4.7978623,37.8823589],[-4.7975927,37.8824384]]]}},{"type":"Feature","properties":{"osm":704266118},"geometry":{"type":"Polygon","coordinates":[[[-4.79778,37.8827571],[-4.7978338,37.8828811],[-4.7980717,37.8828776],[-4.797986,37.8826978],[-4.7978924,37.8827255],[-4.79778,37.8827571]]]}},{"type":"Feature","properties":{"osm":704266121},"geometry":{"type":"Polygon","coordinates":[[[-4.7973386,37.8821862],[-4.7973035,37.8821099],[-4.7970453,37.8821853],[-4.7970817,37.8822602],[-4.7973386,37.8821862]]]}},{"type":"Feature","properties":{"osm":704266122},"geometry":{"type":"Polygon","coordinates":[[[-4.7970353,37.8822719],[-4.7969992,37.8821978],[-4.7968243,37.8822441],[-4.796864,37.8823217],[-4.7970353,37.8822719]]]}},{"type":"Feature","properties":{"osm":704266124},"geometry":{"type":"Polygon","coordinates":[[[-4.7949294,37.8829799],[-4.7950044,37.8831399],[-4.7950378,37.8831305],[-4.7949937,37.8830368],[-4.7949701,37.882985],[-4.7951653,37.8829246],[-4.7952665,37.883135],[-4.7950663,37.8831912],[-4.7951123,37.8832872],[-4.794912,37.883346],[-4.7949375,37.8833948],[-4.7951507,37.8833392],[-4.7950871,37.8831989],[-4.7952895,37.8831384],[-4.7951792,37.8829006],[-4.7949294,37.8829799]]]}},{"type":"Feature","properties":{"osm":704266125},"geometry":{"type":"Polygon","coordinates":[[[-4.7954962,37.8830421],[-4.7954525,37.8829466],[-4.7954332,37.8829514],[-4.7954667,37.8830277],[-4.7954047,37.8830453],[-4.7954118,37.883067],[-4.7954962,37.8830421]]]}},{"type":"Feature","properties":{"osm":704266126},"geometry":{"type":"Polygon","coordinates":[[[-4.7953874,37.8830742],[-4.7953783,37.8830549],[-4.7953163,37.8830742],[-4.7952797,37.8829988],[-4.7952573,37.8830036],[-4.795302,37.883099],[-4.7953874,37.8830742]]]}},{"type":"Feature","properties":{"osm":704266127},"geometry":{"type":"Polygon","coordinates":[[[-4.7952485,37.8829871],[-4.7952034,37.8828921],[-4.7952901,37.8828656],[-4.7952989,37.8828802],[-4.7952361,37.8828991],[-4.7952724,37.8829787],[-4.7952485,37.8829871]]]}},{"type":"Feature","properties":{"osm":704266128},"geometry":{"type":"Polygon","coordinates":[[[-4.7954263,37.8829354],[-4.795444,37.8829312],[-4.7953989,37.8828285],[-4.7953122,37.8828558],[-4.7953193,37.8828725],[-4.7953856,37.8828523],[-4.7954263,37.8829354]]]}},{"type":"Feature","properties":{"osm":704266129},"geometry":{"type":"Polygon","coordinates":[[[-4.7953418,37.8831131],[-4.7953095,37.8831211],[-4.7953936,37.8833062],[-4.7956555,37.8832392],[-4.7955986,37.8831078],[-4.7955686,37.8831166],[-4.7956111,37.8832138],[-4.7954157,37.8832705],[-4.7953418,37.8831131]]]}},{"type":"Feature","properties":{"osm":704266130},"geometry":{"type":"Polygon","coordinates":[[[-4.7957229,37.8829633],[-4.7958599,37.8829231],[-4.7957873,37.8827617],[-4.79577,37.8827677],[-4.7958159,37.8828661],[-4.7956938,37.882899],[-4.7957229,37.8829633]]]}},{"type":"Feature","properties":{"osm":704266131},"geometry":{"type":"Polygon","coordinates":[[[-4.7960118,37.8830993],[-4.7960313,37.8831416],[-4.7957792,37.8832082],[-4.7957325,37.8830959],[-4.7956369,37.8831175],[-4.7956263,37.8830996],[-4.7957645,37.8830589],[-4.7958108,37.8831571],[-4.7960118,37.8830993]]]}},{"type":"Feature","properties":{"osm":704266132},"geometry":{"type":"Polygon","coordinates":[[[-4.7956408,37.8827134],[-4.7956301,37.8826872],[-4.795684,37.8826429],[-4.7957318,37.8826305],[-4.7957567,37.8826767],[-4.7956408,37.8827134]]]}},{"type":"Feature","properties":{"osm":704266133},"geometry":{"type":"Polygon","coordinates":[[[-4.7960348,37.8827321],[-4.796175,37.8826918],[-4.7961225,37.8825842],[-4.795977,37.8826293],[-4.7960348,37.8827321]]]}},{"type":"Feature","properties":{"osm":704266134},"geometry":{"type":"Polygon","coordinates":[[[-4.7962332,37.8817761],[-4.7962145,37.8817412],[-4.7959822,37.8817182],[-4.7959612,37.8819458],[-4.7960532,37.8819187],[-4.7960164,37.8818398],[-4.7962332,37.8817761]]]}},{"type":"Feature","properties":{"osm":704266135},"geometry":{"type":"Polygon","coordinates":[[[-4.7959587,37.8819705],[-4.7959543,37.882047],[-4.7960953,37.8820091],[-4.7960633,37.8819404],[-4.7959587,37.8819705]]]}},{"type":"Feature","properties":{"osm":704266136},"geometry":{"type":"Polygon","coordinates":[[[-4.7959561,37.8820508],[-4.7959445,37.8821332],[-4.7959898,37.8821195],[-4.7959561,37.8820508]]]}},{"type":"Feature","properties":{"osm":704266137},"geometry":{"type":"Polygon","coordinates":[[[-4.7961754,37.8822456],[-4.7961448,37.8821827],[-4.7960365,37.882215],[-4.7960036,37.8821478],[-4.7959418,37.882166],[-4.7959303,37.8822366],[-4.7959047,37.8823218],[-4.7961754,37.8822456]]]}},{"type":"Feature","properties":{"osm":704266138},"geometry":{"type":"Polygon","coordinates":[[[-4.7958364,37.8824742],[-4.7958702,37.8824223],[-4.7958923,37.8823665],[-4.7960763,37.8823099],[-4.7961701,37.8825065],[-4.7960977,37.8825272],[-4.7960482,37.882416],[-4.7958364,37.8824742]]]}},{"type":"Feature","properties":{"osm":704266139},"geometry":{"type":"Polygon","coordinates":[[[-4.7964816,37.8823825],[-4.7964418,37.8823022],[-4.7962241,37.8823609],[-4.7962418,37.882407],[-4.7963922,37.8823623],[-4.7964117,37.8824028],[-4.7964816,37.8823825]]]}},{"type":"Feature","properties":{"osm":704266140},"geometry":{"type":"Polygon","coordinates":[[[-4.7963253,37.8828433],[-4.7964692,37.8828035],[-4.7964383,37.882742],[-4.796388,37.8826336],[-4.7962482,37.8826727],[-4.7963253,37.8828433]]]}},{"type":"Feature","properties":{"osm":704348625},"geometry":{"type":"Polygon","coordinates":[[[-4.8013441,37.8862552],[-4.8012369,37.8860255],[-4.8012251,37.8860293],[-4.8013312,37.8862599],[-4.8013441,37.8862552]]]}},{"type":"Feature","properties":{"osm":704348626},"geometry":{"type":"Polygon","coordinates":[[[-4.8013783,37.8863631],[-4.801393,37.886359],[-4.8013642,37.8862961],[-4.8013488,37.8862989],[-4.8013783,37.8863631]]]}},{"type":"Feature","properties":{"osm":704462732},"geometry":{"type":"Polygon","coordinates":[[[-4.7971346,37.8841189],[-4.797184,37.8840738],[-4.7972202,37.8841024],[-4.7972264,37.8841134],[-4.7972255,37.8841268],[-4.7972196,37.8841378],[-4.7971924,37.8841608],[-4.7971346,37.8841189]]]}},{"type":"Feature","properties":{"osm":704462735},"geometry":{"type":"Polygon","coordinates":[[[-4.7978105,37.8845643],[-4.7976098,37.8846553],[-4.7976215,37.884599],[-4.7977837,37.8845273],[-4.7978105,37.8845643]]]}},{"type":"Feature","properties":{"osm":704462736},"geometry":{"type":"Polygon","coordinates":[[[-4.7976122,37.8845622],[-4.7976449,37.8844406],[-4.7977027,37.8844153],[-4.7977603,37.8844949],[-4.7976122,37.8845622]]]}},{"type":"Feature","properties":{"osm":704462737},"geometry":{"type":"Polygon","coordinates":[[[-4.7974338,37.8847518],[-4.7975164,37.8847161],[-4.7975982,37.8844148],[-4.7976765,37.884379],[-4.797653,37.8843464],[-4.7986988,37.8838688],[-4.7987353,37.883856],[-4.7987273,37.8838205],[-4.7984292,37.8838552],[-4.7978844,37.8840966],[-4.7975652,37.8842322],[-4.7974338,37.8847518]]]}},{"type":"Feature","properties":{"osm":704564237},"geometry":{"type":"Polygon","coordinates":[[[-4.7790432,37.8633684],[-4.7790068,37.8633766],[-4.7787882,37.8633395],[-4.7785543,37.8633047],[-4.7784507,37.8631192],[-4.7786994,37.8632536],[-4.7790937,37.8627899],[-4.7795462,37.8624074],[-4.7796576,37.8624582],[-4.7798747,37.8621714],[-4.7799364,37.8622021],[-4.7790432,37.8633684]]]}},{"type":"Feature","properties":{"osm":704564247},"geometry":{"type":"Polygon","coordinates":[[[-4.7800945,37.8596068],[-4.7802545,37.8596759],[-4.7803703,37.8594608],[-4.7804456,37.8592715],[-4.7804435,37.8591447],[-4.7804049,37.8590147],[-4.7803521,37.8589729],[-4.7802545,37.8589457],[-4.7800939,37.8589826],[-4.7799841,37.8590387],[-4.7798154,37.8591575],[-4.7796914,37.8592827],[-4.7796101,37.8593774],[-4.7800945,37.8596068]]]}},{"type":"Feature","properties":{"osm":704564269},"geometry":{"type":"Polygon","coordinates":[[[-4.7771369,37.8604243],[-4.7773511,37.8601275],[-4.7768858,37.8599025],[-4.7766625,37.8601944],[-4.7771369,37.8604243]]]}},{"type":"Feature","properties":{"osm":704564270},"geometry":{"type":"Polygon","coordinates":[[[-4.7814757,37.8605265],[-4.7815119,37.8605074],[-4.7815374,37.860463],[-4.7815401,37.8604185],[-4.7815224,37.8603604],[-4.7815092,37.8603137],[-4.7814757,37.8602819],[-4.7814341,37.8602618],[-4.7813996,37.8602594],[-4.7813764,37.8602608],[-4.7813517,37.8602657],[-4.7813104,37.8602885],[-4.7812839,37.8603243],[-4.7812765,37.8603592],[-4.7812895,37.8603998],[-4.7813121,37.8604799],[-4.7813402,37.8605138],[-4.7813885,37.8605318],[-4.781418,37.860535],[-4.7814462,37.8605308],[-4.7814757,37.8605265]]]}},{"type":"Feature","properties":{"osm":704566560},"geometry":{"type":"Polygon","coordinates":[[[-4.7737363,37.8781379],[-4.7734029,37.8783298],[-4.7733333,37.8783663],[-4.7732858,37.8783854],[-4.7732371,37.8784006],[-4.7731833,37.8784139],[-4.7731315,37.8784193],[-4.7730814,37.8784213],[-4.7730255,37.8784159],[-4.7729491,37.8784026],[-4.7716352,37.8780997],[-4.7716521,37.8779574],[-4.771535,37.8779513],[-4.7716079,37.8772762],[-4.7720532,37.8773038],[-4.7731062,37.8773753],[-4.7734287,37.8777656],[-4.7737363,37.8781379]]]}},{"type":"Feature","properties":{"osm":704606223},"geometry":{"type":"Polygon","coordinates":[[[-4.7795249,37.870776],[-4.779616,37.8706876],[-4.7796948,37.8706101],[-4.7799324,37.8703554],[-4.7802731,37.8698883],[-4.779739,37.8696566],[-4.7796106,37.869608],[-4.7791463,37.8695522],[-4.7788461,37.8693915],[-4.7788297,37.869385],[-4.7788174,37.8693836],[-4.7788031,37.8693854],[-4.7787895,37.8693922],[-4.7787651,37.8694168],[-4.7787195,37.8694673],[-4.7786465,37.8695575],[-4.7785715,37.8696631],[-4.7783573,37.8699077],[-4.7781284,37.8701794],[-4.7781291,37.8701927],[-4.778134,37.8702046],[-4.7781411,37.8702121],[-4.7781489,37.8702169],[-4.7783722,37.8703428],[-4.7785445,37.8704327],[-4.7785995,37.8704614],[-4.7785852,37.8706323],[-4.7785339,37.8707289],[-4.77864,37.8707902],[-4.7787255,37.8708341],[-4.7789957,37.8705749],[-4.7790905,37.8706311],[-4.7791857,37.8705437],[-4.7795124,37.8707674],[-4.7795249,37.870776]]]}},{"type":"Feature","properties":{"osm":704606224},"geometry":{"type":"Polygon","coordinates":[[[-4.7786857,37.8699985],[-4.7787013,37.8699584],[-4.7787194,37.8699202],[-4.7787527,37.8698894],[-4.7788064,37.8698598],[-4.7787578,37.8698656],[-4.7787163,37.86986],[-4.7786562,37.8698428],[-4.7785744,37.8698132],[-4.7784912,37.869773],[-4.7784805,37.8697857],[-4.7785462,37.8698312],[-4.7786146,37.8698915],[-4.7786575,37.8699402],[-4.7786723,37.8699678],[-4.7786857,37.8699985]]]}},{"type":"Feature","properties":{"osm":704606225},"geometry":{"type":"Polygon","coordinates":[[[-4.7796654,37.8704371],[-4.7796831,37.8704161],[-4.7795769,37.8703561],[-4.7795061,37.8703016],[-4.7794388,37.8702303],[-4.7793964,37.8701605],[-4.779384,37.8702094],[-4.7793574,37.8702527],[-4.7793238,37.8702834],[-4.7792814,37.87031],[-4.7793911,37.8703211],[-4.7794884,37.8703449],[-4.7795716,37.8703812],[-4.7796654,37.8704371]]]}},{"type":"Feature","properties":{"osm":704606226},"geometry":{"type":"Polygon","coordinates":[[[-4.7797344,37.8703722],[-4.7797438,37.8703648],[-4.7796656,37.8702902],[-4.779613,37.8702284],[-4.7795663,37.8701639],[-4.7795278,37.8700938],[-4.7794963,37.8699998],[-4.7794753,37.869904],[-4.7794729,37.8697952],[-4.7794776,37.8697178],[-4.7794974,37.8696533],[-4.7795243,37.8695906],[-4.7795465,37.8695482],[-4.7795383,37.8695436],[-4.7794811,37.8696358],[-4.7794402,37.8697224],[-4.7794169,37.8698054],[-4.7794099,37.8698856],[-4.7794192,37.8699722],[-4.7794426,37.8700588],[-4.7794788,37.8701326],[-4.7795161,37.8701915],[-4.7795593,37.8702459],[-4.7796107,37.8702948],[-4.7796656,37.8703353],[-4.7797344,37.8703722]]]}},{"type":"Feature","properties":{"osm":704606227},"geometry":{"type":"Polygon","coordinates":[[[-4.7791938,37.8698004],[-4.7792324,37.8698152],[-4.779265,37.8698297],[-4.7792944,37.8698473],[-4.7793229,37.869869],[-4.7793249,37.8698152],[-4.7793392,37.8697543],[-4.7793605,37.8696949],[-4.779393,37.8696379],[-4.7794642,37.8695184],[-4.779451,37.8695127],[-4.7793778,37.8696227],[-4.7793341,37.869682],[-4.7792436,37.8697671],[-4.7792103,37.8697924],[-4.7791938,37.8698004]]]}},{"type":"Feature","properties":{"osm":704606228},"geometry":{"type":"Polygon","coordinates":[[[-4.7787125,37.8705136],[-4.7787242,37.8705182],[-4.7787861,37.8704629],[-4.7788456,37.8704182],[-4.778897,37.8703864],[-4.7789274,37.8703735],[-4.7788818,37.8703643],[-4.7788246,37.8703421],[-4.7787896,37.8703219],[-4.7787522,37.8702887],[-4.7787557,37.8703366],[-4.7787476,37.8704085],[-4.7787324,37.8704703],[-4.7787125,37.8705136]]]}},{"type":"Feature","properties":{"osm":704606230},"geometry":{"type":"Polygon","coordinates":[[[-4.7787687,37.8706418],[-4.7788155,37.8705864],[-4.7788734,37.8705326],[-4.7788856,37.8705224],[-4.7789059,37.8705054],[-4.778971,37.8704644],[-4.7790543,37.8704332],[-4.7791519,37.8704123],[-4.779231,37.8704042],[-4.779343,37.8704107],[-4.7794294,37.8704243],[-4.7795025,37.8704532],[-4.7796568,37.8705482],[-4.7796044,37.8705988],[-4.7796547,37.870631],[-4.7795124,37.8707674],[-4.7794736,37.870742],[-4.7791857,37.8705437],[-4.7790905,37.8706311],[-4.7789957,37.8705749],[-4.7788643,37.8707011],[-4.7787687,37.8706418]]]}},{"type":"Feature","properties":{"osm":705674930},"geometry":{"type":"Polygon","coordinates":[[[-4.8057169,37.8911355],[-4.8057667,37.8911251],[-4.8056935,37.8909334],[-4.8056417,37.890943],[-4.8057169,37.8911355]]]}},{"type":"Feature","properties":{"osm":705674934},"geometry":{"type":"Polygon","coordinates":[[[-4.8049167,37.8908418],[-4.8048124,37.8905378],[-4.8044674,37.8906184],[-4.804576,37.8909201],[-4.8049167,37.8908418]]]}},{"type":"Feature","properties":{"osm":706041408},"geometry":{"type":"Polygon","coordinates":[[[-4.7613322,37.8987328],[-4.7613966,37.898609],[-4.7614301,37.8986185],[-4.7615012,37.8984925],[-4.7610157,37.8984576],[-4.7613322,37.8987328]]]}},{"type":"Feature","properties":{"osm":706041412},"geometry":{"type":"Polygon","coordinates":[[[-4.7606356,37.8987313],[-4.7608821,37.8985368],[-4.7607773,37.8984529],[-4.7607866,37.8984419],[-4.7607804,37.8984322],[-4.7604831,37.8984067],[-4.7604153,37.8984237],[-4.7603768,37.8984456],[-4.7603598,37.898482],[-4.7603706,37.8985185],[-4.7606356,37.8987313]]]}},{"type":"Feature","properties":{"osm":706043570},"geometry":{"type":"Polygon","coordinates":[[[-4.7618763,37.8995617],[-4.7619312,37.8993188],[-4.7618834,37.8993118],[-4.7617135,37.8995422],[-4.7618763,37.8995617]]]}},{"type":"Feature","properties":{"osm":706043571},"geometry":{"type":"Polygon","coordinates":[[[-4.7635877,37.8989698],[-4.7636279,37.8987275],[-4.7638385,37.8987508],[-4.7636507,37.8989772],[-4.7635877,37.8989698]]]}},{"type":"Feature","properties":{"osm":706051122},"geometry":{"type":"Polygon","coordinates":[[[-4.7574095,37.9015059],[-4.7574909,37.9014403],[-4.7569777,37.9010744],[-4.7568645,37.9011498],[-4.7574095,37.9015059]]]}},{"type":"Feature","properties":{"osm":706051123},"geometry":{"type":"Polygon","coordinates":[[[-4.7573759,37.9013174],[-4.7573918,37.901309],[-4.7573723,37.9012406],[-4.7573776,37.9011931],[-4.7573936,37.9011568],[-4.7573016,37.9011275],[-4.7572414,37.9010772],[-4.7571494,37.901147],[-4.7573759,37.9013174]]]}},{"type":"Feature","properties":{"osm":706051124},"geometry":{"type":"Polygon","coordinates":[[[-4.758381,37.9016818],[-4.7579492,37.9013579],[-4.7576236,37.9016218],[-4.7580837,37.901943],[-4.758381,37.9016818]]]}},{"type":"Feature","properties":{"osm":706051125},"geometry":{"type":"Polygon","coordinates":[[[-4.7571105,37.9011214],[-4.757407,37.9008745],[-4.7573346,37.9008155],[-4.7570218,37.9010514],[-4.7571105,37.9011214]]]}},{"type":"Feature","properties":{"osm":706051126},"geometry":{"type":"Polygon","coordinates":[[[-4.7577788,37.9011679],[-4.7578093,37.9011439],[-4.7577727,37.9011182],[-4.7577432,37.9011054],[-4.7577036,37.9010982],[-4.757667,37.9010982],[-4.7576304,37.9011046],[-4.7575938,37.9011182],[-4.7575654,37.9011399],[-4.7575928,37.9011687],[-4.7576111,37.9011551],[-4.7576396,37.9011423],[-4.757668,37.9011351],[-4.7576955,37.9011326],[-4.7577331,37.9011383],[-4.7577625,37.9011511],[-4.7577788,37.9011679]]]}},{"type":"Feature","properties":{"osm":706051127},"geometry":{"type":"Polygon","coordinates":[[[-4.7577644,37.9013291],[-4.7577866,37.901313],[-4.7577981,37.9013018],[-4.7578113,37.9012816],[-4.7578175,37.9012599],[-4.7578574,37.9012655],[-4.7578494,37.9012949],[-4.7578308,37.9013228],[-4.7578131,37.9013374],[-4.7577866,37.9013535],[-4.7577644,37.9013291]]]}},{"type":"Feature","properties":{"osm":706137552},"geometry":{"type":"Polygon","coordinates":[[[-4.7934827,37.8787022],[-4.7933571,37.8785527],[-4.7931624,37.8786296],[-4.7932296,37.8787944],[-4.7934827,37.8787022]]]}},{"type":"Feature","properties":{"osm":706137553},"geometry":{"type":"Polygon","coordinates":[[[-4.793104,37.8784648],[-4.7932173,37.8784173],[-4.7930633,37.8781742],[-4.7929819,37.8782036],[-4.793104,37.8784648]]]}},{"type":"Feature","properties":{"osm":706353454},"geometry":{"type":"Polygon","coordinates":[[[-4.7955173,37.8830495],[-4.7954038,37.8828207],[-4.7951894,37.8828913],[-4.7952941,37.8831191],[-4.7955173,37.8830495]]]}},{"type":"Feature","properties":{"osm":706353468},"geometry":{"type":"Polygon","coordinates":[[[-4.7957604,37.8825724],[-4.7958506,37.8825423],[-4.7958259,37.8824865],[-4.7957967,37.8825284],[-4.7957604,37.8825724]]]}},{"type":"Feature","properties":{"osm":706898973},"geometry":{"type":"Polygon","coordinates":[[[-4.7982415,37.8871754],[-4.7981306,37.8869347],[-4.7980166,37.8869688],[-4.7981275,37.8872083],[-4.7982415,37.8871754]]]}},{"type":"Feature","properties":{"osm":706898974},"geometry":{"type":"Polygon","coordinates":[[[-4.7979215,37.8872664],[-4.7978101,37.8870295],[-4.7976946,37.8870599],[-4.797807,37.8872995],[-4.7979215,37.8872664]]]}},{"type":"Feature","properties":{"osm":706898975},"geometry":{"type":"Polygon","coordinates":[[[-4.7974877,37.8873941],[-4.7976005,37.8873604],[-4.7974897,37.8871213],[-4.7973759,37.8871542],[-4.7974877,37.8873941]]]}},{"type":"Feature","properties":{"osm":706898977},"geometry":{"type":"Polygon","coordinates":[[[-4.7963944,37.8865759],[-4.7965165,37.886541],[-4.7966298,37.8864949],[-4.7967395,37.8864376],[-4.7968156,37.8863706],[-4.7968881,37.8862896],[-4.7969447,37.8862183],[-4.7967342,37.8861373],[-4.7966492,37.8862281],[-4.7965696,37.8863105],[-4.7964917,37.8864209],[-4.7964262,37.8865144],[-4.7963944,37.8865759]]]}},{"type":"Feature","properties":{"osm":706898978},"geometry":{"type":"Polygon","coordinates":[[[-4.7978084,37.8867469],[-4.7980243,37.8866882],[-4.7978792,37.8866281],[-4.7978049,37.8866994],[-4.7977943,37.8867133],[-4.7977925,37.8867343],[-4.7978084,37.8867469]]]}},{"type":"Feature","properties":{"osm":706898979},"geometry":{"type":"Polygon","coordinates":[[[-4.798481,37.886959],[-4.7986042,37.8869236],[-4.7984349,37.8868568],[-4.798481,37.886959]]]}},{"type":"Feature","properties":{"osm":706898980},"geometry":{"type":"Polygon","coordinates":[[[-4.798784,37.8858843],[-4.7990259,37.8858424],[-4.7990049,37.8857844],[-4.798762,37.8857761],[-4.798784,37.8858843]]]}},{"type":"Feature","properties":{"osm":706901874},"geometry":{"type":"Polygon","coordinates":[[[-4.7909812,37.88897],[-4.7914874,37.8887358],[-4.791461,37.8886973],[-4.7908308,37.8887679],[-4.7909812,37.88897]]]}},{"type":"Feature","properties":{"osm":706901876},"geometry":{"type":"Polygon","coordinates":[[[-4.7925764,37.8900579],[-4.7925426,37.8899861],[-4.7923301,37.8900257],[-4.7923464,37.8901013],[-4.7925764,37.8900579]]]}},{"type":"Feature","properties":{"osm":706901877},"geometry":{"type":"Polygon","coordinates":[[[-4.7923184,37.8899879],[-4.7925297,37.8899483],[-4.79249,37.8898635],[-4.7922951,37.8899004],[-4.7923184,37.8899879]]]}},{"type":"Feature","properties":{"osm":706901878},"geometry":{"type":"Polygon","coordinates":[[[-4.7920238,37.8901586],[-4.7922583,37.8901139],[-4.7922361,37.8900399],[-4.7920017,37.8900797],[-4.7920238,37.8901586]]]}},{"type":"Feature","properties":{"osm":706901879},"geometry":{"type":"Polygon","coordinates":[[[-4.7919309,37.8901698],[-4.7919132,37.8900986],[-4.7916973,37.8901384],[-4.7917212,37.8902103],[-4.7919309,37.8901698]]]}},{"type":"Feature","properties":{"osm":706901880},"geometry":{"type":"Polygon","coordinates":[[[-4.7919017,37.8900651],[-4.7918787,37.8899701],[-4.7916274,37.8900183],[-4.7916557,37.8901097],[-4.7919017,37.8900651]]]}},{"type":"Feature","properties":{"osm":706901882},"geometry":{"type":"Polygon","coordinates":[[[-4.7917354,37.8903948],[-4.7918309,37.8903648],[-4.7919715,37.8903376],[-4.7919556,37.8902859],[-4.7917937,37.8903138],[-4.7917531,37.8903431],[-4.7917371,37.8903774],[-4.7917354,37.8903948]]]}},{"type":"Feature","properties":{"osm":708432528},"geometry":{"type":"Polygon","coordinates":[[[-4.7825223,37.8978882],[-4.78184,37.8981265],[-4.7818217,37.8980688],[-4.7823332,37.8978935],[-4.7824373,37.8978578],[-4.7824779,37.8978439],[-4.7825223,37.8978882]]]}},{"type":"Feature","properties":{"osm":708432529},"geometry":{"type":"Polygon","coordinates":[[[-4.8093917,37.8864453],[-4.8093905,37.8864236],[-4.8088096,37.8863258],[-4.8087461,37.8863257],[-4.8086935,37.886338],[-4.8086536,37.8863733],[-4.8086257,37.8864221],[-4.8087037,37.8869207],[-4.8089579,37.8868509],[-4.8088413,37.886614],[-4.8093917,37.8864453]]]}},{"type":"Feature","properties":{"osm":712609910},"geometry":{"type":"Polygon","coordinates":[[[-4.777301,37.8596955],[-4.7768974,37.8594983],[-4.7771552,37.8591694],[-4.7775588,37.8593667],[-4.777301,37.8596955]]]}},{"type":"Feature","properties":{"osm":728204657},"geometry":{"type":"Polygon","coordinates":[[[-4.7901548,37.8779987],[-4.7899822,37.8780636],[-4.7898165,37.8777824],[-4.7899845,37.8777236],[-4.7901548,37.8779987]]]}},{"type":"Feature","properties":{"osm":728204658},"geometry":{"type":"Polygon","coordinates":[[[-4.7728278,37.886365],[-4.7725977,37.8864402],[-4.7726258,37.8864956],[-4.7726175,37.8864974],[-4.7726364,37.8865753],[-4.772672,37.8865695],[-4.7727531,37.8868515],[-4.7729457,37.8868121],[-4.7729578,37.8868473],[-4.7730181,37.8868272],[-4.7730105,37.8868014],[-4.7729917,37.8868012],[-4.7729682,37.8867469],[-4.7728822,37.886511],[-4.7728625,37.8863915],[-4.7728353,37.8863943],[-4.7728278,37.886365]]]}},{"type":"Feature","properties":{"osm":751051754},"geometry":{"type":"Polygon","coordinates":[[[-4.7904708,37.8580659],[-4.7905255,37.8580587],[-4.7905738,37.8580372],[-4.7906098,37.8580038],[-4.7906261,37.8579737],[-4.7906314,37.8579301],[-4.7906176,37.8578877],[-4.7905862,37.8578515],[-4.7905359,37.8578242],[-4.7904819,37.857814],[-4.7904268,37.8578189],[-4.7903746,37.85784],[-4.7903372,37.8578724],[-4.7903161,37.8579129],[-4.7903174,37.8579708],[-4.7903401,37.8580108],[-4.7903788,37.8580422],[-4.7904288,37.8580612],[-4.7904708,37.8580659]]]}},{"type":"Feature","properties":{"osm":761194956},"geometry":{"type":"Polygon","coordinates":[[[-4.7782746,37.8755331],[-4.7783497,37.8754553],[-4.7782899,37.8754259],[-4.7782395,37.8753914],[-4.7781642,37.8753813],[-4.7781385,37.8753777],[-4.7781081,37.8753843],[-4.7780965,37.8754056],[-4.7780964,37.8754214],[-4.778106,37.8754325],[-4.7781087,37.8754478],[-4.7781157,37.8754556],[-4.7781302,37.8755224],[-4.7781338,37.8755295],[-4.7781828,37.8755515],[-4.7781952,37.8755679],[-4.77821,37.8755682],[-4.778233,37.8755481],[-4.7782582,37.8755503],[-4.7782746,37.8755331]]]}},{"type":"Feature","properties":{"osm":761194957},"geometry":{"type":"Polygon","coordinates":[[[-4.780009,37.8752259],[-4.7800183,37.8752578],[-4.7800212,37.8753631],[-4.7800372,37.8753928],[-4.7800351,37.8754183],[-4.7800464,37.8754246],[-4.780081,37.8754059],[-4.7801411,37.8753838],[-4.7802122,37.8753076],[-4.7802384,37.8752742],[-4.7802529,37.8752409],[-4.7802432,37.8751854],[-4.7802288,37.8751423],[-4.7802269,37.8750956],[-4.780208,37.8750885],[-4.7801869,37.8750868],[-4.780132,37.8751137],[-4.7801374,37.875102],[-4.7801367,37.875091],[-4.7801328,37.8750905],[-4.7801181,37.8751096],[-4.7800673,37.8751315],[-4.7800487,37.8751787],[-4.780009,37.8752259]]]}},{"type":"Feature","properties":{"osm":761194958},"geometry":{"type":"Polygon","coordinates":[[[-4.7800003,37.8751312],[-4.7799753,37.8751022],[-4.7799577,37.8750861],[-4.7799387,37.8750704],[-4.7799146,37.8750801],[-4.7799064,37.8751089],[-4.7798675,37.8751329],[-4.7798751,37.8751438],[-4.77989,37.8751479],[-4.7798814,37.8751628],[-4.7799246,37.8751873],[-4.7799314,37.8752088],[-4.7799671,37.8752053],[-4.7799844,37.8751938],[-4.7799796,37.8751547],[-4.7799953,37.8751462],[-4.7800003,37.8751312]]]}},{"type":"Feature","properties":{"osm":761194959},"geometry":{"type":"Polygon","coordinates":[[[-4.7797965,37.8751249],[-4.7797527,37.8751018],[-4.7796528,37.8751214],[-4.7797087,37.875072],[-4.7798187,37.8750589],[-4.779895,37.8750253],[-4.7799379,37.8750438],[-4.7799809,37.8750293],[-4.7801261,37.8749412],[-4.780177,37.8748838],[-4.7802616,37.8748139],[-4.780275,37.8747722],[-4.7802588,37.8747282],[-4.7802128,37.8746765],[-4.7802072,37.874646],[-4.7802377,37.8745942],[-4.7802331,37.8745211],[-4.7801883,37.8744782],[-4.7801086,37.8745009],[-4.7800036,37.8745471],[-4.7799304,37.8746371],[-4.7797809,37.8747139],[-4.7796634,37.8748815],[-4.7795554,37.8750566],[-4.7794459,37.8751906],[-4.7793744,37.8752185],[-4.7792879,37.8752956],[-4.77913,37.8754007],[-4.7790505,37.875461],[-4.7790182,37.8755185],[-4.7789625,37.8755745],[-4.7789576,37.8756267],[-4.7789439,37.875641],[-4.7789556,37.8756477],[-4.7790198,37.8756373],[-4.7790637,37.8756102],[-4.7791168,37.8756287],[-4.7791146,37.8756699],[-4.77899,37.8756982],[-4.7789302,37.8756696],[-4.7788744,37.8756664],[-4.7787753,37.8758105],[-4.7787472,37.8757926],[-4.778655,37.8758235],[-4.7786367,37.8758091],[-4.7785894,37.875827],[-4.7785933,37.8758594],[-4.778556,37.875885],[-4.7785426,37.8759292],[-4.7785408,37.8759454],[-4.7785493,37.8759561],[-4.7785883,37.8759631],[-4.7785628,37.8759896],[-4.7784699,37.8760035],[-4.7784674,37.8760242],[-4.778449,37.8760547],[-4.7784652,37.8760808],[-4.7784903,37.8760811],[-4.7785083,37.876091],[-4.7785012,37.8761016],[-4.7784971,37.876117],[-4.7785049,37.8761505],[-4.7785228,37.8761823],[-4.7785359,37.8761958],[-4.7785507,37.8761865],[-4.778553,37.876142],[-4.7785634,37.8761119],[-4.7786158,37.8760567],[-4.7786209,37.8760361],[-4.7786295,37.8760312],[-4.7786456,37.8760379],[-4.7786475,37.8760452],[-4.7786459,37.8760792],[-4.7786544,37.8760846],[-4.7786935,37.8760492],[-4.7787338,37.8760249],[-4.7788036,37.8759064],[-4.7788438,37.8757963],[-4.7788907,37.8758606],[-4.7789312,37.8758677],[-4.7789567,37.8758606],[-4.7789711,37.8758423],[-4.7789969,37.8758417],[-4.7790085,37.8758561],[-4.7790128,37.8758909],[-4.7790253,37.8758947],[-4.7790301,37.8758739],[-4.7790579,37.8758799],[-4.7790961,37.8758641],[-4.7791252,37.87584],[-4.7791895,37.8758146],[-4.7794376,37.8757987],[-4.7794846,37.8757839],[-4.7795549,37.8758008],[-4.7796286,37.8757945],[-4.7796814,37.8757607],[-4.779733,37.8757624],[-4.7797462,37.8757514],[-4.779749,37.8756805],[-4.779864,37.875635],[-4.7799287,37.8754193],[-4.7798707,37.8752515],[-4.7797965,37.8751249]]]}},{"type":"Feature","properties":{"osm":761194960},"geometry":{"type":"Polygon","coordinates":[[[-4.7797516,37.8761383],[-4.7798138,37.8761332],[-4.7798394,37.876117],[-4.7799349,37.8760568],[-4.7800562,37.8760232],[-4.7801895,37.8758963],[-4.7802119,37.8758821],[-4.7803935,37.8757676],[-4.7806539,37.8755118],[-4.7808085,37.8753222],[-4.7807988,37.875235],[-4.7808466,37.8751983],[-4.7808634,37.8751373],[-4.7809046,37.875054],[-4.7808889,37.8749868],[-4.7808863,37.874934],[-4.7808369,37.8748507],[-4.7806652,37.8746771],[-4.7805552,37.8746856],[-4.7803997,37.8748973],[-4.7803094,37.8751261],[-4.7803246,37.8752036],[-4.780314,37.8752729],[-4.7801045,37.8754678],[-4.7799848,37.8755651],[-4.7799692,37.8756648],[-4.7798546,37.8757698],[-4.7798552,37.8757849],[-4.7798403,37.8758004],[-4.7797935,37.8758104],[-4.7797735,37.8758276],[-4.7797168,37.8758428],[-4.7796996,37.8758341],[-4.7796824,37.8758521],[-4.7796422,37.8758629],[-4.7796323,37.8758584],[-4.7795859,37.8758745],[-4.7795712,37.8758881],[-4.7795083,37.8759062],[-4.7795001,37.8759225],[-4.7794755,37.8759253],[-4.7794706,37.8759456],[-4.77942,37.8759637],[-4.7793654,37.8759274],[-4.7792501,37.8759409],[-4.7792253,37.8759094],[-4.779154,37.8759035],[-4.7790645,37.8759119],[-4.7790216,37.875922],[-4.7789877,37.8759404],[-4.7789323,37.8759974],[-4.7789032,37.8761083],[-4.7788703,37.8762012],[-4.778817,37.8762282],[-4.7788277,37.8763573],[-4.7789137,37.8764968],[-4.7789696,37.8765426],[-4.7790591,37.8765215],[-4.7793481,37.8763023],[-4.7794567,37.8761869],[-4.7794973,37.8761666],[-4.7795525,37.8761129],[-4.7796388,37.876096],[-4.7797516,37.8761383]]]}},{"type":"Feature","properties":{"osm":761194961},"geometry":{"type":"Polygon","coordinates":[[[-4.7801195,37.8761067],[-4.7801399,37.8761185],[-4.7801531,37.8761166],[-4.7801565,37.8761059],[-4.7801498,37.8761002],[-4.7801582,37.8760916],[-4.7801585,37.8760793],[-4.7801844,37.8760666],[-4.7802137,37.8760271],[-4.780222,37.8760097],[-4.7801998,37.8760106],[-4.7801771,37.8760264],[-4.7801514,37.8760464],[-4.7801108,37.8760742],[-4.7801195,37.8761067]]]}},{"type":"Feature","properties":{"osm":761194962},"geometry":{"type":"Polygon","coordinates":[[[-4.7801162,37.8761121],[-4.780099,37.8760917],[-4.7800857,37.87609],[-4.7800718,37.876104],[-4.7800518,37.8760995],[-4.7800391,37.8761031],[-4.780029,37.8761125],[-4.7800181,37.8761067],[-4.7800045,37.8761092],[-4.779985,37.8761296],[-4.7799563,37.8761385],[-4.7799282,37.8761421],[-4.779917,37.8761445],[-4.7799205,37.8761599],[-4.7799112,37.8761593],[-4.7799053,37.8761624],[-4.7798992,37.8761629],[-4.779897,37.8761503],[-4.7798872,37.8761485],[-4.7798814,37.8761524],[-4.7798693,37.8761497],[-4.7798016,37.8761541],[-4.7797511,37.87617],[-4.7796736,37.8761772],[-4.7796245,37.8762053],[-4.7796064,37.8762391],[-4.7795642,37.8762864],[-4.7795077,37.8763015],[-4.779472,37.8763597],[-4.7794378,37.8763813],[-4.7794049,37.8763629],[-4.7792772,37.8764624],[-4.7792468,37.8765122],[-4.7791831,37.8765141],[-4.7791483,37.8765222],[-4.7791471,37.8765768],[-4.7791251,37.876578],[-4.7790976,37.8766073],[-4.7790628,37.8766186],[-4.7790328,37.8766472],[-4.77903,37.8766704],[-4.7790479,37.8766937],[-4.7790967,37.8767258],[-4.7791356,37.8767318],[-4.7791704,37.8767338],[-4.7792065,37.8767632],[-4.7792934,37.8767996],[-4.7793487,37.8767902],[-4.7793967,37.8767565],[-4.7795091,37.8767233],[-4.7795065,37.8767135],[-4.779484,37.8767125],[-4.779502,37.876702],[-4.779446,37.8767054],[-4.7795215,37.8766767],[-4.7795368,37.876658],[-4.7795769,37.876647],[-4.7795902,37.8766251],[-4.7796577,37.8765954],[-4.7796955,37.8765948],[-4.7797288,37.8765823],[-4.7797225,37.8765549],[-4.7797941,37.8765205],[-4.7798197,37.8765106],[-4.7798226,37.8764951],[-4.7798088,37.8764728],[-4.7798163,37.8764553],[-4.7798651,37.8764569],[-4.7798745,37.8764359],[-4.7798793,37.8764135],[-4.779868,37.8764026],[-4.7798774,37.8763965],[-4.7798968,37.876395],[-4.7799084,37.8763695],[-4.7799369,37.8763431],[-4.7799384,37.8763274],[-4.7799606,37.8763175],[-4.7799383,37.8763019],[-4.7799521,37.8762617],[-4.7799749,37.8762652],[-4.7799893,37.8762543],[-4.7799814,37.8762317],[-4.7800719,37.8762049],[-4.7800978,37.8762015],[-4.7801208,37.8761792],[-4.780146,37.8761761],[-4.7801396,37.8761615],[-4.7801263,37.8761548],[-4.7801389,37.8761345],[-4.7801329,37.8761241],[-4.7801162,37.8761121]]]}},{"type":"Feature","properties":{"osm":761194963},"geometry":{"type":"Polygon","coordinates":[[[-4.7798833,37.876791],[-4.7800416,37.8767068],[-4.7800612,37.8767076],[-4.7800755,37.8767102],[-4.7800833,37.8767107],[-4.7801026,37.8767231],[-4.7801178,37.8767293],[-4.7801295,37.8767246],[-4.7801588,37.8767211],[-4.7801744,37.876709],[-4.7801624,37.8766913],[-4.7801457,37.876678],[-4.7801332,37.8766645],[-4.7800848,37.8766574],[-4.7800483,37.8766471],[-4.7800271,37.876635],[-4.7799903,37.8766252],[-4.7799684,37.876609],[-4.7799444,37.8766],[-4.7799148,37.8765897],[-4.7799126,37.8766016],[-4.7799043,37.8766023],[-4.7798966,37.8765958],[-4.779898,37.8765801],[-4.7798822,37.8765706],[-4.7798648,37.8765692],[-4.7798524,37.8765565],[-4.7797919,37.8765844],[-4.7797328,37.876635],[-4.7796279,37.8767108],[-4.7795497,37.8767374],[-4.7794924,37.8767526],[-4.7794287,37.8768127],[-4.7793979,37.8768099],[-4.7793654,37.876842],[-4.7793526,37.8768835],[-4.7793666,37.8769292],[-4.7794108,37.8769868],[-4.7794454,37.8769876],[-4.779469,37.876966],[-4.7794749,37.8769845],[-4.7794955,37.8769892],[-4.7795596,37.8769635],[-4.7795782,37.8769682],[-4.7796121,37.8769596],[-4.7796324,37.8769396],[-4.7796615,37.8769332],[-4.7796837,37.8769192],[-4.7796878,37.8768997],[-4.7797227,37.8768849],[-4.7797787,37.8768438],[-4.7798222,37.8768466],[-4.7798336,37.876842],[-4.7798392,37.8768145],[-4.7798613,37.8768092],[-4.7798833,37.876791]]]}},{"type":"Feature","properties":{"osm":761194965},"geometry":{"type":"Polygon","coordinates":[[[-4.7783326,37.8759286],[-4.778329,37.8758927],[-4.7783581,37.8758494],[-4.7783475,37.8757965],[-4.7783665,37.8757855],[-4.7783846,37.8757422],[-4.7784275,37.8757274],[-4.7784608,37.8756878],[-4.7784582,37.8756713],[-4.7784062,37.8756867],[-4.7784384,37.875649],[-4.7783961,37.8756171],[-4.778374,37.875652],[-4.7783342,37.8756742],[-4.7783291,37.8756683],[-4.778364,37.8756137],[-4.77841,37.8755698],[-4.7784099,37.8755452],[-4.7784052,37.8755206],[-4.7783933,37.8755039],[-4.7784009,37.8754928],[-4.7784001,37.8754854],[-4.7783787,37.875479],[-4.7783583,37.8754659],[-4.7782939,37.8755425],[-4.7782846,37.875556],[-4.7782977,37.875566],[-4.7782797,37.8755951],[-4.7782772,37.8756326],[-4.778242,37.875634],[-4.7782041,37.8756339],[-4.778183,37.875627],[-4.7781689,37.8756314],[-4.7781596,37.8756637],[-4.7781556,37.8757022],[-4.7781543,37.8757385],[-4.7781606,37.87577],[-4.7781729,37.875799],[-4.7781695,37.8758338],[-4.7782192,37.8759021],[-4.7782312,37.8759052],[-4.7782242,37.8759262],[-4.7782248,37.8759503],[-4.7782315,37.8759601],[-4.7782614,37.8759531],[-4.7782735,37.8759659],[-4.7782526,37.8759926],[-4.7782648,37.876004],[-4.7783326,37.8759286]]]}},{"type":"Feature","properties":{"osm":761194966},"geometry":{"type":"Polygon","coordinates":[[[-4.7775738,37.8751379],[-4.7775489,37.8751595],[-4.7775609,37.8752122],[-4.7775868,37.8752074],[-4.7776188,37.875185],[-4.7776656,37.8751064],[-4.7776381,37.8750878],[-4.7775738,37.8751379]]]}},{"type":"Feature","properties":{"osm":761194968},"geometry":{"type":"Polygon","coordinates":[[[-4.7821277,37.8711945],[-4.7821179,37.8712009],[-4.7821158,37.8712154],[-4.7821178,37.8712195],[-4.7821216,37.8712176],[-4.7821258,37.8712199],[-4.7821209,37.8712259],[-4.7821209,37.8712294],[-4.7821264,37.8712322],[-4.7821257,37.8712371],[-4.7821271,37.8712397],[-4.782136,37.8712355],[-4.7821394,37.8712296],[-4.7821501,37.8712286],[-4.782156,37.871221],[-4.7821572,37.8712104],[-4.7821472,37.8712021],[-4.782136,37.8712019],[-4.7821277,37.8711945]]]}},{"type":"Feature","properties":{"osm":761194971},"geometry":{"type":"Polygon","coordinates":[[[-4.7828156,37.872276],[-4.7828401,37.8722732],[-4.7828606,37.872255],[-4.7829999,37.8721058],[-4.783044,37.8721027],[-4.7830753,37.8720857],[-4.7830891,37.8720574],[-4.7831412,37.8720437],[-4.7831569,37.8720268],[-4.7831856,37.8719919],[-4.7833093,37.8719187],[-4.7834749,37.8718399],[-4.7835563,37.8718079],[-4.7836457,37.8718045],[-4.7836996,37.8717741],[-4.7837162,37.8717314],[-4.7837516,37.8717115],[-4.7837634,37.8716861],[-4.7837864,37.8716749],[-4.7838225,37.8715654],[-4.7838012,37.8715598],[-4.7838052,37.8715493],[-4.783805,37.8715388],[-4.7837976,37.871459],[-4.7838184,37.8714121],[-4.7838097,37.8713548],[-4.783763,37.8713113],[-4.7837559,37.871281],[-4.7836963,37.8712525],[-4.7836617,37.871208],[-4.7835748,37.8712047],[-4.7835318,37.8712253],[-4.7834997,37.8712443],[-4.7834518,37.8712864],[-4.783454,37.8713176],[-4.7834568,37.8713542],[-4.7833807,37.8713809],[-4.7833626,37.8714176],[-4.7833876,37.8715037],[-4.7833526,37.8716021],[-4.7832856,37.8716777],[-4.7831809,37.8717461],[-4.7831501,37.8717879],[-4.783152,37.8718233],[-4.7831259,37.8718437],[-4.7830327,37.8718833],[-4.7830252,37.8719128],[-4.7830614,37.8719294],[-4.7830664,37.8719413],[-4.7830637,37.8719545],[-4.7830373,37.8719623],[-4.7830117,37.8719732],[-4.7829902,37.8720016],[-4.7829703,37.8720691],[-4.7829462,37.8720698],[-4.7829223,37.8720799],[-4.7827873,37.872233],[-4.7827858,37.8722542],[-4.7827945,37.87227],[-4.7828156,37.872276]]]}},{"type":"Feature","properties":{"osm":761194972},"geometry":{"type":"Polygon","coordinates":[[[-4.7828389,37.8714588],[-4.7828445,37.8714486],[-4.7828374,37.8714421],[-4.7828359,37.8714319],[-4.782822,37.8714242],[-4.7828262,37.8714029],[-4.7828466,37.8713818],[-4.782872,37.871359],[-4.7828637,37.8713245],[-4.7828408,37.8713211],[-4.7828063,37.8713481],[-4.7828005,37.8713643],[-4.7827971,37.871386],[-4.7827881,37.8713867],[-4.7827825,37.8713728],[-4.7827585,37.8713841],[-4.7827548,37.8713979],[-4.7827638,37.8714113],[-4.7827621,37.8714267],[-4.7827535,37.8714312],[-4.7827468,37.8714129],[-4.7827399,37.8714052],[-4.7827322,37.871419],[-4.7827305,37.8714328],[-4.782734,37.8714459],[-4.7827469,37.8714486],[-4.782757,37.8714584],[-4.7827304,37.8714836],[-4.7827683,37.8714848],[-4.7827792,37.871483],[-4.7827942,37.8714708],[-4.782813,37.8714696],[-4.7828134,37.871458],[-4.7828389,37.8714588]]]}},{"type":"Feature","properties":{"osm":761194973},"geometry":{"type":"Polygon","coordinates":[[[-4.7828809,37.8714655],[-4.7828695,37.8715018],[-4.7828718,37.8715502],[-4.7828506,37.8715847],[-4.7828528,37.871621],[-4.7828772,37.8716259],[-4.7828944,37.8716115],[-4.7829008,37.871618],[-4.7829015,37.8716308],[-4.7829203,37.8716346],[-4.7829568,37.8716585],[-4.7829967,37.8716637],[-4.7830251,37.8716578],[-4.7830434,37.8716439],[-4.7830655,37.871641],[-4.7830778,37.8716154],[-4.7831058,37.8716128],[-4.783133,37.8715938],[-4.7831312,37.8715496],[-4.7831227,37.8715258],[-4.7831195,37.8715016],[-4.783131,37.8714685],[-4.7831629,37.8714353],[-4.7831816,37.8713872],[-4.7832382,37.8713819],[-4.78325,37.8713671],[-4.7832513,37.8713539],[-4.7832659,37.8713445],[-4.7832635,37.871336],[-4.7832758,37.8713181],[-4.7832553,37.871308],[-4.7832803,37.8712855],[-4.7832581,37.8712772],[-4.7832593,37.871263],[-4.7832517,37.8712335],[-4.7832722,37.8712101],[-4.783267,37.8711759],[-4.7832442,37.8711631],[-4.7832236,37.8711791],[-4.7832267,37.8711532],[-4.7832091,37.8711434],[-4.7831919,37.8711278],[-4.7831882,37.8711269],[-4.783177,37.8711357],[-4.7831647,37.8711471],[-4.7831383,37.8711314],[-4.7831271,37.871148],[-4.783109,37.8711428],[-4.7831048,37.8711687],[-4.7830819,37.8712002],[-4.7830463,37.8712161],[-4.783031,37.8712561],[-4.783002,37.8712447],[-4.782995,37.8712788],[-4.7829771,37.8712902],[-4.7829325,37.8713512],[-4.7829144,37.8713804],[-4.7829208,37.8714014],[-4.7828858,37.8714498],[-4.7828809,37.8714655]]]}},{"type":"Feature","properties":{"osm":761194974},"geometry":{"type":"Polygon","coordinates":[[[-4.7831022,37.8710458],[-4.7831387,37.8710101],[-4.7831608,37.8709884],[-4.7831945,37.8709629],[-4.7832191,37.8709469],[-4.7832203,37.8709318],[-4.7832411,37.8709089],[-4.7832642,37.8709015],[-4.7832905,37.8708632],[-4.7833096,37.8708587],[-4.7833117,37.8708392],[-4.783308,37.8708224],[-4.7832845,37.870822],[-4.7832633,37.870831],[-4.7832693,37.870849],[-4.7832599,37.8708699],[-4.7832374,37.8708766],[-4.7831905,37.8708747],[-4.783134,37.8709115],[-4.7830894,37.8709498],[-4.7830699,37.8709737],[-4.7830522,37.8709859],[-4.7830288,37.8710067],[-4.7830171,37.8710428],[-4.7829879,37.8710482],[-4.7829745,37.8710617],[-4.7829667,37.871053],[-4.7829687,37.8710387],[-4.7829521,37.8710367],[-4.7829337,37.8710163],[-4.7829054,37.8710111],[-4.7828819,37.8710369],[-4.7828642,37.8711035],[-4.7828502,37.8711324],[-4.7828558,37.8711586],[-4.7828906,37.8711603],[-4.7829184,37.8711247],[-4.7829833,37.8711126],[-4.7830013,37.8711027],[-4.7830566,37.8710969],[-4.7830843,37.8710751],[-4.7831022,37.8710458]]]}},{"type":"Feature","properties":{"osm":761194975},"geometry":{"type":"Polygon","coordinates":[[[-4.7833474,37.8692492],[-4.7834057,37.8692153],[-4.7835792,37.869081],[-4.7835882,37.8690306],[-4.7840148,37.8686047],[-4.7841924,37.8684095],[-4.784255,37.8682887],[-4.7843287,37.8682014],[-4.7844303,37.8681445],[-4.7844603,37.8680443],[-4.7845161,37.8679891],[-4.784593,37.8679262],[-4.7846094,37.8678439],[-4.7846526,37.8678019],[-4.7847887,37.8675798],[-4.7849563,37.8673169],[-4.7850922,37.8671806],[-4.7851409,37.8670599],[-4.7852099,37.8670341],[-4.785231,37.8669917],[-4.7851954,37.8668997],[-4.7851456,37.8668547],[-4.785155,37.8668111],[-4.7852643,37.8668141],[-4.7853099,37.8667967],[-4.7853296,37.8667527],[-4.7853035,37.8666855],[-4.7852655,37.8666619],[-4.7853253,37.8665916],[-4.7853355,37.866506],[-4.7854628,37.866427],[-4.7857199,37.8657628],[-4.7857084,37.8657072],[-4.7856928,37.8656585],[-4.7856379,37.8656487],[-4.7855706,37.8657175],[-4.7853224,37.8659311],[-4.785178,37.8662016],[-4.7850936,37.8663208],[-4.7849158,37.8665995],[-4.7846337,37.8670201],[-4.7844552,37.8673225],[-4.7842563,37.8675882],[-4.784178,37.8677127],[-4.7839637,37.8679873],[-4.7837504,37.8682126],[-4.7835711,37.8684659],[-4.7834132,37.8687785],[-4.7833538,37.8687965],[-4.7833486,37.8688318],[-4.7833709,37.8688941],[-4.7833483,37.8690244],[-4.7832944,37.8690697],[-4.7832844,37.869161],[-4.7833354,37.8692294],[-4.7833418,37.8692485],[-4.7833474,37.8692492]]]}},{"type":"Feature","properties":{"osm":810708178},"geometry":{"type":"Polygon","coordinates":[[[-4.7886537,37.8585091],[-4.7887263,37.8585078],[-4.7887794,37.858477],[-4.7888183,37.8584365],[-4.7888696,37.8583569],[-4.7890059,37.8580327],[-4.7890572,37.8579098],[-4.7890997,37.8578008],[-4.7891057,37.8577499],[-4.7890873,37.8577086],[-4.7890218,37.8576513],[-4.7889298,37.8576261],[-4.7888519,37.8576331],[-4.7887688,37.857682],[-4.7887139,37.8577505],[-4.7886732,37.8578413],[-4.788498,37.858266],[-4.788475,37.8583457],[-4.7884927,37.8584141],[-4.7885334,37.8584728],[-4.7885918,37.858498],[-4.7886537,37.8585091]]]}},{"type":"Feature","properties":{"osm":810715732},"geometry":{"type":"Polygon","coordinates":[[[-4.7896248,37.8552055],[-4.7895882,37.8552536],[-4.7895516,37.8553306],[-4.7895171,37.8554318],[-4.7894886,37.8555377],[-4.7894175,37.8559614],[-4.7893809,37.8562134],[-4.7893788,37.8564653],[-4.7894175,37.8566066],[-4.7894276,37.8565761],[-4.7896309,37.8552359],[-4.7896248,37.8552055]]]}},{"type":"Feature","properties":{"osm":810715733},"geometry":{"type":"Polygon","coordinates":[[[-4.7895333,37.8552119],[-4.7896878,37.8549888],[-4.7897691,37.8543484],[-4.7899541,37.8531446],[-4.7898443,37.8532088],[-4.7896675,37.8543388],[-4.7895577,37.8549519],[-4.7895333,37.855138],[-4.7895333,37.8552119]]]}},{"type":"Feature","properties":{"osm":810715735},"geometry":{"type":"Polygon","coordinates":[[[-4.7884359,37.8587975],[-4.7883749,37.8587751],[-4.7883221,37.858873],[-4.7881472,37.8591153],[-4.7879602,37.85934],[-4.7876492,37.859669],[-4.7872732,37.8600012],[-4.7869357,37.8602612],[-4.7860739,37.8609224],[-4.7857405,37.8611808],[-4.7853461,37.8614953],[-4.7851815,37.8616494],[-4.7851063,37.861728],[-4.7851347,37.8617473],[-4.7853888,37.8615322],[-4.7857791,37.8612048],[-4.7861633,37.8609111],[-4.7865455,37.8606303],[-4.7868219,37.8604088],[-4.7871919,37.8601248],[-4.7874602,37.8599065],[-4.7877143,37.8596626],[-4.787948,37.859425],[-4.788072,37.8592886],[-4.7882895,37.859003],[-4.7884359,37.8587975]]]}},{"type":"Feature","properties":{"osm":810833208},"geometry":{"type":"Polygon","coordinates":[[[-4.8046029,37.883912],[-4.8046419,37.8839115],[-4.8046784,37.8839007],[-4.8047063,37.8838825],[-4.8047255,37.8838584],[-4.8047342,37.8838307],[-4.8047315,37.8838023],[-4.8047176,37.883776],[-4.804694,37.8837544],[-4.8046631,37.8837397],[-4.8046278,37.8837335],[-4.8045919,37.8837362],[-4.8045588,37.8837477],[-4.8045302,37.8837686],[-4.8045121,37.8837959],[-4.8045068,37.8838264],[-4.8045149,37.8838566],[-4.8045354,37.8838828],[-4.8045659,37.883902],[-4.8046029,37.883912]]]}},{"type":"Feature","properties":{"osm":810833216},"geometry":{"type":"Polygon","coordinates":[[[-4.8098018,37.8864957],[-4.8098421,37.8864878],[-4.8098774,37.8864704],[-4.8099042,37.8864453],[-4.8099199,37.8864149],[-4.8099229,37.8863822],[-4.8099129,37.8863503],[-4.8098909,37.8863224],[-4.8098591,37.8863013],[-4.8098205,37.8862889],[-4.809779,37.8862866],[-4.8097387,37.8862945],[-4.8097033,37.8863118],[-4.8096765,37.8863369],[-4.8096609,37.8863674],[-4.8096579,37.8864001],[-4.8096679,37.886432],[-4.8096899,37.8864598],[-4.8097217,37.886481],[-4.8097603,37.8864933],[-4.8098018,37.8864957]]]}},{"type":"Feature","properties":{"osm":810845085},"geometry":{"type":"Polygon","coordinates":[[[-4.8008405,37.8781876],[-4.8008957,37.8781998],[-4.8009528,37.8781967],[-4.8010029,37.87818],[-4.8010436,37.8781517],[-4.8010709,37.8781146],[-4.801082,37.8780727],[-4.8010756,37.8780301],[-4.8010525,37.8779913],[-4.801015,37.8779603],[-4.8009669,37.8779403],[-4.8009134,37.8779333],[-4.8008597,37.8779401],[-4.8008092,37.8779613],[-4.8007705,37.8779947],[-4.8007481,37.8780363],[-4.8007446,37.8780814],[-4.8007604,37.8781249],[-4.8007936,37.8781617],[-4.8008405,37.8781876]]]}},{"type":"Feature","properties":{"osm":835482843},"geometry":{"type":"Polygon","coordinates":[[[-4.757649,37.8802356],[-4.7576844,37.8801787],[-4.7575397,37.8801257],[-4.757503,37.8801777],[-4.7575731,37.8802116],[-4.757649,37.8802356]]]}},{"type":"Feature","properties":{"osm":835482844},"geometry":{"type":"Polygon","coordinates":[[[-4.7580186,37.8804149],[-4.757852,37.880335],[-4.7579575,37.8802006],[-4.7581206,37.880273],[-4.7580186,37.8804149]]]}},{"type":"Feature","properties":{"osm":835482845},"geometry":{"type":"Polygon","coordinates":[[[-4.7572393,37.880491],[-4.7570535,37.8804052],[-4.7570433,37.8803862],[-4.7569321,37.8803373],[-4.7570041,37.8802216],[-4.7572659,37.8803363],[-4.7573316,37.8803713],[-4.7572393,37.880491]]]}},{"type":"Feature","properties":{"osm":835482846},"geometry":{"type":"Polygon","coordinates":[[[-4.7574416,37.8805769],[-4.7572697,37.880492],[-4.7573493,37.8803833],[-4.7575238,37.8804611],[-4.7574416,37.8805769]]]}},{"type":"Feature","properties":{"osm":835482847},"geometry":{"type":"Polygon","coordinates":[[[-4.757789,37.8807345],[-4.7576136,37.8806527],[-4.757697,37.8805369],[-4.7578736,37.8806167],[-4.757789,37.8807345]]]}},{"type":"Feature","properties":{"osm":835482848},"geometry":{"type":"Polygon","coordinates":[[[-4.7575889,37.881013],[-4.7573948,37.8809351],[-4.7574658,37.8808321],[-4.7576498,37.8809283],[-4.7575889,37.881013]]]}},{"type":"Feature","properties":{"osm":835482849},"geometry":{"type":"Polygon","coordinates":[[[-4.7581295,37.8812395],[-4.7578058,37.8810858],[-4.7578943,37.8809501],[-4.7579701,37.8809781],[-4.7579676,37.8810449],[-4.7580081,37.8810998],[-4.7580966,37.8811327],[-4.7581295,37.8812395]]]}},{"type":"Feature","properties":{"osm":842106997},"geometry":{"type":"Polygon","coordinates":[[[-4.7748469,37.8867959],[-4.774879,37.8868017],[-4.7748599,37.8868383],[-4.7746018,37.886823],[-4.7746475,37.8865745],[-4.7747469,37.8865809],[-4.7747462,37.8865843],[-4.7747854,37.8865878],[-4.7747604,37.8867159],[-4.7748695,37.8867298],[-4.7748469,37.8867959]]]}},{"type":"Feature","properties":{"osm":842106998},"geometry":{"type":"Polygon","coordinates":[[[-4.775069,37.8869548],[-4.7750709,37.8869377],[-4.7750805,37.8868549],[-4.7753759,37.8868869],[-4.7753653,37.8869855],[-4.775069,37.8869548]]]}},{"type":"Feature","properties":{"osm":842111323},"geometry":{"type":"Polygon","coordinates":[[[-4.7725536,37.8866385],[-4.7725216,37.8865336],[-4.7723782,37.8865725],[-4.7723728,37.886574],[-4.7724105,37.8866842],[-4.7724875,37.8866615],[-4.7724861,37.8866566],[-4.7724973,37.8866536],[-4.7725536,37.8866385]]]}},{"type":"Feature","properties":{"osm":842111325},"geometry":{"type":"Polygon","coordinates":[[[-4.7718856,37.8862563],[-4.7718838,37.8861932],[-4.7716207,37.8862005],[-4.7716224,37.8862369],[-4.7716404,37.8862502],[-4.7716643,37.8862593],[-4.7716882,37.8862625],[-4.7718856,37.8862563]]]}},{"type":"Feature","properties":{"osm":842111326},"geometry":{"type":"Polygon","coordinates":[[[-4.7714186,37.8859995],[-4.7713965,37.8858656],[-4.7713502,37.8858703],[-4.7713475,37.8858448],[-4.7714107,37.8858394],[-4.7714076,37.8858136],[-4.7713442,37.8858197],[-4.7713202,37.8856997],[-4.7713143,37.8856535],[-4.7712532,37.8856632],[-4.7711499,37.8856637],[-4.7711857,37.8857224],[-4.771194,37.8858358],[-4.7710424,37.8858459],[-4.7710465,37.8858899],[-4.7710881,37.8858861],[-4.7710933,37.8859201],[-4.7712666,37.8858926],[-4.7712801,37.8859956],[-4.7714186,37.8859995]]]}},{"type":"Feature","properties":{"osm":842111327},"geometry":{"type":"Polygon","coordinates":[[[-4.771029,37.8862867],[-4.7707617,37.8862335],[-4.7707736,37.8861826],[-4.7707844,37.8861291],[-4.7707894,37.886129],[-4.7707957,37.8861021],[-4.7707887,37.8861009],[-4.7707948,37.8860742],[-4.7707715,37.8860718],[-4.7707815,37.8860209],[-4.7709734,37.8860276],[-4.7710085,37.8861904],[-4.771029,37.8862867]]]}},{"type":"Feature","properties":{"osm":842111336},"geometry":{"type":"Polygon","coordinates":[[[-4.7703012,37.8881834],[-4.7702864,37.888048],[-4.7701307,37.8881038],[-4.7701906,37.8882151],[-4.7702025,37.8882111],[-4.7702121,37.8882057],[-4.7702253,37.8881993],[-4.7702433,37.8881911],[-4.7702591,37.8881866],[-4.7702771,37.8881837],[-4.7703012,37.8881834]]]}},{"type":"Feature","properties":{"osm":846668167},"geometry":{"type":"Polygon","coordinates":[[[-4.7958918,37.8856282],[-4.7966283,37.8852983],[-4.7966144,37.8852541],[-4.7965535,37.8852497],[-4.7964926,37.8852326],[-4.7964509,37.8851879],[-4.7964199,37.885122],[-4.7963866,37.8851348],[-4.7963426,37.8851708],[-4.7963133,37.8851899],[-4.7962734,37.8852016],[-4.7962908,37.8852852],[-4.7962787,37.8853297],[-4.7962506,37.8853604],[-4.7958918,37.8856282]]]}},{"type":"Feature","properties":{"osm":910093093},"geometry":{"type":"Polygon","coordinates":[[[-4.7969163,37.8860494],[-4.7968183,37.8860143],[-4.7969204,37.8859539],[-4.7970423,37.8858896],[-4.7971999,37.8858294],[-4.7973415,37.8857857],[-4.797492,37.8857517],[-4.7976354,37.8857322],[-4.7977726,37.8857202],[-4.7977631,37.8857442],[-4.7977627,37.8857647],[-4.797747,37.8857527],[-4.7977272,37.8857465],[-4.7976987,37.8857465],[-4.7976802,37.8857514],[-4.7976682,37.8857592],[-4.7976558,37.8857491],[-4.7976385,37.8857436],[-4.7976166,37.8857436],[-4.7975981,37.8857501],[-4.7975902,37.8857628],[-4.7975898,37.8857712],[-4.7975671,37.8857758],[-4.7975478,37.8857856],[-4.7975313,37.8857725],[-4.7975119,37.8857654],[-4.7974888,37.8857647],[-4.7974756,37.8857729],[-4.7974537,37.8857742],[-4.7974285,37.8857839],[-4.7974116,37.8857999],[-4.7974001,37.8858136],[-4.7973993,37.8858279],[-4.7973811,37.885823],[-4.7973625,37.8858224],[-4.7973485,37.885825],[-4.7973324,37.8858152],[-4.7973102,37.8858113],[-4.7972817,37.8858139],[-4.7972623,37.8858269],[-4.7972536,37.8858422],[-4.7972371,37.8858474],[-4.7972235,37.8858588],[-4.7972186,37.8858702],[-4.7972194,37.8858871],[-4.7972046,37.8858839],[-4.7971889,37.8858829],[-4.7971744,37.8858894],[-4.7971617,37.8859024],[-4.7971592,37.8859142],[-4.79716,37.8859324],[-4.7971439,37.8859327],[-4.7971291,37.8859337],[-4.7971138,37.8859213],[-4.7970878,37.8859158],[-4.7970606,37.8859171],[-4.797042,37.8859262],[-4.7970297,37.8859392],[-4.7970268,37.8859575],[-4.7970297,37.8859705],[-4.7970383,37.8859845],[-4.7970264,37.8859913],[-4.7970037,37.8859842],[-4.7969822,37.8859832],[-4.7969616,37.8859877],[-4.7969389,37.8859985],[-4.7969224,37.8860115],[-4.7969142,37.8860304],[-4.7969163,37.8860494]]]}},{"type":"Feature","properties":{"osm":919679113},"geometry":{"type":"Polygon","coordinates":[[[-4.7950922,37.9030447],[-4.7926283,37.9028497],[-4.7925067,37.9016981],[-4.7927147,37.901565],[-4.7930874,37.9015247],[-4.7951197,37.9015278],[-4.7951707,37.9015464],[-4.7951942,37.902243],[-4.7951432,37.9029797],[-4.7950922,37.9030447]]]}},{"type":"Feature","properties":{"osm":923048169},"geometry":{"type":"Polygon","coordinates":[[[-4.7877596,37.8895601],[-4.7877554,37.8895588],[-4.787752,37.8895565],[-4.7877497,37.8895535],[-4.7877488,37.88955],[-4.7877493,37.8895465],[-4.7877512,37.8895433],[-4.7877542,37.8895408],[-4.7877582,37.8895391],[-4.7877626,37.8895386],[-4.787767,37.8895391],[-4.7877709,37.8895408],[-4.7877742,37.8895435],[-4.787776,37.8895469],[-4.7877763,37.8895507],[-4.787775,37.8895543],[-4.7877722,37.8895573],[-4.7877683,37.8895594],[-4.787764,37.8895603],[-4.7877596,37.8895601]]]}},{"type":"Feature","properties":{"osm":923048170},"geometry":{"type":"Polygon","coordinates":[[[-4.7876986,37.8894593],[-4.7876945,37.889458],[-4.7876911,37.8894557],[-4.7876888,37.8894527],[-4.7876879,37.8894492],[-4.7876883,37.8894457],[-4.7876902,37.8894425],[-4.7876933,37.88944],[-4.7876972,37.8894383],[-4.7877017,37.8894377],[-4.7877061,37.8894383],[-4.78771,37.88944],[-4.7877132,37.8894427],[-4.7877151,37.8894461],[-4.7877154,37.8894498],[-4.7877141,37.8894534],[-4.7877113,37.8894565],[-4.7877074,37.8894586],[-4.7877031,37.8894595],[-4.7876986,37.8894593]]]}},{"type":"Feature","properties":{"osm":923048171},"geometry":{"type":"Polygon","coordinates":[[[-4.7876624,37.889397],[-4.7876582,37.8893957],[-4.7876548,37.8893934],[-4.7876525,37.8893904],[-4.7876516,37.8893869],[-4.7876521,37.8893834],[-4.787654,37.8893802],[-4.787657,37.8893777],[-4.787661,37.889376],[-4.7876654,37.8893755],[-4.7876698,37.889376],[-4.7876738,37.8893777],[-4.787677,37.8893804],[-4.7876789,37.8893838],[-4.7876791,37.8893876],[-4.7876778,37.8893912],[-4.7876751,37.8893942],[-4.7876712,37.8893963],[-4.7876668,37.8893972],[-4.7876624,37.889397]]]}},{"type":"Feature","properties":{"osm":923048172},"geometry":{"type":"Polygon","coordinates":[[[-4.7876261,37.8893356],[-4.787622,37.8893343],[-4.7876186,37.889332],[-4.7876163,37.8893289],[-4.7876153,37.8893255],[-4.7876158,37.889322],[-4.7876177,37.8893188],[-4.7876208,37.8893162],[-4.7876247,37.8893146],[-4.7876291,37.889314],[-4.7876335,37.8893146],[-4.7876375,37.8893162],[-4.7876407,37.889319],[-4.7876426,37.8893224],[-4.7876429,37.8893261],[-4.7876416,37.8893297],[-4.7876388,37.8893327],[-4.7876349,37.8893349],[-4.7876306,37.8893358],[-4.7876261,37.8893356]]]}},{"type":"Feature","properties":{"osm":923048173},"geometry":{"type":"Polygon","coordinates":[[[-4.7875904,37.8892762],[-4.7875863,37.8892749],[-4.7875829,37.8892726],[-4.7875806,37.8892696],[-4.7875796,37.8892662],[-4.7875801,37.8892627],[-4.787582,37.8892595],[-4.7875851,37.8892569],[-4.787589,37.8892553],[-4.7875934,37.8892547],[-4.7875978,37.8892553],[-4.7876018,37.8892569],[-4.787605,37.8892596],[-4.7876069,37.8892631],[-4.7876072,37.8892668],[-4.7876058,37.8892704],[-4.7876031,37.8892734],[-4.7875992,37.8892755],[-4.7875949,37.8892764],[-4.7875904,37.8892762]]]}},{"type":"Feature","properties":{"osm":923048174},"geometry":{"type":"Polygon","coordinates":[[[-4.7875547,37.8892169],[-4.7875505,37.8892156],[-4.7875471,37.8892133],[-4.7875448,37.8892103],[-4.7875439,37.8892068],[-4.7875444,37.8892033],[-4.7875463,37.8892001],[-4.7875493,37.8891976],[-4.7875533,37.8891959],[-4.7875577,37.8891953],[-4.7875621,37.8891959],[-4.787566,37.8891976],[-4.7875693,37.8892003],[-4.7875711,37.8892037],[-4.7875714,37.8892075],[-4.7875701,37.889211],[-4.7875673,37.8892141],[-4.7875634,37.8892162],[-4.7875591,37.8892171],[-4.7875547,37.8892169]]]}},{"type":"Feature","properties":{"osm":923048175},"geometry":{"type":"Polygon","coordinates":[[[-4.7875205,37.8891567],[-4.7875164,37.8891554],[-4.787513,37.8891531],[-4.7875107,37.8891501],[-4.7875098,37.8891467],[-4.7875102,37.8891431],[-4.7875121,37.88914],[-4.7875152,37.8891374],[-4.7875192,37.8891357],[-4.7875236,37.8891352],[-4.787528,37.8891357],[-4.7875319,37.8891374],[-4.7875351,37.8891401],[-4.787537,37.8891436],[-4.7875373,37.8891473],[-4.787536,37.8891509],[-4.7875332,37.8891539],[-4.7875293,37.889156],[-4.787525,37.8891569],[-4.7875205,37.8891567]]]}},{"type":"Feature","properties":{"osm":923048176},"geometry":{"type":"Polygon","coordinates":[[[-4.7874854,37.8890974],[-4.7874812,37.8890961],[-4.7874778,37.8890938],[-4.7874755,37.8890908],[-4.7874746,37.8890873],[-4.7874751,37.8890838],[-4.7874769,37.8890806],[-4.78748,37.8890781],[-4.787484,37.8890764],[-4.7874884,37.8890758],[-4.7874928,37.8890764],[-4.7874967,37.8890781],[-4.7875,37.8890808],[-4.7875018,37.8890842],[-4.7875021,37.8890879],[-4.7875008,37.8890915],[-4.787498,37.8890946],[-4.7874941,37.8890967],[-4.7874898,37.8890976],[-4.7874854,37.8890974]]]}},{"type":"Feature","properties":{"osm":923048177},"geometry":{"type":"Polygon","coordinates":[[[-4.7874454,37.8890318],[-4.7874412,37.8890304],[-4.7874378,37.8890281],[-4.7874355,37.8890251],[-4.7874346,37.8890217],[-4.7874351,37.8890182],[-4.7874369,37.889015],[-4.78744,37.8890124],[-4.787444,37.8890108],[-4.7874484,37.8890102],[-4.7874528,37.8890108],[-4.7874567,37.8890124],[-4.78746,37.8890151],[-4.7874618,37.8890186],[-4.7874621,37.8890223],[-4.7874608,37.8890259],[-4.787458,37.8890289],[-4.7874541,37.889031],[-4.7874498,37.889032],[-4.7874454,37.8890318]]]}},{"type":"Feature","properties":{"osm":923048178},"geometry":{"type":"Polygon","coordinates":[[[-4.787408,37.8889682],[-4.7874039,37.8889669],[-4.7874005,37.8889646],[-4.7873982,37.8889616],[-4.7873972,37.8889581],[-4.7873977,37.8889546],[-4.7873996,37.8889514],[-4.7874027,37.8889489],[-4.7874066,37.8889472],[-4.7874111,37.8889466],[-4.7874155,37.8889472],[-4.7874194,37.8889489],[-4.7874226,37.8889516],[-4.7874245,37.888955],[-4.7874248,37.8889588],[-4.7874235,37.8889623],[-4.7874207,37.8889654],[-4.7874168,37.8889675],[-4.7874125,37.8889684],[-4.787408,37.8889682]]]}},{"type":"Feature","properties":{"osm":923048179},"geometry":{"type":"Polygon","coordinates":[[[-4.7873766,37.8889143],[-4.7873724,37.888913],[-4.787369,37.8889107],[-4.7873667,37.8889077],[-4.7873658,37.8889043],[-4.7873663,37.8889008],[-4.7873682,37.8888976],[-4.7873712,37.888895],[-4.7873752,37.8888934],[-4.7873796,37.8888928],[-4.787384,37.8888933],[-4.787388,37.888895],[-4.7873912,37.8888977],[-4.787393,37.8889012],[-4.7873933,37.8889049],[-4.787392,37.8889085],[-4.7873893,37.8889115],[-4.7873853,37.8889136],[-4.787381,37.8889145],[-4.7873766,37.8889143]]]}},{"type":"Feature","properties":{"osm":923048180},"geometry":{"type":"Polygon","coordinates":[[[-4.7873009,37.8887873],[-4.7872967,37.8887859],[-4.7872933,37.8887836],[-4.787291,37.8887806],[-4.7872901,37.8887772],[-4.7872906,37.8887737],[-4.7872924,37.8887705],[-4.7872955,37.8887679],[-4.7872995,37.8887663],[-4.7873039,37.8887657],[-4.7873083,37.8887663],[-4.7873122,37.8887679],[-4.7873155,37.8887706],[-4.7873173,37.8887741],[-4.7873176,37.8887778],[-4.7873163,37.8887814],[-4.7873135,37.8887844],[-4.7873096,37.8887865],[-4.7873053,37.8887875],[-4.7873009,37.8887873]]]}},{"type":"Feature","properties":{"osm":923048181},"geometry":{"type":"Polygon","coordinates":[[[-4.7872715,37.8887342],[-4.7872674,37.8887329],[-4.787264,37.8887306],[-4.7872617,37.8887276],[-4.7872607,37.8887242],[-4.7872612,37.8887206],[-4.7872631,37.8887174],[-4.7872662,37.8887149],[-4.7872701,37.8887132],[-4.7872745,37.8887127],[-4.787279,37.8887132],[-4.7872829,37.8887149],[-4.7872861,37.8887176],[-4.787288,37.8887211],[-4.7872883,37.8887248],[-4.787287,37.8887284],[-4.7872842,37.8887314],[-4.7872803,37.8887335],[-4.787276,37.8887344],[-4.7872715,37.8887342]]]}},{"type":"Feature","properties":{"osm":923303613},"geometry":{"type":"Polygon","coordinates":[[[-4.8076909,37.8852892],[-4.8076554,37.88531],[-4.8076174,37.8853361],[-4.8075712,37.8853569],[-4.8075077,37.8853719],[-4.8074549,37.8853726],[-4.8073864,37.885368],[-4.8074236,37.8854872],[-4.8075818,37.885967],[-4.8076049,37.8860122],[-4.8076387,37.8860422],[-4.8076783,37.8860669],[-4.8077204,37.8860819],[-4.8077699,37.8860884],[-4.807826,37.8860754],[-4.8078722,37.8860415],[-4.807906,37.8859751],[-4.8079019,37.8858924],[-4.8078829,37.885813],[-4.8079011,37.8858091],[-4.8077934,37.8855168],[-4.8077175,37.8853077],[-4.8076909,37.8852892]]]}},{"type":"Feature","properties":{"osm":923715005},"geometry":{"type":"Polygon","coordinates":[[[-4.7979343,37.889803],[-4.7979903,37.8897865],[-4.7980027,37.8898121],[-4.7981572,37.8897662],[-4.798117,37.8896757],[-4.7980721,37.8896887],[-4.7980415,37.8896243],[-4.798086,37.8896115],[-4.7979428,37.8892935],[-4.7977347,37.8893521],[-4.7979343,37.889803]]]}},{"type":"Feature","properties":{"osm":923715006},"geometry":{"type":"Polygon","coordinates":[[[-4.797922,37.8892621],[-4.7977185,37.8893173],[-4.7976387,37.889149],[-4.7976299,37.8891266],[-4.7976887,37.8891103],[-4.7976778,37.8890858],[-4.7978277,37.8890432],[-4.797922,37.8892621]]]}},{"type":"Feature","properties":{"osm":923823524},"geometry":{"type":"Polygon","coordinates":[[[-4.8118103,37.8866816],[-4.8118327,37.8866795],[-4.811854,37.8866852],[-4.8118701,37.8866977],[-4.8118777,37.8867144],[-4.8118754,37.8867321],[-4.8118615,37.8867488],[-4.8118392,37.8867581],[-4.8118139,37.8867578],[-4.811792,37.8867479],[-4.8117806,37.8867346],[-4.8117767,37.8867188],[-4.811781,37.8867031],[-4.8117929,37.88669],[-4.8118103,37.8866816]]]}},{"type":"Feature","properties":{"osm":923823525},"geometry":{"type":"Polygon","coordinates":[[[-4.811985,37.8867138],[-4.812009,37.8867115],[-4.8120318,37.8867177],[-4.812049,37.886731],[-4.8120571,37.886749],[-4.8120547,37.8867679],[-4.8120398,37.8867857],[-4.8120159,37.8867957],[-4.8119889,37.8867954],[-4.8119654,37.8867847],[-4.8119532,37.8867705],[-4.8119491,37.8867536],[-4.8119537,37.8867368],[-4.8119664,37.8867228],[-4.811985,37.8867138]]]}},{"type":"Feature","properties":{"osm":924720830},"geometry":{"type":"Polygon","coordinates":[[[-4.8082754,37.8818106],[-4.8082949,37.8818581],[-4.8082464,37.8819312],[-4.8081472,37.8819851],[-4.8079664,37.8820269],[-4.8077217,37.8820373],[-4.8076203,37.8818964],[-4.8078329,37.8818297],[-4.8082754,37.8818106]]]}},{"type":"Feature","properties":{"osm":926120750},"geometry":{"type":"Polygon","coordinates":[[[-4.762343,37.8988217],[-4.7622596,37.8988112],[-4.7623447,37.8987059],[-4.7623647,37.8987085],[-4.762343,37.8988217]]]}},{"type":"Feature","properties":{"osm":943496215},"geometry":{"type":"Polygon","coordinates":[[[-4.7740014,37.8913329],[-4.7739667,37.8913791],[-4.7738179,37.8914474],[-4.7736402,37.8915374],[-4.7737471,37.8916507],[-4.7735201,37.8917024],[-4.7734639,37.8916381],[-4.7734471,37.8916188],[-4.7733986,37.8915577],[-4.7733387,37.8914847],[-4.7733136,37.8914532],[-4.7732874,37.8914204],[-4.7732843,37.8914165],[-4.773262,37.8913922],[-4.7732655,37.8913594],[-4.7732976,37.8913363],[-4.7733448,37.8913093],[-4.7733527,37.8913048],[-4.7733605,37.891301],[-4.7734207,37.8912718],[-4.7734448,37.8912928],[-4.7735561,37.8912373],[-4.7735486,37.8912278],[-4.7736769,37.8911591],[-4.7736994,37.8911417],[-4.7737125,37.8911407],[-4.7737658,37.8911112],[-4.7738176,37.8911254],[-4.7738253,37.891129],[-4.7738484,37.891166],[-4.7738339,37.8911675],[-4.7738372,37.8911723],[-4.7738698,37.8912197],[-4.7738936,37.8912095],[-4.773912,37.8912348],[-4.7738787,37.89125],[-4.7739399,37.8913339],[-4.7740014,37.8913329]]]}},{"type":"Feature","properties":{"osm":943496220},"geometry":{"type":"Polygon","coordinates":[[[-4.7726061,37.8920095],[-4.7725338,37.8920443],[-4.7723815,37.8918832],[-4.7724806,37.8918226],[-4.7726061,37.8920095]]]}},{"type":"Feature","properties":{"osm":950296875},"geometry":{"type":"Polygon","coordinates":[[[-4.7900876,37.8669191],[-4.7900057,37.866987],[-4.7900385,37.8670161],[-4.7893954,37.8674721],[-4.7893661,37.8674539],[-4.7888466,37.8671325],[-4.7896043,37.8665182],[-4.7900876,37.8669191]]]}},{"type":"Feature","properties":{"osm":950296877},"geometry":{"type":"Polygon","coordinates":[[[-4.7907553,37.8678622],[-4.7906533,37.867785],[-4.7905698,37.8678389],[-4.7903878,37.8677035],[-4.7903271,37.8679484],[-4.7903826,37.8679853],[-4.7905525,37.8679443],[-4.7907067,37.8679374],[-4.7907553,37.8678622]]]}},{"type":"Feature","properties":{"osm":950296878},"geometry":{"type":"Polygon","coordinates":[[[-4.7905521,37.8682464],[-4.7903272,37.8680836],[-4.7902595,37.8680688],[-4.7901001,37.8682946],[-4.7901694,37.868337],[-4.7903462,37.8683233],[-4.7904606,37.8683206],[-4.7905231,37.8682718],[-4.7905521,37.8682464]]]}},{"type":"Feature","properties":{"osm":955252008},"geometry":{"type":"Polygon","coordinates":[[[-4.771551,37.9050077],[-4.7715041,37.9049866],[-4.7714276,37.9049823],[-4.7713498,37.9050014],[-4.7712895,37.905031],[-4.7712479,37.9050712],[-4.7712171,37.9051083],[-4.7712037,37.9051495],[-4.771551,37.9050077]]]}},{"type":"Feature","properties":{"osm":955253289},"geometry":{"type":"Polygon","coordinates":[[[-4.7725571,37.9020536],[-4.7726163,37.9020624],[-4.772676,37.9020559],[-4.7727316,37.9020337],[-4.7727747,37.9019982],[-4.7728006,37.9019535],[-4.7728064,37.9019046],[-4.7727914,37.9018569],[-4.7727572,37.9018159],[-4.7727078,37.901786],[-4.7726487,37.9017706],[-4.7725864,37.9017715],[-4.7725298,37.9017878],[-4.7724827,37.9018175],[-4.7724502,37.9018575],[-4.7724356,37.9019037],[-4.7724404,37.9019511],[-4.7724643,37.9019948],[-4.7725046,37.9020302],[-4.7725571,37.9020536]]]}},{"type":"Feature","properties":{"osm":957828337},"geometry":{"type":"Polygon","coordinates":[[[-4.7565443,37.9023817],[-4.7564981,37.9024265],[-4.7564481,37.9023944],[-4.7563442,37.9023278],[-4.7563904,37.902283],[-4.7565443,37.9023817]]]}},{"type":"Feature","properties":{"osm":962558995},"geometry":{"type":"Polygon","coordinates":[[[-4.809637,37.8866925],[-4.8092963,37.886792],[-4.8093312,37.8870016],[-4.8096745,37.8869889],[-4.8096906,37.8869423],[-4.8096584,37.8866925],[-4.809637,37.8866925]]]}},{"type":"Feature","properties":{"osm":964032520},"geometry":{"type":"Polygon","coordinates":[[[-4.7902228,37.8688078],[-4.7902378,37.8687234],[-4.7902317,37.8687182],[-4.7902279,37.8687119],[-4.7902266,37.868704],[-4.7902286,37.8686962],[-4.7902285,37.8686623],[-4.7902217,37.8686436],[-4.7902031,37.8686356],[-4.7901136,37.8686436],[-4.790095,37.8686769],[-4.790095,37.8687143],[-4.7901153,37.8687396],[-4.7901339,37.8687836],[-4.7901474,37.8687983],[-4.7902228,37.8688078]]]}},{"type":"Feature","properties":{"osm":964032521},"geometry":{"type":"Polygon","coordinates":[[[-4.7902978,37.8687583],[-4.7902872,37.8687065],[-4.7902863,37.8686989],[-4.7902825,37.8686919],[-4.7902758,37.8686369],[-4.7903265,37.8686236],[-4.7903552,37.8686329],[-4.7903835,37.8686532],[-4.7903929,37.8686794],[-4.7903856,37.8687113],[-4.7903601,37.868739],[-4.7903406,37.8687557],[-4.7902978,37.8687583]]]}},{"type":"Feature","properties":{"osm":964032523},"geometry":{"type":"Polygon","coordinates":[[[-4.7907397,37.8682872],[-4.790662,37.8682846],[-4.7906268,37.8683863],[-4.7906417,37.8683888],[-4.7907269,37.8683132],[-4.7907397,37.8682872]]]}},{"type":"Feature","properties":{"osm":964032524},"geometry":{"type":"Polygon","coordinates":[[[-4.7911573,37.8679752],[-4.791111,37.8679498],[-4.7911583,37.8679073],[-4.7911785,37.8679202],[-4.791286,37.8678126],[-4.7911672,37.867736],[-4.7911846,37.8677175],[-4.7913377,37.8678107],[-4.7911573,37.8679752]]]}},{"type":"Feature","properties":{"osm":964032526},"geometry":{"type":"Polygon","coordinates":[[[-4.7880473,37.8674209],[-4.7879213,37.8675141],[-4.788675,37.8680434],[-4.7887715,37.8680455],[-4.7889003,37.8680117],[-4.7890022,37.8679397],[-4.7891166,37.8678235],[-4.7891288,37.8678111],[-4.7891336,37.8678063],[-4.7894179,37.8675056],[-4.7893661,37.8674539],[-4.7889162,37.8679183],[-4.7884921,37.8676495],[-4.7882056,37.8674971],[-4.7880473,37.8674209]]]}},{"type":"Feature","properties":{"osm":964032528},"geometry":{"type":"Polygon","coordinates":[[[-4.7890304,37.868529],[-4.7890642,37.868497],[-4.789049,37.8684623],[-4.7890169,37.8684463],[-4.7889882,37.868481],[-4.7889459,37.8685583],[-4.7889223,37.868593],[-4.7888598,37.8685423],[-4.7887871,37.8685516],[-4.7887297,37.8686143],[-4.788679,37.8686717],[-4.788782,37.868713],[-4.788831,37.8687184],[-4.7889088,37.8686984],[-4.7890118,37.8686277],[-4.7890085,37.868577],[-4.7890135,37.8685503],[-4.7890304,37.868529]]]}},{"type":"Feature","properties":{"osm":964032529},"geometry":{"type":"Polygon","coordinates":[[[-4.7894167,37.8683788],[-4.7894937,37.8683147],[-4.7893359,37.8681964],[-4.7892922,37.8682328],[-4.7893599,37.8682835],[-4.789343,37.8683236],[-4.7894167,37.8683788]]]}},{"type":"Feature","properties":{"osm":964032530},"geometry":{"type":"Polygon","coordinates":[[[-4.7892754,37.8681928],[-4.7892077,37.868137],[-4.7891475,37.8681825],[-4.7891859,37.8682142],[-4.7892754,37.8681928]]]}},{"type":"Feature","properties":{"osm":964032531},"geometry":{"type":"Polygon","coordinates":[[[-4.7891555,37.8683262],[-4.7891386,37.8682875],[-4.7891555,37.8682502],[-4.7891031,37.8682155],[-4.7890473,37.8682409],[-4.7891555,37.8683262]]]}},{"type":"Feature","properties":{"osm":964032532},"geometry":{"type":"Polygon","coordinates":[[[-4.7893846,37.8684072],[-4.7893208,37.8684637],[-4.7891906,37.868372],[-4.7892061,37.8683582],[-4.7892518,37.8683636],[-4.7893075,37.8683529],[-4.7893846,37.8684072]]]}},{"type":"Feature","properties":{"osm":964032533},"geometry":{"type":"Polygon","coordinates":[[[-4.7890659,37.8684076],[-4.7890355,37.8683969],[-4.7890085,37.8683729],[-4.7889611,37.8684209],[-4.7888936,37.8683903],[-4.7889138,37.8683369],[-4.7889054,37.8683009],[-4.7888192,37.8682689],[-4.7887889,37.8682411],[-4.7888747,37.8682164],[-4.7890659,37.8684076]]]}},{"type":"Feature","properties":{"osm":967939537},"geometry":{"type":"Polygon","coordinates":[[[-4.7635091,37.8783451],[-4.7636514,37.8782808],[-4.7637026,37.8783514],[-4.7636758,37.8783745],[-4.7636452,37.8784843],[-4.7636669,37.8785729],[-4.7636911,37.8785991],[-4.7637218,37.8786169],[-4.7637064,37.8786334],[-4.7636809,37.8786324],[-4.7636426,37.8786173],[-4.7634846,37.8783996],[-4.7635329,37.8783778],[-4.7635091,37.8783451]]]}},{"type":"Feature","properties":{"osm":967939538},"geometry":{"type":"Polygon","coordinates":[[[-4.763854,37.8781742],[-4.7640629,37.878083],[-4.7641598,37.8782232],[-4.7640866,37.8782628],[-4.7640088,37.8782436],[-4.7639655,37.878244],[-4.7639093,37.8782446],[-4.763854,37.8781742]]]}},{"type":"Feature","properties":{"osm":967939539},"geometry":{"type":"Polygon","coordinates":[[[-4.7624887,37.8780424],[-4.7625659,37.8780026],[-4.7625809,37.87805],[-4.7625874,37.8781059],[-4.7625734,37.878166],[-4.7625386,37.8782219],[-4.7624908,37.8782727],[-4.7624221,37.8782018],[-4.7624576,37.8781804],[-4.7624812,37.8781474],[-4.762493,37.8781084],[-4.7624887,37.8780424]]]}},{"type":"Feature","properties":{"osm":967939540},"geometry":{"type":"Polygon","coordinates":[[[-4.762346,37.8782482],[-4.7624007,37.8783159],[-4.7623374,37.8783311],[-4.7622955,37.8783328],[-4.762243,37.8783286],[-4.7621807,37.8783184],[-4.7621432,37.8783066],[-4.7620863,37.8782812],[-4.7620488,37.8782532],[-4.7621164,37.8782109],[-4.7621657,37.8782346],[-4.7622044,37.8782473],[-4.7622591,37.8782549],[-4.7623031,37.8782549],[-4.762346,37.8782482]]]}},{"type":"Feature","properties":{"osm":967939541},"geometry":{"type":"Polygon","coordinates":[[[-4.7624307,37.8779721],[-4.7625166,37.8779374],[-4.7624726,37.8779001],[-4.7624039,37.8778705],[-4.7623664,37.877862],[-4.7623331,37.8778552],[-4.7623797,37.8779078],[-4.7624307,37.8779721]]]}},{"type":"Feature","properties":{"osm":967939542},"geometry":{"type":"Polygon","coordinates":[[[-4.7619897,37.8780278],[-4.762085,37.878142],[-4.7620041,37.8781841],[-4.7619851,37.8781534],[-4.761979,37.8781118],[-4.7619766,37.8780644],[-4.7619897,37.8780278]]]}},{"type":"Feature","properties":{"osm":969554215},"geometry":{"type":"Polygon","coordinates":[[[-4.7914194,37.871462],[-4.7914432,37.8714018],[-4.791413,37.871304],[-4.7913706,37.8712922],[-4.7916505,37.8707046],[-4.7916083,37.8706874],[-4.791308,37.8712825],[-4.7911856,37.8712641],[-4.7912892,37.8714494],[-4.7913829,37.871472],[-4.7914194,37.871462]]]}},{"type":"Feature","properties":{"osm":969554216},"geometry":{"type":"Polygon","coordinates":[[[-4.791688,37.8706527],[-4.7917578,37.870496],[-4.791703,37.870477],[-4.791626,37.8706366],[-4.791688,37.8706527]]]}},{"type":"Feature","properties":{"osm":969554217},"geometry":{"type":"Polygon","coordinates":[[[-4.7912454,37.8708386],[-4.7913311,37.8706644],[-4.7912727,37.8705685],[-4.7911375,37.8703942],[-4.7910937,37.8703891],[-4.791105,37.8711651],[-4.7912454,37.8708386]]]}},{"type":"Feature","properties":{"osm":984223533},"geometry":{"type":"Polygon","coordinates":[[[-4.7899514,37.8683583],[-4.7896384,37.8681309],[-4.7898387,37.8678594],[-4.7897663,37.8678153],[-4.7899562,37.8676743],[-4.7902402,37.8674402],[-4.7904213,37.8674274],[-4.7903258,37.8676676],[-4.7902903,37.8678798],[-4.7902218,37.8680616],[-4.790117,37.868216],[-4.7900315,37.868317],[-4.7899514,37.8683583]]]}},{"type":"Feature","properties":{"osm":993680784},"geometry":{"type":"Polygon","coordinates":[[[-4.8020105,37.8810422],[-4.8019836,37.8810993],[-4.8018645,37.8810646],[-4.8017298,37.881012],[-4.801598,37.8809337],[-4.8014974,37.8808565],[-4.8014166,37.8807647],[-4.8013613,37.8806853],[-4.8013216,37.8806002],[-4.8013003,37.8805208],[-4.8012861,37.8804358],[-4.8012762,37.8803407],[-4.8013485,37.8803362],[-4.8013599,37.8804358],[-4.8013755,37.8805477],[-4.8014336,37.8806607],[-4.8015158,37.8807793],[-4.8016108,37.8808632],[-4.8017128,37.8809303],[-4.8018054,37.8809815],[-4.8019085,37.8810165],[-4.8020105,37.8810422]]]}},{"type":"Feature","properties":{"osm":993680785},"geometry":{"type":"Polygon","coordinates":[[[-4.8013271,37.8802772],[-4.8012737,37.8802784],[-4.8012462,37.8799985],[-4.8013012,37.8799947],[-4.8013271,37.8802772]]]}},{"type":"Feature","properties":{"osm":1000324934},"geometry":{"type":"Polygon","coordinates":[[[-4.7709145,37.8835475],[-4.7708352,37.8835605],[-4.7707482,37.883578],[-4.7706139,37.8836006],[-4.7704686,37.8836268],[-4.7703238,37.8836692],[-4.7702513,37.8836898],[-4.7701557,37.8835807],[-4.7701557,37.8835587],[-4.7702275,37.8835426],[-4.7702433,37.8835667],[-4.7703063,37.883535],[-4.7702902,37.8835128],[-4.770372,37.8834757],[-4.7703572,37.8834575],[-4.7704305,37.8834037],[-4.7703728,37.8833367],[-4.7704822,37.8832601],[-4.7704237,37.8832171],[-4.7705867,37.8831239],[-4.7706264,37.8831612],[-4.7705975,37.8831795],[-4.7706632,37.8833029],[-4.7706974,37.8832933],[-4.770718,37.8833269],[-4.7708308,37.8833111],[-4.770845,37.8834193],[-4.7709068,37.8834829],[-4.7709145,37.8835475]]]}},{"type":"Feature","properties":{"osm":1000597893},"geometry":{"type":"Polygon","coordinates":[[[-4.7908591,37.8754863],[-4.7905766,37.875517],[-4.7905736,37.875352],[-4.7908337,37.875332],[-4.7908591,37.8754863]]]}},{"type":"Feature","properties":{"osm":1009337972},"geometry":{"type":"Polygon","coordinates":[[[-4.7804102,37.8710113],[-4.7800294,37.8713586],[-4.7800669,37.8714073],[-4.7806624,37.8713141],[-4.7807696,37.8712082],[-4.7804102,37.8710113]]]}},{"type":"Feature","properties":{"osm":1036012671},"geometry":{"type":"Polygon","coordinates":[[[-4.7492261,37.8878302],[-4.7492339,37.8879516],[-4.7491368,37.8879549],[-4.7491234,37.8879505],[-4.7491149,37.8879426],[-4.7491099,37.8879298],[-4.7491113,37.8879197],[-4.7491234,37.8879068],[-4.7492261,37.8878302]]]}},{"type":"Feature","properties":{"osm":1047997086},"geometry":{"type":"Polygon","coordinates":[[[-4.8142812,37.8860961],[-4.8143107,37.8861024],[-4.8143331,37.8861166],[-4.8143403,37.8861453],[-4.8143008,37.8861466],[-4.8142437,37.8865003],[-4.8142875,37.8865037],[-4.8142777,37.8866018],[-4.8142603,37.8866131],[-4.8142393,37.8866117],[-4.8142215,37.8865945],[-4.8142292,37.8863201],[-4.8142326,37.88612],[-4.8142583,37.8861032],[-4.8142812,37.8860961]]]}},{"type":"Feature","properties":{"osm":1075745267},"geometry":{"type":"Polygon","coordinates":[[[-4.7771716,37.9017234],[-4.7770847,37.9016034],[-4.7779064,37.9012917],[-4.7779827,37.9014033],[-4.7771716,37.9017234]]]}},{"type":"Feature","properties":{"osm":1075750118},"geometry":{"type":"Polygon","coordinates":[[[-4.780931,37.8997954],[-4.7810425,37.8997492],[-4.7810595,37.8997104],[-4.7807929,37.899327],[-4.7807476,37.899315],[-4.7806927,37.8993374],[-4.7806909,37.8993852],[-4.7807362,37.8994329],[-4.7807854,37.8995209],[-4.7808402,37.8997119],[-4.7808591,37.899773],[-4.7808894,37.8997939],[-4.780931,37.8997954]]]}},{"type":"Feature","properties":{"osm":1075753028},"geometry":{"type":"Polygon","coordinates":[[[-4.7731643,37.8958807],[-4.7730547,37.895918],[-4.7728883,37.8958762],[-4.7731208,37.8957807],[-4.7731643,37.8958807]]]}},{"type":"Feature","properties":{"osm":1075758855},"geometry":{"type":"Polygon","coordinates":[[[-4.7740775,37.9039311],[-4.7741507,37.9038621],[-4.7741743,37.9037708],[-4.7741585,37.9036857],[-4.774035,37.9035975],[-4.7739381,37.90359],[-4.7738389,37.9036105],[-4.7737681,37.9036646],[-4.7737208,37.9037298],[-4.7737208,37.9038062],[-4.7737563,37.9038807],[-4.7737964,37.9039143],[-4.7738507,37.9039404],[-4.7739452,37.903959],[-4.7740775,37.9039311]]]}},{"type":"Feature","properties":{"osm":1076802845},"geometry":{"type":"Polygon","coordinates":[[[-4.8002998,37.898368],[-4.8001987,37.8983564],[-4.8001329,37.8983254],[-4.8000711,37.8982728],[-4.8000349,37.8981984],[-4.8000839,37.897994],[-4.8002309,37.8979056],[-4.803122,37.8964005],[-4.8044015,37.8957531],[-4.8046478,37.8956462],[-4.8047309,37.8956341],[-4.8047776,37.8956088],[-4.8049234,37.8956128],[-4.8052726,37.8956847],[-4.8052898,37.8956886],[-4.8052961,37.8956986],[-4.8052937,37.895712],[-4.8052657,37.895791],[-4.8052865,37.8957939],[-4.8051904,37.8960968],[-4.8051955,37.8962734],[-4.8052426,37.8964954],[-4.8052779,37.8966308],[-4.8054619,37.8969447],[-4.8054413,37.8969534],[-4.8057741,37.8976776],[-4.8058022,37.8978334],[-4.805932,37.8981171],[-4.8034656,37.8985496],[-4.8002998,37.898368]]]}},{"type":"Feature","properties":{"osm":1086494753},"geometry":{"type":"Polygon","coordinates":[[[-4.7914455,37.8927445],[-4.7912669,37.8927022],[-4.7916085,37.893501],[-4.7927185,37.8932333],[-4.7926557,37.8930317],[-4.7925735,37.8930122],[-4.7926147,37.8931619],[-4.7916682,37.8933693],[-4.7914455,37.8927445]]]}},{"type":"Feature","properties":{"osm":1086738963},"geometry":{"type":"Polygon","coordinates":[[[-4.7953657,37.8920868],[-4.795287,37.8920702],[-4.79531,37.8920021],[-4.7953888,37.8920187],[-4.7953657,37.8920868]]]}},{"type":"Feature","properties":{"osm":1086738964},"geometry":{"type":"Polygon","coordinates":[[[-4.7953986,37.8919895],[-4.7953574,37.8919798],[-4.7954003,37.8918671],[-4.7954226,37.8918619],[-4.7954374,37.8918651],[-4.7954432,37.8918723],[-4.7953986,37.8919895]]]}},{"type":"Feature","properties":{"osm":1086738965},"geometry":{"type":"Polygon","coordinates":[[[-4.7953319,37.8919776],[-4.7952751,37.8919672],[-4.7953146,37.8918534],[-4.7953468,37.8918443],[-4.7953591,37.8918528],[-4.7953698,37.8918619],[-4.7953319,37.8919776]]]}},{"type":"Feature","properties":{"osm":1086738966},"geometry":{"type":"Polygon","coordinates":[[[-4.795397,37.8916246],[-4.7954481,37.8916356],[-4.7953904,37.891804],[-4.7953715,37.8918138],[-4.7953344,37.8918066],[-4.7953295,37.8917949],[-4.795397,37.8916246]]]}},{"type":"Feature","properties":{"osm":1086738967},"geometry":{"type":"Polygon","coordinates":[[[-4.7954193,37.8918079],[-4.7954296,37.8918222],[-4.7954514,37.8918261],[-4.7954621,37.8918209],[-4.7955132,37.8916564],[-4.7955041,37.8916447],[-4.7954703,37.8916395],[-4.7954193,37.8918079]]]}},{"type":"Feature","properties":{"osm":1086738992},"geometry":{"type":"Polygon","coordinates":[[[-4.7985543,37.8926253],[-4.798493,37.8926568],[-4.7984541,37.8925723],[-4.7985222,37.8925524],[-4.7985543,37.8926253]]]}},{"type":"Feature","properties":{"osm":1086738993},"geometry":{"type":"Polygon","coordinates":[[[-4.7984987,37.8925093],[-4.7984387,37.8925283],[-4.7984132,37.8924782],[-4.7984732,37.8924592],[-4.7984987,37.8925093]]]}},{"type":"Feature","properties":{"osm":1086739021},"geometry":{"type":"Polygon","coordinates":[[[-4.7959042,37.888178],[-4.7960939,37.8885974],[-4.796029,37.8886416],[-4.796006,37.8886974],[-4.7957391,37.8887514],[-4.7953511,37.8887722],[-4.7950125,37.8887793],[-4.7947926,37.88828],[-4.795127,37.8882878],[-4.7953692,37.8882787],[-4.7955373,37.8882559],[-4.7958882,37.8881766],[-4.7959042,37.888178]]]}},{"type":"Feature","properties":{"osm":1086739037},"geometry":{"type":"Polygon","coordinates":[[[-4.7941031,37.887414],[-4.7940066,37.8873998],[-4.7938324,37.8875223],[-4.7938476,37.8875328],[-4.7941031,37.887414]]]}},{"type":"Feature","properties":{"osm":1086739038},"geometry":{"type":"Polygon","coordinates":[[[-4.7941826,37.8873692],[-4.7941674,37.8873468],[-4.7940378,37.8873326],[-4.7941239,37.887252],[-4.7941419,37.8872549],[-4.7941911,37.8873483],[-4.7941826,37.8873692]]]}},{"type":"Feature","properties":{"osm":1107996216},"geometry":{"type":"Polygon","coordinates":[[[-4.7746,37.8923414],[-4.7742397,37.8924558],[-4.7739223,37.8919647],[-4.7740641,37.8919452],[-4.7745909,37.8919671],[-4.7746,37.8923414]]]}},{"type":"Feature","properties":{"osm":1107996217},"geometry":{"type":"Polygon","coordinates":[[[-4.7742027,37.8924801],[-4.7738551,37.8926093],[-4.773757,37.892473],[-4.7737191,37.8924928],[-4.7737471,37.8925591],[-4.7736584,37.8926015],[-4.7735697,37.8926494],[-4.7734996,37.8927195],[-4.7734436,37.8927876],[-4.7734179,37.8928374],[-4.7732533,37.8926455],[-4.7731327,37.8925169],[-4.7730516,37.8923678],[-4.7730816,37.8923583],[-4.7730412,37.8922975],[-4.7730412,37.892271],[-4.7738638,37.8919914],[-4.7742027,37.8924801]]]}},{"type":"Feature","properties":{"osm":1130731324},"geometry":{"type":"Polygon","coordinates":[[[-4.77414,37.877022],[-4.7730605,37.8769476],[-4.7729967,37.8769297],[-4.7726894,37.8765857],[-4.7740305,37.8766816],[-4.77414,37.877022]]]}},{"type":"Feature","properties":{"osm":1184958524},"geometry":{"type":"Polygon","coordinates":[[[-4.8041309,37.8839708],[-4.8041216,37.8839337],[-4.8041679,37.8839422],[-4.8041705,37.8839282],[-4.8041671,37.8839137],[-4.8041222,37.8839242],[-4.8041326,37.8838877],[-4.8041263,37.8838858],[-4.8041077,37.8838852],[-4.8040977,37.8838876],[-4.8041102,37.8839247],[-4.8040643,37.8839106],[-4.8040595,37.8839248],[-4.8040609,37.8839395],[-4.8041095,37.8839327],[-4.8040956,37.8839699],[-4.8041132,37.8839727],[-4.8041309,37.8839708]]]}},{"type":"Feature","properties":{"osm":1185685536},"geometry":{"type":"Polygon","coordinates":[[[-4.7993543,37.893138],[-4.7993159,37.8931276],[-4.7992211,37.893111],[-4.7991508,37.8931115],[-4.799185,37.8931299],[-4.7992871,37.8931517],[-4.7993255,37.8931517],[-4.7993543,37.893138]]]}},{"type":"Feature","properties":{"osm":1220451085},"geometry":{"type":"Polygon","coordinates":[[[-4.8026716,37.9010486],[-4.8053871,37.9003782],[-4.8054584,37.9001071],[-4.8063992,37.9002713],[-4.806077,37.9003546],[-4.8059102,37.9010182],[-4.8043665,37.9007741],[-4.8031349,37.9010846],[-4.8030436,37.9010936],[-4.8029681,37.9010913],[-4.8026716,37.9010486]]]}},{"type":"Feature","properties":{"osm":1220451088},"geometry":{"type":"Polygon","coordinates":[[[-4.8030519,37.9012739],[-4.802915,37.901324],[-4.8022706,37.9014768],[-4.8023256,37.9017087],[-4.8025043,37.9016994],[-4.8024091,37.9018786],[-4.8020619,37.9018615],[-4.8020268,37.9012515],[-4.8008815,37.9010961],[-4.8008732,37.9009868],[-4.8029223,37.9012738],[-4.8030519,37.9012739]]]}},{"type":"Feature","properties":{"osm":1220451093},"geometry":{"type":"Polygon","coordinates":[[[-4.8027146,37.9027757],[-4.8026298,37.9027699],[-4.8019452,37.9027535],[-4.8019494,37.9027392],[-4.802315,37.9026573],[-4.8020608,37.9020093],[-4.8024205,37.9020257],[-4.8027146,37.9027757]]]}},{"type":"Feature","properties":{"osm":1222066411},"geometry":{"type":"Polygon","coordinates":[[[-4.7979298,37.8792635],[-4.7979068,37.8792264],[-4.7972058,37.8794978],[-4.7972288,37.8795348],[-4.7979298,37.8792635]]]}},{"type":"Feature","properties":{"osm":1238952710},"geometry":{"type":"Polygon","coordinates":[[[-4.7989227,37.8788718],[-4.7989001,37.8788358],[-4.7981631,37.8791239],[-4.7981856,37.8791599],[-4.7989227,37.8788718]]]}},{"type":"Feature","properties":{"osm":1245502321},"geometry":{"type":"Polygon","coordinates":[[[-4.8110816,37.8855743],[-4.8111097,37.8855893],[-4.8112108,37.8856985],[-4.8111594,37.8858848],[-4.810973,37.8858511],[-4.8109588,37.8858904],[-4.8108967,37.8858792],[-4.8107672,37.8862797],[-4.8108328,37.8862923],[-4.8108257,37.8863161],[-4.8106976,37.8862967],[-4.8108418,37.8858239],[-4.8110816,37.8855743]]]}},{"type":"Feature","properties":{"osm":1245502359},"geometry":{"type":"Polygon","coordinates":[[[-4.8092166,37.8924135],[-4.8091446,37.8924079],[-4.8090126,37.8923893],[-4.8088994,37.8923945],[-4.8088464,37.8923871],[-4.8088655,37.8923474],[-4.8088981,37.8923135],[-4.8089416,37.8922885],[-4.8089924,37.8922742],[-4.8090462,37.8922719],[-4.8090986,37.8922817],[-4.8091453,37.892303],[-4.8091824,37.8923338],[-4.8092068,37.8923717],[-4.8092166,37.8924135]]]}},{"type":"Feature","properties":{"osm":1245502360},"geometry":{"type":"Polygon","coordinates":[[[-4.8092155,37.8924355],[-4.809139,37.8924406],[-4.8089985,37.8924272],[-4.8089098,37.8924347],[-4.8088447,37.8924344],[-4.8088588,37.8924805],[-4.8088881,37.8925163],[-4.8089291,37.8925441],[-4.8089784,37.8925615],[-4.8090319,37.892567],[-4.8090852,37.8925603],[-4.8091339,37.8925418],[-4.8091739,37.8925132],[-4.8092019,37.8924768],[-4.8092155,37.8924355]]]}},{"type":"Feature","properties":{"osm":1249882993},"geometry":{"type":"Polygon","coordinates":[[[-4.7552088,37.903221],[-4.7537444,37.9035808],[-4.7525888,37.9038915],[-4.7521894,37.9036791],[-4.7513001,37.9030757],[-4.7510281,37.9028589],[-4.7508327,37.9026175],[-4.7496686,37.9004384],[-4.7502237,37.9001524],[-4.7507109,37.8998551],[-4.750895,37.8997992],[-4.7513029,37.8995221],[-4.7512887,37.8994506],[-4.7515267,37.8992651],[-4.7515465,37.8993679],[-4.7517702,37.8997143],[-4.7518694,37.900025],[-4.7518552,37.9001568],[-4.7519515,37.9003848],[-4.7526879,37.9010642],[-4.7538492,37.9021415],[-4.7542458,37.9024298],[-4.7547556,37.9026533],[-4.7549907,37.9028165],[-4.7550275,37.9029975],[-4.7552088,37.903221]]]}},{"type":"Feature","properties":{"osm":1250738816},"geometry":{"type":"Polygon","coordinates":[[[-4.7727755,37.8957621],[-4.7727886,37.8957736],[-4.7727902,37.8957864],[-4.7727817,37.8957979],[-4.7726662,37.8958447],[-4.7725377,37.8957985],[-4.7725377,37.8957639],[-4.7727755,37.8957621]]]}},{"type":"Feature","properties":{"osm":1250738820},"geometry":{"type":"Polygon","coordinates":[[[-4.7760199,37.8949034],[-4.7759975,37.8948709],[-4.775591,37.8950449],[-4.7756134,37.8950775],[-4.7760199,37.8949034]]]}},{"type":"Feature","properties":{"osm":1250738821},"geometry":{"type":"Polygon","coordinates":[[[-4.7754609,37.8951425],[-4.7754385,37.89511],[-4.775032,37.895284],[-4.7750544,37.8953166],[-4.7754609,37.8951425]]]}},{"type":"Feature","properties":{"osm":1250738822},"geometry":{"type":"Polygon","coordinates":[[[-4.7749009,37.8953837],[-4.7748786,37.8953512],[-4.7744896,37.895518],[-4.7745119,37.8955505],[-4.7749009,37.8953837]]]}},{"type":"Feature","properties":{"osm":1250738830},"geometry":{"type":"Polygon","coordinates":[[[-4.7767514,37.8997244],[-4.7766735,37.8996522],[-4.7766836,37.8996443],[-4.777116,37.8997591],[-4.7771425,37.8997706],[-4.7771822,37.8998074],[-4.7771756,37.8998507],[-4.7771479,37.8998556],[-4.7767514,37.8997244]]]}},{"type":"Feature","properties":{"osm":1250738831},"geometry":{"type":"Polygon","coordinates":[[[-4.7771657,37.8998775],[-4.7771362,37.8999519],[-4.7771079,37.899967],[-4.7770734,37.8999669],[-4.7769847,37.8999163],[-4.777027,37.8998404],[-4.7771657,37.8998775]]]}},{"type":"Feature","properties":{"osm":1250738832},"geometry":{"type":"Polygon","coordinates":[[[-4.7769499,37.8998983],[-4.776855,37.8998493],[-4.7766058,37.8997523],[-4.7767383,37.8997468],[-4.7769916,37.8998288],[-4.7769499,37.8998983]]]}},{"type":"Feature","properties":{"osm":1250775625},"geometry":{"type":"Polygon","coordinates":[[[-4.7998895,37.888315],[-4.7992746,37.8884895],[-4.7991563,37.8880054],[-4.7997698,37.8878351],[-4.7998895,37.888315]]]}},{"type":"Feature","properties":{"osm":1250775626},"geometry":{"type":"Polygon","coordinates":[[[-4.7996881,37.8875416],[-4.799085,37.88772],[-4.7989721,37.8872491],[-4.7995722,37.8870682],[-4.7996881,37.8875416]]]}},{"type":"Feature","properties":{"osm":1250775706},"geometry":{"type":"Polygon","coordinates":[[[-4.7943624,37.8932811],[-4.7941005,37.8932426],[-4.794228,37.892861],[-4.7942666,37.8928678],[-4.7943624,37.8932811]]]}},{"type":"Feature","properties":{"osm":1251086728},"geometry":{"type":"Polygon","coordinates":[[[-4.7931386,37.8970471],[-4.7943409,37.896748],[-4.7941913,37.8963656],[-4.7929919,37.8966661],[-4.7930294,37.8967632],[-4.7930447,37.8968028],[-4.7930624,37.8968486],[-4.7931386,37.8970471]]]}},{"type":"Feature","properties":{"osm":1251086778},"geometry":{"type":"Polygon","coordinates":[[[-4.7838004,37.8920682],[-4.7837851,37.8919547],[-4.7838424,37.8919286],[-4.7839109,37.8920189],[-4.7838004,37.8920682]]]}},{"type":"Feature","properties":{"osm":1255585389},"geometry":{"type":"Polygon","coordinates":[[[-4.7784436,37.8883879],[-4.7784319,37.8883472],[-4.7784953,37.8883478],[-4.7785379,37.8883592],[-4.7785757,37.8883814],[-4.7785917,37.8884018],[-4.7784994,37.8884182],[-4.7784921,37.888406],[-4.7784803,37.8883962],[-4.7784651,37.8883899],[-4.7784545,37.8883881],[-4.7784436,37.8883879]]]}},{"type":"Feature","properties":{"osm":1255585390},"geometry":{"type":"Polygon","coordinates":[[[-4.7785014,37.8884323],[-4.7785994,37.8884139],[-4.7786281,37.888459],[-4.7784733,37.8884926],[-4.7784666,37.8884692],[-4.7784737,37.8884667],[-4.7784877,37.8884579],[-4.7784973,37.888446],[-4.7785014,37.8884323]]]}},{"type":"Feature","properties":{"osm":1255585391},"geometry":{"type":"Polygon","coordinates":[[[-4.7784523,37.8884962],[-4.7784451,37.8884717],[-4.7784332,37.88847],[-4.778422,37.8884663],[-4.7784081,37.8884573],[-4.7783988,37.8884452],[-4.7783282,37.8884509],[-4.7783277,37.8885013],[-4.7784045,37.8885042],[-4.7784523,37.8884962]]]}},{"type":"Feature","properties":{"osm":1255585392},"geometry":{"type":"Polygon","coordinates":[[[-4.7783951,37.888432],[-4.7783284,37.8884368],[-4.7783288,37.8883968],[-4.7783445,37.888367],[-4.7783965,37.8883468],[-4.7784011,37.8883675],[-4.7784146,37.8883662],[-4.7784226,37.888393],[-4.7784134,37.888398],[-4.7784042,37.8884062],[-4.778397,37.8884185],[-4.7783951,37.888432]]]}},{"type":"Feature","properties":{"osm":1268180115},"geometry":{"type":"Polygon","coordinates":[[[-4.7848575,37.8965127],[-4.7849096,37.8964903],[-4.7849811,37.8965938],[-4.7849289,37.8966163],[-4.7848575,37.8965127]]]}},{"type":"Feature","properties":{"osm":1268180116},"geometry":{"type":"Polygon","coordinates":[[[-4.7849653,37.8966642],[-4.785015,37.8966431],[-4.7852568,37.8969976],[-4.7852071,37.8970187],[-4.7849653,37.8966642]]]}},{"type":"Feature","properties":{"osm":1268180117},"geometry":{"type":"Polygon","coordinates":[[[-4.7852345,37.8970598],[-4.7852874,37.8970372],[-4.7854497,37.8972733],[-4.7853968,37.8972959],[-4.7852345,37.8970598]]]}},{"type":"Feature","properties":{"osm":1273935955},"geometry":{"type":"Polygon","coordinates":[[[-4.7956999,37.8802669],[-4.7958302,37.8802181],[-4.7958106,37.8801854],[-4.7956803,37.8802341],[-4.7956999,37.8802669]]]}},{"type":"Feature","properties":{"osm":1273935956},"geometry":{"type":"Polygon","coordinates":[[[-4.7955573,37.880314],[-4.7956637,37.8802748],[-4.7956458,37.8802446],[-4.7955394,37.8802838],[-4.7955573,37.880314]]]}},{"type":"Feature","properties":{"osm":1273998992},"geometry":{"type":"Polygon","coordinates":[[[-4.7638127,37.8852609],[-4.763434,37.8852534],[-4.7634308,37.8850919],[-4.7638119,37.8850931],[-4.7638127,37.8852609]]]}},{"type":"Feature","properties":{"osm":1316083807},"geometry":{"type":"Polygon","coordinates":[[[-4.7786413,37.8884628],[-4.7786321,37.8884653],[-4.7784663,37.888504],[-4.778406,37.8885139],[-4.7783228,37.8885122],[-4.7783224,37.8884446],[-4.7783222,37.8883956],[-4.778331,37.8883772],[-4.7783409,37.8883626],[-4.7783935,37.8883412],[-4.7784187,37.8883386],[-4.7784987,37.888342],[-4.778543,37.8883549],[-4.7785814,37.8883782],[-4.7786014,37.8884063],[-4.7786413,37.8884628]]]}},{"type":"Feature","properties":{"osm":1316950586},"geometry":{"type":"Polygon","coordinates":[[[-4.7735943,37.8861036],[-4.7735685,37.8859924],[-4.7733188,37.8860485],[-4.7733442,37.8861507],[-4.7735943,37.8861036]]]}},{"type":"Feature","properties":{"osm":1319276383},"geometry":{"type":"Polygon","coordinates":[[[-4.7792411,37.857655],[-4.7794103,37.8574285],[-4.7794378,37.8573917],[-4.779346,37.8573494],[-4.778958,37.8571715],[-4.7787578,37.8574339],[-4.7791966,37.8576346],[-4.7792411,37.857655]]]}},{"type":"Feature","properties":{"osm":1319276398},"geometry":{"type":"Polygon","coordinates":[[[-4.7846368,37.8573317],[-4.7846133,37.8572364],[-4.7845663,37.8572365],[-4.7845251,37.8572267],[-4.7844928,37.8572123],[-4.7844553,37.8571883],[-4.7844306,37.8571503],[-4.7843056,37.8571768],[-4.7843225,37.8572084],[-4.7843518,37.8572407],[-4.7844056,37.8572819],[-4.7844187,37.8572742],[-4.7844367,37.85727],[-4.7844692,37.8572749],[-4.7844823,37.8572879],[-4.7844882,37.8573035],[-4.7844863,37.8573212],[-4.7845309,37.8573306],[-4.7845793,37.8573341],[-4.7846368,37.8573317]]]}},{"type":"Feature","properties":{"osm":1319276399},"geometry":{"type":"Polygon","coordinates":[[[-4.7846832,37.857321],[-4.7847336,37.8573091],[-4.7847674,37.8572905],[-4.7847993,37.8572692],[-4.7848249,37.8572424],[-4.7848362,37.8572259],[-4.7847409,37.8571765],[-4.7847108,37.8572003],[-4.784684,37.8572158],[-4.7846513,37.8572245],[-4.7846832,37.857321]]]}},{"type":"Feature","properties":{"osm":1319276400},"geometry":{"type":"Polygon","coordinates":[[[-4.784857,37.8572006],[-4.7848773,37.8571712],[-4.7848873,37.857142],[-4.7848944,37.8571037],[-4.7848906,37.8570667],[-4.7848832,37.8570333],[-4.7848736,37.8570074],[-4.7847609,37.8570329],[-4.7847728,37.8570785],[-4.7847728,37.8571099],[-4.7847689,37.8571369],[-4.784756,37.8571601],[-4.784857,37.8572006]]]}},{"type":"Feature","properties":{"osm":1319276401},"geometry":{"type":"Polygon","coordinates":[[[-4.7847415,37.857014],[-4.7848548,37.8569816],[-4.7848312,37.856945],[-4.7847887,37.8569114],[-4.7847439,37.856892],[-4.7846909,37.8568721],[-4.7846146,37.8568556],[-4.7846294,37.8568994],[-4.7846371,37.8569342],[-4.7846371,37.8569562],[-4.7846798,37.8569691],[-4.7847113,37.8569895],[-4.7847415,37.857014]]]}},{"type":"Feature","properties":{"osm":1319276402},"geometry":{"type":"Polygon","coordinates":[[[-4.7845945,37.856954],[-4.7845863,37.8569152],[-4.7845773,37.856874],[-4.7845652,37.8568527],[-4.7845064,37.8568613],[-4.7844437,37.856886],[-4.7843891,37.856919],[-4.7843371,37.8569611],[-4.7844433,37.8570086],[-4.784484,37.8569769],[-4.7845327,37.8569587],[-4.7845945,37.856954]]]}},{"type":"Feature","properties":{"osm":1319276403},"geometry":{"type":"Polygon","coordinates":[[[-4.7844184,37.8571146],[-4.7844137,37.8570931],[-4.7844187,37.8570691],[-4.7844271,37.8570481],[-4.7844345,37.8570328],[-4.7843248,37.8569855],[-4.7843066,37.8570148],[-4.7842936,37.8570487],[-4.7842902,37.8570996],[-4.7842998,37.8571411],[-4.7844184,37.8571146]]]}},{"type":"Feature","properties":{"osm":1346449557},"geometry":{"type":"Polygon","coordinates":[[[-4.7741705,37.8852716],[-4.7741116,37.8853236],[-4.7740778,37.8851262],[-4.7740986,37.8851216],[-4.7741705,37.8852716]]]}},{"type":"Feature","properties":{"osm":1353488615},"geometry":{"type":"Polygon","coordinates":[[[-4.7647503,37.8963604],[-4.7645172,37.8964405],[-4.7644826,37.8963778],[-4.7647157,37.8962977],[-4.7647503,37.8963604]]]}},{"type":"Feature","properties":{"osm":1353488616},"geometry":{"type":"Polygon","coordinates":[[[-4.7654294,37.8964238],[-4.7654884,37.8965373],[-4.7654429,37.8965622],[-4.7653781,37.8964416],[-4.7654294,37.8964238]]]}},{"type":"Feature","properties":{"osm":1392524982},"geometry":{"type":"Polygon","coordinates":[[[-4.7848871,37.8794947],[-4.7847782,37.8794889],[-4.7847798,37.87947],[-4.7848888,37.8794757],[-4.7848871,37.8794947]]]}},{"type":"Feature","properties":{"osm":1414311231},"geometry":{"type":"Polygon","coordinates":[[[-4.7767497,37.8756949],[-4.7768061,37.8757394],[-4.7768793,37.87578],[-4.7769643,37.875844],[-4.777035,37.8758972],[-4.7771169,37.8759599],[-4.7771823,37.8760074],[-4.7772653,37.8760691],[-4.7773347,37.8761183],[-4.7774129,37.8761788],[-4.7774672,37.8762216],[-4.7775429,37.8762798],[-4.7775959,37.8763214],[-4.7776907,37.8763991],[-4.7777456,37.8764453],[-4.7778371,37.876517],[-4.7778885,37.8765576],[-4.7779774,37.8766267],[-4.7780561,37.8766886],[-4.7781471,37.8767604],[-4.7782106,37.876813],[-4.7782997,37.8768858],[-4.7783711,37.8769408],[-4.7784473,37.8770055],[-4.7785405,37.8770817],[-4.7786095,37.8771411],[-4.7786763,37.8772008],[-4.7787446,37.8772659],[-4.7788275,37.8773422],[-4.7788837,37.8773962],[-4.7789442,37.8774552],[-4.7790285,37.87755],[-4.7793606,37.8773777],[-4.7795649,37.8772295],[-4.7801892,37.8767571],[-4.7803702,37.8766202],[-4.7803625,37.8765236],[-4.7805093,37.8762444],[-4.7807064,37.87606],[-4.7807762,37.876116],[-4.7807949,37.8761058],[-4.7807596,37.8760779],[-4.7807589,37.8760461],[-4.7807827,37.8760301],[-4.7808202,37.876037],[-4.7808548,37.8760665],[-4.7808818,37.8760387],[-4.7813073,37.8756001],[-4.7812958,37.875591],[-4.7812857,37.8755813],[-4.7812857,37.8755608],[-4.7813023,37.87555],[-4.7813369,37.875554],[-4.7813585,37.8755631],[-4.7816056,37.8753362],[-4.7815718,37.8753185],[-4.781566,37.8753003],[-4.7815675,37.8752827],[-4.7815884,37.8752787],[-4.7816165,37.8752764],[-4.7816424,37.8752924],[-4.7818716,37.8750641],[-4.781829,37.87504],[-4.7818247,37.875025],[-4.7818298,37.8750159],[-4.7818471,37.8750034],[-4.7818716,37.8750051],[-4.7819114,37.8750262],[-4.78257,37.8743809],[-4.7825587,37.8743682],[-4.7825691,37.8743557],[-4.7825912,37.8743573],[-4.7829235,37.8739877],[-4.7828766,37.873967],[-4.7828693,37.8739366],[-4.782893,37.8739016],[-4.7829336,37.8738936],[-4.7829796,37.873912],[-4.7832614,37.8735473],[-4.7832546,37.8735317],[-4.7832603,37.8735212],[-4.7832823,37.8735237],[-4.7836458,37.8731885],[-4.7837242,37.8732221],[-4.7837317,37.8731864],[-4.7837418,37.8731292],[-4.7837382,37.8729924],[-4.7837096,37.8728773],[-4.783653,37.8727771],[-4.7835745,37.8726898],[-4.783444,37.8725913],[-4.7834272,37.8725823],[-4.7834084,37.8726071],[-4.7833213,37.8725563],[-4.7833407,37.8725325],[-4.7833219,37.8725224],[-4.783328,37.8725166],[-4.7832871,37.8724957],[-4.7831067,37.8724034],[-4.7830598,37.8723805],[-4.7830235,37.8723607],[-4.782846,37.8722635],[-4.7827929,37.8722328],[-4.7825828,37.8721207],[-4.7825355,37.872091],[-4.7823275,37.8719813],[-4.7822736,37.8719513],[-4.7820687,37.8718399],[-4.782013,37.8718116],[-4.7818055,37.8716985],[-4.7817546,37.8716663],[-4.7815467,37.8715577],[-4.7814932,37.8715277],[-4.7814098,37.8714838],[-4.7812942,37.8714231],[-4.7812863,37.8714332],[-4.7812605,37.8714195],[-4.7812437,37.8714382],[-4.7811528,37.8713881],[-4.7811833,37.8713529],[-4.7811081,37.8713102],[-4.7809588,37.8714383],[-4.7800247,37.872291],[-4.7793167,37.8729326],[-4.778766,37.8734371],[-4.7779701,37.8741541],[-4.7771599,37.8748974],[-4.7772038,37.874935],[-4.7771315,37.875017],[-4.7771247,37.8750082],[-4.7771163,37.8750022],[-4.7767272,37.8753564],[-4.7769304,37.875451],[-4.7769779,37.8754709],[-4.7768333,37.8755983],[-4.7767497,37.8756949]]]}},{"type":"Feature","properties":{"osm":1414311232},"geometry":{"type":"Polygon","coordinates":[[[-4.7795649,37.8772295],[-4.7796006,37.8771763],[-4.7796068,37.877123],[-4.7796524,37.8771],[-4.7796591,37.8770631],[-4.7796551,37.8770368],[-4.7795746,37.8770072],[-4.7795682,37.8769891],[-4.7796348,37.8769683],[-4.779712,37.876919],[-4.7797757,37.8768822],[-4.7798373,37.8768546],[-4.7798651,37.8768468],[-4.7798791,37.8768598],[-4.7798786,37.8768908],[-4.7799006,37.8768992],[-4.7799131,37.8768865],[-4.7799248,37.8768881],[-4.7799658,37.8768974],[-4.779976,37.8768943],[-4.7799798,37.8768669],[-4.7800742,37.8768111],[-4.7801153,37.8767943],[-4.7801774,37.8767464],[-4.7801892,37.8767571],[-4.7795649,37.8772295]]]}},{"type":"Feature","properties":{"osm":1414311233},"geometry":{"type":"Polygon","coordinates":[[[-4.7801892,37.8767571],[-4.7801774,37.8767464],[-4.7801575,37.8767289],[-4.7801814,37.8767145],[-4.7801957,37.8766836],[-4.7801918,37.8766612],[-4.7801761,37.8766439],[-4.7800881,37.8766445],[-4.7800647,37.8766404],[-4.7799971,37.8766218],[-4.7799723,37.876606],[-4.7799413,37.8765963],[-4.7799346,37.8765911],[-4.7799353,37.8765816],[-4.7799217,37.8765502],[-4.7799254,37.876508],[-4.7799231,37.8765032],[-4.7799545,37.8764356],[-4.7799448,37.8764136],[-4.7799412,37.8763896],[-4.7799536,37.8763779],[-4.7799716,37.8763825],[-4.779994,37.8763761],[-4.7799959,37.8763554],[-4.7800196,37.8763465],[-4.7799904,37.8763162],[-4.7799913,37.876291],[-4.7800128,37.8762859],[-4.7800776,37.8762948],[-4.7800788,37.8762612],[-4.7801062,37.8762103],[-4.7801328,37.8761861],[-4.7801781,37.8762039],[-4.7801915,37.8761904],[-4.7801891,37.8761763],[-4.780199,37.8761667],[-4.7801999,37.8761412],[-4.7802899,37.876013],[-4.7803768,37.8759372],[-4.7804133,37.8759254],[-4.7807973,37.8755831],[-4.7810499,37.8752271],[-4.7810479,37.8752024],[-4.7810238,37.8751785],[-4.781007,37.8751491],[-4.7810163,37.8751242],[-4.7810166,37.8751039],[-4.7809972,37.8750929],[-4.7810011,37.8750541],[-4.7809981,37.87501],[-4.7810112,37.8749813],[-4.7810408,37.8749525],[-4.7810345,37.8749244],[-4.7810099,37.8749254],[-4.7809871,37.8749175],[-4.7809842,37.8748664],[-4.7809105,37.8747135],[-4.7807854,37.8745627],[-4.7807073,37.8745492],[-4.7806002,37.8745116],[-4.7805361,37.8744551],[-4.7805217,37.8744234],[-4.7805004,37.8744024],[-4.7804827,37.8743585],[-4.7804721,37.8743223],[-4.7804761,37.8742657],[-4.7805018,37.8742258],[-4.7805387,37.8742144],[-4.7805668,37.8742003],[-4.7805949,37.8742059],[-4.7806153,37.8742028],[-4.7806423,37.8742162],[-4.7806737,37.87425],[-4.7807103,37.8742844],[-4.7807319,37.874268],[-4.7807536,37.8742677],[-4.780776,37.874187],[-4.7807659,37.8741255],[-4.7807986,37.874025],[-4.7808314,37.8739589],[-4.7808661,37.8738209],[-4.7808435,37.8737652],[-4.7808465,37.8737133],[-4.7808616,37.873629],[-4.7808988,37.8735307],[-4.7809559,37.8734498],[-4.7810424,37.8733809],[-4.7811512,37.8731919],[-4.781202,37.8731672],[-4.7812183,37.8731168],[-4.7813096,37.8730546],[-4.7814136,37.8729219],[-4.7815341,37.8728229],[-4.7816381,37.8727095],[-4.7816588,37.8726959],[-4.7816878,37.8726541],[-4.781735,37.8726454],[-4.7818102,37.8725824],[-4.781868,37.8725463],[-4.7819515,37.8725404],[-4.7820373,37.8725496],[-4.7820902,37.8725266],[-4.7820895,37.8725019],[-4.7821573,37.8724534],[-4.7822405,37.8724613],[-4.7823254,37.8724512],[-4.782394,37.8724438],[-4.7824496,37.8723944],[-4.7825254,37.8723611],[-4.7825321,37.8723395],[-4.7825924,37.8723203],[-4.7826364,37.8723262],[-4.7826793,37.8723395],[-4.7827442,37.8723259],[-4.7827825,37.8723523],[-4.782811,37.8723671],[-4.7828717,37.8723579],[-4.7829363,37.8723851],[-4.7829948,37.8723781],[-4.7829971,37.8723669],[-4.7830235,37.8723607],[-4.7830598,37.8723805],[-4.783053,37.8723906],[-4.7830544,37.8724002],[-4.7830611,37.8724076],[-4.7830745,37.8724145],[-4.783094,37.8724129],[-4.7831067,37.8724034],[-4.7832606,37.8724821],[-4.7832871,37.8724957],[-4.7832708,37.8725386],[-4.7832778,37.8725924],[-4.7834123,37.8726876],[-4.783477,37.8727552],[-4.7835137,37.8728242],[-4.7835155,37.8729166],[-4.7835768,37.8730929],[-4.7807064,37.87606],[-4.7805093,37.8762444],[-4.7803625,37.8765236],[-4.7803702,37.8766202],[-4.7801892,37.8767571]]]}},{"type":"Feature","properties":{"osm":1414311234},"geometry":{"type":"Polygon","coordinates":[[[-4.7810351,37.8714405],[-4.781109,37.871414],[-4.7811528,37.8713881],[-4.7812437,37.8714382],[-4.7812605,37.8714195],[-4.7812863,37.8714332],[-4.7812942,37.8714231],[-4.7814098,37.8714838],[-4.7814178,37.8715213],[-4.7814405,37.8715387],[-4.7814417,37.8715582],[-4.7813464,37.8716806],[-4.7812027,37.8718167],[-4.7811387,37.8719127],[-4.7808907,37.872112],[-4.780843,37.8721699],[-4.7807317,37.8722553],[-4.7806339,37.8723669],[-4.7804749,37.8725508],[-4.7804003,37.8725759],[-4.7803825,37.8726637],[-4.7802234,37.8730432],[-4.7800712,37.8733803],[-4.779882,37.8735277],[-4.7798542,37.87363],[-4.7796885,37.873722],[-4.7796297,37.8739049],[-4.7793006,37.8741666],[-4.7792382,37.8741972],[-4.7792218,37.874253],[-4.7791236,37.874323],[-4.7790167,37.8743971],[-4.7788319,37.8743892],[-4.7786409,37.8745071],[-4.7786047,37.8745146],[-4.7784112,37.8744977],[-4.7781889,37.8745557],[-4.7777192,37.8748216],[-4.7775189,37.8748343],[-4.7775009,37.8748989],[-4.7775245,37.8749545],[-4.7774917,37.8749726],[-4.7774481,37.8749689],[-4.777417,37.8749188],[-4.7772862,37.8748636],[-4.7774753,37.8747],[-4.777587,37.8747137],[-4.7777887,37.8746234],[-4.7778293,37.8744298],[-4.7778609,37.8743467],[-4.777906,37.874279],[-4.7810351,37.8714405]]]}},{"type":"Feature","properties":{"osm":1414674588},"geometry":{"type":"Polygon","coordinates":[[[-4.7967359,37.8798709],[-4.7969781,37.8797786],[-4.7969632,37.8797543],[-4.796721,37.8798465],[-4.7967359,37.8798709]]]}},{"type":"Feature","properties":{"osm":1414674589},"geometry":{"type":"Polygon","coordinates":[[[-4.7964291,37.8799896],[-4.7966713,37.8798973],[-4.7966564,37.8798729],[-4.7964142,37.8799652],[-4.7964291,37.8799896]]]}},{"type":"Feature","properties":{"osm":1414674590},"geometry":{"type":"Polygon","coordinates":[[[-4.7961163,37.8801088],[-4.7963585,37.8800165],[-4.7963436,37.8799921],[-4.7961014,37.8800844],[-4.7961163,37.8801088]]]}},{"type":"Feature","properties":{"osm":1414674594},"geometry":{"type":"Polygon","coordinates":[[[-4.7969235,37.8796548],[-4.7969009,37.8796189],[-4.7960045,37.8799692],[-4.796027,37.880005],[-4.7969235,37.8796548]]]}},{"type":"Feature","properties":{"osm":1421773255},"geometry":{"type":"Polygon","coordinates":[[[-4.7797548,37.8817086],[-4.779773,37.8816847],[-4.7797297,37.8816632],[-4.7797105,37.88169],[-4.7797548,37.8817086]]]}},{"type":"Feature","properties":{"osm":1421773256},"geometry":{"type":"Polygon","coordinates":[[[-4.7796753,37.8817391],[-4.7796933,37.881714],[-4.7797368,37.8817321],[-4.7797199,37.8817543],[-4.7796753,37.8817391]]]}},{"type":"Feature","properties":{"osm":1421773257},"geometry":{"type":"Polygon","coordinates":[[[-4.7796992,37.8816481],[-4.779641,37.8816193],[-4.7796235,37.8816535],[-4.7796787,37.8816767],[-4.7796992,37.8816481]]]}},{"type":"Feature","properties":{"osm":1421773258},"geometry":{"type":"Polygon","coordinates":[[[-4.7796101,37.8816796],[-4.7796614,37.8817008],[-4.7796421,37.8817277],[-4.7795938,37.8817112],[-4.7796101,37.8816796]]]}},{"type":"Feature","properties":{"osm":1425099175},"geometry":{"type":"Polygon","coordinates":[[[-4.783955,37.8874342],[-4.7838497,37.8874928],[-4.7838158,37.8874548],[-4.7839211,37.8873962],[-4.783955,37.8874342]]]}},{"type":"Feature","properties":{"osm":1425099176},"geometry":{"type":"Polygon","coordinates":[[[-4.7839613,37.8873719],[-4.784064,37.8873148],[-4.7840991,37.8873541],[-4.7839964,37.8874112],[-4.7839613,37.8873719]]]}},{"type":"Feature","properties":{"osm":1425099177},"geometry":{"type":"Polygon","coordinates":[[[-4.7842082,37.8872366],[-4.7842421,37.8872746],[-4.7841381,37.8873324],[-4.7841042,37.8872944],[-4.7842082,37.8872366]]]}},{"type":"Feature","properties":{"osm":1426812214},"geometry":{"type":"Polygon","coordinates":[[[-4.7763026,37.8890481],[-4.7761978,37.8890831],[-4.7762105,37.8889975],[-4.7762736,37.8889934],[-4.7763026,37.8890481]]]}},{"type":"Feature","properties":{"osm":1426812215},"geometry":{"type":"Polygon","coordinates":[[[-4.7763245,37.8890396],[-4.7763037,37.8889915],[-4.7763368,37.888989],[-4.7763646,37.8889932],[-4.7763978,37.8890167],[-4.7763245,37.8890396]]]}},{"type":"Feature","properties":{"osm":1427741747},"geometry":{"type":"Polygon","coordinates":[[[-4.767715,37.8810533],[-4.7677253,37.8810533],[-4.7677352,37.8810559],[-4.7677435,37.8810607],[-4.7677495,37.8810673],[-4.7677526,37.8810751],[-4.7677525,37.8810833],[-4.7677492,37.881091],[-4.7677431,37.8810975],[-4.7677337,37.8811026],[-4.7677227,37.8811048],[-4.7677114,37.881104],[-4.7677011,37.8811001],[-4.7676931,37.8810938],[-4.7676883,37.8810856],[-4.7676873,37.8810767],[-4.7676903,37.881068],[-4.7676968,37.8810606],[-4.7677052,37.8810558],[-4.767715,37.8810533]]]}},{"type":"Feature","properties":{"osm":1465160682},"geometry":{"type":"Polygon","coordinates":[[[-4.7709176,37.8816616],[-4.7708723,37.8816611],[-4.7708728,37.881624],[-4.7709181,37.8816244],[-4.7709176,37.8816616]]]}},{"type":"Feature","properties":{"osm":1465160683},"geometry":{"type":"Polygon","coordinates":[[[-4.7708533,37.881661],[-4.770808,37.8816605],[-4.7708086,37.8816234],[-4.7708539,37.8816238],[-4.7708533,37.881661]]]}},{"type":"Feature","properties":{"osm":1465160684},"geometry":{"type":"Polygon","coordinates":[[[-4.7708523,37.8817138],[-4.770807,37.8817134],[-4.7708076,37.8816763],[-4.7708529,37.8816767],[-4.7708523,37.8817138]]]}},{"type":"Feature","properties":{"osm":1465160685},"geometry":{"type":"Polygon","coordinates":[[[-4.7709175,37.8817154],[-4.7708722,37.881715],[-4.7708727,37.8816779],[-4.770918,37.8816783],[-4.7709175,37.8817154]]]}},{"type":"Feature","properties":{"osm":1468567683},"geometry":{"type":"Polygon","coordinates":[[[-4.7410016,37.880308],[-4.7407272,37.8802176],[-4.7405706,37.8804591],[-4.7404424,37.8806782],[-4.7402218,37.8808412],[-4.739631,37.88224],[-4.7389833,37.8837512],[-4.738663,37.8847231],[-4.7385064,37.8849983],[-4.7382075,37.8853129],[-4.7380509,37.8856331],[-4.7379939,37.8859646],[-4.7379299,37.8862848],[-4.7378516,37.8866724],[-4.7378729,37.8869532],[-4.7380794,37.8872566],[-4.7382217,37.8873521],[-4.7383996,37.8874869],[-4.7386132,37.8875431],[-4.7387128,37.8875543],[-4.7387199,37.8877734],[-4.7388623,37.8878801],[-4.7388054,37.8880711],[-4.7390118,37.8882003],[-4.739519,37.8882361],[-4.7396433,37.887382],[-4.7396174,37.8872607],[-4.7394771,37.8870995],[-4.7390704,37.8870844],[-4.7388831,37.8869631],[-4.739082,37.8863462],[-4.7400101,37.8851433],[-4.7397791,37.8843618],[-4.740354,37.8827911],[-4.7410016,37.880308]]]}},{"type":"Feature","properties":{"osm":1471884513},"geometry":{"type":"Polygon","coordinates":[[[-4.7786549,37.8857109],[-4.7786515,37.885651],[-4.7786282,37.8856518],[-4.778631,37.8857008],[-4.7785607,37.8857032],[-4.778558,37.8856543],[-4.7785378,37.885655],[-4.7785412,37.8857149],[-4.7786549,37.8857109]]]}},{"type":"Feature","properties":{"osm":1516935296},"geometry":{"type":"Polygon","coordinates":[[[-4.7821745,37.8784213],[-4.7822052,37.8784124],[-4.7822354,37.8784035],[-4.7822779,37.8783909],[-4.7822684,37.8783516],[-4.7822583,37.8783099],[-4.7821827,37.8783246],[-4.7821586,37.8783292],[-4.7821745,37.8784213]]]}}]}
