{"type":"FeatureCollection","name":"Málaga · POIs servicios OSM","_source":"OpenStreetMap via Overpass","features":[{"type":"Feature","properties":{"cat":"salud"},"geometry":{"type":"Point","coordinates":[-4.4199921,36.7207952]}},{"type":"Feature","properties":{"cat":"salud"},"geometry":{"type":"Point","coordinates":[-4.3611989,36.7210142]}},{"type":"Feature","properties":{"cat":"salud"},"geometry":{"type":"Point","coordinates":[-4.3676525,36.722512]}},{"type":"Feature","properties":{"cat":"salud"},"geometry":{"type":"Point","coordinates":[-4.4216899,36.718243]}},{"type":"Feature","properties":{"cat":"salud"},"geometry":{"type":"Point","coordinates":[-4.4703775,36.7313697]}},{"type":"Feature","properties":{"cat":"salud"},"geometry":{"type":"Point","coordinates":[-4.454518,36.7202301]}},{"type":"Feature","properties":{"cat":"salud"},"geometry":{"type":"Point","coordinates":[-4.4450595,36.7025905]}},{"type":"Feature","properties":{"cat":"salud"},"geometry":{"type":"Point","coordinates":[-4.4406057,36.6944677]}},{"type":"Feature","properties":{"cat":"salud"},"geometry":{"type":"Point","coordinates":[-4.4309521,36.7180938]}},{"type":"Feature","properties":{"cat":"salud"},"geometry":{"type":"Point","coordinates":[-4.4426898,36.6930518]}},{"type":"Feature","properties":{"cat":"salud"},"geometry":{"type":"Point","coordinates":[-4.4416453,36.7305619]}},{"type":"Feature","properties":{"cat":"salud"},"geometry":{"type":"Point","coordinates":[-4.4396268,36.7302563]}},{"type":"Feature","properties":{"cat":"salud"},"geometry":{"type":"Point","coordinates":[-4.4378367,36.7311539]}},{"type":"Feature","properties":{"cat":"salud"},"geometry":{"type":"Point","coordinates":[-4.4648354,36.7160431]}},{"type":"Feature","properties":{"cat":"salud"},"geometry":{"type":"Point","coordinates":[-4.4228953,36.7172185]}},{"type":"Feature","properties":{"cat":"salud"},"geometry":{"type":"Point","coordinates":[-4.4207064,36.7254492]}},{"type":"Feature","properties":{"cat":"salud"},"geometry":{"type":"Point","coordinates":[-4.3649324,36.7221997]}},{"type":"Feature","properties":{"cat":"salud"},"geometry":{"type":"Point","coordinates":[-4.4090609,36.7196052]}},{"type":"Feature","properties":{"cat":"salud"},"geometry":{"type":"Point","coordinates":[-4.4241057,36.7227947]}},{"type":"Feature","properties":{"cat":"salud"},"geometry":{"type":"Point","coordinates":[-4.4236006,36.726683]}},{"type":"Feature","properties":{"cat":"salud"},"geometry":{"type":"Point","coordinates":[-4.4331808,36.7094613]}},{"type":"Feature","properties":{"cat":"salud"},"geometry":{"type":"Point","coordinates":[-4.4341634,36.7086967]}},{"type":"Feature","properties":{"cat":"salud"},"geometry":{"type":"Point","coordinates":[-4.4336839,36.7090502]}},{"type":"Feature","properties":{"cat":"salud"},"geometry":{"type":"Point","coordinates":[-4.4397,36.7043351]}},{"type":"Feature","properties":{"cat":"salud"},"geometry":{"type":"Point","coordinates":[-4.4336316,36.7348105]}},{"type":"Feature","properties":{"cat":"salud"},"geometry":{"type":"Point","coordinates":[-4.4318715,36.7323747]}},{"type":"Feature","properties":{"cat":"salud"},"geometry":{"type":"Point","coordinates":[-4.4308792,36.7182459]}},{"type":"Feature","properties":{"cat":"salud"},"geometry":{"type":"Point","coordinates":[-4.4267682,36.7134605]}},{"type":"Feature","properties":{"cat":"salud"},"geometry":{"type":"Point","coordinates":[-4.4236692,36.714238]}},{"type":"Feature","properties":{"cat":"salud"},"geometry":{"type":"Point","coordinates":[-4.4246173,36.7144942]}},{"type":"Feature","properties":{"cat":"salud"},"geometry":{"type":"Point","coordinates":[-4.4206312,36.7380139]}},{"type":"Feature","properties":{"cat":"salud"},"geometry":{"type":"Point","coordinates":[-4.4489365,36.6915342]}},{"type":"Feature","properties":{"cat":"salud"},"geometry":{"type":"Point","coordinates":[-4.4622415,36.7170072]}},{"type":"Feature","properties":{"cat":"salud"},"geometry":{"type":"Point","coordinates":[-4.4029498,36.7321751]}},{"type":"Feature","properties":{"cat":"salud"},"geometry":{"type":"Point","coordinates":[-4.4118396,36.7273687]}},{"type":"Feature","properties":{"cat":"salud"},"geometry":{"type":"Point","coordinates":[-4.4137224,36.7286691]}},{"type":"Feature","properties":{"cat":"salud"},"geometry":{"type":"Point","coordinates":[-4.4145098,36.7269327]}},{"type":"Feature","properties":{"cat":"salud"},"geometry":{"type":"Point","coordinates":[-4.4153027,36.7270661]}},{"type":"Feature","properties":{"cat":"salud"},"geometry":{"type":"Point","coordinates":[-4.4166094,36.7308654]}},{"type":"Feature","properties":{"cat":"salud"},"geometry":{"type":"Point","coordinates":[-4.3985469,36.7247094]}},{"type":"Feature","properties":{"cat":"salud"},"geometry":{"type":"Point","coordinates":[-4.4156709,36.7246161]}},{"type":"Feature","properties":{"cat":"salud"},"geometry":{"type":"Point","coordinates":[-4.4176112,36.7227925]}},{"type":"Feature","properties":{"cat":"salud"},"geometry":{"type":"Point","coordinates":[-4.4142513,36.7278285]}},{"type":"Feature","properties":{"cat":"salud"},"geometry":{"type":"Point","coordinates":[-4.4153655,36.7282013]}},{"type":"Feature","properties":{"cat":"salud"},"geometry":{"type":"Point","coordinates":[-4.4121175,36.7258408]}},{"type":"Feature","properties":{"cat":"salud"},"geometry":{"type":"Point","coordinates":[-4.4149392,36.7305705]}},{"type":"Feature","properties":{"cat":"salud"},"geometry":{"type":"Point","coordinates":[-4.4157145,36.7329541]}},{"type":"Feature","properties":{"cat":"salud"},"geometry":{"type":"Point","coordinates":[-4.3964976,36.7308864]}},{"type":"Feature","properties":{"cat":"salud"},"geometry":{"type":"Point","coordinates":[-4.4051881,36.7208125]}},{"type":"Feature","properties":{"cat":"salud"},"geometry":{"type":"Point","coordinates":[-4.4072275,36.7209079]}},{"type":"Feature","properties":{"cat":"salud"},"geometry":{"type":"Point","coordinates":[-4.394329,36.723655]}},{"type":"Feature","properties":{"cat":"salud"},"geometry":{"type":"Point","coordinates":[-4.3946824,36.7237143]}},{"type":"Feature","properties":{"cat":"salud"},"geometry":{"type":"Point","coordinates":[-4.4005019,36.7222612]}},{"type":"Feature","properties":{"cat":"salud"},"geometry":{"type":"Point","coordinates":[-4.4032667,36.7216501]}},{"type":"Feature","properties":{"cat":"salud"},"geometry":{"type":"Point","coordinates":[-4.4606182,36.7201075]}},{"type":"Feature","properties":{"cat":"salud"},"geometry":{"type":"Point","coordinates":[-4.4111961,36.7190496]}},{"type":"Feature","properties":{"cat":"salud"},"geometry":{"type":"Point","coordinates":[-4.4245985,36.7139756]}},{"type":"Feature","properties":{"cat":"salud"},"geometry":{"type":"Point","coordinates":[-4.4216656,36.7192903]}},{"type":"Feature","properties":{"cat":"salud"},"geometry":{"type":"Point","coordinates":[-4.4265053,36.7123642]}},{"type":"Feature","properties":{"cat":"salud"},"geometry":{"type":"Point","coordinates":[-4.4221589,36.7213546]}},{"type":"Feature","properties":{"cat":"salud"},"geometry":{"type":"Point","coordinates":[-4.4481534,36.7305361]}},{"type":"Feature","properties":{"cat":"salud"},"geometry":{"type":"Point","coordinates":[-4.4437049,36.7293198]}},{"type":"Feature","properties":{"cat":"salud"},"geometry":{"type":"Point","coordinates":[-4.4183176,36.7232363]}},{"type":"Feature","properties":{"cat":"salud"},"geometry":{"type":"Point","coordinates":[-4.4225512,36.7151817]}},{"type":"Feature","properties":{"cat":"salud"},"geometry":{"type":"Point","coordinates":[-4.4227354,36.7498673]}},{"type":"Feature","properties":{"cat":"salud"},"geometry":{"type":"Point","coordinates":[-4.4245256,36.7161296]}},{"type":"Feature","properties":{"cat":"salud"},"geometry":{"type":"Point","coordinates":[-4.4236072,36.7177625]}},{"type":"Feature","properties":{"cat":"salud"},"geometry":{"type":"Point","coordinates":[-4.4241036,36.7187916]}},{"type":"Feature","properties":{"cat":"salud"},"geometry":{"type":"Point","coordinates":[-4.424803,36.7184996]}},{"type":"Feature","properties":{"cat":"salud"},"geometry":{"type":"Point","coordinates":[-4.4245838,36.7182267]}},{"type":"Feature","properties":{"cat":"salud"},"geometry":{"type":"Point","coordinates":[-4.4227666,36.7185621]}},{"type":"Feature","properties":{"cat":"salud"},"geometry":{"type":"Point","coordinates":[-4.4212749,36.7392049]}},{"type":"Feature","properties":{"cat":"salud"},"geometry":{"type":"Point","coordinates":[-4.4267288,36.7258175]}},{"type":"Feature","properties":{"cat":"salud"},"geometry":{"type":"Point","coordinates":[-4.4298208,36.7330005]}},{"type":"Feature","properties":{"cat":"salud"},"geometry":{"type":"Point","coordinates":[-4.4372774,36.7271484]}},{"type":"Feature","properties":{"cat":"salud"},"geometry":{"type":"Point","coordinates":[-4.4210344,36.7288427]}},{"type":"Feature","properties":{"cat":"salud"},"geometry":{"type":"Point","coordinates":[-4.4109116,36.7210978]}},{"type":"Feature","properties":{"cat":"salud"},"geometry":{"type":"Point","coordinates":[-4.4180982,36.7315408]}},{"type":"Feature","properties":{"cat":"salud"},"geometry":{"type":"Point","coordinates":[-4.4144045,36.7308559]}},{"type":"Feature","properties":{"cat":"salud"},"geometry":{"type":"Point","coordinates":[-4.4216684,36.7325404]}},{"type":"Feature","properties":{"cat":"salud"},"geometry":{"type":"Point","coordinates":[-4.4223777,36.7304702]}},{"type":"Feature","properties":{"cat":"salud"},"geometry":{"type":"Point","coordinates":[-4.4249851,36.7302064]}},{"type":"Feature","properties":{"cat":"salud"},"geometry":{"type":"Point","coordinates":[-4.4286669,36.7252056]}},{"type":"Feature","properties":{"cat":"salud"},"geometry":{"type":"Point","coordinates":[-4.428864,36.7267658]}},{"type":"Feature","properties":{"cat":"salud"},"geometry":{"type":"Point","coordinates":[-4.4284881,36.7314799]}},{"type":"Feature","properties":{"cat":"salud"},"geometry":{"type":"Point","coordinates":[-4.4355772,36.7242602]}},{"type":"Feature","properties":{"cat":"salud"},"geometry":{"type":"Point","coordinates":[-4.431681,36.7245658]}},{"type":"Feature","properties":{"cat":"salud"},"geometry":{"type":"Point","coordinates":[-4.4340185,36.7247218]}},{"type":"Feature","properties":{"cat":"salud"},"geometry":{"type":"Point","coordinates":[-4.4352846,36.7262669]}},{"type":"Feature","properties":{"cat":"salud"},"geometry":{"type":"Point","coordinates":[-4.4292457,36.7260086]}},{"type":"Feature","properties":{"cat":"salud"},"geometry":{"type":"Point","coordinates":[-4.4291782,36.7213736]}},{"type":"Feature","properties":{"cat":"salud"},"geometry":{"type":"Point","coordinates":[-4.42943,36.7192024]}},{"type":"Feature","properties":{"cat":"salud"},"geometry":{"type":"Point","coordinates":[-4.4236479,36.7287036]}},{"type":"Feature","properties":{"cat":"salud"},"geometry":{"type":"Point","coordinates":[-4.4407288,36.7003253]}},{"type":"Feature","properties":{"cat":"salud"},"geometry":{"type":"Point","coordinates":[-4.4418937,36.7017016]}},{"type":"Feature","properties":{"cat":"salud"},"geometry":{"type":"Point","coordinates":[-4.4416891,36.7031998]}},{"type":"Feature","properties":{"cat":"salud"},"geometry":{"type":"Point","coordinates":[-4.4499846,36.6856211]}},{"type":"Feature","properties":{"cat":"salud"},"geometry":{"type":"Point","coordinates":[-4.4301769,36.7199589]}},{"type":"Feature","properties":{"cat":"salud"},"geometry":{"type":"Point","coordinates":[-4.4301641,36.7148462]}},{"type":"Feature","properties":{"cat":"salud"},"geometry":{"type":"Point","coordinates":[-4.365733,36.7223969]}},{"type":"Feature","properties":{"cat":"salud"},"geometry":{"type":"Point","coordinates":[-4.4600162,36.7189864]}},{"type":"Feature","properties":{"cat":"salud"},"geometry":{"type":"Point","coordinates":[-4.4225714,36.7159251]}},{"type":"Feature","properties":{"cat":"salud"},"geometry":{"type":"Point","coordinates":[-4.4092356,36.7196188]}},{"type":"Feature","properties":{"cat":"salud"},"geometry":{"type":"Point","coordinates":[-4.4253792,36.7171784]}},{"type":"Feature","properties":{"cat":"salud"},"geometry":{"type":"Point","coordinates":[-4.437747,36.7033664]}},{"type":"Feature","properties":{"cat":"salud"},"geometry":{"type":"Point","coordinates":[-4.3738549,36.7223122]}},{"type":"Feature","properties":{"cat":"salud"},"geometry":{"type":"Point","coordinates":[-4.3706887,36.7276731]}},{"type":"Feature","properties":{"cat":"salud"},"geometry":{"type":"Point","coordinates":[-4.4112098,36.7173024]}},{"type":"Feature","properties":{"cat":"salud"},"geometry":{"type":"Point","coordinates":[-4.4195655,36.721126]}},{"type":"Feature","properties":{"cat":"salud"},"geometry":{"type":"Point","coordinates":[-4.4622729,36.7201901]}},{"type":"Feature","properties":{"cat":"salud"},"geometry":{"type":"Point","coordinates":[-4.461409,36.7254998]}},{"type":"Feature","properties":{"cat":"salud"},"geometry":{"type":"Point","coordinates":[-4.4358483,36.7261763]}},{"type":"Feature","properties":{"cat":"salud"},"geometry":{"type":"Point","coordinates":[-4.4353589,36.7260902]}},{"type":"Feature","properties":{"cat":"salud"},"geometry":{"type":"Point","coordinates":[-4.4249426,36.7165585]}},{"type":"Feature","properties":{"cat":"salud"},"geometry":{"type":"Point","coordinates":[-4.421788,36.7452989]}},{"type":"Feature","properties":{"cat":"salud"},"geometry":{"type":"Point","coordinates":[-4.4373611,36.7015264]}},{"type":"Feature","properties":{"cat":"salud"},"geometry":{"type":"Point","coordinates":[-4.4574073,36.6978061]}},{"type":"Feature","properties":{"cat":"salud"},"geometry":{"type":"Point","coordinates":[-4.4343245,36.7235384]}},{"type":"Feature","properties":{"cat":"salud"},"geometry":{"type":"Point","coordinates":[-4.3898984,36.7276965]}},{"type":"Feature","properties":{"cat":"salud"},"geometry":{"type":"Point","coordinates":[-4.4222894,36.742133]}},{"type":"Feature","properties":{"cat":"salud"},"geometry":{"type":"Point","coordinates":[-4.4528972,36.6822187]}},{"type":"Feature","properties":{"cat":"salud"},"geometry":{"type":"Point","coordinates":[-4.454096,36.6826889]}},{"type":"Feature","properties":{"cat":"salud"},"geometry":{"type":"Point","coordinates":[-4.4136167,36.7162446]}},{"type":"Feature","properties":{"cat":"salud"},"geometry":{"type":"Point","coordinates":[-4.4604996,36.720592]}},{"type":"Feature","properties":{"cat":"salud"},"geometry":{"type":"Point","coordinates":[-4.4564958,36.7248184]}},{"type":"Feature","properties":{"cat":"salud"},"geometry":{"type":"Point","coordinates":[-4.4259682,36.7403335]}},{"type":"Feature","properties":{"cat":"salud"},"geometry":{"type":"Point","coordinates":[-4.4321434,36.7237871]}},{"type":"Feature","properties":{"cat":"salud"},"geometry":{"type":"Point","coordinates":[-4.4740051,36.6987404]}},{"type":"Feature","properties":{"cat":"salud"},"geometry":{"type":"Point","coordinates":[-4.3965618,36.7269103]}},{"type":"Feature","properties":{"cat":"salud"},"geometry":{"type":"Point","coordinates":[-4.4382486,36.7058955]}},{"type":"Feature","properties":{"cat":"salud"},"geometry":{"type":"Point","coordinates":[-4.3770584,36.7221542]}},{"type":"Feature","properties":{"cat":"salud"},"geometry":{"type":"Point","coordinates":[-4.3602997,36.7199625]}},{"type":"Feature","properties":{"cat":"salud"},"geometry":{"type":"Point","coordinates":[-4.3801872,36.7217579]}},{"type":"Feature","properties":{"cat":"salud"},"geometry":{"type":"Point","coordinates":[-4.4344598,36.7293506]}},{"type":"Feature","properties":{"cat":"salud"},"geometry":{"type":"Point","coordinates":[-4.4289658,36.713179]}},{"type":"Feature","properties":{"cat":"salud"},"geometry":{"type":"Point","coordinates":[-4.4346601,36.705401]}},{"type":"Feature","properties":{"cat":"salud"},"geometry":{"type":"Point","coordinates":[-4.4264977,36.7216182]}},{"type":"Feature","properties":{"cat":"salud"},"geometry":{"type":"Point","coordinates":[-4.4242386,36.7134884]}},{"type":"Feature","properties":{"cat":"salud"},"geometry":{"type":"Point","coordinates":[-4.438554,36.7071943]}},{"type":"Feature","properties":{"cat":"salud"},"geometry":{"type":"Point","coordinates":[-4.4375472,36.704814]}},{"type":"Feature","properties":{"cat":"salud"},"geometry":{"type":"Point","coordinates":[-4.4374609,36.7016118]}},{"type":"Feature","properties":{"cat":"salud"},"geometry":{"type":"Point","coordinates":[-4.4368848,36.707439]}},{"type":"Feature","properties":{"cat":"salud"},"geometry":{"type":"Point","coordinates":[-4.4285514,36.711737]}},{"type":"Feature","properties":{"cat":"salud"},"geometry":{"type":"Point","coordinates":[-4.4279185,36.7149656]}},{"type":"Feature","properties":{"cat":"salud"},"geometry":{"type":"Point","coordinates":[-4.4358329,36.7066517]}},{"type":"Feature","properties":{"cat":"salud"},"geometry":{"type":"Point","coordinates":[-4.4349794,36.705753]}},{"type":"Feature","properties":{"cat":"salud"},"geometry":{"type":"Point","coordinates":[-4.4333173,36.7032449]}},{"type":"Feature","properties":{"cat":"salud"},"geometry":{"type":"Point","coordinates":[-4.4309086,36.7102192]}},{"type":"Feature","properties":{"cat":"salud"},"geometry":{"type":"Point","coordinates":[-4.428787,36.7133654]}},{"type":"Feature","properties":{"cat":"salud"},"geometry":{"type":"Point","coordinates":[-4.4273877,36.7137848]}},{"type":"Feature","properties":{"cat":"salud"},"geometry":{"type":"Point","coordinates":[-4.4268971,36.7118229]}},{"type":"Feature","properties":{"cat":"salud"},"geometry":{"type":"Point","coordinates":[-4.4307722,36.7126409]}},{"type":"Feature","properties":{"cat":"salud"},"geometry":{"type":"Point","coordinates":[-4.4251728,36.7144053]}},{"type":"Feature","properties":{"cat":"salud"},"geometry":{"type":"Point","coordinates":[-4.452484,36.7013872]}},{"type":"Feature","properties":{"cat":"salud"},"geometry":{"type":"Point","coordinates":[-4.450313,36.7024921]}},{"type":"Feature","properties":{"cat":"salud"},"geometry":{"type":"Point","coordinates":[-4.4507837,36.6978649]}},{"type":"Feature","properties":{"cat":"salud"},"geometry":{"type":"Point","coordinates":[-4.4479409,36.69787]}},{"type":"Feature","properties":{"cat":"salud"},"geometry":{"type":"Point","coordinates":[-4.4502778,36.7007855]}},{"type":"Feature","properties":{"cat":"salud"},"geometry":{"type":"Point","coordinates":[-4.4473518,36.6999231]}},{"type":"Feature","properties":{"cat":"salud"},"geometry":{"type":"Point","coordinates":[-4.445726,36.6977181]}},{"type":"Feature","properties":{"cat":"salud"},"geometry":{"type":"Point","coordinates":[-4.4476101,36.7016471]}},{"type":"Feature","properties":{"cat":"salud"},"geometry":{"type":"Point","coordinates":[-4.4422593,36.6967405]}},{"type":"Feature","properties":{"cat":"salud"},"geometry":{"type":"Point","coordinates":[-4.4433099,36.6973374]}},{"type":"Feature","properties":{"cat":"salud"},"geometry":{"type":"Point","coordinates":[-4.4439232,36.7017583]}},{"type":"Feature","properties":{"cat":"salud"},"geometry":{"type":"Point","coordinates":[-4.4393688,36.7020481]}},{"type":"Feature","properties":{"cat":"salud"},"geometry":{"type":"Point","coordinates":[-4.4558307,36.6958459]}},{"type":"Feature","properties":{"cat":"salud"},"geometry":{"type":"Point","coordinates":[-4.4594047,36.6870233]}},{"type":"Feature","properties":{"cat":"salud"},"geometry":{"type":"Point","coordinates":[-4.4563712,36.6873891]}},{"type":"Feature","properties":{"cat":"salud"},"geometry":{"type":"Point","coordinates":[-4.4548942,36.6919292]}},{"type":"Feature","properties":{"cat":"salud"},"geometry":{"type":"Point","coordinates":[-4.455447,36.6971951]}},{"type":"Feature","properties":{"cat":"salud"},"geometry":{"type":"Point","coordinates":[-4.4559279,36.6844378]}},{"type":"Feature","properties":{"cat":"salud"},"geometry":{"type":"Point","coordinates":[-4.4542887,36.6979099]}},{"type":"Feature","properties":{"cat":"salud"},"geometry":{"type":"Point","coordinates":[-4.4545178,36.6933069]}},{"type":"Feature","properties":{"cat":"salud"},"geometry":{"type":"Point","coordinates":[-4.4532079,36.6953442]}},{"type":"Feature","properties":{"cat":"salud"},"geometry":{"type":"Point","coordinates":[-4.4518477,36.696616]}},{"type":"Feature","properties":{"cat":"salud"},"geometry":{"type":"Point","coordinates":[-4.4530282,36.6905663]}},{"type":"Feature","properties":{"cat":"salud"},"geometry":{"type":"Point","coordinates":[-4.4515405,36.6885892]}},{"type":"Feature","properties":{"cat":"salud"},"geometry":{"type":"Point","coordinates":[-4.4488486,36.6961199]}},{"type":"Feature","properties":{"cat":"salud"},"geometry":{"type":"Point","coordinates":[-4.4483728,36.6886075]}},{"type":"Feature","properties":{"cat":"salud"},"geometry":{"type":"Point","coordinates":[-4.4504721,36.6944147]}},{"type":"Feature","properties":{"cat":"salud"},"geometry":{"type":"Point","coordinates":[-4.4458654,36.6905023]}},{"type":"Feature","properties":{"cat":"salud"},"geometry":{"type":"Point","coordinates":[-4.4508521,36.681429]}},{"type":"Feature","properties":{"cat":"salud"},"geometry":{"type":"Point","coordinates":[-4.44577,36.694764]}},{"type":"Feature","properties":{"cat":"salud"},"geometry":{"type":"Point","coordinates":[-4.4438892,36.6960484]}},{"type":"Feature","properties":{"cat":"salud"},"geometry":{"type":"Point","coordinates":[-4.4427493,36.7117532]}},{"type":"Feature","properties":{"cat":"salud"},"geometry":{"type":"Point","coordinates":[-4.4548628,36.7098929]}},{"type":"Feature","properties":{"cat":"salud"},"geometry":{"type":"Point","coordinates":[-4.4467775,36.7113234]}},{"type":"Feature","properties":{"cat":"salud"},"geometry":{"type":"Point","coordinates":[-4.463722,36.7099135]}},{"type":"Feature","properties":{"cat":"salud"},"geometry":{"type":"Point","coordinates":[-4.4557889,36.7025351]}},{"type":"Feature","properties":{"cat":"salud"},"geometry":{"type":"Point","coordinates":[-4.4518326,36.712709]}},{"type":"Feature","properties":{"cat":"salud"},"geometry":{"type":"Point","coordinates":[-4.4510594,36.7101874]}},{"type":"Feature","properties":{"cat":"salud"},"geometry":{"type":"Point","coordinates":[-4.4495666,36.7113042]}},{"type":"Feature","properties":{"cat":"salud"},"geometry":{"type":"Point","coordinates":[-4.4489162,36.7096094]}},{"type":"Feature","properties":{"cat":"salud"},"geometry":{"type":"Point","coordinates":[-4.4457383,36.7140528]}},{"type":"Feature","properties":{"cat":"salud"},"geometry":{"type":"Point","coordinates":[-4.4438475,36.7086879]}},{"type":"Feature","properties":{"cat":"salud"},"geometry":{"type":"Point","coordinates":[-4.444908,36.7103162]}},{"type":"Feature","properties":{"cat":"salud"},"geometry":{"type":"Point","coordinates":[-4.4395106,36.7120933]}},{"type":"Feature","properties":{"cat":"salud"},"geometry":{"type":"Point","coordinates":[-4.4375699,36.7122593]}},{"type":"Feature","properties":{"cat":"salud"},"geometry":{"type":"Point","coordinates":[-4.4402462,36.7104924]}},{"type":"Feature","properties":{"cat":"salud"},"geometry":{"type":"Point","coordinates":[-4.4397173,36.7145539]}},{"type":"Feature","properties":{"cat":"salud"},"geometry":{"type":"Point","coordinates":[-4.4334736,36.7143221]}},{"type":"Feature","properties":{"cat":"salud"},"geometry":{"type":"Point","coordinates":[-4.4381971,36.7156228]}},{"type":"Feature","properties":{"cat":"salud"},"geometry":{"type":"Point","coordinates":[-4.4468385,36.7087514]}},{"type":"Feature","properties":{"cat":"salud"},"geometry":{"type":"Point","coordinates":[-4.4559119,36.7043292]}},{"type":"Feature","properties":{"cat":"salud"},"geometry":{"type":"Point","coordinates":[-4.4413107,36.7134935]}},{"type":"Feature","properties":{"cat":"salud"},"geometry":{"type":"Point","coordinates":[-4.4360461,36.7117498]}},{"type":"Feature","properties":{"cat":"salud"},"geometry":{"type":"Point","coordinates":[-4.4407518,36.7160428]}},{"type":"Feature","properties":{"cat":"salud"},"geometry":{"type":"Point","coordinates":[-4.4425432,36.7101542]}},{"type":"Feature","properties":{"cat":"salud"},"geometry":{"type":"Point","coordinates":[-4.4509056,36.7159687]}},{"type":"Feature","properties":{"cat":"salud"},"geometry":{"type":"Point","coordinates":[-4.4511363,36.7193831]}},{"type":"Feature","properties":{"cat":"salud"},"geometry":{"type":"Point","coordinates":[-4.4389181,36.7178111]}},{"type":"Feature","properties":{"cat":"salud"},"geometry":{"type":"Point","coordinates":[-4.437462,36.7202357]}},{"type":"Feature","properties":{"cat":"salud"},"geometry":{"type":"Point","coordinates":[-4.443114,36.7170423]}},{"type":"Feature","properties":{"cat":"salud"},"geometry":{"type":"Point","coordinates":[-4.4461298,36.7168931]}},{"type":"Feature","properties":{"cat":"salud"},"geometry":{"type":"Point","coordinates":[-4.4340365,36.7186939]}},{"type":"Feature","properties":{"cat":"salud"},"geometry":{"type":"Point","coordinates":[-4.4337499,36.7208943]}},{"type":"Feature","properties":{"cat":"salud"},"geometry":{"type":"Point","coordinates":[-4.435427,36.7215786]}},{"type":"Feature","properties":{"cat":"salud"},"geometry":{"type":"Point","coordinates":[-4.4314576,36.7214006]}},{"type":"Feature","properties":{"cat":"salud"},"geometry":{"type":"Point","coordinates":[-4.4286221,36.7233922]}},{"type":"Feature","properties":{"cat":"salud"},"geometry":{"type":"Point","coordinates":[-4.4476572,36.7149779]}},{"type":"Feature","properties":{"cat":"salud"},"geometry":{"type":"Point","coordinates":[-4.4545814,36.7174493]}},{"type":"Feature","properties":{"cat":"salud"},"geometry":{"type":"Point","coordinates":[-4.4762989,36.7222111]}},{"type":"Feature","properties":{"cat":"salud"},"geometry":{"type":"Point","coordinates":[-4.4323503,36.7226043]}},{"type":"Feature","properties":{"cat":"salud"},"geometry":{"type":"Point","coordinates":[-4.4830203,36.7203144]}},{"type":"Feature","properties":{"cat":"salud"},"geometry":{"type":"Point","coordinates":[-4.4775074,36.7196532]}},{"type":"Feature","properties":{"cat":"salud"},"geometry":{"type":"Point","coordinates":[-4.4792315,36.7241715]}},{"type":"Feature","properties":{"cat":"salud"},"geometry":{"type":"Point","coordinates":[-4.4443393,36.7214988]}},{"type":"Feature","properties":{"cat":"salud"},"geometry":{"type":"Point","coordinates":[-4.476158,36.7248482]}},{"type":"Feature","properties":{"cat":"salud"},"geometry":{"type":"Point","coordinates":[-4.4663191,36.7222806]}},{"type":"Feature","properties":{"cat":"salud"},"geometry":{"type":"Point","coordinates":[-4.4625978,36.7212422]}},{"type":"Feature","properties":{"cat":"salud"},"geometry":{"type":"Point","coordinates":[-4.4527942,36.7229244]}},{"type":"Feature","properties":{"cat":"salud"},"geometry":{"type":"Point","coordinates":[-4.4500108,36.7260671]}},{"type":"Feature","properties":{"cat":"salud"},"geometry":{"type":"Point","coordinates":[-4.4721246,36.7208282]}},{"type":"Feature","properties":{"cat":"salud"},"geometry":{"type":"Point","coordinates":[-4.4433734,36.7238803]}},{"type":"Feature","properties":{"cat":"salud"},"geometry":{"type":"Point","coordinates":[-4.4402389,36.7280951]}},{"type":"Feature","properties":{"cat":"salud"},"geometry":{"type":"Point","coordinates":[-4.4433548,36.725788]}},{"type":"Feature","properties":{"cat":"salud"},"geometry":{"type":"Point","coordinates":[-4.4408061,36.7213301]}},{"type":"Feature","properties":{"cat":"salud"},"geometry":{"type":"Point","coordinates":[-4.4395789,36.7266884]}},{"type":"Feature","properties":{"cat":"salud"},"geometry":{"type":"Point","coordinates":[-4.4422649,36.7275563]}},{"type":"Feature","properties":{"cat":"salud"},"geometry":{"type":"Point","coordinates":[-4.4368976,36.7256962]}},{"type":"Feature","properties":{"cat":"salud"},"geometry":{"type":"Point","coordinates":[-4.4367112,36.7229166]}},{"type":"Feature","properties":{"cat":"salud"},"geometry":{"type":"Point","coordinates":[-4.438705,36.7223893]}},{"type":"Feature","properties":{"cat":"salud"},"geometry":{"type":"Point","coordinates":[-4.4295582,36.7410237]}},{"type":"Feature","properties":{"cat":"salud"},"geometry":{"type":"Point","coordinates":[-4.4416406,36.7224856]}},{"type":"Feature","properties":{"cat":"salud"},"geometry":{"type":"Point","coordinates":[-4.4453138,36.7252332]}},{"type":"Feature","properties":{"cat":"salud"},"geometry":{"type":"Point","coordinates":[-4.438474,36.728686]}},{"type":"Feature","properties":{"cat":"salud"},"geometry":{"type":"Point","coordinates":[-4.4382228,36.7236141]}},{"type":"Feature","properties":{"cat":"salud"},"geometry":{"type":"Point","coordinates":[-4.4404968,36.7291428]}},{"type":"Feature","properties":{"cat":"salud"},"geometry":{"type":"Point","coordinates":[-4.463628,36.7265832]}},{"type":"Feature","properties":{"cat":"salud"},"geometry":{"type":"Point","coordinates":[-4.4370952,36.7302779]}},{"type":"Feature","properties":{"cat":"salud"},"geometry":{"type":"Point","coordinates":[-4.4260924,36.7467221]}},{"type":"Feature","properties":{"cat":"salud"},"geometry":{"type":"Point","coordinates":[-4.4161227,36.7356672]}},{"type":"Feature","properties":{"cat":"salud"},"geometry":{"type":"Point","coordinates":[-4.4267885,36.7435141]}},{"type":"Feature","properties":{"cat":"salud"},"geometry":{"type":"Point","coordinates":[-4.4320553,36.7411785]}},{"type":"Feature","properties":{"cat":"salud"},"geometry":{"type":"Point","coordinates":[-4.4232194,36.744095]}},{"type":"Feature","properties":{"cat":"salud"},"geometry":{"type":"Point","coordinates":[-4.4177408,36.7248741]}},{"type":"Feature","properties":{"cat":"salud"},"geometry":{"type":"Point","coordinates":[-4.4158225,36.745654]}},{"type":"Feature","properties":{"cat":"salud"},"geometry":{"type":"Point","coordinates":[-4.4198718,36.7314909]}},{"type":"Feature","properties":{"cat":"salud"},"geometry":{"type":"Point","coordinates":[-4.421579,36.7352867]}},{"type":"Feature","properties":{"cat":"salud"},"geometry":{"type":"Point","coordinates":[-4.420427,36.7467608]}},{"type":"Feature","properties":{"cat":"salud"},"geometry":{"type":"Point","coordinates":[-4.4172745,36.7497501]}},{"type":"Feature","properties":{"cat":"salud"},"geometry":{"type":"Point","coordinates":[-4.4171175,36.7474808]}},{"type":"Feature","properties":{"cat":"salud"},"geometry":{"type":"Point","coordinates":[-4.4195411,36.749732]}},{"type":"Feature","properties":{"cat":"salud"},"geometry":{"type":"Point","coordinates":[-4.3634643,36.7204785]}},{"type":"Feature","properties":{"cat":"salud"},"geometry":{"type":"Point","coordinates":[-4.3656969,36.7258463]}},{"type":"Feature","properties":{"cat":"salud"},"geometry":{"type":"Point","coordinates":[-4.3806975,36.7376777]}},{"type":"Feature","properties":{"cat":"salud"},"geometry":{"type":"Point","coordinates":[-4.3813585,36.7259425]}},{"type":"Feature","properties":{"cat":"salud"},"geometry":{"type":"Point","coordinates":[-4.481827,36.7390342]}},{"type":"Feature","properties":{"cat":"salud"},"geometry":{"type":"Point","coordinates":[-4.4690899,36.7200808]}},{"type":"Feature","properties":{"cat":"salud"},"geometry":{"type":"Point","coordinates":[-4.4577713,36.6966762]}},{"type":"Feature","properties":{"cat":"salud"},"geometry":{"type":"Point","coordinates":[-4.4540911,36.6987855]}},{"type":"Feature","properties":{"cat":"salud"},"geometry":{"type":"Point","coordinates":[-4.45759,36.6928083]}},{"type":"Feature","properties":{"cat":"salud"},"geometry":{"type":"Point","coordinates":[-4.4801293,36.737673]}},{"type":"Feature","properties":{"cat":"salud"},"geometry":{"type":"Point","coordinates":[-4.4803238,36.7356966]}},{"type":"Feature","properties":{"cat":"salud"},"geometry":{"type":"Point","coordinates":[-4.4481141,36.7221853]}},{"type":"Feature","properties":{"cat":"salud"},"geometry":{"type":"Point","coordinates":[-4.43114,36.7144404]}},{"type":"Feature","properties":{"cat":"salud"},"geometry":{"type":"Point","coordinates":[-4.4702397,36.7310939]}},{"type":"Feature","properties":{"cat":"salud"},"geometry":{"type":"Point","coordinates":[-4.4700287,36.7311204]}},{"type":"Feature","properties":{"cat":"salud"},"geometry":{"type":"Point","coordinates":[-4.452213,36.6819326]}},{"type":"Feature","properties":{"cat":"salud"},"geometry":{"type":"Point","coordinates":[-4.4516804,36.6998425]}},{"type":"Feature","properties":{"cat":"salud"},"geometry":{"type":"Point","coordinates":[-4.4411632,36.7092262]}},{"type":"Feature","properties":{"cat":"salud"},"geometry":{"type":"Point","coordinates":[-4.4498922,36.6855945]}},{"type":"Feature","properties":{"cat":"salud"},"geometry":{"type":"Point","coordinates":[-4.4148213,36.7276663]}},{"type":"Feature","properties":{"cat":"salud"},"geometry":{"type":"Point","coordinates":[-4.4354774,36.7134608]}},{"type":"Feature","properties":{"cat":"salud"},"geometry":{"type":"Point","coordinates":[-4.4140118,36.7301609]}},{"type":"Feature","properties":{"cat":"salud"},"geometry":{"type":"Point","coordinates":[-4.415863,36.7241269]}},{"type":"Feature","properties":{"cat":"salud"},"geometry":{"type":"Point","coordinates":[-4.4139404,36.7293014]}},{"type":"Feature","properties":{"cat":"salud"},"geometry":{"type":"Point","coordinates":[-4.4388167,36.6959982]}},{"type":"Feature","properties":{"cat":"salud"},"geometry":{"type":"Point","coordinates":[-4.4613849,36.7253864]}},{"type":"Feature","properties":{"cat":"salud"},"geometry":{"type":"Point","coordinates":[-4.4229309,36.7171941]}},{"type":"Feature","properties":{"cat":"salud"},"geometry":{"type":"Point","coordinates":[-4.4063992,36.7210423]}},{"type":"Feature","properties":{"cat":"salud"},"geometry":{"type":"Point","coordinates":[-4.4211598,36.7163914]}},{"type":"Feature","properties":{"cat":"salud"},"geometry":{"type":"Point","coordinates":[-4.404707,36.7359563]}},{"type":"Feature","properties":{"cat":"salud"},"geometry":{"type":"Point","coordinates":[-4.4039635,36.736373]}},{"type":"Feature","properties":{"cat":"salud"},"geometry":{"type":"Point","coordinates":[-4.4037592,36.7364232]}},{"type":"Feature","properties":{"cat":"salud"},"geometry":{"type":"Point","coordinates":[-4.3616013,36.7203652]}},{"type":"Feature","properties":{"cat":"salud"},"geometry":{"type":"Point","coordinates":[-4.4110394,36.7172782]}},{"type":"Feature","properties":{"cat":"salud"},"geometry":{"type":"Point","coordinates":[-4.4120086,36.7211224]}},{"type":"Feature","properties":{"cat":"salud"},"geometry":{"type":"Point","coordinates":[-4.4076525,36.7210826]}},{"type":"Feature","properties":{"cat":"salud"},"geometry":{"type":"Point","coordinates":[-4.4779726,36.7180713]}},{"type":"Feature","properties":{"cat":"salud"},"geometry":{"type":"Point","coordinates":[-4.3972673,36.7227555]}},{"type":"Feature","properties":{"cat":"salud"},"geometry":{"type":"Point","coordinates":[-4.4325295,36.7279086]}},{"type":"Feature","properties":{"cat":"salud"},"geometry":{"type":"Point","coordinates":[-4.4497428,36.7231299]}},{"type":"Feature","properties":{"cat":"salud"},"geometry":{"type":"Point","coordinates":[-4.432384,36.730009]}},{"type":"Feature","properties":{"cat":"salud"},"geometry":{"type":"Point","coordinates":[-4.4476289,36.701148]}},{"type":"Feature","properties":{"cat":"salud"},"geometry":{"type":"Point","coordinates":[-4.4660051,36.7219381]}},{"type":"Feature","properties":{"cat":"salud"},"geometry":{"type":"Point","coordinates":[-4.4194585,36.7209251]}},{"type":"Feature","properties":{"cat":"salud"},"geometry":{"type":"Point","coordinates":[-4.4447102,36.7256098]}},{"type":"Feature","properties":{"cat":"salud"},"geometry":{"type":"Point","coordinates":[-4.4200349,36.7479788]}},{"type":"Feature","properties":{"cat":"salud"},"geometry":{"type":"Point","coordinates":[-4.4261111,36.7382792]}},{"type":"Feature","properties":{"cat":"salud"},"geometry":{"type":"Point","coordinates":[-4.4247501,36.7314526]}},{"type":"Feature","properties":{"cat":"salud"},"geometry":{"type":"Point","coordinates":[-4.3990619,36.7259435]}},{"type":"Feature","properties":{"cat":"salud"},"geometry":{"type":"Point","coordinates":[-4.3976946,36.7331579]}},{"type":"Feature","properties":{"cat":"salud"},"geometry":{"type":"Point","coordinates":[-4.3972539,36.7259272]}},{"type":"Feature","properties":{"cat":"salud"},"geometry":{"type":"Point","coordinates":[-4.404146,36.721876]}},{"type":"Feature","properties":{"cat":"salud"},"geometry":{"type":"Point","coordinates":[-4.4412096,36.7291218]}},{"type":"Feature","properties":{"cat":"salud"},"geometry":{"type":"Point","coordinates":[-4.447768,36.7311919]}},{"type":"Feature","properties":{"cat":"salud"},"geometry":{"type":"Point","coordinates":[-4.4252382,36.7124014]}},{"type":"Feature","properties":{"cat":"salud"},"geometry":{"type":"Point","coordinates":[-4.4542821,36.7226516]}},{"type":"Feature","properties":{"cat":"salud"},"geometry":{"type":"Point","coordinates":[-4.4416932,36.7168919]}},{"type":"Feature","properties":{"cat":"salud"},"geometry":{"type":"Point","coordinates":[-4.4460784,36.6972112]}},{"type":"Feature","properties":{"cat":"salud"},"geometry":{"type":"Point","coordinates":[-4.4385898,36.7105427]}},{"type":"Feature","properties":{"cat":"salud"},"geometry":{"type":"Point","coordinates":[-4.4814121,36.7377487]}},{"type":"Feature","properties":{"cat":"salud"},"geometry":{"type":"Point","coordinates":[-4.4837046,36.7228843]}},{"type":"Feature","properties":{"cat":"salud"},"geometry":{"type":"Point","coordinates":[-4.3689278,36.7288653]}},{"type":"Feature","properties":{"cat":"salud"},"geometry":{"type":"Point","coordinates":[-4.4342535,36.7050478]}},{"type":"Feature","properties":{"cat":"salud"},"geometry":{"type":"Point","coordinates":[-4.465708,36.7106886]}},{"type":"Feature","properties":{"cat":"salud"},"geometry":{"type":"Point","coordinates":[-4.4766671,36.7238325]}},{"type":"Feature","properties":{"cat":"salud"},"geometry":{"type":"Point","coordinates":[-4.4460666,36.7120907]}},{"type":"Feature","properties":{"cat":"salud"},"geometry":{"type":"Point","coordinates":[-4.4006733,36.7217247]}},{"type":"Feature","properties":{"cat":"salud"},"geometry":{"type":"Point","coordinates":[-4.4489938,36.6880108]}},{"type":"Feature","properties":{"cat":"salud"},"geometry":{"type":"Point","coordinates":[-4.4560471,36.6951257]}},{"type":"Feature","properties":{"cat":"salud"},"geometry":{"type":"Point","coordinates":[-4.423063,36.7403901]}},{"type":"Feature","properties":{"cat":"salud"},"geometry":{"type":"Point","coordinates":[-4.4541224,36.7198773]}},{"type":"Feature","properties":{"cat":"salud"},"geometry":{"type":"Point","coordinates":[-4.4532959,36.715457]}},{"type":"Feature","properties":{"cat":"salud"},"geometry":{"type":"Point","coordinates":[-4.4541397,36.7232163]}},{"type":"Feature","properties":{"cat":"salud"},"geometry":{"type":"Point","coordinates":[-4.4544219,36.7106422]}},{"type":"Feature","properties":{"cat":"salud"},"geometry":{"type":"Point","coordinates":[-4.4545607,36.7239099]}},{"type":"Feature","properties":{"cat":"salud"},"geometry":{"type":"Point","coordinates":[-4.4345311,36.7353464]}},{"type":"Feature","properties":{"cat":"salud"},"geometry":{"type":"Point","coordinates":[-4.3820527,36.7356376]}},{"type":"Feature","properties":{"cat":"salud"},"geometry":{"type":"Point","coordinates":[-4.4792355,36.7364854]}},{"type":"Feature","properties":{"cat":"salud"},"geometry":{"type":"Point","coordinates":[-4.4298233,36.7257112]}},{"type":"Feature","properties":{"cat":"salud"},"geometry":{"type":"Point","coordinates":[-4.4571989,36.6850218]}},{"type":"Feature","properties":{"cat":"salud"},"geometry":{"type":"Point","coordinates":[-4.4575568,36.684377]}},{"type":"Feature","properties":{"cat":"educacion"},"geometry":{"type":"Point","coordinates":[-4.4831773,36.7224679]}},{"type":"Feature","properties":{"cat":"educacion"},"geometry":{"type":"Point","coordinates":[-4.4254264,36.7258431]}},{"type":"Feature","properties":{"cat":"educacion"},"geometry":{"type":"Point","coordinates":[-4.437571,36.7070881]}},{"type":"Feature","properties":{"cat":"educacion"},"geometry":{"type":"Point","coordinates":[-4.4517564,36.686308]}},{"type":"Feature","properties":{"cat":"educacion"},"geometry":{"type":"Point","coordinates":[-4.4149851,36.7252072]}},{"type":"Feature","properties":{"cat":"educacion"},"geometry":{"type":"Point","coordinates":[-4.4151706,36.7288083]}},{"type":"Feature","properties":{"cat":"educacion"},"geometry":{"type":"Point","coordinates":[-4.4139873,36.7287147]}},{"type":"Feature","properties":{"cat":"educacion"},"geometry":{"type":"Point","coordinates":[-4.4029911,36.7302729]}},{"type":"Feature","properties":{"cat":"educacion"},"geometry":{"type":"Point","coordinates":[-4.4029248,36.7299389]}},{"type":"Feature","properties":{"cat":"educacion"},"geometry":{"type":"Point","coordinates":[-4.4025417,36.7268874]}},{"type":"Feature","properties":{"cat":"educacion"},"geometry":{"type":"Point","coordinates":[-4.4152534,36.7289954]}},{"type":"Feature","properties":{"cat":"educacion"},"geometry":{"type":"Point","coordinates":[-4.4164734,36.7291057]}},{"type":"Feature","properties":{"cat":"educacion"},"geometry":{"type":"Point","coordinates":[-4.4127075,36.7272426]}},{"type":"Feature","properties":{"cat":"educacion"},"geometry":{"type":"Point","coordinates":[-4.4169566,36.7304582]}},{"type":"Feature","properties":{"cat":"educacion"},"geometry":{"type":"Point","coordinates":[-4.4193647,36.7293184]}},{"type":"Feature","properties":{"cat":"educacion"},"geometry":{"type":"Point","coordinates":[-4.4012844,36.7254732]}},{"type":"Feature","properties":{"cat":"educacion"},"geometry":{"type":"Point","coordinates":[-4.398453,36.722563]}},{"type":"Feature","properties":{"cat":"educacion"},"geometry":{"type":"Point","coordinates":[-4.4168896,36.7235167]}},{"type":"Feature","properties":{"cat":"educacion"},"geometry":{"type":"Point","coordinates":[-4.4298604,36.7207671]}},{"type":"Feature","properties":{"cat":"educacion"},"geometry":{"type":"Point","coordinates":[-4.4609242,36.7106996]}},{"type":"Feature","properties":{"cat":"educacion"},"geometry":{"type":"Point","coordinates":[-4.4285187,36.7324162]}},{"type":"Feature","properties":{"cat":"educacion"},"geometry":{"type":"Point","coordinates":[-4.4466214,36.6941185]}},{"type":"Feature","properties":{"cat":"educacion"},"geometry":{"type":"Point","coordinates":[-4.4355434,36.7027282]}},{"type":"Feature","properties":{"cat":"educacion"},"geometry":{"type":"Point","coordinates":[-4.4035774,36.7330433]}},{"type":"Feature","properties":{"cat":"educacion"},"geometry":{"type":"Point","coordinates":[-4.4029189,36.7326649]}},{"type":"Feature","properties":{"cat":"educacion"},"geometry":{"type":"Point","coordinates":[-4.4537067,36.709287]}},{"type":"Feature","properties":{"cat":"educacion"},"geometry":{"type":"Point","coordinates":[-4.4549778,36.7089677]}},{"type":"Feature","properties":{"cat":"educacion"},"geometry":{"type":"Point","coordinates":[-4.4505374,36.702266]}},{"type":"Feature","properties":{"cat":"educacion"},"geometry":{"type":"Point","coordinates":[-4.4216358,36.7228441]}},{"type":"Feature","properties":{"cat":"educacion"},"geometry":{"type":"Point","coordinates":[-4.4226661,36.7381762]}},{"type":"Feature","properties":{"cat":"educacion"},"geometry":{"type":"Point","coordinates":[-4.4222118,36.7424797]}},{"type":"Feature","properties":{"cat":"educacion"},"geometry":{"type":"Point","coordinates":[-4.4223237,36.7493231]}},{"type":"Feature","properties":{"cat":"educacion"},"geometry":{"type":"Point","coordinates":[-4.4231572,36.7160019]}},{"type":"Feature","properties":{"cat":"educacion"},"geometry":{"type":"Point","coordinates":[-4.4453775,36.7025253]}},{"type":"Feature","properties":{"cat":"educacion"},"geometry":{"type":"Point","coordinates":[-4.4514661,36.7230325]}},{"type":"Feature","properties":{"cat":"educacion"},"geometry":{"type":"Point","coordinates":[-4.4304368,36.7193016]}},{"type":"Feature","properties":{"cat":"educacion"},"geometry":{"type":"Point","coordinates":[-4.4419136,36.7269645]}},{"type":"Feature","properties":{"cat":"educacion"},"geometry":{"type":"Point","coordinates":[-4.434523,36.721949]}},{"type":"Feature","properties":{"cat":"educacion"},"geometry":{"type":"Point","coordinates":[-4.447776,36.7015515]}},{"type":"Feature","properties":{"cat":"educacion"},"geometry":{"type":"Point","coordinates":[-4.444942,36.6909298]}},{"type":"Feature","properties":{"cat":"educacion"},"geometry":{"type":"Point","coordinates":[-4.4291462,36.7146359]}},{"type":"Feature","properties":{"cat":"educacion"},"geometry":{"type":"Point","coordinates":[-4.4137668,36.7288169]}},{"type":"Feature","properties":{"cat":"educacion"},"geometry":{"type":"Point","coordinates":[-4.4160715,36.7351617]}},{"type":"Feature","properties":{"cat":"educacion"},"geometry":{"type":"Point","coordinates":[-4.4138503,36.7286849]}},{"type":"Feature","properties":{"cat":"educacion"},"geometry":{"type":"Point","coordinates":[-4.4165385,36.7300685]}},{"type":"Feature","properties":{"cat":"educacion"},"geometry":{"type":"Point","coordinates":[-4.4157205,36.7309461]}},{"type":"Feature","properties":{"cat":"educacion"},"geometry":{"type":"Point","coordinates":[-4.4161242,36.7303489]}},{"type":"Feature","properties":{"cat":"educacion"},"geometry":{"type":"Point","coordinates":[-4.4165805,36.72318]}},{"type":"Feature","properties":{"cat":"educacion"},"geometry":{"type":"Point","coordinates":[-4.4170789,36.7247591]}},{"type":"Feature","properties":{"cat":"educacion"},"geometry":{"type":"Point","coordinates":[-4.4422038,36.6968159]}},{"type":"Feature","properties":{"cat":"educacion"},"geometry":{"type":"Point","coordinates":[-4.443194,36.6945362]}},{"type":"Feature","properties":{"cat":"educacion"},"geometry":{"type":"Point","coordinates":[-4.4618107,36.7249898]}},{"type":"Feature","properties":{"cat":"educacion"},"geometry":{"type":"Point","coordinates":[-4.4011596,36.721792]}},{"type":"Feature","properties":{"cat":"educacion"},"geometry":{"type":"Point","coordinates":[-4.3777552,36.722101]}},{"type":"Feature","properties":{"cat":"educacion"},"geometry":{"type":"Point","coordinates":[-4.3793281,36.7218928]}},{"type":"Feature","properties":{"cat":"educacion"},"geometry":{"type":"Point","coordinates":[-4.3830501,36.7221077]}},{"type":"Feature","properties":{"cat":"educacion"},"geometry":{"type":"Point","coordinates":[-4.43399,36.702337]}},{"type":"Feature","properties":{"cat":"educacion"},"geometry":{"type":"Point","coordinates":[-4.4207697,36.7379616]}},{"type":"Feature","properties":{"cat":"educacion"},"geometry":{"type":"Point","coordinates":[-4.4170686,36.7298509]}},{"type":"Feature","properties":{"cat":"educacion"},"geometry":{"type":"Point","coordinates":[-4.4488087,36.6977247]}},{"type":"Feature","properties":{"cat":"educacion"},"geometry":{"type":"Point","coordinates":[-4.3649717,36.721158]}},{"type":"Feature","properties":{"cat":"educacion"},"geometry":{"type":"Point","coordinates":[-4.4535023,36.7188432]}},{"type":"Feature","properties":{"cat":"educacion"},"geometry":{"type":"Point","coordinates":[-4.4409409,36.7197594]}},{"type":"Feature","properties":{"cat":"educacion"},"geometry":{"type":"Point","coordinates":[-4.434323,36.7200974]}},{"type":"Feature","properties":{"cat":"educacion"},"geometry":{"type":"Point","coordinates":[-4.4498252,36.7182217]}},{"type":"Feature","properties":{"cat":"educacion"},"geometry":{"type":"Point","coordinates":[-4.4743082,36.7196181]}},{"type":"Feature","properties":{"cat":"educacion"},"geometry":{"type":"Point","coordinates":[-4.4699571,36.7208196]}},{"type":"Feature","properties":{"cat":"educacion"},"geometry":{"type":"Point","coordinates":[-4.4392414,36.7310457]}},{"type":"Feature","properties":{"cat":"educacion"},"geometry":{"type":"Point","coordinates":[-4.4383934,36.7314929]}},{"type":"Feature","properties":{"cat":"educacion"},"geometry":{"type":"Point","coordinates":[-4.4407896,36.7249555]}},{"type":"Feature","properties":{"cat":"educacion"},"geometry":{"type":"Point","coordinates":[-4.4397371,36.7316095]}},{"type":"Feature","properties":{"cat":"educacion"},"geometry":{"type":"Point","coordinates":[-4.4300356,36.7313372]}},{"type":"Feature","properties":{"cat":"educacion"},"geometry":{"type":"Point","coordinates":[-4.4279031,36.7284223]}},{"type":"Feature","properties":{"cat":"educacion"},"geometry":{"type":"Point","coordinates":[-4.4347532,36.7322276]}},{"type":"Feature","properties":{"cat":"educacion"},"geometry":{"type":"Point","coordinates":[-4.438657,36.732739]}},{"type":"Feature","properties":{"cat":"educacion"},"geometry":{"type":"Point","coordinates":[-4.4197549,36.7459585]}},{"type":"Feature","properties":{"cat":"educacion"},"geometry":{"type":"Point","coordinates":[-4.4312075,36.7373795]}},{"type":"Feature","properties":{"cat":"educacion"},"geometry":{"type":"Point","coordinates":[-4.4407594,36.7189995]}},{"type":"Feature","properties":{"cat":"educacion"},"geometry":{"type":"Point","coordinates":[-4.4406128,36.7143578]}},{"type":"Feature","properties":{"cat":"educacion"},"geometry":{"type":"Point","coordinates":[-4.431067,36.71926]}},{"type":"Feature","properties":{"cat":"educacion"},"geometry":{"type":"Point","coordinates":[-4.4319035,36.7196059]}},{"type":"Feature","properties":{"cat":"educacion"},"geometry":{"type":"Point","coordinates":[-4.4291315,36.7345037]}},{"type":"Feature","properties":{"cat":"educacion"},"geometry":{"type":"Point","coordinates":[-4.4421589,36.7297434]}},{"type":"Feature","properties":{"cat":"educacion"},"geometry":{"type":"Point","coordinates":[-4.4651486,36.7195141]}},{"type":"Feature","properties":{"cat":"educacion"},"geometry":{"type":"Point","coordinates":[-4.464327,36.7230386]}},{"type":"Feature","properties":{"cat":"educacion"},"geometry":{"type":"Point","coordinates":[-4.4614857,36.7191881]}},{"type":"Feature","properties":{"cat":"educacion"},"geometry":{"type":"Point","coordinates":[-4.4670325,36.7368351]}},{"type":"Feature","properties":{"cat":"educacion"},"geometry":{"type":"Point","coordinates":[-4.4641161,36.7219438]}},{"type":"Feature","properties":{"cat":"educacion"},"geometry":{"type":"Point","coordinates":[-4.4670701,36.7370191]}},{"type":"Feature","properties":{"cat":"educacion"},"geometry":{"type":"Point","coordinates":[-4.4641445,36.7341154]}},{"type":"Feature","properties":{"cat":"educacion"},"geometry":{"type":"Point","coordinates":[-4.4493412,36.7028482]}},{"type":"Feature","properties":{"cat":"educacion"},"geometry":{"type":"Point","coordinates":[-4.4462264,36.7016485]}},{"type":"Feature","properties":{"cat":"educacion"},"geometry":{"type":"Point","coordinates":[-4.4420285,36.6979081]}},{"type":"Feature","properties":{"cat":"educacion"},"geometry":{"type":"Point","coordinates":[-4.4364429,36.7041773]}},{"type":"Feature","properties":{"cat":"educacion"},"geometry":{"type":"Point","coordinates":[-4.4560367,36.7055264]}},{"type":"Feature","properties":{"cat":"educacion"},"geometry":{"type":"Point","coordinates":[-4.3710229,36.7258542]}},{"type":"Feature","properties":{"cat":"educacion"},"geometry":{"type":"Point","coordinates":[-4.3717349,36.7253154]}},{"type":"Feature","properties":{"cat":"educacion"},"geometry":{"type":"Point","coordinates":[-4.4551082,36.6868702]}},{"type":"Feature","properties":{"cat":"educacion"},"geometry":{"type":"Point","coordinates":[-4.4504664,36.7000146]}},{"type":"Feature","properties":{"cat":"educacion"},"geometry":{"type":"Point","coordinates":[-4.44985,36.6996867]}},{"type":"Feature","properties":{"cat":"educacion"},"geometry":{"type":"Point","coordinates":[-4.4531069,36.6983073]}},{"type":"Feature","properties":{"cat":"educacion"},"geometry":{"type":"Point","coordinates":[-4.452224,36.6980375]}},{"type":"Feature","properties":{"cat":"educacion"},"geometry":{"type":"Point","coordinates":[-4.4543618,36.6975795]}},{"type":"Feature","properties":{"cat":"educacion"},"geometry":{"type":"Point","coordinates":[-4.4570977,36.6955751]}},{"type":"Feature","properties":{"cat":"educacion"},"geometry":{"type":"Point","coordinates":[-4.4759714,36.6997599]}},{"type":"Feature","properties":{"cat":"educacion"},"geometry":{"type":"Point","coordinates":[-4.4313516,36.7198284]}},{"type":"Feature","properties":{"cat":"educacion"},"geometry":{"type":"Point","coordinates":[-4.4879292,36.7231667]}},{"type":"Feature","properties":{"cat":"educacion"},"geometry":{"type":"Point","coordinates":[-4.4581074,36.6978217]}},{"type":"Feature","properties":{"cat":"educacion"},"geometry":{"type":"Point","coordinates":[-4.4613458,36.6959968]}},{"type":"Feature","properties":{"cat":"educacion"},"geometry":{"type":"Point","coordinates":[-4.4293424,36.7083476]}},{"type":"Feature","properties":{"cat":"educacion"},"geometry":{"type":"Point","coordinates":[-4.4293479,36.7102074]}},{"type":"Feature","properties":{"cat":"educacion"},"geometry":{"type":"Point","coordinates":[-4.48348,36.733928]}},{"type":"Feature","properties":{"cat":"educacion"},"geometry":{"type":"Point","coordinates":[-4.4168081,36.7465929]}},{"type":"Feature","properties":{"cat":"educacion"},"geometry":{"type":"Point","coordinates":[-4.4470928,36.6954238]}},{"type":"Feature","properties":{"cat":"educacion"},"geometry":{"type":"Point","coordinates":[-4.4486709,36.6950169]}},{"type":"Feature","properties":{"cat":"educacion"},"geometry":{"type":"Point","coordinates":[-4.4468518,36.6921132]}},{"type":"Feature","properties":{"cat":"educacion"},"geometry":{"type":"Point","coordinates":[-4.446727,36.6901245]}},{"type":"Feature","properties":{"cat":"educacion"},"geometry":{"type":"Point","coordinates":[-4.3848714,36.7272299]}},{"type":"Feature","properties":{"cat":"educacion"},"geometry":{"type":"Point","coordinates":[-4.457892,36.6832592]}},{"type":"Feature","properties":{"cat":"educacion"},"geometry":{"type":"Point","coordinates":[-4.4455424,36.718074]}},{"type":"Feature","properties":{"cat":"educacion"},"geometry":{"type":"Point","coordinates":[-4.4296099,36.7325307]}},{"type":"Feature","properties":{"cat":"educacion"},"geometry":{"type":"Point","coordinates":[-4.4592363,36.6986389]}},{"type":"Feature","properties":{"cat":"educacion"},"geometry":{"type":"Point","coordinates":[-4.4400492,36.7021974]}},{"type":"Feature","properties":{"cat":"educacion"},"geometry":{"type":"Point","coordinates":[-4.4366447,36.7056535]}},{"type":"Feature","properties":{"cat":"educacion"},"geometry":{"type":"Point","coordinates":[-4.4413536,36.7078577]}},{"type":"Feature","properties":{"cat":"educacion"},"geometry":{"type":"Point","coordinates":[-4.4389376,36.7096586]}},{"type":"Feature","properties":{"cat":"educacion"},"geometry":{"type":"Point","coordinates":[-4.4452486,36.7090751]}},{"type":"Feature","properties":{"cat":"educacion"},"geometry":{"type":"Point","coordinates":[-4.4439082,36.717192]}},{"type":"Feature","properties":{"cat":"educacion"},"geometry":{"type":"Point","coordinates":[-4.4457145,36.7193148]}},{"type":"Feature","properties":{"cat":"educacion"},"geometry":{"type":"Point","coordinates":[-4.4435202,36.7125078]}},{"type":"Feature","properties":{"cat":"educacion"},"geometry":{"type":"Point","coordinates":[-4.4306054,36.7087336]}},{"type":"Feature","properties":{"cat":"educacion"},"geometry":{"type":"Point","coordinates":[-4.4465423,36.7147306]}},{"type":"Feature","properties":{"cat":"educacion"},"geometry":{"type":"Point","coordinates":[-4.4392153,36.7233302]}},{"type":"Feature","properties":{"cat":"educacion"},"geometry":{"type":"Point","coordinates":[-4.4444263,36.7204438]}},{"type":"Feature","properties":{"cat":"educacion"},"geometry":{"type":"Point","coordinates":[-4.4424433,36.7129113]}},{"type":"Feature","properties":{"cat":"educacion"},"geometry":{"type":"Point","coordinates":[-4.4460048,36.7201818]}},{"type":"Feature","properties":{"cat":"educacion"},"geometry":{"type":"Point","coordinates":[-4.445433,36.7262237]}},{"type":"Feature","properties":{"cat":"educacion"},"geometry":{"type":"Point","coordinates":[-4.4289454,36.7155449]}},{"type":"Feature","properties":{"cat":"educacion"},"geometry":{"type":"Point","coordinates":[-4.4297551,36.7098591]}},{"type":"Feature","properties":{"cat":"educacion"},"geometry":{"type":"Point","coordinates":[-4.4410578,36.6966636]}},{"type":"Feature","properties":{"cat":"educacion"},"geometry":{"type":"Point","coordinates":[-4.4307988,36.7154531]}},{"type":"Feature","properties":{"cat":"educacion"},"geometry":{"type":"Point","coordinates":[-4.4467515,36.7180188]}},{"type":"Feature","properties":{"cat":"educacion"},"geometry":{"type":"Point","coordinates":[-4.4356725,36.7036559]}},{"type":"Feature","properties":{"cat":"educacion"},"geometry":{"type":"Point","coordinates":[-4.4377205,36.7079363]}},{"type":"Feature","properties":{"cat":"educacion"},"geometry":{"type":"Point","coordinates":[-4.4525681,36.708668]}},{"type":"Feature","properties":{"cat":"educacion"},"geometry":{"type":"Point","coordinates":[-4.4528107,36.7128494]}},{"type":"Feature","properties":{"cat":"educacion"},"geometry":{"type":"Point","coordinates":[-4.451243,36.7186553]}},{"type":"Feature","properties":{"cat":"educacion"},"geometry":{"type":"Point","coordinates":[-4.4536293,36.6863193]}},{"type":"Feature","properties":{"cat":"educacion"},"geometry":{"type":"Point","coordinates":[-4.420056,36.7417131]}},{"type":"Feature","properties":{"cat":"educacion"},"geometry":{"type":"Point","coordinates":[-4.4244095,36.7390962]}},{"type":"Feature","properties":{"cat":"educacion"},"geometry":{"type":"Point","coordinates":[-4.4242985,36.7398004]}},{"type":"Feature","properties":{"cat":"educacion"},"geometry":{"type":"Point","coordinates":[-4.4510511,36.6911923]}},{"type":"Feature","properties":{"cat":"educacion"},"geometry":{"type":"Point","coordinates":[-4.4473097,36.6890707]}},{"type":"Feature","properties":{"cat":"educacion"},"geometry":{"type":"Point","coordinates":[-4.4494157,36.6894853]}},{"type":"Feature","properties":{"cat":"educacion"},"geometry":{"type":"Point","coordinates":[-4.4235507,36.7471709]}},{"type":"Feature","properties":{"cat":"educacion"},"geometry":{"type":"Point","coordinates":[-4.4239052,36.7435328]}},{"type":"Feature","properties":{"cat":"educacion"},"geometry":{"type":"Point","coordinates":[-4.4272725,36.7421988]}},{"type":"Feature","properties":{"cat":"educacion"},"geometry":{"type":"Point","coordinates":[-4.4293562,36.7421965]}},{"type":"Feature","properties":{"cat":"educacion"},"geometry":{"type":"Point","coordinates":[-4.4285737,36.73915]}},{"type":"Feature","properties":{"cat":"educacion"},"geometry":{"type":"Point","coordinates":[-4.4281145,36.7356981]}},{"type":"Feature","properties":{"cat":"educacion"},"geometry":{"type":"Point","coordinates":[-4.4313579,36.7359412]}},{"type":"Feature","properties":{"cat":"educacion"},"geometry":{"type":"Point","coordinates":[-4.4304104,36.73518]}},{"type":"Feature","properties":{"cat":"educacion"},"geometry":{"type":"Point","coordinates":[-4.426424,36.7496857]}},{"type":"Feature","properties":{"cat":"educacion"},"geometry":{"type":"Point","coordinates":[-4.419849,36.7348273]}},{"type":"Feature","properties":{"cat":"educacion"},"geometry":{"type":"Point","coordinates":[-4.4265473,36.72961]}},{"type":"Feature","properties":{"cat":"educacion"},"geometry":{"type":"Point","coordinates":[-4.4266192,36.7276596]}},{"type":"Feature","properties":{"cat":"educacion"},"geometry":{"type":"Point","coordinates":[-4.4152809,36.7376826]}},{"type":"Feature","properties":{"cat":"educacion"},"geometry":{"type":"Point","coordinates":[-4.4206621,36.7441659]}},{"type":"Feature","properties":{"cat":"educacion"},"geometry":{"type":"Point","coordinates":[-4.4151188,36.750561]}},{"type":"Feature","properties":{"cat":"educacion"},"geometry":{"type":"Point","coordinates":[-4.4657428,36.7092136]}},{"type":"Feature","properties":{"cat":"educacion"},"geometry":{"type":"Point","coordinates":[-4.4192536,36.7469953]}},{"type":"Feature","properties":{"cat":"educacion"},"geometry":{"type":"Point","coordinates":[-4.4248711,36.7266394]}},{"type":"Feature","properties":{"cat":"educacion"},"geometry":{"type":"Point","coordinates":[-4.4197503,36.7503562]}},{"type":"Feature","properties":{"cat":"educacion"},"geometry":{"type":"Point","coordinates":[-4.4148375,36.7481109]}},{"type":"Feature","properties":{"cat":"educacion"},"geometry":{"type":"Point","coordinates":[-4.4088395,36.7265991]}},{"type":"Feature","properties":{"cat":"educacion"},"geometry":{"type":"Point","coordinates":[-4.421969,36.7309245]}},{"type":"Feature","properties":{"cat":"educacion"},"geometry":{"type":"Point","coordinates":[-4.3925954,36.7277598]}},{"type":"Feature","properties":{"cat":"educacion"},"geometry":{"type":"Point","coordinates":[-4.4003111,36.7306271]}},{"type":"Feature","properties":{"cat":"educacion"},"geometry":{"type":"Point","coordinates":[-4.3980755,36.7260539]}},{"type":"Feature","properties":{"cat":"educacion"},"geometry":{"type":"Point","coordinates":[-4.3994148,36.7251888]}},{"type":"Feature","properties":{"cat":"educacion"},"geometry":{"type":"Point","coordinates":[-4.4192353,36.7285617]}},{"type":"Feature","properties":{"cat":"educacion"},"geometry":{"type":"Point","coordinates":[-4.4192542,36.7320391]}},{"type":"Feature","properties":{"cat":"educacion"},"geometry":{"type":"Point","coordinates":[-4.4131389,36.7266804]}},{"type":"Feature","properties":{"cat":"educacion"},"geometry":{"type":"Point","coordinates":[-4.4134313,36.726065]}},{"type":"Feature","properties":{"cat":"educacion"},"geometry":{"type":"Point","coordinates":[-4.4178046,36.7303802]}},{"type":"Feature","properties":{"cat":"educacion"},"geometry":{"type":"Point","coordinates":[-4.4158785,36.7318126]}},{"type":"Feature","properties":{"cat":"educacion"},"geometry":{"type":"Point","coordinates":[-4.4212644,36.7249903]}},{"type":"Feature","properties":{"cat":"educacion"},"geometry":{"type":"Point","coordinates":[-4.4236852,36.7300634]}},{"type":"Feature","properties":{"cat":"educacion"},"geometry":{"type":"Point","coordinates":[-4.4107633,36.7278095]}},{"type":"Feature","properties":{"cat":"educacion"},"geometry":{"type":"Point","coordinates":[-4.4818943,36.7315276]}},{"type":"Feature","properties":{"cat":"educacion"},"geometry":{"type":"Point","coordinates":[-4.4758322,36.7407679]}},{"type":"Feature","properties":{"cat":"educacion"},"geometry":{"type":"Point","coordinates":[-4.4834676,36.7452509]}},{"type":"Feature","properties":{"cat":"educacion"},"geometry":{"type":"Point","coordinates":[-4.4896581,36.7469215]}},{"type":"Feature","properties":{"cat":"educacion"},"geometry":{"type":"Point","coordinates":[-4.3981698,36.7272004]}},{"type":"Feature","properties":{"cat":"educacion"},"geometry":{"type":"Point","coordinates":[-4.3986366,36.7275139]}},{"type":"Feature","properties":{"cat":"educacion"},"geometry":{"type":"Point","coordinates":[-4.4678667,36.7159251]}},{"type":"Feature","properties":{"cat":"educacion"},"geometry":{"type":"Point","coordinates":[-4.4044461,36.7218637]}},{"type":"Feature","properties":{"cat":"educacion"},"geometry":{"type":"Point","coordinates":[-4.4183691,36.7265545]}},{"type":"Feature","properties":{"cat":"educacion"},"geometry":{"type":"Point","coordinates":[-4.4421661,36.7242483]}},{"type":"Feature","properties":{"cat":"educacion"},"geometry":{"type":"Point","coordinates":[-4.4501703,36.6991222]}},{"type":"Feature","properties":{"cat":"educacion"},"geometry":{"type":"Point","coordinates":[-4.4320679,36.7230091]}},{"type":"Feature","properties":{"cat":"educacion"},"geometry":{"type":"Point","coordinates":[-4.4303965,36.7193366]}},{"type":"Feature","properties":{"cat":"educacion"},"geometry":{"type":"Point","coordinates":[-4.426508,36.719661]}},{"type":"Feature","properties":{"cat":"educacion"},"geometry":{"type":"Point","coordinates":[-4.4350693,36.7196055]}},{"type":"Feature","properties":{"cat":"educacion"},"geometry":{"type":"Point","coordinates":[-4.4365263,36.719922]}},{"type":"Feature","properties":{"cat":"educacion"},"geometry":{"type":"Point","coordinates":[-4.3722902,36.7227946]}},{"type":"Feature","properties":{"cat":"educacion"},"geometry":{"type":"Point","coordinates":[-4.4477326,36.7321697]}},{"type":"Feature","properties":{"cat":"educacion"},"geometry":{"type":"Point","coordinates":[-4.4483344,36.7312682]}},{"type":"Feature","properties":{"cat":"educacion"},"geometry":{"type":"Point","coordinates":[-4.4477208,36.7260735]}},{"type":"Feature","properties":{"cat":"educacion"},"geometry":{"type":"Point","coordinates":[-4.4449075,36.7236983]}},{"type":"Feature","properties":{"cat":"educacion"},"geometry":{"type":"Point","coordinates":[-4.4491851,36.7240689]}},{"type":"Feature","properties":{"cat":"educacion"},"geometry":{"type":"Point","coordinates":[-4.425104,36.7129694]}},{"type":"Feature","properties":{"cat":"educacion"},"geometry":{"type":"Point","coordinates":[-4.4466906,36.7190948]}},{"type":"Feature","properties":{"cat":"educacion"},"geometry":{"type":"Point","coordinates":[-4.4183352,36.7284365]}},{"type":"Feature","properties":{"cat":"educacion"},"geometry":{"type":"Point","coordinates":[-4.4189165,36.7289965]}},{"type":"Feature","properties":{"cat":"educacion"},"geometry":{"type":"Point","coordinates":[-4.4661895,36.7286563]}},{"type":"Feature","properties":{"cat":"educacion"},"geometry":{"type":"Point","coordinates":[-4.4428347,36.6969601]}},{"type":"Feature","properties":{"cat":"educacion"},"geometry":{"type":"Point","coordinates":[-4.4390389,36.7026431]}},{"type":"Feature","properties":{"cat":"educacion"},"geometry":{"type":"Point","coordinates":[-4.4423488,36.7077127]}},{"type":"Feature","properties":{"cat":"educacion"},"geometry":{"type":"Point","coordinates":[-4.4590025,36.698186]}},{"type":"Feature","properties":{"cat":"educacion"},"geometry":{"type":"Point","coordinates":[-4.3616946,36.7225672]}},{"type":"Feature","properties":{"cat":"educacion"},"geometry":{"type":"Point","coordinates":[-4.3685588,36.7239985]}},{"type":"Feature","properties":{"cat":"educacion"},"geometry":{"type":"Point","coordinates":[-4.3702809,36.7232159]}},{"type":"Feature","properties":{"cat":"educacion"},"geometry":{"type":"Point","coordinates":[-4.4224486,36.7198826]}},{"type":"Feature","properties":{"cat":"educacion"},"geometry":{"type":"Point","coordinates":[-4.4343827,36.7082995]}},{"type":"Feature","properties":{"cat":"educacion"},"geometry":{"type":"Point","coordinates":[-4.440753,36.7020773]}},{"type":"Feature","properties":{"cat":"educacion"},"geometry":{"type":"Point","coordinates":[-4.4536027,36.71775]}},{"type":"Feature","properties":{"cat":"educacion"},"geometry":{"type":"Point","coordinates":[-4.4096781,36.7339468]}},{"type":"Feature","properties":{"cat":"educacion"},"geometry":{"type":"Point","coordinates":[-4.4227605,36.7411577]}},{"type":"Feature","properties":{"cat":"educacion"},"geometry":{"type":"Point","coordinates":[-4.4504294,36.7117908]}},{"type":"Feature","properties":{"cat":"educacion"},"geometry":{"type":"Point","coordinates":[-4.4893826,36.7092629]}},{"type":"Feature","properties":{"cat":"educacion"},"geometry":{"type":"Point","coordinates":[-4.4504064,36.7123753]}},{"type":"Feature","properties":{"cat":"educacion"},"geometry":{"type":"Point","coordinates":[-4.4805212,36.7255522]}},{"type":"Feature","properties":{"cat":"educacion"},"geometry":{"type":"Point","coordinates":[-4.4816534,36.7255049]}},{"type":"Feature","properties":{"cat":"educacion"},"geometry":{"type":"Point","coordinates":[-4.4734556,36.7296821]}},{"type":"Feature","properties":{"cat":"educacion"},"geometry":{"type":"Point","coordinates":[-4.4234538,36.7365543]}},{"type":"Feature","properties":{"cat":"educacion"},"geometry":{"type":"Point","coordinates":[-4.4232559,36.7371944]}},{"type":"Feature","properties":{"cat":"educacion"},"geometry":{"type":"Point","coordinates":[-4.4217734,36.7483382]}},{"type":"Feature","properties":{"cat":"educacion"},"geometry":{"type":"Point","coordinates":[-4.4503134,36.7276838]}},{"type":"Feature","properties":{"cat":"educacion"},"geometry":{"type":"Point","coordinates":[-4.469753,36.7310444]}},{"type":"Feature","properties":{"cat":"educacion"},"geometry":{"type":"Point","coordinates":[-4.4148688,36.7320567]}},{"type":"Feature","properties":{"cat":"educacion"},"geometry":{"type":"Point","coordinates":[-4.3682836,36.7249723]}},{"type":"Feature","properties":{"cat":"educacion"},"geometry":{"type":"Point","coordinates":[-4.3617606,36.7199868]}},{"type":"Feature","properties":{"cat":"educacion"},"geometry":{"type":"Point","coordinates":[-4.3733916,36.7323046]}},{"type":"Feature","properties":{"cat":"educacion"},"geometry":{"type":"Point","coordinates":[-4.4157377,36.7281419]}},{"type":"Feature","properties":{"cat":"educacion"},"geometry":{"type":"Point","coordinates":[-4.4536005,36.7110836]}},{"type":"Feature","properties":{"cat":"educacion"},"geometry":{"type":"Point","coordinates":[-4.4525637,36.7119254]}},{"type":"Feature","properties":{"cat":"educacion"},"geometry":{"type":"Point","coordinates":[-4.3651639,36.7194424]}},{"type":"Feature","properties":{"cat":"educacion"},"geometry":{"type":"Point","coordinates":[-4.3616846,36.7206397]}},{"type":"Feature","properties":{"cat":"educacion"},"geometry":{"type":"Point","coordinates":[-4.372916,36.7226264]}},{"type":"Feature","properties":{"cat":"educacion"},"geometry":{"type":"Point","coordinates":[-4.381702,36.7408394]}},{"type":"Feature","properties":{"cat":"educacion"},"geometry":{"type":"Point","coordinates":[-4.3814514,36.7387753]}},{"type":"Feature","properties":{"cat":"educacion"},"geometry":{"type":"Point","coordinates":[-4.382672,36.7296507]}},{"type":"Feature","properties":{"cat":"educacion"},"geometry":{"type":"Point","coordinates":[-4.3858849,36.7276924]}},{"type":"Feature","properties":{"cat":"educacion"},"geometry":{"type":"Point","coordinates":[-4.4413992,36.6998447]}},{"type":"Feature","properties":{"cat":"educacion"},"geometry":{"type":"Point","coordinates":[-4.368531,36.7227597]}},{"type":"Feature","properties":{"cat":"educacion"},"geometry":{"type":"Point","coordinates":[-4.3784851,36.7223357]}},{"type":"Feature","properties":{"cat":"educacion"},"geometry":{"type":"Point","coordinates":[-4.3699065,36.7257962]}},{"type":"Feature","properties":{"cat":"educacion"},"geometry":{"type":"Point","coordinates":[-4.3778935,36.7256225]}},{"type":"Feature","properties":{"cat":"educacion"},"geometry":{"type":"Point","coordinates":[-4.3736478,36.7285922]}},{"type":"Feature","properties":{"cat":"educacion"},"geometry":{"type":"Point","coordinates":[-4.4010359,36.7216009]}},{"type":"Feature","properties":{"cat":"educacion"},"geometry":{"type":"Point","coordinates":[-4.4544937,36.689466]}},{"type":"Feature","properties":{"cat":"educacion"},"geometry":{"type":"Point","coordinates":[-4.4594406,36.6977927]}},{"type":"Feature","properties":{"cat":"educacion"},"geometry":{"type":"Point","coordinates":[-4.4469682,36.6960576]}},{"type":"Feature","properties":{"cat":"educacion"},"geometry":{"type":"Point","coordinates":[-4.4282372,36.7271995]}},{"type":"Feature","properties":{"cat":"educacion"},"geometry":{"type":"Point","coordinates":[-4.4295427,36.7355218]}},{"type":"Feature","properties":{"cat":"educacion"},"geometry":{"type":"Point","coordinates":[-4.4507071,36.6868553]}},{"type":"Feature","properties":{"cat":"educacion"},"geometry":{"type":"Point","coordinates":[-4.4842636,36.7216126]}},{"type":"Feature","properties":{"cat":"educacion"},"geometry":{"type":"Point","coordinates":[-4.4361554,36.7022708]}},{"type":"Feature","properties":{"cat":"educacion"},"geometry":{"type":"Point","coordinates":[-4.4520914,36.7081742]}},{"type":"Feature","properties":{"cat":"educacion"},"geometry":{"type":"Point","coordinates":[-4.4547095,36.6955438]}},{"type":"Feature","properties":{"cat":"educacion"},"geometry":{"type":"Point","coordinates":[-4.4515892,36.6970634]}},{"type":"Feature","properties":{"cat":"educacion"},"geometry":{"type":"Point","coordinates":[-4.4538082,36.6997421]}},{"type":"Feature","properties":{"cat":"educacion"},"geometry":{"type":"Point","coordinates":[-4.4402441,36.7048298]}},{"type":"Feature","properties":{"cat":"educacion"},"geometry":{"type":"Point","coordinates":[-4.4231168,36.7466727]}},{"type":"Feature","properties":{"cat":"educacion"},"geometry":{"type":"Point","coordinates":[-4.4267052,36.7361391]}},{"type":"Feature","properties":{"cat":"educacion"},"geometry":{"type":"Point","coordinates":[-4.411829,36.7337753]}},{"type":"Feature","properties":{"cat":"educacion"},"geometry":{"type":"Point","coordinates":[-4.4059897,36.7222583]}},{"type":"Feature","properties":{"cat":"educacion"},"geometry":{"type":"Point","coordinates":[-4.413059,36.730065]}},{"type":"Feature","properties":{"cat":"educacion"},"geometry":{"type":"Point","coordinates":[-4.4009713,36.7222236]}},{"type":"Feature","properties":{"cat":"educacion"},"geometry":{"type":"Point","coordinates":[-4.4048814,36.7223224]}},{"type":"Feature","properties":{"cat":"educacion"},"geometry":{"type":"Point","coordinates":[-4.4196448,36.7416105]}},{"type":"Feature","properties":{"cat":"educacion"},"geometry":{"type":"Point","coordinates":[-4.4499965,36.7162739]}},{"type":"Feature","properties":{"cat":"educacion"},"geometry":{"type":"Point","coordinates":[-4.4558251,36.7121513]}},{"type":"Feature","properties":{"cat":"educacion"},"geometry":{"type":"Point","coordinates":[-4.4655251,36.7317207]}},{"type":"Feature","properties":{"cat":"educacion"},"geometry":{"type":"Point","coordinates":[-4.4218786,36.7296672]}},{"type":"Feature","properties":{"cat":"educacion"},"geometry":{"type":"Point","coordinates":[-4.4277188,36.7421923]}},{"type":"Feature","properties":{"cat":"educacion"},"geometry":{"type":"Point","coordinates":[-4.4278354,36.7406973]}},{"type":"Feature","properties":{"cat":"educacion"},"geometry":{"type":"Point","coordinates":[-4.4306126,36.7397117]}},{"type":"Feature","properties":{"cat":"educacion"},"geometry":{"type":"Point","coordinates":[-4.4680183,36.7097915]}},{"type":"Feature","properties":{"cat":"educacion"},"geometry":{"type":"Point","coordinates":[-4.4333093,36.7314599]}},{"type":"Feature","properties":{"cat":"educacion"},"geometry":{"type":"Point","coordinates":[-4.4223459,36.7216641]}},{"type":"Feature","properties":{"cat":"educacion"},"geometry":{"type":"Point","coordinates":[-4.4414925,36.7270572]}},{"type":"Feature","properties":{"cat":"educacion"},"geometry":{"type":"Point","coordinates":[-4.4162925,36.7325164]}},{"type":"Feature","properties":{"cat":"educacion"},"geometry":{"type":"Point","coordinates":[-4.4819417,36.735977]}},{"type":"Feature","properties":{"cat":"educacion"},"geometry":{"type":"Point","coordinates":[-4.4697402,36.7319997]}},{"type":"Feature","properties":{"cat":"educacion"},"geometry":{"type":"Point","coordinates":[-4.459833,36.7249066]}},{"type":"Feature","properties":{"cat":"educacion"},"geometry":{"type":"Point","coordinates":[-4.3628384,36.7241636]}},{"type":"Feature","properties":{"cat":"educacion"},"geometry":{"type":"Point","coordinates":[-4.4683941,36.72617]}},{"type":"Feature","properties":{"cat":"educacion"},"geometry":{"type":"Point","coordinates":[-4.4682068,36.7109042]}},{"type":"Feature","properties":{"cat":"educacion"},"geometry":{"type":"Point","coordinates":[-4.4196254,36.7305128]}},{"type":"Feature","properties":{"cat":"educacion"},"geometry":{"type":"Point","coordinates":[-4.4519496,36.7231527]}},{"type":"Feature","properties":{"cat":"educacion"},"geometry":{"type":"Point","coordinates":[-4.4575849,36.7245566]}},{"type":"Feature","properties":{"cat":"educacion"},"geometry":{"type":"Point","coordinates":[-4.4447912,36.7189044]}},{"type":"Feature","properties":{"cat":"educacion"},"geometry":{"type":"Point","coordinates":[-4.4303581,36.7246016]}},{"type":"Feature","properties":{"cat":"educacion"},"geometry":{"type":"Point","coordinates":[-4.4343148,36.7302153]}},{"type":"Feature","properties":{"cat":"educacion"},"geometry":{"type":"Point","coordinates":[-4.4350116,36.7308663]}},{"type":"Feature","properties":{"cat":"educacion"},"geometry":{"type":"Point","coordinates":[-4.4377353,36.7289885]}},{"type":"Feature","properties":{"cat":"educacion"},"geometry":{"type":"Point","coordinates":[-4.4339296,36.7228815]}},{"type":"Feature","properties":{"cat":"educacion"},"geometry":{"type":"Point","coordinates":[-4.4342813,36.7221519]}},{"type":"Feature","properties":{"cat":"educacion"},"geometry":{"type":"Point","coordinates":[-4.4345469,36.722129]}},{"type":"Feature","properties":{"cat":"educacion"},"geometry":{"type":"Point","coordinates":[-4.4695107,36.6874933]}},{"type":"Feature","properties":{"cat":"educacion"},"geometry":{"type":"Point","coordinates":[-4.4569795,36.6830269]}},{"type":"Feature","properties":{"cat":"educacion"},"geometry":{"type":"Point","coordinates":[-4.4829152,36.7410156]}},{"type":"Feature","properties":{"cat":"educacion"},"geometry":{"type":"Point","coordinates":[-4.4188496,36.7369279]}},{"type":"Feature","properties":{"cat":"educacion"},"geometry":{"type":"Point","coordinates":[-4.4205065,36.7387963]}},{"type":"Feature","properties":{"cat":"educacion"},"geometry":{"type":"Point","coordinates":[-4.4334693,36.723131]}},{"type":"Feature","properties":{"cat":"educacion"},"geometry":{"type":"Point","coordinates":[-4.4586109,36.7037356]}},{"type":"Feature","properties":{"cat":"educacion"},"geometry":{"type":"Point","coordinates":[-4.4563196,36.6942966]}},{"type":"Feature","properties":{"cat":"educacion"},"geometry":{"type":"Point","coordinates":[-4.4236475,36.7482277]}},{"type":"Feature","properties":{"cat":"educacion"},"geometry":{"type":"Point","coordinates":[-4.4245248,36.74902]}},{"type":"Feature","properties":{"cat":"comercio"},"geometry":{"type":"Point","coordinates":[-4.3600568,36.7218878]}},{"type":"Feature","properties":{"cat":"comercio"},"geometry":{"type":"Point","coordinates":[-4.4511056,36.6903432]}},{"type":"Feature","properties":{"cat":"comercio"},"geometry":{"type":"Point","coordinates":[-4.4177995,36.7245395]}},{"type":"Feature","properties":{"cat":"comercio"},"geometry":{"type":"Point","coordinates":[-4.4815404,36.7396111]}},{"type":"Feature","properties":{"cat":"comercio"},"geometry":{"type":"Point","coordinates":[-4.4360048,36.7212886]}},{"type":"Feature","properties":{"cat":"comercio"},"geometry":{"type":"Point","coordinates":[-4.4249223,36.7152894]}},{"type":"Feature","properties":{"cat":"comercio"},"geometry":{"type":"Point","coordinates":[-4.4199932,36.7232441]}},{"type":"Feature","properties":{"cat":"comercio"},"geometry":{"type":"Point","coordinates":[-4.4321976,36.7350167]}},{"type":"Feature","properties":{"cat":"comercio"},"geometry":{"type":"Point","coordinates":[-4.44014,36.7296948]}},{"type":"Feature","properties":{"cat":"comercio"},"geometry":{"type":"Point","coordinates":[-4.4393187,36.7291399]}},{"type":"Feature","properties":{"cat":"comercio"},"geometry":{"type":"Point","coordinates":[-4.4419928,36.7291813]}},{"type":"Feature","properties":{"cat":"comercio"},"geometry":{"type":"Point","coordinates":[-4.3600135,36.7205153]}},{"type":"Feature","properties":{"cat":"comercio"},"geometry":{"type":"Point","coordinates":[-4.4246224,36.7209451]}},{"type":"Feature","properties":{"cat":"comercio"},"geometry":{"type":"Point","coordinates":[-4.4382185,36.7275418]}},{"type":"Feature","properties":{"cat":"comercio"},"geometry":{"type":"Point","coordinates":[-4.363356,36.7217901]}},{"type":"Feature","properties":{"cat":"comercio"},"geometry":{"type":"Point","coordinates":[-4.3614699,36.7210429]}},{"type":"Feature","properties":{"cat":"comercio"},"geometry":{"type":"Point","coordinates":[-4.365688,36.7223203]}},{"type":"Feature","properties":{"cat":"comercio"},"geometry":{"type":"Point","coordinates":[-4.4528508,36.6956025]}},{"type":"Feature","properties":{"cat":"comercio"},"geometry":{"type":"Point","coordinates":[-4.4575963,36.6841796]}},{"type":"Feature","properties":{"cat":"comercio"},"geometry":{"type":"Point","coordinates":[-4.4447931,36.7032205]}},{"type":"Feature","properties":{"cat":"comercio"},"geometry":{"type":"Point","coordinates":[-4.4387478,36.7055788]}},{"type":"Feature","properties":{"cat":"comercio"},"geometry":{"type":"Point","coordinates":[-4.4342382,36.7086372]}},{"type":"Feature","properties":{"cat":"comercio"},"geometry":{"type":"Point","coordinates":[-4.4371191,36.7067728]}},{"type":"Feature","properties":{"cat":"comercio"},"geometry":{"type":"Point","coordinates":[-4.4379903,36.7056727]}},{"type":"Feature","properties":{"cat":"comercio"},"geometry":{"type":"Point","coordinates":[-4.3629163,36.7201407]}},{"type":"Feature","properties":{"cat":"comercio"},"geometry":{"type":"Point","coordinates":[-4.4096966,36.7200631]}},{"type":"Feature","properties":{"cat":"comercio"},"geometry":{"type":"Point","coordinates":[-4.4188337,36.7220264]}},{"type":"Feature","properties":{"cat":"comercio"},"geometry":{"type":"Point","coordinates":[-4.4287183,36.7214904]}},{"type":"Feature","properties":{"cat":"comercio"},"geometry":{"type":"Point","coordinates":[-4.4113283,36.7180152]}},{"type":"Feature","properties":{"cat":"comercio"},"geometry":{"type":"Point","coordinates":[-4.4545991,36.6923536]}},{"type":"Feature","properties":{"cat":"comercio"},"geometry":{"type":"Point","coordinates":[-4.4435169,36.7091053]}},{"type":"Feature","properties":{"cat":"comercio"},"geometry":{"type":"Point","coordinates":[-4.4429268,36.7089069]}},{"type":"Feature","properties":{"cat":"comercio"},"geometry":{"type":"Point","coordinates":[-4.4438979,36.7090771]}},{"type":"Feature","properties":{"cat":"comercio"},"geometry":{"type":"Point","coordinates":[-4.4417842,36.709709]}},{"type":"Feature","properties":{"cat":"comercio"},"geometry":{"type":"Point","coordinates":[-4.4052919,36.721032]}},{"type":"Feature","properties":{"cat":"comercio"},"geometry":{"type":"Point","coordinates":[-4.4383437,36.7183662]}},{"type":"Feature","properties":{"cat":"comercio"},"geometry":{"type":"Point","coordinates":[-4.4504872,36.7225718]}},{"type":"Feature","properties":{"cat":"comercio"},"geometry":{"type":"Point","coordinates":[-4.4474303,36.6910341]}},{"type":"Feature","properties":{"cat":"comercio"},"geometry":{"type":"Point","coordinates":[-4.4404038,36.7119013]}},{"type":"Feature","properties":{"cat":"comercio"},"geometry":{"type":"Point","coordinates":[-4.4100479,36.7194835]}},{"type":"Feature","properties":{"cat":"comercio"},"geometry":{"type":"Point","coordinates":[-4.4628666,36.7166827]}},{"type":"Feature","properties":{"cat":"comercio"},"geometry":{"type":"Point","coordinates":[-4.4554387,36.7090526]}},{"type":"Feature","properties":{"cat":"comercio"},"geometry":{"type":"Point","coordinates":[-4.4299181,36.7201442]}},{"type":"Feature","properties":{"cat":"comercio"},"geometry":{"type":"Point","coordinates":[-4.4282198,36.729555]}},{"type":"Feature","properties":{"cat":"comercio"},"geometry":{"type":"Point","coordinates":[-4.3966189,36.7235729]}},{"type":"Feature","properties":{"cat":"comercio"},"geometry":{"type":"Point","coordinates":[-4.3964584,36.7304209]}},{"type":"Feature","properties":{"cat":"comercio"},"geometry":{"type":"Point","coordinates":[-4.4026975,36.7304701]}},{"type":"Feature","properties":{"cat":"comercio"},"geometry":{"type":"Point","coordinates":[-4.4494747,36.7137017]}},{"type":"Feature","properties":{"cat":"comercio"},"geometry":{"type":"Point","coordinates":[-4.3647373,36.7200145]}},{"type":"Feature","properties":{"cat":"comercio"},"geometry":{"type":"Point","coordinates":[-4.4202831,36.7277987]}},{"type":"Feature","properties":{"cat":"comercio"},"geometry":{"type":"Point","coordinates":[-4.4175277,36.7317175]}},{"type":"Feature","properties":{"cat":"comercio"},"geometry":{"type":"Point","coordinates":[-4.415346,36.7312195]}},{"type":"Feature","properties":{"cat":"comercio"},"geometry":{"type":"Point","coordinates":[-4.4151128,36.7250576]}},{"type":"Feature","properties":{"cat":"comercio"},"geometry":{"type":"Point","coordinates":[-4.4151709,36.7249803]}},{"type":"Feature","properties":{"cat":"comercio"},"geometry":{"type":"Point","coordinates":[-4.4159936,36.7239461]}},{"type":"Feature","properties":{"cat":"comercio"},"geometry":{"type":"Point","coordinates":[-4.4147898,36.7291928]}},{"type":"Feature","properties":{"cat":"comercio"},"geometry":{"type":"Point","coordinates":[-4.4216589,36.7347614]}},{"type":"Feature","properties":{"cat":"comercio"},"geometry":{"type":"Point","coordinates":[-4.4215484,36.7347835]}},{"type":"Feature","properties":{"cat":"comercio"},"geometry":{"type":"Point","coordinates":[-4.4122691,36.7271555]}},{"type":"Feature","properties":{"cat":"comercio"},"geometry":{"type":"Point","coordinates":[-4.4116264,36.7269466]}},{"type":"Feature","properties":{"cat":"comercio"},"geometry":{"type":"Point","coordinates":[-4.4158813,36.7293088]}},{"type":"Feature","properties":{"cat":"comercio"},"geometry":{"type":"Point","coordinates":[-4.4159928,36.7292911]}},{"type":"Feature","properties":{"cat":"comercio"},"geometry":{"type":"Point","coordinates":[-4.4124622,36.7273241]}},{"type":"Feature","properties":{"cat":"comercio"},"geometry":{"type":"Point","coordinates":[-4.4121912,36.7271704]}},{"type":"Feature","properties":{"cat":"comercio"},"geometry":{"type":"Point","coordinates":[-4.4151529,36.7296465]}},{"type":"Feature","properties":{"cat":"comercio"},"geometry":{"type":"Point","coordinates":[-4.4131112,36.7271465]}},{"type":"Feature","properties":{"cat":"comercio"},"geometry":{"type":"Point","coordinates":[-4.415614,36.7324264]}},{"type":"Feature","properties":{"cat":"comercio"},"geometry":{"type":"Point","coordinates":[-4.4149084,36.7304397]}},{"type":"Feature","properties":{"cat":"comercio"},"geometry":{"type":"Point","coordinates":[-4.4154071,36.7327585]}},{"type":"Feature","properties":{"cat":"comercio"},"geometry":{"type":"Point","coordinates":[-4.4176519,36.7321701]}},{"type":"Feature","properties":{"cat":"comercio"},"geometry":{"type":"Point","coordinates":[-4.4160214,36.732961]}},{"type":"Feature","properties":{"cat":"comercio"},"geometry":{"type":"Point","coordinates":[-4.4194475,36.7302601]}},{"type":"Feature","properties":{"cat":"comercio"},"geometry":{"type":"Point","coordinates":[-4.4193439,36.7303409]}},{"type":"Feature","properties":{"cat":"comercio"},"geometry":{"type":"Point","coordinates":[-4.4192403,36.7304222]}},{"type":"Feature","properties":{"cat":"comercio"},"geometry":{"type":"Point","coordinates":[-4.4192722,36.7306895]}},{"type":"Feature","properties":{"cat":"comercio"},"geometry":{"type":"Point","coordinates":[-4.4183461,36.7313771]}},{"type":"Feature","properties":{"cat":"comercio"},"geometry":{"type":"Point","coordinates":[-4.4181545,36.7315153]}},{"type":"Feature","properties":{"cat":"comercio"},"geometry":{"type":"Point","coordinates":[-4.3966265,36.7310382]}},{"type":"Feature","properties":{"cat":"comercio"},"geometry":{"type":"Point","coordinates":[-4.3985585,36.7271271]}},{"type":"Feature","properties":{"cat":"comercio"},"geometry":{"type":"Point","coordinates":[-4.3941326,36.7234167]}},{"type":"Feature","properties":{"cat":"comercio"},"geometry":{"type":"Point","coordinates":[-4.3997534,36.722481]}},{"type":"Feature","properties":{"cat":"comercio"},"geometry":{"type":"Point","coordinates":[-4.4104365,36.7178349]}},{"type":"Feature","properties":{"cat":"comercio"},"geometry":{"type":"Point","coordinates":[-4.4107059,36.7190516]}},{"type":"Feature","properties":{"cat":"comercio"},"geometry":{"type":"Point","coordinates":[-4.422603,36.7224387]}},{"type":"Feature","properties":{"cat":"comercio"},"geometry":{"type":"Point","coordinates":[-4.4609008,36.7194943]}},{"type":"Feature","properties":{"cat":"comercio"},"geometry":{"type":"Point","coordinates":[-4.4413017,36.7091223]}},{"type":"Feature","properties":{"cat":"comercio"},"geometry":{"type":"Point","coordinates":[-4.4151185,36.7262742]}},{"type":"Feature","properties":{"cat":"comercio"},"geometry":{"type":"Point","coordinates":[-4.4148282,36.7264883]}},{"type":"Feature","properties":{"cat":"comercio"},"geometry":{"type":"Point","coordinates":[-4.4143144,36.7271099]}},{"type":"Feature","properties":{"cat":"comercio"},"geometry":{"type":"Point","coordinates":[-4.4213423,36.7172751]}},{"type":"Feature","properties":{"cat":"comercio"},"geometry":{"type":"Point","coordinates":[-4.4192932,36.7252838]}},{"type":"Feature","properties":{"cat":"comercio"},"geometry":{"type":"Point","coordinates":[-4.4492884,36.7311558]}},{"type":"Feature","properties":{"cat":"comercio"},"geometry":{"type":"Point","coordinates":[-4.4494892,36.7305828]}},{"type":"Feature","properties":{"cat":"comercio"},"geometry":{"type":"Point","coordinates":[-4.4493165,36.7315954]}},{"type":"Feature","properties":{"cat":"comercio"},"geometry":{"type":"Point","coordinates":[-4.4238859,36.7232079]}},{"type":"Feature","properties":{"cat":"comercio"},"geometry":{"type":"Point","coordinates":[-4.4237672,36.7188174]}},{"type":"Feature","properties":{"cat":"comercio"},"geometry":{"type":"Point","coordinates":[-4.4250556,36.7191896]}},{"type":"Feature","properties":{"cat":"comercio"},"geometry":{"type":"Point","coordinates":[-4.4247733,36.7184541]}},{"type":"Feature","properties":{"cat":"comercio"},"geometry":{"type":"Point","coordinates":[-4.4216913,36.7384188]}},{"type":"Feature","properties":{"cat":"comercio"},"geometry":{"type":"Point","coordinates":[-4.4369423,36.7312726]}},{"type":"Feature","properties":{"cat":"comercio"},"geometry":{"type":"Point","coordinates":[-4.4370671,36.7271457]}},{"type":"Feature","properties":{"cat":"comercio"},"geometry":{"type":"Point","coordinates":[-4.4247456,36.7275159]}},{"type":"Feature","properties":{"cat":"comercio"},"geometry":{"type":"Point","coordinates":[-4.4653351,36.7157293]}},{"type":"Feature","properties":{"cat":"comercio"},"geometry":{"type":"Point","coordinates":[-4.4111082,36.7194364]}},{"type":"Feature","properties":{"cat":"comercio"},"geometry":{"type":"Point","coordinates":[-4.4245166,36.716754]}},{"type":"Feature","properties":{"cat":"comercio"},"geometry":{"type":"Point","coordinates":[-4.4211896,36.7232972]}},{"type":"Feature","properties":{"cat":"comercio"},"geometry":{"type":"Point","coordinates":[-4.4199302,36.7233339]}},{"type":"Feature","properties":{"cat":"comercio"},"geometry":{"type":"Point","coordinates":[-4.3780703,36.7217303]}},{"type":"Feature","properties":{"cat":"comercio"},"geometry":{"type":"Point","coordinates":[-4.4385122,36.7037195]}},{"type":"Feature","properties":{"cat":"comercio"},"geometry":{"type":"Point","coordinates":[-4.4616224,36.709756]}},{"type":"Feature","properties":{"cat":"comercio"},"geometry":{"type":"Point","coordinates":[-4.4324639,36.7088592]}},{"type":"Feature","properties":{"cat":"comercio"},"geometry":{"type":"Point","coordinates":[-4.3805768,36.737632]}},{"type":"Feature","properties":{"cat":"comercio"},"geometry":{"type":"Point","coordinates":[-4.4754934,36.7233398]}},{"type":"Feature","properties":{"cat":"comercio"},"geometry":{"type":"Point","coordinates":[-4.443593,36.727984]}},{"type":"Feature","properties":{"cat":"comercio"},"geometry":{"type":"Point","coordinates":[-4.4182562,36.7230994]}},{"type":"Feature","properties":{"cat":"comercio"},"geometry":{"type":"Point","coordinates":[-4.4200712,36.7297578]}},{"type":"Feature","properties":{"cat":"comercio"},"geometry":{"type":"Point","coordinates":[-4.4307052,36.7125422]}},{"type":"Feature","properties":{"cat":"comercio"},"geometry":{"type":"Point","coordinates":[-4.4323742,36.7123674]}},{"type":"Feature","properties":{"cat":"comercio"},"geometry":{"type":"Point","coordinates":[-4.4461931,36.7022051]}},{"type":"Feature","properties":{"cat":"comercio"},"geometry":{"type":"Point","coordinates":[-4.4285987,36.7259504]}},{"type":"Feature","properties":{"cat":"comercio"},"geometry":{"type":"Point","coordinates":[-4.4288838,36.7261297]}},{"type":"Feature","properties":{"cat":"comercio"},"geometry":{"type":"Point","coordinates":[-4.4829719,36.7228801]}},{"type":"Feature","properties":{"cat":"comercio"},"geometry":{"type":"Point","coordinates":[-4.4652459,36.7153386]}},{"type":"Feature","properties":{"cat":"comercio"},"geometry":{"type":"Point","coordinates":[-4.3812762,36.725592]}},{"type":"Feature","properties":{"cat":"comercio"},"geometry":{"type":"Point","coordinates":[-4.4416683,36.6948522]}},{"type":"Feature","properties":{"cat":"comercio"},"geometry":{"type":"Point","coordinates":[-4.4326175,36.7150615]}},{"type":"Feature","properties":{"cat":"comercio"},"geometry":{"type":"Point","coordinates":[-4.4524256,36.6963599]}},{"type":"Feature","properties":{"cat":"comercio"},"geometry":{"type":"Point","coordinates":[-4.4226461,36.7393896]}},{"type":"Feature","properties":{"cat":"comercio"},"geometry":{"type":"Point","coordinates":[-4.4223806,36.7415101]}},{"type":"Feature","properties":{"cat":"comercio"},"geometry":{"type":"Point","coordinates":[-4.4224059,36.7412479]}},{"type":"Feature","properties":{"cat":"comercio"},"geometry":{"type":"Point","coordinates":[-4.4224886,36.7405592]}},{"type":"Feature","properties":{"cat":"comercio"},"geometry":{"type":"Point","coordinates":[-4.4225733,36.7398368]}},{"type":"Feature","properties":{"cat":"comercio"},"geometry":{"type":"Point","coordinates":[-4.4222377,36.7423242]}},{"type":"Feature","properties":{"cat":"comercio"},"geometry":{"type":"Point","coordinates":[-4.4220396,36.7435574]}},{"type":"Feature","properties":{"cat":"comercio"},"geometry":{"type":"Point","coordinates":[-4.421592,36.74904]}},{"type":"Feature","properties":{"cat":"comercio"},"geometry":{"type":"Point","coordinates":[-4.4214854,36.7488084]}},{"type":"Feature","properties":{"cat":"comercio"},"geometry":{"type":"Point","coordinates":[-4.421557,36.747392]}},{"type":"Feature","properties":{"cat":"comercio"},"geometry":{"type":"Point","coordinates":[-4.4216178,36.746952]}},{"type":"Feature","properties":{"cat":"comercio"},"geometry":{"type":"Point","coordinates":[-4.4142224,36.7265306]}},{"type":"Feature","properties":{"cat":"comercio"},"geometry":{"type":"Point","coordinates":[-4.4560671,36.6834394]}},{"type":"Feature","properties":{"cat":"comercio"},"geometry":{"type":"Point","coordinates":[-4.4512331,36.7193776]}},{"type":"Feature","properties":{"cat":"comercio"},"geometry":{"type":"Point","coordinates":[-4.4375981,36.7302214]}},{"type":"Feature","properties":{"cat":"comercio"},"geometry":{"type":"Point","coordinates":[-4.4378311,36.72316]}},{"type":"Feature","properties":{"cat":"comercio"},"geometry":{"type":"Point","coordinates":[-4.4242769,36.7136531]}},{"type":"Feature","properties":{"cat":"comercio"},"geometry":{"type":"Point","coordinates":[-4.4238853,36.7276847]}},{"type":"Feature","properties":{"cat":"comercio"},"geometry":{"type":"Point","coordinates":[-4.4209782,36.7244585]}},{"type":"Feature","properties":{"cat":"comercio"},"geometry":{"type":"Point","coordinates":[-4.4423966,36.7267862]}},{"type":"Feature","properties":{"cat":"comercio"},"geometry":{"type":"Point","coordinates":[-4.4187006,36.7499787]}},{"type":"Feature","properties":{"cat":"comercio"},"geometry":{"type":"Point","coordinates":[-4.435958,36.7062293]}},{"type":"Feature","properties":{"cat":"comercio"},"geometry":{"type":"Point","coordinates":[-4.4465609,36.6989512]}},{"type":"Feature","properties":{"cat":"comercio"},"geometry":{"type":"Point","coordinates":[-4.4177334,36.7224516]}},{"type":"Feature","properties":{"cat":"comercio"},"geometry":{"type":"Point","coordinates":[-4.4327083,36.724011]}},{"type":"Feature","properties":{"cat":"comercio"},"geometry":{"type":"Point","coordinates":[-4.4290513,36.7199861]}},{"type":"Feature","properties":{"cat":"comercio"},"geometry":{"type":"Point","coordinates":[-4.4729204,36.6988362]}},{"type":"Feature","properties":{"cat":"comercio"},"geometry":{"type":"Point","coordinates":[-4.4724136,36.6988517]}},{"type":"Feature","properties":{"cat":"comercio"},"geometry":{"type":"Point","coordinates":[-4.4883342,36.7088264]}},{"type":"Feature","properties":{"cat":"comercio"},"geometry":{"type":"Point","coordinates":[-4.456276,36.6864886]}},{"type":"Feature","properties":{"cat":"comercio"},"geometry":{"type":"Point","coordinates":[-4.4478663,36.6912436]}},{"type":"Feature","properties":{"cat":"comercio"},"geometry":{"type":"Point","coordinates":[-4.4212398,36.7235092]}},{"type":"Feature","properties":{"cat":"comercio"},"geometry":{"type":"Point","coordinates":[-4.4510368,36.7137232]}},{"type":"Feature","properties":{"cat":"comercio"},"geometry":{"type":"Point","coordinates":[-4.4180301,36.7244106]}},{"type":"Feature","properties":{"cat":"comercio"},"geometry":{"type":"Point","coordinates":[-4.4185734,36.725408]}},{"type":"Feature","properties":{"cat":"comercio"},"geometry":{"type":"Point","coordinates":[-4.4231806,36.7208419]}},{"type":"Feature","properties":{"cat":"comercio"},"geometry":{"type":"Point","coordinates":[-4.4234259,36.7266818]}},{"type":"Feature","properties":{"cat":"comercio"},"geometry":{"type":"Point","coordinates":[-4.4236518,36.7234071]}},{"type":"Feature","properties":{"cat":"comercio"},"geometry":{"type":"Point","coordinates":[-4.4218398,36.7246434]}},{"type":"Feature","properties":{"cat":"comercio"},"geometry":{"type":"Point","coordinates":[-4.4241914,36.720345]}},{"type":"Feature","properties":{"cat":"comercio"},"geometry":{"type":"Point","coordinates":[-4.4286562,36.7130333]}},{"type":"Feature","properties":{"cat":"comercio"},"geometry":{"type":"Point","coordinates":[-4.4113434,36.7178338]}},{"type":"Feature","properties":{"cat":"comercio"},"geometry":{"type":"Point","coordinates":[-4.4109861,36.7181966]}},{"type":"Feature","properties":{"cat":"comercio"},"geometry":{"type":"Point","coordinates":[-4.4392193,36.7051305]}},{"type":"Feature","properties":{"cat":"comercio"},"geometry":{"type":"Point","coordinates":[-4.4786217,36.6895692]}},{"type":"Feature","properties":{"cat":"comercio"},"geometry":{"type":"Point","coordinates":[-4.420453,36.7209554]}},{"type":"Feature","properties":{"cat":"comercio"},"geometry":{"type":"Point","coordinates":[-4.4436693,36.7016668]}},{"type":"Feature","properties":{"cat":"comercio"},"geometry":{"type":"Point","coordinates":[-4.4842403,36.7240141]}},{"type":"Feature","properties":{"cat":"comercio"},"geometry":{"type":"Point","coordinates":[-4.4818073,36.7198924]}},{"type":"Feature","properties":{"cat":"comercio"},"geometry":{"type":"Point","coordinates":[-4.4284652,36.7151988]}},{"type":"Feature","properties":{"cat":"comercio"},"geometry":{"type":"Point","coordinates":[-4.4352222,36.7077926]}},{"type":"Feature","properties":{"cat":"comercio"},"geometry":{"type":"Point","coordinates":[-4.4323467,36.7404711]}},{"type":"Feature","properties":{"cat":"comercio"},"geometry":{"type":"Point","coordinates":[-4.4323439,36.7401372]}},{"type":"Feature","properties":{"cat":"comercio"},"geometry":{"type":"Point","coordinates":[-4.3639953,36.7216477]}},{"type":"Feature","properties":{"cat":"comercio"},"geometry":{"type":"Point","coordinates":[-4.4335039,36.7238312]}},{"type":"Feature","properties":{"cat":"comercio"},"geometry":{"type":"Point","coordinates":[-4.4567122,36.6899092]}},{"type":"Feature","properties":{"cat":"comercio"},"geometry":{"type":"Point","coordinates":[-4.4396931,36.7129385]}},{"type":"Feature","properties":{"cat":"comercio"},"geometry":{"type":"Point","coordinates":[-4.4378204,36.7128395]}},{"type":"Feature","properties":{"cat":"comercio"},"geometry":{"type":"Point","coordinates":[-4.4161212,36.7357584]}},{"type":"Feature","properties":{"cat":"comercio"},"geometry":{"type":"Point","coordinates":[-4.4150934,36.7253496]}},{"type":"Feature","properties":{"cat":"comercio"},"geometry":{"type":"Point","coordinates":[-4.4143497,36.7265978]}},{"type":"Feature","properties":{"cat":"comercio"},"geometry":{"type":"Point","coordinates":[-4.4154695,36.7246119]}},{"type":"Feature","properties":{"cat":"comercio"},"geometry":{"type":"Point","coordinates":[-4.4143747,36.7260107]}},{"type":"Feature","properties":{"cat":"comercio"},"geometry":{"type":"Point","coordinates":[-4.4150354,36.7310155]}},{"type":"Feature","properties":{"cat":"comercio"},"geometry":{"type":"Point","coordinates":[-4.4147154,36.729811]}},{"type":"Feature","properties":{"cat":"comercio"},"geometry":{"type":"Point","coordinates":[-4.4163497,36.7308277]}},{"type":"Feature","properties":{"cat":"comercio"},"geometry":{"type":"Point","coordinates":[-4.4160086,36.7305283]}},{"type":"Feature","properties":{"cat":"comercio"},"geometry":{"type":"Point","coordinates":[-4.4159397,36.729588]}},{"type":"Feature","properties":{"cat":"comercio"},"geometry":{"type":"Point","coordinates":[-4.4162319,36.729798]}},{"type":"Feature","properties":{"cat":"comercio"},"geometry":{"type":"Point","coordinates":[-4.4164501,36.7322646]}},{"type":"Feature","properties":{"cat":"comercio"},"geometry":{"type":"Point","coordinates":[-4.4154496,36.7333345]}},{"type":"Feature","properties":{"cat":"comercio"},"geometry":{"type":"Point","coordinates":[-4.4172839,36.7244925]}},{"type":"Feature","properties":{"cat":"comercio"},"geometry":{"type":"Point","coordinates":[-4.4185702,36.7255869]}},{"type":"Feature","properties":{"cat":"comercio"},"geometry":{"type":"Point","coordinates":[-4.4161835,36.726401]}},{"type":"Feature","properties":{"cat":"comercio"},"geometry":{"type":"Point","coordinates":[-4.4201855,36.7423999]}},{"type":"Feature","properties":{"cat":"comercio"},"geometry":{"type":"Point","coordinates":[-4.433593,36.7213685]}},{"type":"Feature","properties":{"cat":"comercio"},"geometry":{"type":"Point","coordinates":[-4.4356358,36.7224255]}},{"type":"Feature","properties":{"cat":"comercio"},"geometry":{"type":"Point","coordinates":[-4.4358869,36.7227739]}},{"type":"Feature","properties":{"cat":"comercio"},"geometry":{"type":"Point","coordinates":[-4.4156225,36.7453573]}},{"type":"Feature","properties":{"cat":"comercio"},"geometry":{"type":"Point","coordinates":[-4.4171013,36.7461033]}},{"type":"Feature","properties":{"cat":"comercio"},"geometry":{"type":"Point","coordinates":[-4.4440619,36.7014638]}},{"type":"Feature","properties":{"cat":"comercio"},"geometry":{"type":"Point","coordinates":[-4.4233414,36.7203105]}},{"type":"Feature","properties":{"cat":"comercio"},"geometry":{"type":"Point","coordinates":[-4.4420849,36.697181]}},{"type":"Feature","properties":{"cat":"comercio"},"geometry":{"type":"Point","coordinates":[-4.4420034,36.7017248]}},{"type":"Feature","properties":{"cat":"comercio"},"geometry":{"type":"Point","coordinates":[-4.4384942,36.6959423]}},{"type":"Feature","properties":{"cat":"comercio"},"geometry":{"type":"Point","coordinates":[-4.4441072,36.6938421]}},{"type":"Feature","properties":{"cat":"comercio"},"geometry":{"type":"Point","coordinates":[-4.4439999,36.6980142]}},{"type":"Feature","properties":{"cat":"comercio"},"geometry":{"type":"Point","coordinates":[-4.4454288,36.702074]}},{"type":"Feature","properties":{"cat":"comercio"},"geometry":{"type":"Point","coordinates":[-4.4451326,36.7019426]}},{"type":"Feature","properties":{"cat":"comercio"},"geometry":{"type":"Point","coordinates":[-4.463638,36.728]}},{"type":"Feature","properties":{"cat":"comercio"},"geometry":{"type":"Point","coordinates":[-4.4627186,36.7222939]}},{"type":"Feature","properties":{"cat":"comercio"},"geometry":{"type":"Point","coordinates":[-4.4626253,36.7201939]}},{"type":"Feature","properties":{"cat":"comercio"},"geometry":{"type":"Point","coordinates":[-4.4176492,36.720315]}},{"type":"Feature","properties":{"cat":"comercio"},"geometry":{"type":"Point","coordinates":[-4.3770439,36.7217482]}},{"type":"Feature","properties":{"cat":"comercio"},"geometry":{"type":"Point","coordinates":[-4.4170952,36.732423]}},{"type":"Feature","properties":{"cat":"comercio"},"geometry":{"type":"Point","coordinates":[-4.3761506,36.7226257]}},{"type":"Feature","properties":{"cat":"comercio"},"geometry":{"type":"Point","coordinates":[-4.378094,36.7220501]}},{"type":"Feature","properties":{"cat":"comercio"},"geometry":{"type":"Point","coordinates":[-4.4196852,36.722438]}},{"type":"Feature","properties":{"cat":"comercio"},"geometry":{"type":"Point","coordinates":[-4.4360661,36.7006628]}},{"type":"Feature","properties":{"cat":"comercio"},"geometry":{"type":"Point","coordinates":[-4.4304944,36.713121]}},{"type":"Feature","properties":{"cat":"comercio"},"geometry":{"type":"Point","coordinates":[-4.421611,36.7390877]}},{"type":"Feature","properties":{"cat":"comercio"},"geometry":{"type":"Point","coordinates":[-4.4384563,36.7213317]}},{"type":"Feature","properties":{"cat":"comercio"},"geometry":{"type":"Point","coordinates":[-4.4205009,36.7391496]}},{"type":"Feature","properties":{"cat":"comercio"},"geometry":{"type":"Point","coordinates":[-4.4208025,36.7379496]}},{"type":"Feature","properties":{"cat":"comercio"},"geometry":{"type":"Point","coordinates":[-4.4211979,36.7378219]}},{"type":"Feature","properties":{"cat":"comercio"},"geometry":{"type":"Point","coordinates":[-4.4491053,36.7012516]}},{"type":"Feature","properties":{"cat":"comercio"},"geometry":{"type":"Point","coordinates":[-4.4233253,36.7170967]}},{"type":"Feature","properties":{"cat":"comercio"},"geometry":{"type":"Point","coordinates":[-4.4502374,36.6966713]}},{"type":"Feature","properties":{"cat":"comercio"},"geometry":{"type":"Point","coordinates":[-4.3606951,36.7207862]}},{"type":"Feature","properties":{"cat":"comercio"},"geometry":{"type":"Point","coordinates":[-4.4464052,36.7169097]}},{"type":"Feature","properties":{"cat":"comercio"},"geometry":{"type":"Point","coordinates":[-4.432199,36.7218626]}},{"type":"Feature","properties":{"cat":"comercio"},"geometry":{"type":"Point","coordinates":[-4.4529251,36.7173505]}},{"type":"Feature","properties":{"cat":"comercio"},"geometry":{"type":"Point","coordinates":[-4.424402,36.7273856]}},{"type":"Feature","properties":{"cat":"comercio"},"geometry":{"type":"Point","coordinates":[-4.4221913,36.7349518]}},{"type":"Feature","properties":{"cat":"comercio"},"geometry":{"type":"Point","coordinates":[-4.4247507,36.7177091]}},{"type":"Feature","properties":{"cat":"comercio"},"geometry":{"type":"Point","coordinates":[-4.484236,36.7403582]}},{"type":"Feature","properties":{"cat":"comercio"},"geometry":{"type":"Point","coordinates":[-4.4674959,36.7115251]}},{"type":"Feature","properties":{"cat":"comercio"},"geometry":{"type":"Point","coordinates":[-4.4480356,36.70342]}},{"type":"Feature","properties":{"cat":"comercio"},"geometry":{"type":"Point","coordinates":[-4.434527,36.7364382]}},{"type":"Feature","properties":{"cat":"comercio"},"geometry":{"type":"Point","coordinates":[-4.4378182,36.7022136]}},{"type":"Feature","properties":{"cat":"comercio"},"geometry":{"type":"Point","coordinates":[-4.4298034,36.7138807]}},{"type":"Feature","properties":{"cat":"comercio"},"geometry":{"type":"Point","coordinates":[-4.461486,36.7000729]}},{"type":"Feature","properties":{"cat":"comercio"},"geometry":{"type":"Point","coordinates":[-4.4333035,36.7079547]}},{"type":"Feature","properties":{"cat":"comercio"},"geometry":{"type":"Point","coordinates":[-4.4448455,36.7140489]}},{"type":"Feature","properties":{"cat":"comercio"},"geometry":{"type":"Point","coordinates":[-4.424061,36.7184297]}},{"type":"Feature","properties":{"cat":"comercio"},"geometry":{"type":"Point","coordinates":[-4.422087,36.7463758]}},{"type":"Feature","properties":{"cat":"comercio"},"geometry":{"type":"Point","coordinates":[-4.453753,36.6872353]}},{"type":"Feature","properties":{"cat":"comercio"},"geometry":{"type":"Point","coordinates":[-4.4224331,36.7435238]}},{"type":"Feature","properties":{"cat":"comercio"},"geometry":{"type":"Point","coordinates":[-4.4322741,36.7412004]}},{"type":"Feature","properties":{"cat":"comercio"},"geometry":{"type":"Point","coordinates":[-4.4100296,36.7353841]}},{"type":"Feature","properties":{"cat":"comercio"},"geometry":{"type":"Point","coordinates":[-4.4185811,36.7352318]}},{"type":"Feature","properties":{"cat":"comercio"},"geometry":{"type":"Point","coordinates":[-4.3969247,36.7330976]}},{"type":"Feature","properties":{"cat":"comercio"},"geometry":{"type":"Point","coordinates":[-4.3742475,36.7219167]}},{"type":"Feature","properties":{"cat":"comercio"},"geometry":{"type":"Point","coordinates":[-4.4321266,36.7246486]}},{"type":"Feature","properties":{"cat":"comercio"},"geometry":{"type":"Point","coordinates":[-4.44522,36.7297043]}},{"type":"Feature","properties":{"cat":"comercio"},"geometry":{"type":"Point","coordinates":[-4.445562,36.7299692]}},{"type":"Feature","properties":{"cat":"comercio"},"geometry":{"type":"Point","coordinates":[-4.4498582,36.7202405]}},{"type":"Feature","properties":{"cat":"comercio"},"geometry":{"type":"Point","coordinates":[-4.4678593,36.7313899]}},{"type":"Feature","properties":{"cat":"comercio"},"geometry":{"type":"Point","coordinates":[-4.4480165,36.6973331]}},{"type":"Feature","properties":{"cat":"comercio"},"geometry":{"type":"Point","coordinates":[-4.4889806,36.7419945]}},{"type":"Feature","properties":{"cat":"comercio"},"geometry":{"type":"Point","coordinates":[-4.3748855,36.731391]}},{"type":"Feature","properties":{"cat":"comercio"},"geometry":{"type":"Point","coordinates":[-4.4828927,36.7235182]}},{"type":"Feature","properties":{"cat":"comercio"},"geometry":{"type":"Point","coordinates":[-4.4631583,36.6928487]}},{"type":"Feature","properties":{"cat":"comercio"},"geometry":{"type":"Point","coordinates":[-4.4568433,36.6876312]}},{"type":"Feature","properties":{"cat":"comercio"},"geometry":{"type":"Point","coordinates":[-4.4258666,36.7491406]}},{"type":"Feature","properties":{"cat":"comercio"},"geometry":{"type":"Point","coordinates":[-4.4530158,36.6903927]}},{"type":"Feature","properties":{"cat":"comercio"},"geometry":{"type":"Point","coordinates":[-4.4620054,36.6915095]}},{"type":"Feature","properties":{"cat":"comercio"},"geometry":{"type":"Point","coordinates":[-4.4525719,36.6995633]}},{"type":"Feature","properties":{"cat":"comercio"},"geometry":{"type":"Point","coordinates":[-4.4409567,36.7096653]}},{"type":"Feature","properties":{"cat":"comercio"},"geometry":{"type":"Point","coordinates":[-4.449219,36.7064574]}},{"type":"Feature","properties":{"cat":"comercio"},"geometry":{"type":"Point","coordinates":[-4.4481272,36.7073711]}},{"type":"Feature","properties":{"cat":"comercio"},"geometry":{"type":"Point","coordinates":[-4.45943,36.6861254]}},{"type":"Feature","properties":{"cat":"comercio"},"geometry":{"type":"Point","coordinates":[-4.471061,36.7071819]}},{"type":"Feature","properties":{"cat":"comercio"},"geometry":{"type":"Point","coordinates":[-4.472035,36.7062385]}},{"type":"Feature","properties":{"cat":"comercio"},"geometry":{"type":"Point","coordinates":[-4.4694921,36.705808]}},{"type":"Feature","properties":{"cat":"comercio"},"geometry":{"type":"Point","coordinates":[-4.4716479,36.7097354]}},{"type":"Feature","properties":{"cat":"comercio"},"geometry":{"type":"Point","coordinates":[-4.4700153,36.7059766]}},{"type":"Feature","properties":{"cat":"comercio"},"geometry":{"type":"Point","coordinates":[-4.4131606,36.7185279]}},{"type":"Feature","properties":{"cat":"comercio"},"geometry":{"type":"Point","coordinates":[-4.4707226,36.6932607]}},{"type":"Feature","properties":{"cat":"comercio"},"geometry":{"type":"Point","coordinates":[-4.4713757,36.6879414]}},{"type":"Feature","properties":{"cat":"comercio"},"geometry":{"type":"Point","coordinates":[-4.4186075,36.737515]}},{"type":"Feature","properties":{"cat":"comercio"},"geometry":{"type":"Point","coordinates":[-4.4246628,36.7384834]}},{"type":"Feature","properties":{"cat":"comercio"},"geometry":{"type":"Point","coordinates":[-4.4171377,36.7177941]}},{"type":"Feature","properties":{"cat":"transporte"},"geometry":{"type":"Point","coordinates":[-4.4221946,36.737845]}},{"type":"Feature","properties":{"cat":"transporte"},"geometry":{"type":"Point","coordinates":[-4.4137131,36.7290284]}},{"type":"Feature","properties":{"cat":"transporte"},"geometry":{"type":"Point","coordinates":[-4.4147764,36.7294008]}},{"type":"Feature","properties":{"cat":"transporte"},"geometry":{"type":"Point","coordinates":[-4.4147156,36.7289717]}},{"type":"Feature","properties":{"cat":"transporte"},"geometry":{"type":"Point","coordinates":[-4.4094108,36.7292521]}},{"type":"Feature","properties":{"cat":"transporte"},"geometry":{"type":"Point","coordinates":[-4.4289563,36.7118626]}},{"type":"Feature","properties":{"cat":"transporte"},"geometry":{"type":"Point","coordinates":[-4.4741821,36.716096]}},{"type":"Feature","properties":{"cat":"transporte"},"geometry":{"type":"Point","coordinates":[-4.4739925,36.7161174]}},{"type":"Feature","properties":{"cat":"transporte"},"geometry":{"type":"Point","coordinates":[-4.4736113,36.7161734]}},{"type":"Feature","properties":{"cat":"transporte"},"geometry":{"type":"Point","coordinates":[-4.4704394,36.716625]}},{"type":"Feature","properties":{"cat":"transporte"},"geometry":{"type":"Point","coordinates":[-4.438328,36.7025761]}},{"type":"Feature","properties":{"cat":"transporte"},"geometry":{"type":"Point","coordinates":[-4.4412588,36.7047175]}},{"type":"Feature","properties":{"cat":"transporte"},"geometry":{"type":"Point","coordinates":[-4.4394202,36.7048422]}},{"type":"Feature","properties":{"cat":"transporte"},"geometry":{"type":"Point","coordinates":[-4.443464,36.6949545]}},{"type":"Feature","properties":{"cat":"transporte"},"geometry":{"type":"Point","coordinates":[-4.4484155,36.6975623]}},{"type":"Feature","properties":{"cat":"transporte"},"geometry":{"type":"Point","coordinates":[-4.4461313,36.6916382]}},{"type":"Feature","properties":{"cat":"transporte"},"geometry":{"type":"Point","coordinates":[-4.4446127,36.6936085]}},{"type":"Feature","properties":{"cat":"transporte"},"geometry":{"type":"Point","coordinates":[-4.4444041,36.6935845]}},{"type":"Feature","properties":{"cat":"transporte"},"geometry":{"type":"Point","coordinates":[-4.4526861,36.7230016]}},{"type":"Feature","properties":{"cat":"transporte"},"geometry":{"type":"Point","coordinates":[-4.4493799,36.722472]}},{"type":"Feature","properties":{"cat":"transporte"},"geometry":{"type":"Point","coordinates":[-4.4310061,36.7184298]}},{"type":"Feature","properties":{"cat":"transporte"},"geometry":{"type":"Point","coordinates":[-4.376829,36.722374]}},{"type":"Feature","properties":{"cat":"transporte"},"geometry":{"type":"Point","coordinates":[-4.3723129,36.7224651]}},{"type":"Feature","properties":{"cat":"transporte"},"geometry":{"type":"Point","coordinates":[-4.4392964,36.7024208]}},{"type":"Feature","properties":{"cat":"transporte"},"geometry":{"type":"Point","coordinates":[-4.4404707,36.7025189]}},{"type":"Feature","properties":{"cat":"transporte"},"geometry":{"type":"Point","coordinates":[-4.4529005,36.6940541]}},{"type":"Feature","properties":{"cat":"transporte"},"geometry":{"type":"Point","coordinates":[-4.4558974,36.6916705]}},{"type":"Feature","properties":{"cat":"transporte"},"geometry":{"type":"Point","coordinates":[-4.4633808,36.7180202]}},{"type":"Feature","properties":{"cat":"transporte"},"geometry":{"type":"Point","coordinates":[-4.4401116,36.7107004]}},{"type":"Feature","properties":{"cat":"transporte"},"geometry":{"type":"Point","coordinates":[-4.453026,36.7193474]}},{"type":"Feature","properties":{"cat":"transporte"},"geometry":{"type":"Point","coordinates":[-4.4631058,36.7137412]}},{"type":"Feature","properties":{"cat":"transporte"},"geometry":{"type":"Point","coordinates":[-4.463599,36.7159544]}},{"type":"Feature","properties":{"cat":"transporte"},"geometry":{"type":"Point","coordinates":[-4.4388542,36.716631]}},{"type":"Feature","properties":{"cat":"transporte"},"geometry":{"type":"Point","coordinates":[-4.4645534,36.7177849]}},{"type":"Feature","properties":{"cat":"transporte"},"geometry":{"type":"Point","coordinates":[-4.4737483,36.7137714]}},{"type":"Feature","properties":{"cat":"transporte"},"geometry":{"type":"Point","coordinates":[-4.4508414,36.6959395]}},{"type":"Feature","properties":{"cat":"transporte"},"geometry":{"type":"Point","coordinates":[-4.4453159,36.700274]}},{"type":"Feature","properties":{"cat":"transporte"},"geometry":{"type":"Point","coordinates":[-4.4426979,36.7022735]}},{"type":"Feature","properties":{"cat":"transporte"},"geometry":{"type":"Point","coordinates":[-4.4439912,36.708215]}},{"type":"Feature","properties":{"cat":"transporte"},"geometry":{"type":"Point","coordinates":[-4.4631073,36.7099199]}},{"type":"Feature","properties":{"cat":"transporte"},"geometry":{"type":"Point","coordinates":[-4.4523927,36.7100373]}},{"type":"Feature","properties":{"cat":"transporte"},"geometry":{"type":"Point","coordinates":[-4.4470215,36.7109994]}},{"type":"Feature","properties":{"cat":"transporte"},"geometry":{"type":"Point","coordinates":[-4.4736838,36.732682]}},{"type":"Feature","properties":{"cat":"transporte"},"geometry":{"type":"Point","coordinates":[-4.4323605,36.7116198]}},{"type":"Feature","properties":{"cat":"transporte"},"geometry":{"type":"Point","coordinates":[-4.4831135,36.6925835]}},{"type":"Feature","properties":{"cat":"transporte"},"geometry":{"type":"Point","coordinates":[-4.4887014,36.7179935]}},{"type":"Feature","properties":{"cat":"transporte"},"geometry":{"type":"Point","coordinates":[-4.4315638,36.7097274]}},{"type":"Feature","properties":{"cat":"transporte"},"geometry":{"type":"Point","coordinates":[-4.4270493,36.715862]}},{"type":"Feature","properties":{"cat":"transporte"},"geometry":{"type":"Point","coordinates":[-4.4504617,36.6959704]}},{"type":"Feature","properties":{"cat":"transporte"},"geometry":{"type":"Point","coordinates":[-4.4452409,36.7000625]}},{"type":"Feature","properties":{"cat":"transporte"},"geometry":{"type":"Point","coordinates":[-4.4426787,36.7009474]}},{"type":"Feature","properties":{"cat":"transporte"},"geometry":{"type":"Point","coordinates":[-4.4418166,36.700563]}},{"type":"Feature","properties":{"cat":"transporte"},"geometry":{"type":"Point","coordinates":[-4.4361751,36.7056632]}},{"type":"Feature","properties":{"cat":"transporte"},"geometry":{"type":"Point","coordinates":[-4.4265714,36.7141508]}},{"type":"Feature","properties":{"cat":"transporte"},"geometry":{"type":"Point","coordinates":[-4.4315234,36.7110369]}},{"type":"Feature","properties":{"cat":"transporte"},"geometry":{"type":"Point","coordinates":[-4.4371635,36.706589]}},{"type":"Feature","properties":{"cat":"transporte"},"geometry":{"type":"Point","coordinates":[-4.4132953,36.7201147]}},{"type":"Feature","properties":{"cat":"transporte"},"geometry":{"type":"Point","coordinates":[-4.4162807,36.7195404]}},{"type":"Feature","properties":{"cat":"transporte"},"geometry":{"type":"Point","coordinates":[-4.4301017,36.7152233]}},{"type":"Feature","properties":{"cat":"transporte"},"geometry":{"type":"Point","coordinates":[-4.4377127,36.7130628]}},{"type":"Feature","properties":{"cat":"transporte"},"geometry":{"type":"Point","coordinates":[-4.4401074,36.7121713]}},{"type":"Feature","properties":{"cat":"transporte"},"geometry":{"type":"Point","coordinates":[-4.4336361,36.7135799]}},{"type":"Feature","properties":{"cat":"transporte"},"geometry":{"type":"Point","coordinates":[-4.4422913,36.7120754]}},{"type":"Feature","properties":{"cat":"transporte"},"geometry":{"type":"Point","coordinates":[-4.448152,36.7109981]}},{"type":"Feature","properties":{"cat":"transporte"},"geometry":{"type":"Point","coordinates":[-4.4507459,36.7103731]}},{"type":"Feature","properties":{"cat":"transporte"},"geometry":{"type":"Point","coordinates":[-4.4507196,36.7105803]}},{"type":"Feature","properties":{"cat":"transporte"},"geometry":{"type":"Point","coordinates":[-4.4602477,36.7073822]}},{"type":"Feature","properties":{"cat":"transporte"},"geometry":{"type":"Point","coordinates":[-4.4561871,36.7093767]}},{"type":"Feature","properties":{"cat":"transporte"},"geometry":{"type":"Point","coordinates":[-4.4545497,36.7095535]}},{"type":"Feature","properties":{"cat":"transporte"},"geometry":{"type":"Point","coordinates":[-4.4449852,36.7115696]}},{"type":"Feature","properties":{"cat":"transporte"},"geometry":{"type":"Point","coordinates":[-4.4532227,36.7100367]}},{"type":"Feature","properties":{"cat":"transporte"},"geometry":{"type":"Point","coordinates":[-4.4620804,36.7084725]}},{"type":"Feature","properties":{"cat":"transporte"},"geometry":{"type":"Point","coordinates":[-4.4619153,36.7084959]}},{"type":"Feature","properties":{"cat":"transporte"},"geometry":{"type":"Point","coordinates":[-4.4627707,36.7103925]}},{"type":"Feature","properties":{"cat":"transporte"},"geometry":{"type":"Point","coordinates":[-4.4409529,36.7117366]}},{"type":"Feature","properties":{"cat":"transporte"},"geometry":{"type":"Point","coordinates":[-4.4441088,36.7115471]}},{"type":"Feature","properties":{"cat":"transporte"},"geometry":{"type":"Point","coordinates":[-4.4483791,36.7107795]}},{"type":"Feature","properties":{"cat":"transporte"},"geometry":{"type":"Point","coordinates":[-4.4297692,36.7153083]}},{"type":"Feature","properties":{"cat":"transporte"},"geometry":{"type":"Point","coordinates":[-4.4362264,36.7119152]}},{"type":"Feature","properties":{"cat":"transporte"},"geometry":{"type":"Point","coordinates":[-4.4395671,36.7108891]}},{"type":"Feature","properties":{"cat":"transporte"},"geometry":{"type":"Point","coordinates":[-4.4338766,36.7133328]}},{"type":"Feature","properties":{"cat":"transporte"},"geometry":{"type":"Point","coordinates":[-4.4161607,36.7193363]}},{"type":"Feature","properties":{"cat":"transporte"},"geometry":{"type":"Point","coordinates":[-4.4220755,36.7178866]}},{"type":"Feature","properties":{"cat":"transporte"},"geometry":{"type":"Point","coordinates":[-4.4190461,36.7306642]}},{"type":"Feature","properties":{"cat":"transporte"},"geometry":{"type":"Point","coordinates":[-4.4171907,36.7320442]}},{"type":"Feature","properties":{"cat":"transporte"},"geometry":{"type":"Point","coordinates":[-4.415575,36.7326281]}},{"type":"Feature","properties":{"cat":"transporte"},"geometry":{"type":"Point","coordinates":[-4.4267311,36.7152553]}},{"type":"Feature","properties":{"cat":"transporte"},"geometry":{"type":"Point","coordinates":[-4.4214801,36.7301365]}},{"type":"Feature","properties":{"cat":"transporte"},"geometry":{"type":"Point","coordinates":[-4.4235805,36.7357533]}},{"type":"Feature","properties":{"cat":"transporte"},"geometry":{"type":"Point","coordinates":[-4.4143337,36.7200816]}},{"type":"Feature","properties":{"cat":"transporte"},"geometry":{"type":"Point","coordinates":[-4.4204843,36.7295598]}},{"type":"Feature","properties":{"cat":"transporte"},"geometry":{"type":"Point","coordinates":[-4.4167157,36.7232683]}},{"type":"Feature","properties":{"cat":"transporte"},"geometry":{"type":"Point","coordinates":[-4.4140758,36.7270065]}},{"type":"Feature","properties":{"cat":"transporte"},"geometry":{"type":"Point","coordinates":[-4.4223279,36.7340455]}},{"type":"Feature","properties":{"cat":"transporte"},"geometry":{"type":"Point","coordinates":[-4.4218504,36.7324215]}},{"type":"Feature","properties":{"cat":"transporte"},"geometry":{"type":"Point","coordinates":[-4.4466073,36.7023994]}},{"type":"Feature","properties":{"cat":"transporte"},"geometry":{"type":"Point","coordinates":[-4.4290224,36.7130298]}},{"type":"Feature","properties":{"cat":"transporte"},"geometry":{"type":"Point","coordinates":[-4.4344363,36.7087482]}},{"type":"Feature","properties":{"cat":"transporte"},"geometry":{"type":"Point","coordinates":[-4.4496283,36.7014772]}},{"type":"Feature","properties":{"cat":"transporte"},"geometry":{"type":"Point","coordinates":[-4.4581935,36.6966723]}},{"type":"Feature","properties":{"cat":"transporte"},"geometry":{"type":"Point","coordinates":[-4.4584816,36.6967817]}},{"type":"Feature","properties":{"cat":"transporte"},"geometry":{"type":"Point","coordinates":[-4.4555879,36.6983287]}},{"type":"Feature","properties":{"cat":"transporte"},"geometry":{"type":"Point","coordinates":[-4.4517242,36.7004853]}},{"type":"Feature","properties":{"cat":"transporte"},"geometry":{"type":"Point","coordinates":[-4.4568459,36.6976519]}},{"type":"Feature","properties":{"cat":"transporte"},"geometry":{"type":"Point","coordinates":[-4.4563185,36.6977255]}},{"type":"Feature","properties":{"cat":"transporte"},"geometry":{"type":"Point","coordinates":[-4.4542709,36.6990877]}},{"type":"Feature","properties":{"cat":"transporte"},"geometry":{"type":"Point","coordinates":[-4.4413801,36.7183254]}},{"type":"Feature","properties":{"cat":"transporte"},"geometry":{"type":"Point","coordinates":[-4.4472016,36.7187864]}},{"type":"Feature","properties":{"cat":"transporte"},"geometry":{"type":"Point","coordinates":[-4.4483336,36.7190894]}},{"type":"Feature","properties":{"cat":"transporte"},"geometry":{"type":"Point","coordinates":[-4.4388892,36.7181392]}},{"type":"Feature","properties":{"cat":"transporte"},"geometry":{"type":"Point","coordinates":[-4.4391664,36.7183637]}},{"type":"Feature","properties":{"cat":"transporte"},"geometry":{"type":"Point","coordinates":[-4.443719,36.7187226]}},{"type":"Feature","properties":{"cat":"transporte"},"geometry":{"type":"Point","coordinates":[-4.434018,36.7163381]}},{"type":"Feature","properties":{"cat":"transporte"},"geometry":{"type":"Point","coordinates":[-4.437235,36.7159972]}},{"type":"Feature","properties":{"cat":"transporte"},"geometry":{"type":"Point","coordinates":[-4.4412375,36.7148711]}},{"type":"Feature","properties":{"cat":"transporte"},"geometry":{"type":"Point","coordinates":[-4.4407906,36.7150517]}},{"type":"Feature","properties":{"cat":"transporte"},"geometry":{"type":"Point","coordinates":[-4.4344468,36.7161374]}},{"type":"Feature","properties":{"cat":"transporte"},"geometry":{"type":"Point","coordinates":[-4.4379714,36.7156523]}},{"type":"Feature","properties":{"cat":"transporte"},"geometry":{"type":"Point","coordinates":[-4.4380235,36.7158725]}},{"type":"Feature","properties":{"cat":"transporte"},"geometry":{"type":"Point","coordinates":[-4.4454836,36.7152418]}},{"type":"Feature","properties":{"cat":"transporte"},"geometry":{"type":"Point","coordinates":[-4.4460234,36.7171895]}},{"type":"Feature","properties":{"cat":"transporte"},"geometry":{"type":"Point","coordinates":[-4.4431879,36.7165454]}},{"type":"Feature","properties":{"cat":"transporte"},"geometry":{"type":"Point","coordinates":[-4.4428951,36.715481]}},{"type":"Feature","properties":{"cat":"transporte"},"geometry":{"type":"Point","coordinates":[-4.4439176,36.7144938]}},{"type":"Feature","properties":{"cat":"transporte"},"geometry":{"type":"Point","coordinates":[-4.4308601,36.7126465]}},{"type":"Feature","properties":{"cat":"transporte"},"geometry":{"type":"Point","coordinates":[-4.4460352,36.7092073]}},{"type":"Feature","properties":{"cat":"transporte"},"geometry":{"type":"Point","coordinates":[-4.4456003,36.7093038]}},{"type":"Feature","properties":{"cat":"transporte"},"geometry":{"type":"Point","coordinates":[-4.4439335,36.7101215]}},{"type":"Feature","properties":{"cat":"transporte"},"geometry":{"type":"Point","coordinates":[-4.4416954,36.7116285]}},{"type":"Feature","properties":{"cat":"transporte"},"geometry":{"type":"Point","coordinates":[-4.4434867,36.7089081]}},{"type":"Feature","properties":{"cat":"transporte"},"geometry":{"type":"Point","coordinates":[-4.4413437,36.7099891]}},{"type":"Feature","properties":{"cat":"transporte"},"geometry":{"type":"Point","coordinates":[-4.4461556,36.7119414]}},{"type":"Feature","properties":{"cat":"transporte"},"geometry":{"type":"Point","coordinates":[-4.4466625,36.7122033]}},{"type":"Feature","properties":{"cat":"transporte"},"geometry":{"type":"Point","coordinates":[-4.4454705,36.710493]}},{"type":"Feature","properties":{"cat":"transporte"},"geometry":{"type":"Point","coordinates":[-4.4441407,36.7089652]}},{"type":"Feature","properties":{"cat":"transporte"},"geometry":{"type":"Point","coordinates":[-4.4489106,36.7176722]}},{"type":"Feature","properties":{"cat":"transporte"},"geometry":{"type":"Point","coordinates":[-4.4487475,36.7180063]}},{"type":"Feature","properties":{"cat":"transporte"},"geometry":{"type":"Point","coordinates":[-4.4494177,36.7197426]}},{"type":"Feature","properties":{"cat":"transporte"},"geometry":{"type":"Point","coordinates":[-4.4491384,36.7206577]}},{"type":"Feature","properties":{"cat":"transporte"},"geometry":{"type":"Point","coordinates":[-4.4492554,36.7211958]}},{"type":"Feature","properties":{"cat":"transporte"},"geometry":{"type":"Point","coordinates":[-4.4311096,36.7122502]}},{"type":"Feature","properties":{"cat":"transporte"},"geometry":{"type":"Point","coordinates":[-4.4343177,36.7147076]}},{"type":"Feature","properties":{"cat":"transporte"},"geometry":{"type":"Point","coordinates":[-4.4351539,36.71522]}},{"type":"Feature","properties":{"cat":"transporte"},"geometry":{"type":"Point","coordinates":[-4.4365398,36.7155208]}},{"type":"Feature","properties":{"cat":"transporte"},"geometry":{"type":"Point","coordinates":[-4.428161,36.7179547]}},{"type":"Feature","properties":{"cat":"transporte"},"geometry":{"type":"Point","coordinates":[-4.428224,36.7179597]}},{"type":"Feature","properties":{"cat":"transporte"},"geometry":{"type":"Point","coordinates":[-4.4334655,36.7080931]}},{"type":"Feature","properties":{"cat":"transporte"},"geometry":{"type":"Point","coordinates":[-4.4272606,36.7123858]}},{"type":"Feature","properties":{"cat":"transporte"},"geometry":{"type":"Point","coordinates":[-4.4366495,36.6997761]}},{"type":"Feature","properties":{"cat":"transporte"},"geometry":{"type":"Point","coordinates":[-4.4287562,36.7086339]}},{"type":"Feature","properties":{"cat":"transporte"},"geometry":{"type":"Point","coordinates":[-4.4336535,36.7026239]}},{"type":"Feature","properties":{"cat":"transporte"},"geometry":{"type":"Point","coordinates":[-4.4513131,36.6954164]}},{"type":"Feature","properties":{"cat":"transporte"},"geometry":{"type":"Point","coordinates":[-4.4559168,36.6917962]}},{"type":"Feature","properties":{"cat":"transporte"},"geometry":{"type":"Point","coordinates":[-4.451301,36.7191138]}},{"type":"Feature","properties":{"cat":"transporte"},"geometry":{"type":"Point","coordinates":[-4.4534885,36.719286]}},{"type":"Feature","properties":{"cat":"transporte"},"geometry":{"type":"Point","coordinates":[-4.4530921,36.719466]}},{"type":"Feature","properties":{"cat":"transporte"},"geometry":{"type":"Point","coordinates":[-4.4501661,36.7192345]}},{"type":"Feature","properties":{"cat":"transporte"},"geometry":{"type":"Point","coordinates":[-4.428471,36.7099315]}},{"type":"Feature","properties":{"cat":"transporte"},"geometry":{"type":"Point","coordinates":[-4.451811,36.690101]}},{"type":"Feature","properties":{"cat":"transporte"},"geometry":{"type":"Point","coordinates":[-4.4549045,36.6918487]}},{"type":"Feature","properties":{"cat":"transporte"},"geometry":{"type":"Point","coordinates":[-4.4536711,36.6937126]}},{"type":"Feature","properties":{"cat":"transporte"},"geometry":{"type":"Point","coordinates":[-4.4489284,36.6974435]}},{"type":"Feature","properties":{"cat":"transporte"},"geometry":{"type":"Point","coordinates":[-4.4535444,36.6929854]}},{"type":"Feature","properties":{"cat":"transporte"},"geometry":{"type":"Point","coordinates":[-4.4503877,36.6912371]}},{"type":"Feature","properties":{"cat":"transporte"},"geometry":{"type":"Point","coordinates":[-4.4532341,36.6910465]}},{"type":"Feature","properties":{"cat":"transporte"},"geometry":{"type":"Point","coordinates":[-4.4191301,36.7185003]}},{"type":"Feature","properties":{"cat":"transporte"},"geometry":{"type":"Point","coordinates":[-4.4189947,36.7185411]}},{"type":"Feature","properties":{"cat":"transporte"},"geometry":{"type":"Point","coordinates":[-4.4188434,36.7185833]}},{"type":"Feature","properties":{"cat":"transporte"},"geometry":{"type":"Point","coordinates":[-4.4186367,36.7186433]}},{"type":"Feature","properties":{"cat":"transporte"},"geometry":{"type":"Point","coordinates":[-4.4193407,36.7186763]}},{"type":"Feature","properties":{"cat":"transporte"},"geometry":{"type":"Point","coordinates":[-4.4189275,36.7187928]}},{"type":"Feature","properties":{"cat":"transporte"},"geometry":{"type":"Point","coordinates":[-4.4155598,36.7195044]}},{"type":"Feature","properties":{"cat":"transporte"},"geometry":{"type":"Point","coordinates":[-4.4132827,36.7204111]}},{"type":"Feature","properties":{"cat":"transporte"},"geometry":{"type":"Point","coordinates":[-4.4131476,36.7204923]}},{"type":"Feature","properties":{"cat":"transporte"},"geometry":{"type":"Point","coordinates":[-4.416698,36.7194184]}},{"type":"Feature","properties":{"cat":"transporte"},"geometry":{"type":"Point","coordinates":[-4.4135935,36.7200456]}},{"type":"Feature","properties":{"cat":"transporte"},"geometry":{"type":"Point","coordinates":[-4.4214064,36.7178681]}},{"type":"Feature","properties":{"cat":"transporte"},"geometry":{"type":"Point","coordinates":[-4.4131205,36.7201243]}},{"type":"Feature","properties":{"cat":"transporte"},"geometry":{"type":"Point","coordinates":[-4.4241938,36.7134282]}},{"type":"Feature","properties":{"cat":"transporte"},"geometry":{"type":"Point","coordinates":[-4.4250864,36.7122652]}},{"type":"Feature","properties":{"cat":"transporte"},"geometry":{"type":"Point","coordinates":[-4.4223989,36.7150659]}},{"type":"Feature","properties":{"cat":"transporte"},"geometry":{"type":"Point","coordinates":[-4.4220407,36.7154192]}},{"type":"Feature","properties":{"cat":"transporte"},"geometry":{"type":"Point","coordinates":[-4.4220484,36.7165836]}},{"type":"Feature","properties":{"cat":"transporte"},"geometry":{"type":"Point","coordinates":[-4.4154195,36.7187367]}},{"type":"Feature","properties":{"cat":"transporte"},"geometry":{"type":"Point","coordinates":[-4.4157034,36.7188714]}},{"type":"Feature","properties":{"cat":"transporte"},"geometry":{"type":"Point","coordinates":[-4.4202611,36.7169301]}},{"type":"Feature","properties":{"cat":"transporte"},"geometry":{"type":"Point","coordinates":[-4.4127129,36.7155711]}},{"type":"Feature","properties":{"cat":"transporte"},"geometry":{"type":"Point","coordinates":[-4.4123728,36.718365]}},{"type":"Feature","properties":{"cat":"transporte"},"geometry":{"type":"Point","coordinates":[-4.4142886,36.7147559]}},{"type":"Feature","properties":{"cat":"transporte"},"geometry":{"type":"Point","coordinates":[-4.4204517,36.7312765]}},{"type":"Feature","properties":{"cat":"transporte"},"geometry":{"type":"Point","coordinates":[-4.4179401,36.7320336]}},{"type":"Feature","properties":{"cat":"transporte"},"geometry":{"type":"Point","coordinates":[-4.4487577,36.7015977]}},{"type":"Feature","properties":{"cat":"transporte"},"geometry":{"type":"Point","coordinates":[-4.4517125,36.700265]}},{"type":"Feature","properties":{"cat":"transporte"},"geometry":{"type":"Point","coordinates":[-4.4541693,36.6988715]}},{"type":"Feature","properties":{"cat":"transporte"},"geometry":{"type":"Point","coordinates":[-4.4452828,36.702073]}},{"type":"Feature","properties":{"cat":"transporte"},"geometry":{"type":"Point","coordinates":[-4.413595,36.7273785]}},{"type":"Feature","properties":{"cat":"transporte"},"geometry":{"type":"Point","coordinates":[-4.4150919,36.7310416]}},{"type":"Feature","properties":{"cat":"transporte"},"geometry":{"type":"Point","coordinates":[-4.4163954,36.7329533]}},{"type":"Feature","properties":{"cat":"transporte"},"geometry":{"type":"Point","coordinates":[-4.4222857,36.7342492]}},{"type":"Feature","properties":{"cat":"transporte"},"geometry":{"type":"Point","coordinates":[-4.4226193,36.7369179]}},{"type":"Feature","properties":{"cat":"transporte"},"geometry":{"type":"Point","coordinates":[-4.4217532,36.7325423]}},{"type":"Feature","properties":{"cat":"transporte"},"geometry":{"type":"Point","coordinates":[-4.4163069,36.7236001]}},{"type":"Feature","properties":{"cat":"transporte"},"geometry":{"type":"Point","coordinates":[-4.4332597,36.7126995]}},{"type":"Feature","properties":{"cat":"transporte"},"geometry":{"type":"Point","coordinates":[-4.4332907,36.7127406]}},{"type":"Feature","properties":{"cat":"transporte"},"geometry":{"type":"Point","coordinates":[-4.4333217,36.7127817]}},{"type":"Feature","properties":{"cat":"transporte"},"geometry":{"type":"Point","coordinates":[-4.4333527,36.7128228]}},{"type":"Feature","properties":{"cat":"transporte"},"geometry":{"type":"Point","coordinates":[-4.4333837,36.712864]}},{"type":"Feature","properties":{"cat":"transporte"},"geometry":{"type":"Point","coordinates":[-4.4334147,36.7129051]}},{"type":"Feature","properties":{"cat":"transporte"},"geometry":{"type":"Point","coordinates":[-4.4334458,36.7129462]}},{"type":"Feature","properties":{"cat":"transporte"},"geometry":{"type":"Point","coordinates":[-4.4334768,36.7129873]}},{"type":"Feature","properties":{"cat":"transporte"},"geometry":{"type":"Point","coordinates":[-4.4335078,36.7130285]}},{"type":"Feature","properties":{"cat":"transporte"},"geometry":{"type":"Point","coordinates":[-4.4335641,36.7130336]}},{"type":"Feature","properties":{"cat":"transporte"},"geometry":{"type":"Point","coordinates":[-4.4338712,36.7128949]}},{"type":"Feature","properties":{"cat":"transporte"},"geometry":{"type":"Point","coordinates":[-4.4339086,36.7128401]}},{"type":"Feature","properties":{"cat":"transporte"},"geometry":{"type":"Point","coordinates":[-4.4340389,36.7127852]}},{"type":"Feature","properties":{"cat":"transporte"},"geometry":{"type":"Point","coordinates":[-4.433725,36.7125917]}},{"type":"Feature","properties":{"cat":"transporte"},"geometry":{"type":"Point","coordinates":[-4.4338068,36.7124842]}},{"type":"Feature","properties":{"cat":"transporte"},"geometry":{"type":"Point","coordinates":[-4.4341057,36.7127712]}},{"type":"Feature","properties":{"cat":"transporte"},"geometry":{"type":"Point","coordinates":[-4.4343835,36.7126369]}},{"type":"Feature","properties":{"cat":"transporte"},"geometry":{"type":"Point","coordinates":[-4.4344445,36.7126014]}},{"type":"Feature","properties":{"cat":"transporte"},"geometry":{"type":"Point","coordinates":[-4.4344754,36.712546]}},{"type":"Feature","properties":{"cat":"transporte"},"geometry":{"type":"Point","coordinates":[-4.4345109,36.7124831]}},{"type":"Feature","properties":{"cat":"transporte"},"geometry":{"type":"Point","coordinates":[-4.4336255,36.7130059]}},{"type":"Feature","properties":{"cat":"transporte"},"geometry":{"type":"Point","coordinates":[-4.4336869,36.7129781]}},{"type":"Feature","properties":{"cat":"transporte"},"geometry":{"type":"Point","coordinates":[-4.4338098,36.7129226]}},{"type":"Feature","properties":{"cat":"transporte"},"geometry":{"type":"Point","coordinates":[-4.433878,36.7127987]}},{"type":"Feature","properties":{"cat":"transporte"},"geometry":{"type":"Point","coordinates":[-4.4339951,36.7127404]}},{"type":"Feature","properties":{"cat":"transporte"},"geometry":{"type":"Point","coordinates":[-4.4338474,36.7127573]}},{"type":"Feature","properties":{"cat":"transporte"},"geometry":{"type":"Point","coordinates":[-4.4339661,36.712702]}},{"type":"Feature","properties":{"cat":"transporte"},"geometry":{"type":"Point","coordinates":[-4.4338167,36.7127156]}},{"type":"Feature","properties":{"cat":"transporte"},"geometry":{"type":"Point","coordinates":[-4.4339372,36.7126637]}},{"type":"Feature","properties":{"cat":"transporte"},"geometry":{"type":"Point","coordinates":[-4.4337862,36.7126745]}},{"type":"Feature","properties":{"cat":"transporte"},"geometry":{"type":"Point","coordinates":[-4.4339082,36.7126253]}},{"type":"Feature","properties":{"cat":"transporte"},"geometry":{"type":"Point","coordinates":[-4.4337556,36.7126331]}},{"type":"Feature","properties":{"cat":"transporte"},"geometry":{"type":"Point","coordinates":[-4.4338793,36.7125869]}},{"type":"Feature","properties":{"cat":"transporte"},"geometry":{"type":"Point","coordinates":[-4.4341613,36.7127444]}},{"type":"Feature","properties":{"cat":"transporte"},"geometry":{"type":"Point","coordinates":[-4.4342168,36.7127175]}},{"type":"Feature","properties":{"cat":"transporte"},"geometry":{"type":"Point","coordinates":[-4.4342724,36.7126906]}},{"type":"Feature","properties":{"cat":"transporte"},"geometry":{"type":"Point","coordinates":[-4.4343279,36.7126638]}},{"type":"Feature","properties":{"cat":"transporte"},"geometry":{"type":"Point","coordinates":[-4.4337484,36.7129504]}},{"type":"Feature","properties":{"cat":"transporte"},"geometry":{"type":"Point","coordinates":[-4.4481126,36.6807502]}},{"type":"Feature","properties":{"cat":"transporte"},"geometry":{"type":"Point","coordinates":[-4.4583141,36.6845619]}},{"type":"Feature","properties":{"cat":"transporte"},"geometry":{"type":"Point","coordinates":[-4.4324264,36.7127953]}},{"type":"Feature","properties":{"cat":"transporte"},"geometry":{"type":"Point","coordinates":[-4.4461114,36.7116862]}},{"type":"Feature","properties":{"cat":"transporte"},"geometry":{"type":"Point","coordinates":[-4.449102,36.7186174]}},{"type":"Feature","properties":{"cat":"transporte"},"geometry":{"type":"Point","coordinates":[-4.4403095,36.7040678]}},{"type":"Feature","properties":{"cat":"transporte"},"geometry":{"type":"Point","coordinates":[-4.4460882,36.6995262]}},{"type":"Feature","properties":{"cat":"transporte"},"geometry":{"type":"Point","coordinates":[-4.4106708,36.721058]}},{"type":"Feature","properties":{"cat":"transporte"},"geometry":{"type":"Point","coordinates":[-4.4191456,36.7187271]}},{"type":"Feature","properties":{"cat":"transporte"},"geometry":{"type":"Point","coordinates":[-4.4412015,36.7165013]}},{"type":"Feature","properties":{"cat":"transporte"},"geometry":{"type":"Point","coordinates":[-4.382526,36.7220306]}},{"type":"Feature","properties":{"cat":"transporte"},"geometry":{"type":"Point","coordinates":[-4.416446,36.7194933]}},{"type":"Feature","properties":{"cat":"transporte"},"geometry":{"type":"Point","coordinates":[-4.4104144,36.7208986]}},{"type":"Feature","properties":{"cat":"transporte"},"geometry":{"type":"Point","coordinates":[-4.4076768,36.7208929]}},{"type":"Feature","properties":{"cat":"transporte"},"geometry":{"type":"Point","coordinates":[-4.4008899,36.72195]}},{"type":"Feature","properties":{"cat":"transporte"},"geometry":{"type":"Point","coordinates":[-4.3697809,36.7223583]}},{"type":"Feature","properties":{"cat":"transporte"},"geometry":{"type":"Point","coordinates":[-4.3622377,36.7211986]}},{"type":"Feature","properties":{"cat":"transporte"},"geometry":{"type":"Point","coordinates":[-4.3789362,36.7221299]}},{"type":"Feature","properties":{"cat":"transporte"},"geometry":{"type":"Point","coordinates":[-4.3963467,36.7235034]}},{"type":"Feature","properties":{"cat":"transporte"},"geometry":{"type":"Point","coordinates":[-4.4070935,36.72113]}},{"type":"Feature","properties":{"cat":"transporte"},"geometry":{"type":"Point","coordinates":[-4.4307098,36.7170667]}},{"type":"Feature","properties":{"cat":"transporte"},"geometry":{"type":"Point","coordinates":[-4.433358,36.7172576]}},{"type":"Feature","properties":{"cat":"transporte"},"geometry":{"type":"Point","coordinates":[-4.4381069,36.7171276]}},{"type":"Feature","properties":{"cat":"transporte"},"geometry":{"type":"Point","coordinates":[-4.4633465,36.71615]}},{"type":"Feature","properties":{"cat":"transporte"},"geometry":{"type":"Point","coordinates":[-4.441173,36.7162308]}},{"type":"Feature","properties":{"cat":"transporte"},"geometry":{"type":"Point","coordinates":[-4.4033119,36.7214978]}},{"type":"Feature","properties":{"cat":"transporte"},"geometry":{"type":"Point","coordinates":[-4.3823567,36.721461]}},{"type":"Feature","properties":{"cat":"transporte"},"geometry":{"type":"Point","coordinates":[-4.360386,36.7211758]}},{"type":"Feature","properties":{"cat":"transporte"},"geometry":{"type":"Point","coordinates":[-4.3634023,36.7217135]}},{"type":"Feature","properties":{"cat":"transporte"},"geometry":{"type":"Point","coordinates":[-4.3875444,36.7224623]}},{"type":"Feature","properties":{"cat":"transporte"},"geometry":{"type":"Point","coordinates":[-4.4492631,36.7150585]}},{"type":"Feature","properties":{"cat":"transporte"},"geometry":{"type":"Point","coordinates":[-4.3771633,36.7222327]}},{"type":"Feature","properties":{"cat":"transporte"},"geometry":{"type":"Point","coordinates":[-4.3735164,36.7223503]}},{"type":"Feature","properties":{"cat":"transporte"},"geometry":{"type":"Point","coordinates":[-4.4037598,36.7216299]}},{"type":"Feature","properties":{"cat":"transporte"},"geometry":{"type":"Point","coordinates":[-4.4329556,36.7169442]}},{"type":"Feature","properties":{"cat":"transporte"},"geometry":{"type":"Point","coordinates":[-4.3650075,36.7219917]}},{"type":"Feature","properties":{"cat":"transporte"},"geometry":{"type":"Point","coordinates":[-4.4628332,36.713508]}},{"type":"Feature","properties":{"cat":"transporte"},"geometry":{"type":"Point","coordinates":[-4.4732159,36.7170909]}},{"type":"Feature","properties":{"cat":"transporte"},"geometry":{"type":"Point","coordinates":[-4.3694886,36.7224338]}},{"type":"Feature","properties":{"cat":"transporte"},"geometry":{"type":"Point","coordinates":[-4.4015734,36.7218099]}},{"type":"Feature","properties":{"cat":"transporte"},"geometry":{"type":"Point","coordinates":[-4.4698987,36.717545]}},{"type":"Feature","properties":{"cat":"transporte"},"geometry":{"type":"Point","coordinates":[-4.3676985,36.7224786]}},{"type":"Feature","properties":{"cat":"transporte"},"geometry":{"type":"Point","coordinates":[-4.4647934,36.7179087]}},{"type":"Feature","properties":{"cat":"transporte"},"geometry":{"type":"Point","coordinates":[-4.4493551,36.7147278]}},{"type":"Feature","properties":{"cat":"transporte"},"geometry":{"type":"Point","coordinates":[-4.4149174,36.7196893]}},{"type":"Feature","properties":{"cat":"transporte"},"geometry":{"type":"Point","coordinates":[-4.3670182,36.7223117]}},{"type":"Feature","properties":{"cat":"transporte"},"geometry":{"type":"Point","coordinates":[-4.3941179,36.7236007]}},{"type":"Feature","properties":{"cat":"transporte"},"geometry":{"type":"Point","coordinates":[-4.3794644,36.721938]}},{"type":"Feature","properties":{"cat":"transporte"},"geometry":{"type":"Point","coordinates":[-4.4702015,36.7166619]}},{"type":"Feature","properties":{"cat":"transporte"},"geometry":{"type":"Point","coordinates":[-4.4305286,36.716768]}},{"type":"Feature","properties":{"cat":"transporte"},"geometry":{"type":"Point","coordinates":[-4.3888616,36.7225581]}},{"type":"Feature","properties":{"cat":"transporte"},"geometry":{"type":"Point","coordinates":[-4.397927,36.722946]}},{"type":"Feature","properties":{"cat":"transporte"},"geometry":{"type":"Point","coordinates":[-4.3941636,36.7235]}},{"type":"Feature","properties":{"cat":"transporte"},"geometry":{"type":"Point","coordinates":[-4.3963527,36.7233821]}},{"type":"Feature","properties":{"cat":"transporte"},"geometry":{"type":"Point","coordinates":[-4.3604521,36.7210764]}},{"type":"Feature","properties":{"cat":"transporte"},"geometry":{"type":"Point","coordinates":[-4.4479421,36.6883857]}},{"type":"Feature","properties":{"cat":"transporte"},"geometry":{"type":"Point","coordinates":[-4.4754847,36.7167847]}},{"type":"Feature","properties":{"cat":"transporte"},"geometry":{"type":"Point","coordinates":[-4.4626419,36.7254543]}},{"type":"Feature","properties":{"cat":"transporte"},"geometry":{"type":"Point","coordinates":[-4.4256128,36.7114634]}},{"type":"Feature","properties":{"cat":"transporte"},"geometry":{"type":"Point","coordinates":[-4.4209036,36.716133]}},{"type":"Feature","properties":{"cat":"transporte"},"geometry":{"type":"Point","coordinates":[-4.4210757,36.716416]}},{"type":"Feature","properties":{"cat":"transporte"},"geometry":{"type":"Point","coordinates":[-4.3677139,36.7199715]}},{"type":"Feature","properties":{"cat":"transporte"},"geometry":{"type":"Point","coordinates":[-4.4765974,36.6988382]}},{"type":"Feature","properties":{"cat":"transporte"},"geometry":{"type":"Point","coordinates":[-4.4748221,36.6988411]}},{"type":"Feature","properties":{"cat":"transporte"},"geometry":{"type":"Point","coordinates":[-4.4748789,36.6989784]}},{"type":"Feature","properties":{"cat":"transporte"},"geometry":{"type":"Point","coordinates":[-4.4530158,36.7048564]}},{"type":"Feature","properties":{"cat":"transporte"},"geometry":{"type":"Point","coordinates":[-4.4682398,36.6992306]}},{"type":"Feature","properties":{"cat":"transporte"},"geometry":{"type":"Point","coordinates":[-4.4553997,36.7040348]}},{"type":"Feature","properties":{"cat":"transporte"},"geometry":{"type":"Point","coordinates":[-4.4558345,36.7035886]}},{"type":"Feature","properties":{"cat":"transporte"},"geometry":{"type":"Point","coordinates":[-4.4534887,36.7048582]}},{"type":"Feature","properties":{"cat":"transporte"},"geometry":{"type":"Point","coordinates":[-4.4481318,36.707804]}},{"type":"Feature","properties":{"cat":"transporte"},"geometry":{"type":"Point","coordinates":[-4.448185,36.7075496]}},{"type":"Feature","properties":{"cat":"transporte"},"geometry":{"type":"Point","coordinates":[-4.4720659,36.6990801]}},{"type":"Feature","properties":{"cat":"transporte"},"geometry":{"type":"Point","coordinates":[-4.4720678,36.6989139]}},{"type":"Feature","properties":{"cat":"transporte"},"geometry":{"type":"Point","coordinates":[-4.4649897,36.6998698]}},{"type":"Feature","properties":{"cat":"transporte"},"geometry":{"type":"Point","coordinates":[-4.464494,36.7003081]}},{"type":"Feature","properties":{"cat":"transporte"},"geometry":{"type":"Point","coordinates":[-4.3786211,36.7214417]}},{"type":"Feature","properties":{"cat":"transporte"},"geometry":{"type":"Point","coordinates":[-4.39689,36.722468]}},{"type":"Feature","properties":{"cat":"transporte"},"geometry":{"type":"Point","coordinates":[-4.3961872,36.7225228]}},{"type":"Feature","properties":{"cat":"transporte"},"geometry":{"type":"Point","coordinates":[-4.4610769,36.7012081]}},{"type":"Feature","properties":{"cat":"transporte"},"geometry":{"type":"Point","coordinates":[-4.4610633,36.7018101]}},{"type":"Feature","properties":{"cat":"transporte"},"geometry":{"type":"Point","coordinates":[-4.4787194,36.7216502]}},{"type":"Feature","properties":{"cat":"transporte"},"geometry":{"type":"Point","coordinates":[-4.4678617,36.6826383]}},{"type":"Feature","properties":{"cat":"transporte"},"geometry":{"type":"Point","coordinates":[-4.3979049,36.7321003]}},{"type":"Feature","properties":{"cat":"transporte"},"geometry":{"type":"Point","coordinates":[-4.3973449,36.7297764]}},{"type":"Feature","properties":{"cat":"transporte"},"geometry":{"type":"Point","coordinates":[-4.3993941,36.7299183]}},{"type":"Feature","properties":{"cat":"transporte"},"geometry":{"type":"Point","coordinates":[-4.4004573,36.7327765]}},{"type":"Feature","properties":{"cat":"transporte"},"geometry":{"type":"Point","coordinates":[-4.4032793,36.7322711]}},{"type":"Feature","properties":{"cat":"transporte"},"geometry":{"type":"Point","coordinates":[-4.402729,36.7291348]}},{"type":"Feature","properties":{"cat":"transporte"},"geometry":{"type":"Point","coordinates":[-4.4105407,36.7284873]}},{"type":"Feature","properties":{"cat":"transporte"},"geometry":{"type":"Point","coordinates":[-4.4106413,36.7284523]}},{"type":"Feature","properties":{"cat":"transporte"},"geometry":{"type":"Point","coordinates":[-4.411593,36.7286086]}},{"type":"Feature","properties":{"cat":"transporte"},"geometry":{"type":"Point","coordinates":[-4.4119525,36.7282974]}},{"type":"Feature","properties":{"cat":"transporte"},"geometry":{"type":"Point","coordinates":[-4.4139702,36.728689]}},{"type":"Feature","properties":{"cat":"transporte"},"geometry":{"type":"Point","coordinates":[-4.4056273,36.7269893]}},{"type":"Feature","properties":{"cat":"transporte"},"geometry":{"type":"Point","coordinates":[-4.4051447,36.7262307]}},{"type":"Feature","properties":{"cat":"transporte"},"geometry":{"type":"Point","coordinates":[-4.403895,36.7255968]}},{"type":"Feature","properties":{"cat":"transporte"},"geometry":{"type":"Point","coordinates":[-4.4040012,36.7255286]}},{"type":"Feature","properties":{"cat":"transporte"},"geometry":{"type":"Point","coordinates":[-4.4015734,36.725104]}},{"type":"Feature","properties":{"cat":"transporte"},"geometry":{"type":"Point","coordinates":[-4.4015679,36.7250291]}},{"type":"Feature","properties":{"cat":"transporte"},"geometry":{"type":"Point","coordinates":[-4.4106357,36.7267694]}},{"type":"Feature","properties":{"cat":"transporte"},"geometry":{"type":"Point","coordinates":[-4.4111461,36.7259397]}},{"type":"Feature","properties":{"cat":"transporte"},"geometry":{"type":"Point","coordinates":[-4.412656,36.7259798]}},{"type":"Feature","properties":{"cat":"transporte"},"geometry":{"type":"Point","coordinates":[-4.4123674,36.7269093]}},{"type":"Feature","properties":{"cat":"transporte"},"geometry":{"type":"Point","coordinates":[-4.4123044,36.7270555]}},{"type":"Feature","properties":{"cat":"transporte"},"geometry":{"type":"Point","coordinates":[-4.3987022,36.7245781]}},{"type":"Feature","properties":{"cat":"transporte"},"geometry":{"type":"Point","coordinates":[-4.3987493,36.7233307]}},{"type":"Feature","properties":{"cat":"transporte"},"geometry":{"type":"Point","coordinates":[-4.4001173,36.7255698]}},{"type":"Feature","properties":{"cat":"transporte"},"geometry":{"type":"Point","coordinates":[-4.4024444,36.7268499]}},{"type":"Feature","properties":{"cat":"transporte"},"geometry":{"type":"Point","coordinates":[-4.399422,36.7238218]}},{"type":"Feature","properties":{"cat":"transporte"},"geometry":{"type":"Point","coordinates":[-4.3996632,36.724042]}},{"type":"Feature","properties":{"cat":"transporte"},"geometry":{"type":"Point","coordinates":[-4.4060795,36.7259651]}},{"type":"Feature","properties":{"cat":"transporte"},"geometry":{"type":"Point","coordinates":[-4.4059528,36.7258847]}},{"type":"Feature","properties":{"cat":"transporte"},"geometry":{"type":"Point","coordinates":[-4.4058397,36.7244491]}},{"type":"Feature","properties":{"cat":"transporte"},"geometry":{"type":"Point","coordinates":[-4.4051104,36.7248999]}},{"type":"Feature","properties":{"cat":"transporte"},"geometry":{"type":"Point","coordinates":[-4.40878,36.7233707]}},{"type":"Feature","properties":{"cat":"transporte"},"geometry":{"type":"Point","coordinates":[-4.408715,36.7233687]}},{"type":"Feature","properties":{"cat":"transporte"},"geometry":{"type":"Point","coordinates":[-4.4102284,36.7232782]}},{"type":"Feature","properties":{"cat":"transporte"},"geometry":{"type":"Point","coordinates":[-4.4104525,36.7298156]}},{"type":"Feature","properties":{"cat":"transporte"},"geometry":{"type":"Point","coordinates":[-4.4102878,36.7297232]}},{"type":"Feature","properties":{"cat":"transporte"},"geometry":{"type":"Point","coordinates":[-4.4132633,36.7270037]}},{"type":"Feature","properties":{"cat":"transporte"},"geometry":{"type":"Point","coordinates":[-4.4286559,36.7166307]}},{"type":"Feature","properties":{"cat":"transporte"},"geometry":{"type":"Point","coordinates":[-4.4235817,36.7489758]}},{"type":"Feature","properties":{"cat":"transporte"},"geometry":{"type":"Point","coordinates":[-4.4229176,36.7432385]}},{"type":"Feature","properties":{"cat":"transporte"},"geometry":{"type":"Point","coordinates":[-4.4225263,36.7458231]}},{"type":"Feature","properties":{"cat":"transporte"},"geometry":{"type":"Point","coordinates":[-4.4241031,36.7383103]}},{"type":"Feature","properties":{"cat":"transporte"},"geometry":{"type":"Point","coordinates":[-4.4232513,36.7409555]}},{"type":"Feature","properties":{"cat":"transporte"},"geometry":{"type":"Point","coordinates":[-4.4256205,36.7270706]}},{"type":"Feature","properties":{"cat":"transporte"},"geometry":{"type":"Point","coordinates":[-4.4250462,36.7320914]}},{"type":"Feature","properties":{"cat":"transporte"},"geometry":{"type":"Point","coordinates":[-4.4247781,36.7354667]}},{"type":"Feature","properties":{"cat":"transporte"},"geometry":{"type":"Point","coordinates":[-4.4251094,36.7197461]}},{"type":"Feature","properties":{"cat":"transporte"},"geometry":{"type":"Point","coordinates":[-4.425266,36.7223785]}},{"type":"Feature","properties":{"cat":"transporte"},"geometry":{"type":"Point","coordinates":[-4.4238348,36.7489914]}},{"type":"Feature","properties":{"cat":"transporte"},"geometry":{"type":"Point","coordinates":[-4.4234579,36.7410323]}},{"type":"Feature","properties":{"cat":"transporte"},"geometry":{"type":"Point","coordinates":[-4.4231204,36.7433122]}},{"type":"Feature","properties":{"cat":"transporte"},"geometry":{"type":"Point","coordinates":[-4.4227462,36.7458234]}},{"type":"Feature","properties":{"cat":"transporte"},"geometry":{"type":"Point","coordinates":[-4.4250251,36.7351624]}},{"type":"Feature","properties":{"cat":"transporte"},"geometry":{"type":"Point","coordinates":[-4.4241478,36.7386093]}},{"type":"Feature","properties":{"cat":"transporte"},"geometry":{"type":"Point","coordinates":[-4.4270256,36.7296197]}},{"type":"Feature","properties":{"cat":"transporte"},"geometry":{"type":"Point","coordinates":[-4.3985213,36.7228616]}},{"type":"Feature","properties":{"cat":"transporte"},"geometry":{"type":"Point","coordinates":[-4.424943,36.71708]}},{"type":"Feature","properties":{"cat":"transporte"},"geometry":{"type":"Point","coordinates":[-4.3970808,36.7315132]}},{"type":"Feature","properties":{"cat":"transporte"},"geometry":{"type":"Point","coordinates":[-4.3961366,36.7299563]}},{"type":"Feature","properties":{"cat":"transporte"},"geometry":{"type":"Point","coordinates":[-4.3964667,36.727971]}},{"type":"Feature","properties":{"cat":"transporte"},"geometry":{"type":"Point","coordinates":[-4.3967668,36.7264691]}},{"type":"Feature","properties":{"cat":"transporte"},"geometry":{"type":"Point","coordinates":[-4.3969847,36.7253288]}},{"type":"Feature","properties":{"cat":"transporte"},"geometry":{"type":"Point","coordinates":[-4.396791,36.7238363]}},{"type":"Feature","properties":{"cat":"transporte"},"geometry":{"type":"Point","coordinates":[-4.4332037,36.71262]}},{"type":"Feature","properties":{"cat":"transporte"},"geometry":{"type":"Point","coordinates":[-4.4398197,36.6995083]}},{"type":"Feature","properties":{"cat":"transporte"},"geometry":{"type":"Point","coordinates":[-4.4276142,36.7336016]}},{"type":"Feature","properties":{"cat":"transporte"},"geometry":{"type":"Point","coordinates":[-4.429235,36.7191498]}},{"type":"Feature","properties":{"cat":"transporte"},"geometry":{"type":"Point","coordinates":[-4.4302366,36.7215767]}},{"type":"Feature","properties":{"cat":"transporte"},"geometry":{"type":"Point","coordinates":[-4.4316628,36.7223729]}},{"type":"Feature","properties":{"cat":"transporte"},"geometry":{"type":"Point","coordinates":[-4.4313926,36.7244729]}},{"type":"Feature","properties":{"cat":"transporte"},"geometry":{"type":"Point","coordinates":[-4.4296893,36.7268629]}},{"type":"Feature","properties":{"cat":"transporte"},"geometry":{"type":"Point","coordinates":[-4.4292239,36.7279581]}},{"type":"Feature","properties":{"cat":"transporte"},"geometry":{"type":"Point","coordinates":[-4.4320027,36.7289514]}},{"type":"Feature","properties":{"cat":"transporte"},"geometry":{"type":"Point","coordinates":[-4.4343728,36.7300408]}},{"type":"Feature","properties":{"cat":"transporte"},"geometry":{"type":"Point","coordinates":[-4.4365875,36.7316666]}},{"type":"Feature","properties":{"cat":"transporte"},"geometry":{"type":"Point","coordinates":[-4.4381296,36.7312219]}},{"type":"Feature","properties":{"cat":"transporte"},"geometry":{"type":"Point","coordinates":[-4.4390721,36.7304467]}},{"type":"Feature","properties":{"cat":"transporte"},"geometry":{"type":"Point","coordinates":[-4.4411602,36.7283327]}},{"type":"Feature","properties":{"cat":"transporte"},"geometry":{"type":"Point","coordinates":[-4.4430259,36.729033]}},{"type":"Feature","properties":{"cat":"transporte"},"geometry":{"type":"Point","coordinates":[-4.4479299,36.7307912]}},{"type":"Feature","properties":{"cat":"transporte"},"geometry":{"type":"Point","coordinates":[-4.4496562,36.7310908]}},{"type":"Feature","properties":{"cat":"transporte"},"geometry":{"type":"Point","coordinates":[-4.4521862,36.7326001]}},{"type":"Feature","properties":{"cat":"transporte"},"geometry":{"type":"Point","coordinates":[-4.4528606,36.733815]}},{"type":"Feature","properties":{"cat":"transporte"},"geometry":{"type":"Point","coordinates":[-4.4506604,36.7318654]}},{"type":"Feature","properties":{"cat":"transporte"},"geometry":{"type":"Point","coordinates":[-4.451494,36.7329012]}},{"type":"Feature","properties":{"cat":"transporte"},"geometry":{"type":"Point","coordinates":[-4.4482078,36.7301749]}},{"type":"Feature","properties":{"cat":"transporte"},"geometry":{"type":"Point","coordinates":[-4.4456454,36.7293912]}},{"type":"Feature","properties":{"cat":"transporte"},"geometry":{"type":"Point","coordinates":[-4.4438567,36.7281268]}},{"type":"Feature","properties":{"cat":"transporte"},"geometry":{"type":"Point","coordinates":[-4.4408864,36.7277735]}},{"type":"Feature","properties":{"cat":"transporte"},"geometry":{"type":"Point","coordinates":[-4.4395849,36.7297509]}},{"type":"Feature","properties":{"cat":"transporte"},"geometry":{"type":"Point","coordinates":[-4.4358894,36.7308912]}},{"type":"Feature","properties":{"cat":"transporte"},"geometry":{"type":"Point","coordinates":[-4.43807,36.7310936]}},{"type":"Feature","properties":{"cat":"transporte"},"geometry":{"type":"Point","coordinates":[-4.4336828,36.7293526]}},{"type":"Feature","properties":{"cat":"transporte"},"geometry":{"type":"Point","coordinates":[-4.4313766,36.7284752]}},{"type":"Feature","properties":{"cat":"transporte"},"geometry":{"type":"Point","coordinates":[-4.4309921,36.7257267]}},{"type":"Feature","properties":{"cat":"transporte"},"geometry":{"type":"Point","coordinates":[-4.4317975,36.7243853]}},{"type":"Feature","properties":{"cat":"transporte"},"geometry":{"type":"Point","coordinates":[-4.4327801,36.7206644]}},{"type":"Feature","properties":{"cat":"transporte"},"geometry":{"type":"Point","coordinates":[-4.4639683,36.7176204]}},{"type":"Feature","properties":{"cat":"transporte"},"geometry":{"type":"Point","coordinates":[-4.4476986,36.6895837]}},{"type":"Feature","properties":{"cat":"transporte"},"geometry":{"type":"Point","coordinates":[-4.4474861,36.6895711]}},{"type":"Feature","properties":{"cat":"transporte"},"geometry":{"type":"Point","coordinates":[-4.4467251,36.6912054]}},{"type":"Feature","properties":{"cat":"transporte"},"geometry":{"type":"Point","coordinates":[-4.4266583,36.7437649]}},{"type":"Feature","properties":{"cat":"transporte"},"geometry":{"type":"Point","coordinates":[-4.4265066,36.7458156]}},{"type":"Feature","properties":{"cat":"transporte"},"geometry":{"type":"Point","coordinates":[-4.4264394,36.7480391]}},{"type":"Feature","properties":{"cat":"transporte"},"geometry":{"type":"Point","coordinates":[-4.4261843,36.7401272]}},{"type":"Feature","properties":{"cat":"transporte"},"geometry":{"type":"Point","coordinates":[-4.4266648,36.7426301]}},{"type":"Feature","properties":{"cat":"transporte"},"geometry":{"type":"Point","coordinates":[-4.4273343,36.7367043]}},{"type":"Feature","properties":{"cat":"transporte"},"geometry":{"type":"Point","coordinates":[-4.4268122,36.7383074]}},{"type":"Feature","properties":{"cat":"transporte"},"geometry":{"type":"Point","coordinates":[-4.4284155,36.7307365]}},{"type":"Feature","properties":{"cat":"transporte"},"geometry":{"type":"Point","coordinates":[-4.4347393,36.7281651]}},{"type":"Feature","properties":{"cat":"transporte"},"geometry":{"type":"Point","coordinates":[-4.4358449,36.7240399]}},{"type":"Feature","properties":{"cat":"transporte"},"geometry":{"type":"Point","coordinates":[-4.4352704,36.7261416]}},{"type":"Feature","properties":{"cat":"transporte"},"geometry":{"type":"Point","coordinates":[-4.4390861,36.7215893]}},{"type":"Feature","properties":{"cat":"transporte"},"geometry":{"type":"Point","coordinates":[-4.436327,36.7215632]}},{"type":"Feature","properties":{"cat":"transporte"},"geometry":{"type":"Point","coordinates":[-4.446529,36.7221309]}},{"type":"Feature","properties":{"cat":"transporte"},"geometry":{"type":"Point","coordinates":[-4.4440313,36.7216603]}},{"type":"Feature","properties":{"cat":"transporte"},"geometry":{"type":"Point","coordinates":[-4.4412127,36.7215748]}},{"type":"Feature","properties":{"cat":"transporte"},"geometry":{"type":"Point","coordinates":[-4.4414639,36.7038586]}},{"type":"Feature","properties":{"cat":"transporte"},"geometry":{"type":"Point","coordinates":[-4.442085,36.696754]}},{"type":"Feature","properties":{"cat":"transporte"},"geometry":{"type":"Point","coordinates":[-4.4402463,36.6993125]}},{"type":"Feature","properties":{"cat":"transporte"},"geometry":{"type":"Point","coordinates":[-4.4413911,36.6973281]}},{"type":"Feature","properties":{"cat":"transporte"},"geometry":{"type":"Point","coordinates":[-4.4423356,36.6959958]}},{"type":"Feature","properties":{"cat":"transporte"},"geometry":{"type":"Point","coordinates":[-4.4264096,36.7422932]}},{"type":"Feature","properties":{"cat":"transporte"},"geometry":{"type":"Point","coordinates":[-4.4263729,36.7439925]}},{"type":"Feature","properties":{"cat":"transporte"},"geometry":{"type":"Point","coordinates":[-4.4262765,36.7459155]}},{"type":"Feature","properties":{"cat":"transporte"},"geometry":{"type":"Point","coordinates":[-4.4265741,36.7382732]}},{"type":"Feature","properties":{"cat":"transporte"},"geometry":{"type":"Point","coordinates":[-4.4261963,36.7407177]}},{"type":"Feature","properties":{"cat":"transporte"},"geometry":{"type":"Point","coordinates":[-4.4283023,36.7308075]}},{"type":"Feature","properties":{"cat":"transporte"},"geometry":{"type":"Point","coordinates":[-4.4273976,36.7336253]}},{"type":"Feature","properties":{"cat":"transporte"},"geometry":{"type":"Point","coordinates":[-4.427174,36.7362034]}},{"type":"Feature","properties":{"cat":"transporte"},"geometry":{"type":"Point","coordinates":[-4.447068,36.7220527]}},{"type":"Feature","properties":{"cat":"transporte"},"geometry":{"type":"Point","coordinates":[-4.4439311,36.721465]}},{"type":"Feature","properties":{"cat":"transporte"},"geometry":{"type":"Point","coordinates":[-4.4409096,36.7213896]}},{"type":"Feature","properties":{"cat":"transporte"},"geometry":{"type":"Point","coordinates":[-4.4381923,36.7213958]}},{"type":"Feature","properties":{"cat":"transporte"},"geometry":{"type":"Point","coordinates":[-4.4356731,36.7226116]}},{"type":"Feature","properties":{"cat":"transporte"},"geometry":{"type":"Point","coordinates":[-4.4349991,36.726496]}},{"type":"Feature","properties":{"cat":"transporte"},"geometry":{"type":"Point","coordinates":[-4.4438603,36.7260142]}},{"type":"Feature","properties":{"cat":"transporte"},"geometry":{"type":"Point","coordinates":[-4.4423851,36.7252918]}},{"type":"Feature","properties":{"cat":"transporte"},"geometry":{"type":"Point","coordinates":[-4.4417559,36.7242449]}},{"type":"Feature","properties":{"cat":"transporte"},"geometry":{"type":"Point","coordinates":[-4.4396379,36.723492]}},{"type":"Feature","properties":{"cat":"transporte"},"geometry":{"type":"Point","coordinates":[-4.4399554,36.7221776]}},{"type":"Feature","properties":{"cat":"transporte"},"geometry":{"type":"Point","coordinates":[-4.4387001,36.7198409]}},{"type":"Feature","properties":{"cat":"transporte"},"geometry":{"type":"Point","coordinates":[-4.431168,36.7263192]}},{"type":"Feature","properties":{"cat":"transporte"},"geometry":{"type":"Point","coordinates":[-4.4385053,36.7275372]}},{"type":"Feature","properties":{"cat":"transporte"},"geometry":{"type":"Point","coordinates":[-4.4402787,36.7280219]}},{"type":"Feature","properties":{"cat":"transporte"},"geometry":{"type":"Point","coordinates":[-4.4438499,36.7288294]}},{"type":"Feature","properties":{"cat":"transporte"},"geometry":{"type":"Point","coordinates":[-4.4226684,36.7313322]}},{"type":"Feature","properties":{"cat":"transporte"},"geometry":{"type":"Point","coordinates":[-4.4245913,36.7329668]}},{"type":"Feature","properties":{"cat":"transporte"},"geometry":{"type":"Point","coordinates":[-4.4792179,36.7243388]}},{"type":"Feature","properties":{"cat":"transporte"},"geometry":{"type":"Point","coordinates":[-4.4829987,36.7238279]}},{"type":"Feature","properties":{"cat":"transporte"},"geometry":{"type":"Point","coordinates":[-4.486027,36.7227438]}},{"type":"Feature","properties":{"cat":"transporte"},"geometry":{"type":"Point","coordinates":[-4.4886057,36.7218029]}},{"type":"Feature","properties":{"cat":"transporte"},"geometry":{"type":"Point","coordinates":[-4.4639016,36.7276339]}},{"type":"Feature","properties":{"cat":"transporte"},"geometry":{"type":"Point","coordinates":[-4.4666854,36.7294356]}},{"type":"Feature","properties":{"cat":"transporte"},"geometry":{"type":"Point","coordinates":[-4.4669279,36.7276561]}},{"type":"Feature","properties":{"cat":"transporte"},"geometry":{"type":"Point","coordinates":[-4.4689168,36.7264767]}},{"type":"Feature","properties":{"cat":"transporte"},"geometry":{"type":"Point","coordinates":[-4.4723862,36.724304]}},{"type":"Feature","properties":{"cat":"transporte"},"geometry":{"type":"Point","coordinates":[-4.4756712,36.7241187]}},{"type":"Feature","properties":{"cat":"transporte"},"geometry":{"type":"Point","coordinates":[-4.4542778,36.7235251]}},{"type":"Feature","properties":{"cat":"transporte"},"geometry":{"type":"Point","coordinates":[-4.4573159,36.7247638]}},{"type":"Feature","properties":{"cat":"transporte"},"geometry":{"type":"Point","coordinates":[-4.4595171,36.7256081]}},{"type":"Feature","properties":{"cat":"transporte"},"geometry":{"type":"Point","coordinates":[-4.436641,36.7213813]}},{"type":"Feature","properties":{"cat":"transporte"},"geometry":{"type":"Point","coordinates":[-4.4502979,36.7227661]}},{"type":"Feature","properties":{"cat":"transporte"},"geometry":{"type":"Point","coordinates":[-4.4329749,36.7215307]}},{"type":"Feature","properties":{"cat":"transporte"},"geometry":{"type":"Point","coordinates":[-4.4638444,36.72782]}},{"type":"Feature","properties":{"cat":"transporte"},"geometry":{"type":"Point","coordinates":[-4.4599828,36.7259735]}},{"type":"Feature","properties":{"cat":"transporte"},"geometry":{"type":"Point","coordinates":[-4.4571783,36.7249768]}},{"type":"Feature","properties":{"cat":"transporte"},"geometry":{"type":"Point","coordinates":[-4.4542835,36.7236794]}},{"type":"Feature","properties":{"cat":"transporte"},"geometry":{"type":"Point","coordinates":[-4.4526423,36.7231452]}},{"type":"Feature","properties":{"cat":"transporte"},"geometry":{"type":"Point","coordinates":[-4.4670552,36.7250901]}},{"type":"Feature","properties":{"cat":"transporte"},"geometry":{"type":"Point","coordinates":[-4.4670717,36.7278239]}},{"type":"Feature","properties":{"cat":"transporte"},"geometry":{"type":"Point","coordinates":[-4.4672473,36.7293446]}},{"type":"Feature","properties":{"cat":"transporte"},"geometry":{"type":"Point","coordinates":[-4.4767669,36.7244289]}},{"type":"Feature","properties":{"cat":"transporte"},"geometry":{"type":"Point","coordinates":[-4.4725503,36.724427]}},{"type":"Feature","properties":{"cat":"transporte"},"geometry":{"type":"Point","coordinates":[-4.4700793,36.7247122]}},{"type":"Feature","properties":{"cat":"transporte"},"geometry":{"type":"Point","coordinates":[-4.4805223,36.7245013]}},{"type":"Feature","properties":{"cat":"transporte"},"geometry":{"type":"Point","coordinates":[-4.4831851,36.7239253]}},{"type":"Feature","properties":{"cat":"transporte"},"geometry":{"type":"Point","coordinates":[-4.4859792,36.722903]}},{"type":"Feature","properties":{"cat":"transporte"},"geometry":{"type":"Point","coordinates":[-4.4885737,36.72197]}},{"type":"Feature","properties":{"cat":"transporte"},"geometry":{"type":"Point","coordinates":[-4.4139879,36.7086172]}},{"type":"Feature","properties":{"cat":"transporte"},"geometry":{"type":"Point","coordinates":[-4.4738683,36.7133888]}},{"type":"Feature","properties":{"cat":"transporte"},"geometry":{"type":"Point","coordinates":[-4.4820679,36.7138771]}},{"type":"Feature","properties":{"cat":"transporte"},"geometry":{"type":"Point","coordinates":[-4.4821524,36.7142104]}},{"type":"Feature","properties":{"cat":"transporte"},"geometry":{"type":"Point","coordinates":[-4.4510223,36.7363321]}},{"type":"Feature","properties":{"cat":"transporte"},"geometry":{"type":"Point","coordinates":[-4.4493285,36.7356809]}},{"type":"Feature","properties":{"cat":"transporte"},"geometry":{"type":"Point","coordinates":[-4.4469146,36.7344708]}},{"type":"Feature","properties":{"cat":"transporte"},"geometry":{"type":"Point","coordinates":[-4.4458295,36.7311268]}},{"type":"Feature","properties":{"cat":"transporte"},"geometry":{"type":"Point","coordinates":[-4.4355065,36.727065]}},{"type":"Feature","properties":{"cat":"transporte"},"geometry":{"type":"Point","coordinates":[-4.4348297,36.7258238]}},{"type":"Feature","properties":{"cat":"transporte"},"geometry":{"type":"Point","coordinates":[-4.4365078,36.7261159]}},{"type":"Feature","properties":{"cat":"transporte"},"geometry":{"type":"Point","coordinates":[-4.4402773,36.7269771]}},{"type":"Feature","properties":{"cat":"transporte"},"geometry":{"type":"Point","coordinates":[-4.4103658,36.7176039]}},{"type":"Feature","properties":{"cat":"transporte"},"geometry":{"type":"Point","coordinates":[-4.4467947,36.6838589]}},{"type":"Feature","properties":{"cat":"transporte"},"geometry":{"type":"Point","coordinates":[-4.4429704,36.6903167]}},{"type":"Feature","properties":{"cat":"transporte"},"geometry":{"type":"Point","coordinates":[-4.4410715,36.6935432]}},{"type":"Feature","properties":{"cat":"transporte"},"geometry":{"type":"Point","coordinates":[-4.4282581,36.7086897]}},{"type":"Feature","properties":{"cat":"transporte"},"geometry":{"type":"Point","coordinates":[-4.4327222,36.7033468]}},{"type":"Feature","properties":{"cat":"transporte"},"geometry":{"type":"Point","coordinates":[-4.4363228,36.6995762]}},{"type":"Feature","properties":{"cat":"transporte"},"geometry":{"type":"Point","coordinates":[-4.4407941,36.6931701]}},{"type":"Feature","properties":{"cat":"transporte"},"geometry":{"type":"Point","coordinates":[-4.4434033,36.6887803]}},{"type":"Feature","properties":{"cat":"transporte"},"geometry":{"type":"Point","coordinates":[-4.4458421,36.6846745]}},{"type":"Feature","properties":{"cat":"transporte"},"geometry":{"type":"Point","coordinates":[-4.4555276,36.6922777]}},{"type":"Feature","properties":{"cat":"transporte"},"geometry":{"type":"Point","coordinates":[-4.4673058,36.6826669]}},{"type":"Feature","properties":{"cat":"transporte"},"geometry":{"type":"Point","coordinates":[-4.4630371,36.7256246]}},{"type":"Feature","properties":{"cat":"transporte"},"geometry":{"type":"Point","coordinates":[-4.4699974,36.7246368]}},{"type":"Feature","properties":{"cat":"transporte"},"geometry":{"type":"Point","coordinates":[-4.4669734,36.7249999]}},{"type":"Feature","properties":{"cat":"transporte"},"geometry":{"type":"Point","coordinates":[-4.4651671,36.7252423]}},{"type":"Feature","properties":{"cat":"transporte"},"geometry":{"type":"Point","coordinates":[-4.4651595,36.7253381]}},{"type":"Feature","properties":{"cat":"transporte"},"geometry":{"type":"Point","coordinates":[-4.4762304,36.7177476]}},{"type":"Feature","properties":{"cat":"transporte"},"geometry":{"type":"Point","coordinates":[-4.4767707,36.7213856]}},{"type":"Feature","properties":{"cat":"transporte"},"geometry":{"type":"Point","coordinates":[-4.4748117,36.7203856]}},{"type":"Feature","properties":{"cat":"transporte"},"geometry":{"type":"Point","coordinates":[-4.4825486,36.7221318]}},{"type":"Feature","properties":{"cat":"transporte"},"geometry":{"type":"Point","coordinates":[-4.4229371,36.7380404]}},{"type":"Feature","properties":{"cat":"transporte"},"geometry":{"type":"Point","coordinates":[-4.422758,36.7403462]}},{"type":"Feature","properties":{"cat":"transporte"},"geometry":{"type":"Point","coordinates":[-4.4223778,36.7428228]}},{"type":"Feature","properties":{"cat":"transporte"},"geometry":{"type":"Point","coordinates":[-4.4220702,36.7448039]}},{"type":"Feature","properties":{"cat":"transporte"},"geometry":{"type":"Point","coordinates":[-4.4218451,36.7467143]}},{"type":"Feature","properties":{"cat":"transporte"},"geometry":{"type":"Point","coordinates":[-4.421851,36.7488718]}},{"type":"Feature","properties":{"cat":"transporte"},"geometry":{"type":"Point","coordinates":[-4.4227751,36.7354126]}},{"type":"Feature","properties":{"cat":"transporte"},"geometry":{"type":"Point","coordinates":[-4.4239606,36.7326538]}},{"type":"Feature","properties":{"cat":"transporte"},"geometry":{"type":"Point","coordinates":[-4.4248068,36.7307095]}},{"type":"Feature","properties":{"cat":"transporte"},"geometry":{"type":"Point","coordinates":[-4.4222252,36.742955]}},{"type":"Feature","properties":{"cat":"transporte"},"geometry":{"type":"Point","coordinates":[-4.4226038,36.7406083]}},{"type":"Feature","properties":{"cat":"transporte"},"geometry":{"type":"Point","coordinates":[-4.422752,36.7388406]}},{"type":"Feature","properties":{"cat":"transporte"},"geometry":{"type":"Point","coordinates":[-4.4155039,36.7453628]}},{"type":"Feature","properties":{"cat":"transporte"},"geometry":{"type":"Point","coordinates":[-4.417634,36.7459485]}},{"type":"Feature","properties":{"cat":"transporte"},"geometry":{"type":"Point","coordinates":[-4.418456,36.7445552]}},{"type":"Feature","properties":{"cat":"transporte"},"geometry":{"type":"Point","coordinates":[-4.4213433,36.7459053]}},{"type":"Feature","properties":{"cat":"transporte"},"geometry":{"type":"Point","coordinates":[-4.4219247,36.7449133]}},{"type":"Feature","properties":{"cat":"transporte"},"geometry":{"type":"Point","coordinates":[-4.418173,36.7491889]}},{"type":"Feature","properties":{"cat":"transporte"},"geometry":{"type":"Point","coordinates":[-4.4201247,36.7489202]}},{"type":"Feature","properties":{"cat":"transporte"},"geometry":{"type":"Point","coordinates":[-4.4191159,36.7482674]}},{"type":"Feature","properties":{"cat":"transporte"},"geometry":{"type":"Point","coordinates":[-4.4176441,36.7480286]}},{"type":"Feature","properties":{"cat":"transporte"},"geometry":{"type":"Point","coordinates":[-4.4163281,36.7463003]}},{"type":"Feature","properties":{"cat":"transporte"},"geometry":{"type":"Point","coordinates":[-4.4145904,36.7456518]}},{"type":"Feature","properties":{"cat":"transporte"},"geometry":{"type":"Point","coordinates":[-4.4168378,36.7498524]}},{"type":"Feature","properties":{"cat":"transporte"},"geometry":{"type":"Point","coordinates":[-4.4170447,36.7430717]}},{"type":"Feature","properties":{"cat":"transporte"},"geometry":{"type":"Point","coordinates":[-4.4163671,36.742228]}},{"type":"Feature","properties":{"cat":"transporte"},"geometry":{"type":"Point","coordinates":[-4.4176521,36.7404873]}},{"type":"Feature","properties":{"cat":"transporte"},"geometry":{"type":"Point","coordinates":[-4.4186687,36.7397855]}},{"type":"Feature","properties":{"cat":"transporte"},"geometry":{"type":"Point","coordinates":[-4.4211104,36.7426024]}},{"type":"Feature","properties":{"cat":"transporte"},"geometry":{"type":"Point","coordinates":[-4.4194238,36.7435585]}},{"type":"Feature","properties":{"cat":"transporte"},"geometry":{"type":"Point","coordinates":[-4.4187313,36.7422089]}},{"type":"Feature","properties":{"cat":"transporte"},"geometry":{"type":"Point","coordinates":[-4.4602369,36.7195109]}},{"type":"Feature","properties":{"cat":"transporte"},"geometry":{"type":"Point","coordinates":[-4.4314989,36.716281]}},{"type":"Feature","properties":{"cat":"transporte"},"geometry":{"type":"Point","coordinates":[-4.4308671,36.7160189]}},{"type":"Feature","properties":{"cat":"transporte"},"geometry":{"type":"Point","coordinates":[-4.4322545,36.7385151]}},{"type":"Feature","properties":{"cat":"transporte"},"geometry":{"type":"Point","coordinates":[-4.4333522,36.7347635]}},{"type":"Feature","properties":{"cat":"transporte"},"geometry":{"type":"Point","coordinates":[-4.4293937,36.7333141]}},{"type":"Feature","properties":{"cat":"transporte"},"geometry":{"type":"Point","coordinates":[-4.4255014,36.7258337]}},{"type":"Feature","properties":{"cat":"transporte"},"geometry":{"type":"Point","coordinates":[-4.4264838,36.7400159]}},{"type":"Feature","properties":{"cat":"transporte"},"geometry":{"type":"Point","coordinates":[-4.4288136,36.7402293]}},{"type":"Feature","properties":{"cat":"transporte"},"geometry":{"type":"Point","coordinates":[-4.4299051,36.7401309]}},{"type":"Feature","properties":{"cat":"transporte"},"geometry":{"type":"Point","coordinates":[-4.4300443,36.7388712]}},{"type":"Feature","properties":{"cat":"transporte"},"geometry":{"type":"Point","coordinates":[-4.4274079,36.7378415]}},{"type":"Feature","properties":{"cat":"transporte"},"geometry":{"type":"Point","coordinates":[-4.4277716,36.7373769]}},{"type":"Feature","properties":{"cat":"transporte"},"geometry":{"type":"Point","coordinates":[-4.432146,36.7404613]}},{"type":"Feature","properties":{"cat":"transporte"},"geometry":{"type":"Point","coordinates":[-4.4313308,36.7416275]}},{"type":"Feature","properties":{"cat":"transporte"},"geometry":{"type":"Point","coordinates":[-4.4288324,36.7403218]}},{"type":"Feature","properties":{"cat":"transporte"},"geometry":{"type":"Point","coordinates":[-4.4261764,36.7480234]}},{"type":"Feature","properties":{"cat":"transporte"},"geometry":{"type":"Point","coordinates":[-4.4335806,36.7344001]}},{"type":"Feature","properties":{"cat":"transporte"},"geometry":{"type":"Point","coordinates":[-4.4307338,36.7378339]}},{"type":"Feature","properties":{"cat":"transporte"},"geometry":{"type":"Point","coordinates":[-4.428837,36.7329672]}},{"type":"Feature","properties":{"cat":"transporte"},"geometry":{"type":"Point","coordinates":[-4.4626692,36.7201476]}},{"type":"Feature","properties":{"cat":"transporte"},"geometry":{"type":"Point","coordinates":[-4.4279714,36.737595]}},{"type":"Feature","properties":{"cat":"transporte"},"geometry":{"type":"Point","coordinates":[-4.4345031,36.7284459]}},{"type":"Feature","properties":{"cat":"transporte"},"geometry":{"type":"Point","coordinates":[-4.4601253,36.7205493]}},{"type":"Feature","properties":{"cat":"transporte"},"geometry":{"type":"Point","coordinates":[-4.4631205,36.7198778]}},{"type":"Feature","properties":{"cat":"transporte"},"geometry":{"type":"Point","coordinates":[-4.4660724,36.7066494]}},{"type":"Feature","properties":{"cat":"transporte"},"geometry":{"type":"Point","coordinates":[-4.461889,36.70734]}},{"type":"Feature","properties":{"cat":"transporte"},"geometry":{"type":"Point","coordinates":[-4.4893891,36.7084865]}},{"type":"Feature","properties":{"cat":"transporte"},"geometry":{"type":"Point","coordinates":[-4.481237,36.708475]}},{"type":"Feature","properties":{"cat":"transporte"},"geometry":{"type":"Point","coordinates":[-4.4780503,36.7079515]}},{"type":"Feature","properties":{"cat":"transporte"},"geometry":{"type":"Point","coordinates":[-4.4708865,36.706869]}},{"type":"Feature","properties":{"cat":"transporte"},"geometry":{"type":"Point","coordinates":[-4.4662022,36.7063128]}},{"type":"Feature","properties":{"cat":"transporte"},"geometry":{"type":"Point","coordinates":[-4.479993,36.707875]}},{"type":"Feature","properties":{"cat":"transporte"},"geometry":{"type":"Point","coordinates":[-4.4756125,36.7073455]}},{"type":"Feature","properties":{"cat":"transporte"},"geometry":{"type":"Point","coordinates":[-4.4707221,36.7064491]}},{"type":"Feature","properties":{"cat":"transporte"},"geometry":{"type":"Point","coordinates":[-4.4874863,36.7080094]}},{"type":"Feature","properties":{"cat":"transporte"},"geometry":{"type":"Point","coordinates":[-4.4577965,36.6837099]}},{"type":"Feature","properties":{"cat":"transporte"},"geometry":{"type":"Point","coordinates":[-4.4547378,36.6825174]}},{"type":"Feature","properties":{"cat":"transporte"},"geometry":{"type":"Point","coordinates":[-4.450535,36.6815213]}},{"type":"Feature","properties":{"cat":"transporte"},"geometry":{"type":"Point","coordinates":[-4.4485505,36.6851999]}},{"type":"Feature","properties":{"cat":"transporte"},"geometry":{"type":"Point","coordinates":[-4.4489562,36.6846879]}},{"type":"Feature","properties":{"cat":"transporte"},"geometry":{"type":"Point","coordinates":[-4.4511889,36.6814646]}},{"type":"Feature","properties":{"cat":"transporte"},"geometry":{"type":"Point","coordinates":[-4.4541941,36.6817582]}},{"type":"Feature","properties":{"cat":"transporte"},"geometry":{"type":"Point","coordinates":[-4.4559855,36.6820242]}},{"type":"Feature","properties":{"cat":"transporte"},"geometry":{"type":"Point","coordinates":[-4.4418919,36.7012676]}},{"type":"Feature","properties":{"cat":"transporte"},"geometry":{"type":"Point","coordinates":[-4.4563937,36.6912062]}},{"type":"Feature","properties":{"cat":"transporte"},"geometry":{"type":"Point","coordinates":[-4.4549501,36.6940076]}},{"type":"Feature","properties":{"cat":"transporte"},"geometry":{"type":"Point","coordinates":[-4.4588737,36.6957484]}},{"type":"Feature","properties":{"cat":"transporte"},"geometry":{"type":"Point","coordinates":[-4.4587514,36.6934231]}},{"type":"Feature","properties":{"cat":"transporte"},"geometry":{"type":"Point","coordinates":[-4.4780463,36.6913575]}},{"type":"Feature","properties":{"cat":"transporte"},"geometry":{"type":"Point","coordinates":[-4.472285,36.6887808]}},{"type":"Feature","properties":{"cat":"transporte"},"geometry":{"type":"Point","coordinates":[-4.4666574,36.6909143]}},{"type":"Feature","properties":{"cat":"transporte"},"geometry":{"type":"Point","coordinates":[-4.488234,36.6974148]}},{"type":"Feature","properties":{"cat":"transporte"},"geometry":{"type":"Point","coordinates":[-4.4823952,36.6936373]}},{"type":"Feature","properties":{"cat":"transporte"},"geometry":{"type":"Point","coordinates":[-4.4772313,36.6929275]}},{"type":"Feature","properties":{"cat":"transporte"},"geometry":{"type":"Point","coordinates":[-4.4826042,36.6935517]}},{"type":"Feature","properties":{"cat":"transporte"},"geometry":{"type":"Point","coordinates":[-4.4886664,36.6953494]}},{"type":"Feature","properties":{"cat":"transporte"},"geometry":{"type":"Point","coordinates":[-4.4579198,36.6938841]}},{"type":"Feature","properties":{"cat":"transporte"},"geometry":{"type":"Point","coordinates":[-4.4589313,36.6959508]}},{"type":"Feature","properties":{"cat":"transporte"},"geometry":{"type":"Point","coordinates":[-4.4601434,36.6956402]}},{"type":"Feature","properties":{"cat":"transporte"},"geometry":{"type":"Point","coordinates":[-4.4653625,36.6928588]}},{"type":"Feature","properties":{"cat":"transporte"},"geometry":{"type":"Point","coordinates":[-4.4707864,36.6912161]}},{"type":"Feature","properties":{"cat":"transporte"},"geometry":{"type":"Point","coordinates":[-4.4552859,36.69392]}},{"type":"Feature","properties":{"cat":"transporte"},"geometry":{"type":"Point","coordinates":[-4.3786926,36.721436]}},{"type":"Feature","properties":{"cat":"transporte"},"geometry":{"type":"Point","coordinates":[-4.3651308,36.7255459]}},{"type":"Feature","properties":{"cat":"transporte"},"geometry":{"type":"Point","coordinates":[-4.3664658,36.7244647]}},{"type":"Feature","properties":{"cat":"transporte"},"geometry":{"type":"Point","coordinates":[-4.3680085,36.7244612]}},{"type":"Feature","properties":{"cat":"transporte"},"geometry":{"type":"Point","coordinates":[-4.3695352,36.7244415]}},{"type":"Feature","properties":{"cat":"transporte"},"geometry":{"type":"Point","coordinates":[-4.371536,36.724468]}},{"type":"Feature","properties":{"cat":"transporte"},"geometry":{"type":"Point","coordinates":[-4.3716978,36.7230905]}},{"type":"Feature","properties":{"cat":"transporte"},"geometry":{"type":"Point","coordinates":[-4.371676,36.7213254]}},{"type":"Feature","properties":{"cat":"transporte"},"geometry":{"type":"Point","coordinates":[-4.3752372,36.7215001]}},{"type":"Feature","properties":{"cat":"transporte"},"geometry":{"type":"Point","coordinates":[-4.3624429,36.7272313]}},{"type":"Feature","properties":{"cat":"transporte"},"geometry":{"type":"Point","coordinates":[-4.3744791,36.7375719]}},{"type":"Feature","properties":{"cat":"transporte"},"geometry":{"type":"Point","coordinates":[-4.3708871,36.7298382]}},{"type":"Feature","properties":{"cat":"transporte"},"geometry":{"type":"Point","coordinates":[-4.3704955,36.7274427]}},{"type":"Feature","properties":{"cat":"transporte"},"geometry":{"type":"Point","coordinates":[-4.3694777,36.7267563]}},{"type":"Feature","properties":{"cat":"transporte"},"geometry":{"type":"Point","coordinates":[-4.3682478,36.7254849]}},{"type":"Feature","properties":{"cat":"transporte"},"geometry":{"type":"Point","coordinates":[-4.3665553,36.7254935]}},{"type":"Feature","properties":{"cat":"transporte"},"geometry":{"type":"Point","coordinates":[-4.3645742,36.7270699]}},{"type":"Feature","properties":{"cat":"transporte"},"geometry":{"type":"Point","coordinates":[-4.3736497,36.7359635]}},{"type":"Feature","properties":{"cat":"transporte"},"geometry":{"type":"Point","coordinates":[-4.3720565,36.7337108]}},{"type":"Feature","properties":{"cat":"transporte"},"geometry":{"type":"Point","coordinates":[-4.3709964,36.7312758]}},{"type":"Feature","properties":{"cat":"transporte"},"geometry":{"type":"Point","coordinates":[-4.3710017,36.7297467]}},{"type":"Feature","properties":{"cat":"transporte"},"geometry":{"type":"Point","coordinates":[-4.3710415,36.7311589]}},{"type":"Feature","properties":{"cat":"transporte"},"geometry":{"type":"Point","coordinates":[-4.3722429,36.7338454]}},{"type":"Feature","properties":{"cat":"transporte"},"geometry":{"type":"Point","coordinates":[-4.3737328,36.7360315]}},{"type":"Feature","properties":{"cat":"transporte"},"geometry":{"type":"Point","coordinates":[-4.450545,36.7295567]}},{"type":"Feature","properties":{"cat":"transporte"},"geometry":{"type":"Point","coordinates":[-4.4506029,36.7291673]}},{"type":"Feature","properties":{"cat":"transporte"},"geometry":{"type":"Point","coordinates":[-4.4496389,36.7277182]}},{"type":"Feature","properties":{"cat":"transporte"},"geometry":{"type":"Point","coordinates":[-4.4495391,36.7277614]}},{"type":"Feature","properties":{"cat":"transporte"},"geometry":{"type":"Point","coordinates":[-4.3704628,36.7273506]}},{"type":"Feature","properties":{"cat":"transporte"},"geometry":{"type":"Point","coordinates":[-4.3693644,36.7250831]}},{"type":"Feature","properties":{"cat":"transporte"},"geometry":{"type":"Point","coordinates":[-4.4489008,36.7260072]}},{"type":"Feature","properties":{"cat":"transporte"},"geometry":{"type":"Point","coordinates":[-4.4481901,36.7242236]}},{"type":"Feature","properties":{"cat":"transporte"},"geometry":{"type":"Point","coordinates":[-4.4481085,36.7229051]}},{"type":"Feature","properties":{"cat":"transporte"},"geometry":{"type":"Point","coordinates":[-4.451473,36.7233046]}},{"type":"Feature","properties":{"cat":"transporte"},"geometry":{"type":"Point","coordinates":[-4.4513766,36.7256277]}},{"type":"Feature","properties":{"cat":"transporte"},"geometry":{"type":"Point","coordinates":[-4.4498806,36.7262991]}},{"type":"Feature","properties":{"cat":"transporte"},"geometry":{"type":"Point","coordinates":[-4.4121987,36.7417157]}},{"type":"Feature","properties":{"cat":"transporte"},"geometry":{"type":"Point","coordinates":[-4.4159594,36.7346982]}},{"type":"Feature","properties":{"cat":"transporte"},"geometry":{"type":"Point","coordinates":[-4.4181525,36.7294269]}},{"type":"Feature","properties":{"cat":"transporte"},"geometry":{"type":"Point","coordinates":[-4.4126599,36.7382434]}},{"type":"Feature","properties":{"cat":"transporte"},"geometry":{"type":"Point","coordinates":[-4.4127352,36.7366466]}},{"type":"Feature","properties":{"cat":"transporte"},"geometry":{"type":"Point","coordinates":[-4.4152868,36.7369072]}},{"type":"Feature","properties":{"cat":"transporte"},"geometry":{"type":"Point","coordinates":[-4.4175309,36.7376324]}},{"type":"Feature","properties":{"cat":"transporte"},"geometry":{"type":"Point","coordinates":[-4.4180346,36.7367759]}},{"type":"Feature","properties":{"cat":"transporte"},"geometry":{"type":"Point","coordinates":[-4.4164471,36.7362172]}},{"type":"Feature","properties":{"cat":"transporte"},"geometry":{"type":"Point","coordinates":[-4.4149609,36.7351248]}},{"type":"Feature","properties":{"cat":"transporte"},"geometry":{"type":"Point","coordinates":[-4.4124185,36.7347906]}},{"type":"Feature","properties":{"cat":"transporte"},"geometry":{"type":"Point","coordinates":[-4.409152,36.734957]}},{"type":"Feature","properties":{"cat":"transporte"},"geometry":{"type":"Point","coordinates":[-4.4063295,36.7350493]}},{"type":"Feature","properties":{"cat":"transporte"},"geometry":{"type":"Point","coordinates":[-4.408466,36.7345589]}},{"type":"Feature","properties":{"cat":"transporte"},"geometry":{"type":"Point","coordinates":[-4.4123044,36.7346255]}},{"type":"Feature","properties":{"cat":"transporte"},"geometry":{"type":"Point","coordinates":[-4.4154247,36.7349507]}},{"type":"Feature","properties":{"cat":"transporte"},"geometry":{"type":"Point","coordinates":[-4.4157295,36.7338333]}},{"type":"Feature","properties":{"cat":"transporte"},"geometry":{"type":"Point","coordinates":[-4.4156647,36.7367939]}},{"type":"Feature","properties":{"cat":"transporte"},"geometry":{"type":"Point","coordinates":[-4.4178154,36.7375285]}},{"type":"Feature","properties":{"cat":"transporte"},"geometry":{"type":"Point","coordinates":[-4.4166877,36.7364417]}},{"type":"Feature","properties":{"cat":"transporte"},"geometry":{"type":"Point","coordinates":[-4.4124242,36.7386687]}},{"type":"Feature","properties":{"cat":"transporte"},"geometry":{"type":"Point","coordinates":[-4.4134312,36.7367832]}},{"type":"Feature","properties":{"cat":"transporte"},"geometry":{"type":"Point","coordinates":[-4.4077002,36.7483443]}},{"type":"Feature","properties":{"cat":"transporte"},"geometry":{"type":"Point","coordinates":[-4.3986838,36.72563]}},{"type":"Feature","properties":{"cat":"transporte"},"geometry":{"type":"Point","coordinates":[-4.3983484,36.728329]}},{"type":"Feature","properties":{"cat":"transporte"},"geometry":{"type":"Point","coordinates":[-4.3943134,36.7325284]}},{"type":"Feature","properties":{"cat":"transporte"},"geometry":{"type":"Point","coordinates":[-4.3914423,36.731226]}},{"type":"Feature","properties":{"cat":"transporte"},"geometry":{"type":"Point","coordinates":[-4.3894646,36.7300881]}},{"type":"Feature","properties":{"cat":"transporte"},"geometry":{"type":"Point","coordinates":[-4.3915048,36.7261448]}},{"type":"Feature","properties":{"cat":"transporte"},"geometry":{"type":"Point","coordinates":[-4.3930341,36.7247002]}},{"type":"Feature","properties":{"cat":"transporte"},"geometry":{"type":"Point","coordinates":[-4.3960651,36.7248775]}},{"type":"Feature","properties":{"cat":"transporte"},"geometry":{"type":"Point","coordinates":[-4.4246384,36.7185896]}},{"type":"Feature","properties":{"cat":"transporte"},"geometry":{"type":"Point","coordinates":[-4.4580189,36.6849186]}},{"type":"Feature","properties":{"cat":"transporte"},"geometry":{"type":"Point","coordinates":[-4.4580394,36.6861948]}},{"type":"Feature","properties":{"cat":"transporte"},"geometry":{"type":"Point","coordinates":[-4.4554538,36.6864384]}},{"type":"Feature","properties":{"cat":"transporte"},"geometry":{"type":"Point","coordinates":[-4.4534507,36.6873326]}},{"type":"Feature","properties":{"cat":"transporte"},"geometry":{"type":"Point","coordinates":[-4.4563403,36.6900403]}},{"type":"Feature","properties":{"cat":"transporte"},"geometry":{"type":"Point","coordinates":[-4.4504233,36.7130853]}},{"type":"Feature","properties":{"cat":"transporte"},"geometry":{"type":"Point","coordinates":[-4.4539054,36.7152632]}},{"type":"Feature","properties":{"cat":"transporte"},"geometry":{"type":"Point","coordinates":[-4.4544651,36.7180734]}},{"type":"Feature","properties":{"cat":"transporte"},"geometry":{"type":"Point","coordinates":[-4.4558088,36.6899255]}},{"type":"Feature","properties":{"cat":"transporte"},"geometry":{"type":"Point","coordinates":[-4.4532034,36.6874329]}},{"type":"Feature","properties":{"cat":"transporte"},"geometry":{"type":"Point","coordinates":[-4.4554139,36.6863012]}},{"type":"Feature","properties":{"cat":"transporte"},"geometry":{"type":"Point","coordinates":[-4.4573674,36.6866924]}},{"type":"Feature","properties":{"cat":"transporte"},"geometry":{"type":"Point","coordinates":[-4.4542022,36.7179843]}},{"type":"Feature","properties":{"cat":"transporte"},"geometry":{"type":"Point","coordinates":[-4.4512898,36.7130371]}},{"type":"Feature","properties":{"cat":"transporte"},"geometry":{"type":"Point","coordinates":[-4.449377,36.7126794]}},{"type":"Feature","properties":{"cat":"transporte"},"geometry":{"type":"Point","coordinates":[-4.4220371,36.7275872]}},{"type":"Feature","properties":{"cat":"transporte"},"geometry":{"type":"Point","coordinates":[-4.4240677,36.7268881]}},{"type":"Feature","properties":{"cat":"transporte"},"geometry":{"type":"Point","coordinates":[-4.4274468,36.7267293]}},{"type":"Feature","properties":{"cat":"transporte"},"geometry":{"type":"Point","coordinates":[-4.4317395,36.7248851]}},{"type":"Feature","properties":{"cat":"transporte"},"geometry":{"type":"Point","coordinates":[-4.4442865,36.7258419]}},{"type":"Feature","properties":{"cat":"transporte"},"geometry":{"type":"Point","coordinates":[-4.4436073,36.7240588]}},{"type":"Feature","properties":{"cat":"transporte"},"geometry":{"type":"Point","coordinates":[-4.4419327,36.7231398]}},{"type":"Feature","properties":{"cat":"transporte"},"geometry":{"type":"Point","coordinates":[-4.4396924,36.7226099]}},{"type":"Feature","properties":{"cat":"transporte"},"geometry":{"type":"Point","coordinates":[-4.4385379,36.720102]}},{"type":"Feature","properties":{"cat":"transporte"},"geometry":{"type":"Point","coordinates":[-4.3815869,36.7397264]}},{"type":"Feature","properties":{"cat":"transporte"},"geometry":{"type":"Point","coordinates":[-4.3832829,36.7388093]}},{"type":"Feature","properties":{"cat":"transporte"},"geometry":{"type":"Point","coordinates":[-4.3850349,36.73657]}},{"type":"Feature","properties":{"cat":"transporte"},"geometry":{"type":"Point","coordinates":[-4.3842718,36.7345801]}},{"type":"Feature","properties":{"cat":"transporte"},"geometry":{"type":"Point","coordinates":[-4.3851821,36.7324382]}},{"type":"Feature","properties":{"cat":"transporte"},"geometry":{"type":"Point","coordinates":[-4.3856586,36.7305425]}},{"type":"Feature","properties":{"cat":"transporte"},"geometry":{"type":"Point","coordinates":[-4.383538,36.7293271]}},{"type":"Feature","properties":{"cat":"transporte"},"geometry":{"type":"Point","coordinates":[-4.3841732,36.7270869]}},{"type":"Feature","properties":{"cat":"transporte"},"geometry":{"type":"Point","coordinates":[-4.3834772,36.7265302]}},{"type":"Feature","properties":{"cat":"transporte"},"geometry":{"type":"Point","coordinates":[-4.3814674,36.7260015]}},{"type":"Feature","properties":{"cat":"transporte"},"geometry":{"type":"Point","coordinates":[-4.3771551,36.7231876]}},{"type":"Feature","properties":{"cat":"transporte"},"geometry":{"type":"Point","coordinates":[-4.3781094,36.7235662]}},{"type":"Feature","properties":{"cat":"transporte"},"geometry":{"type":"Point","coordinates":[-4.3765166,36.7239579]}},{"type":"Feature","properties":{"cat":"transporte"},"geometry":{"type":"Point","coordinates":[-4.3780017,36.7240173]}},{"type":"Feature","properties":{"cat":"transporte"},"geometry":{"type":"Point","coordinates":[-4.3793993,36.7249716]}},{"type":"Feature","properties":{"cat":"transporte"},"geometry":{"type":"Point","coordinates":[-4.380784,36.7260062]}},{"type":"Feature","properties":{"cat":"transporte"},"geometry":{"type":"Point","coordinates":[-4.3822297,36.7274288]}},{"type":"Feature","properties":{"cat":"transporte"},"geometry":{"type":"Point","coordinates":[-4.3814861,36.7295565]}},{"type":"Feature","properties":{"cat":"transporte"},"geometry":{"type":"Point","coordinates":[-4.381551,36.7316072]}},{"type":"Feature","properties":{"cat":"transporte"},"geometry":{"type":"Point","coordinates":[-4.3821724,36.7330602]}},{"type":"Feature","properties":{"cat":"transporte"},"geometry":{"type":"Point","coordinates":[-4.3818821,36.7344975]}},{"type":"Feature","properties":{"cat":"transporte"},"geometry":{"type":"Point","coordinates":[-4.3793917,36.7380611]}},{"type":"Feature","properties":{"cat":"transporte"},"geometry":{"type":"Point","coordinates":[-4.4880755,36.7418432]}},{"type":"Feature","properties":{"cat":"transporte"},"geometry":{"type":"Point","coordinates":[-4.4849226,36.7400506]}},{"type":"Feature","properties":{"cat":"transporte"},"geometry":{"type":"Point","coordinates":[-4.4819292,36.7398679]}},{"type":"Feature","properties":{"cat":"transporte"},"geometry":{"type":"Point","coordinates":[-4.4804514,36.7380312]}},{"type":"Feature","properties":{"cat":"transporte"},"geometry":{"type":"Point","coordinates":[-4.4792068,36.736202]}},{"type":"Feature","properties":{"cat":"transporte"},"geometry":{"type":"Point","coordinates":[-4.4782747,36.7347994]}},{"type":"Feature","properties":{"cat":"transporte"},"geometry":{"type":"Point","coordinates":[-4.4753118,36.7329935]}},{"type":"Feature","properties":{"cat":"transporte"},"geometry":{"type":"Point","coordinates":[-4.4689426,36.7311105]}},{"type":"Feature","properties":{"cat":"transporte"},"geometry":{"type":"Point","coordinates":[-4.4898035,36.7435933]}},{"type":"Feature","properties":{"cat":"transporte"},"geometry":{"type":"Point","coordinates":[-4.4799253,36.7370472]}},{"type":"Feature","properties":{"cat":"transporte"},"geometry":{"type":"Point","coordinates":[-4.4813049,36.7389541]}},{"type":"Feature","properties":{"cat":"transporte"},"geometry":{"type":"Point","coordinates":[-4.4846835,36.7399282]}},{"type":"Feature","properties":{"cat":"transporte"},"geometry":{"type":"Point","coordinates":[-4.4876383,36.7411282]}},{"type":"Feature","properties":{"cat":"transporte"},"geometry":{"type":"Point","coordinates":[-4.4888835,36.7424893]}},{"type":"Feature","properties":{"cat":"transporte"},"geometry":{"type":"Point","coordinates":[-4.4692638,36.7311168]}},{"type":"Feature","properties":{"cat":"transporte"},"geometry":{"type":"Point","coordinates":[-4.4735634,36.7324905]}},{"type":"Feature","properties":{"cat":"transporte"},"geometry":{"type":"Point","coordinates":[-4.4752767,36.732811]}},{"type":"Feature","properties":{"cat":"transporte"},"geometry":{"type":"Point","coordinates":[-4.4780874,36.7342234]}},{"type":"Feature","properties":{"cat":"transporte"},"geometry":{"type":"Point","coordinates":[-4.4792577,36.7360507]}},{"type":"Feature","properties":{"cat":"transporte"},"geometry":{"type":"Point","coordinates":[-4.3618317,36.7195457]}},{"type":"Feature","properties":{"cat":"transporte"},"geometry":{"type":"Point","coordinates":[-4.3654097,36.7198173]}},{"type":"Feature","properties":{"cat":"transporte"},"geometry":{"type":"Point","coordinates":[-4.3709269,36.7207894]}},{"type":"Feature","properties":{"cat":"transporte"},"geometry":{"type":"Point","coordinates":[-4.3769711,36.7219244]}},{"type":"Feature","properties":{"cat":"transporte"},"geometry":{"type":"Point","coordinates":[-4.3738048,36.7226468]}},{"type":"Feature","properties":{"cat":"transporte"},"geometry":{"type":"Point","coordinates":[-4.3748314,36.7258651]}},{"type":"Feature","properties":{"cat":"transporte"},"geometry":{"type":"Point","coordinates":[-4.3768372,36.7298186]}},{"type":"Feature","properties":{"cat":"transporte"},"geometry":{"type":"Point","coordinates":[-4.3762997,36.7324213]}},{"type":"Feature","properties":{"cat":"transporte"},"geometry":{"type":"Point","coordinates":[-4.3753684,36.7311035]}},{"type":"Feature","properties":{"cat":"transporte"},"geometry":{"type":"Point","coordinates":[-4.3745254,36.7281105]}},{"type":"Feature","properties":{"cat":"transporte"},"geometry":{"type":"Point","coordinates":[-4.3744411,36.7281817]}},{"type":"Feature","properties":{"cat":"transporte"},"geometry":{"type":"Point","coordinates":[-4.4666555,36.7296232]}},{"type":"Feature","properties":{"cat":"transporte"},"geometry":{"type":"Point","coordinates":[-4.4714827,36.7194965]}},{"type":"Feature","properties":{"cat":"transporte"},"geometry":{"type":"Point","coordinates":[-4.4791823,36.7213774]}},{"type":"Feature","properties":{"cat":"transporte"},"geometry":{"type":"Point","coordinates":[-4.4336285,36.7365083]}},{"type":"Feature","properties":{"cat":"transporte"},"geometry":{"type":"Point","coordinates":[-4.4626875,36.7119917]}},{"type":"Feature","properties":{"cat":"transporte"},"geometry":{"type":"Point","coordinates":[-4.4754698,36.7209066]}},{"type":"Feature","properties":{"cat":"transporte"},"geometry":{"type":"Point","coordinates":[-4.4826089,36.7219376]}},{"type":"Feature","properties":{"cat":"transporte"},"geometry":{"type":"Point","coordinates":[-4.422335,36.71782]}},{"type":"Feature","properties":{"cat":"transporte"},"geometry":{"type":"Point","coordinates":[-4.4512416,36.7338009]}},{"type":"Feature","properties":{"cat":"transporte"},"geometry":{"type":"Point","coordinates":[-4.4520668,36.7349788]}},{"type":"Feature","properties":{"cat":"transporte"},"geometry":{"type":"Point","coordinates":[-4.4528261,36.7360104]}},{"type":"Feature","properties":{"cat":"transporte"},"geometry":{"type":"Point","coordinates":[-4.4503074,36.7359426]}},{"type":"Feature","properties":{"cat":"transporte"},"geometry":{"type":"Point","coordinates":[-4.4453752,36.7302197]}},{"type":"Feature","properties":{"cat":"transporte"},"geometry":{"type":"Point","coordinates":[-4.4499389,36.7311326]}},{"type":"Feature","properties":{"cat":"transporte"},"geometry":{"type":"Point","coordinates":[-4.3600282,36.7333303]}},{"type":"Feature","properties":{"cat":"transporte"},"geometry":{"type":"Point","coordinates":[-4.3613154,36.7338535]}},{"type":"Feature","properties":{"cat":"transporte"},"geometry":{"type":"Point","coordinates":[-4.3614149,36.7350564]}},{"type":"Feature","properties":{"cat":"transporte"},"geometry":{"type":"Point","coordinates":[-4.3616349,36.7315442]}},{"type":"Feature","properties":{"cat":"transporte"},"geometry":{"type":"Point","coordinates":[-4.4271284,36.7174696]}},{"type":"Feature","properties":{"cat":"transporte"},"geometry":{"type":"Point","coordinates":[-4.4217317,36.7177767]}},{"type":"Feature","properties":{"cat":"transporte"},"geometry":{"type":"Point","coordinates":[-4.4233301,36.7173416]}},{"type":"Feature","properties":{"cat":"transporte"},"geometry":{"type":"Point","coordinates":[-4.4234784,36.7174895]}},{"type":"Feature","properties":{"cat":"transporte"},"geometry":{"type":"Point","coordinates":[-4.4228531,36.7176666]}},{"type":"Feature","properties":{"cat":"transporte"},"geometry":{"type":"Point","coordinates":[-4.4231978,36.7175576]}},{"type":"Feature","properties":{"cat":"transporte"},"geometry":{"type":"Point","coordinates":[-4.4240575,36.7173246]}},{"type":"Feature","properties":{"cat":"transporte"},"geometry":{"type":"Point","coordinates":[-4.4221634,36.7176406]}},{"type":"Feature","properties":{"cat":"transporte"},"geometry":{"type":"Point","coordinates":[-4.4220343,36.7178949]}},{"type":"Feature","properties":{"cat":"transporte"},"geometry":{"type":"Point","coordinates":[-4.4241262,36.7171231]}},{"type":"Feature","properties":{"cat":"transporte"},"geometry":{"type":"Point","coordinates":[-4.4228539,36.7174627]}},{"type":"Feature","properties":{"cat":"transporte"},"geometry":{"type":"Point","coordinates":[-4.4304613,36.7170467]}},{"type":"Feature","properties":{"cat":"transporte"},"geometry":{"type":"Point","coordinates":[-4.4783127,36.6985145]}},{"type":"Feature","properties":{"cat":"transporte"},"geometry":{"type":"Point","coordinates":[-4.4246675,36.7178632]}},{"type":"Feature","properties":{"cat":"transporte"},"geometry":{"type":"Point","coordinates":[-4.4261637,36.7232991]}},{"type":"Feature","properties":{"cat":"transporte"},"geometry":{"type":"Point","coordinates":[-4.4266313,36.7256222]}},{"type":"Feature","properties":{"cat":"transporte"},"geometry":{"type":"Point","coordinates":[-4.4761562,36.7158301]}},{"type":"Feature","properties":{"cat":"transporte"},"geometry":{"type":"Point","coordinates":[-4.4636384,36.6930322]}},{"type":"Feature","properties":{"cat":"transporte"},"geometry":{"type":"Point","coordinates":[-4.4265643,36.7169222]}},{"type":"Feature","properties":{"cat":"transporte"},"geometry":{"type":"Point","coordinates":[-4.4311269,36.7122709]}},{"type":"Feature","properties":{"cat":"transporte"},"geometry":{"type":"Point","coordinates":[-4.4279882,36.716606]}},{"type":"Feature","properties":{"cat":"transporte"},"geometry":{"type":"Point","coordinates":[-4.4147556,36.7440288]}},{"type":"Feature","properties":{"cat":"transporte"},"geometry":{"type":"Point","coordinates":[-4.4769477,36.6992227]}},{"type":"Feature","properties":{"cat":"transporte"},"geometry":{"type":"Point","coordinates":[-4.4257239,36.7202183]}},{"type":"Feature","properties":{"cat":"transporte"},"geometry":{"type":"Point","coordinates":[-4.4103784,36.7208982]}},{"type":"Feature","properties":{"cat":"transporte"},"geometry":{"type":"Point","coordinates":[-4.3887955,36.7272939]}},{"type":"Feature","properties":{"cat":"transporte"},"geometry":{"type":"Point","coordinates":[-4.3864888,36.7274243]}},{"type":"Feature","properties":{"cat":"transporte"},"geometry":{"type":"Point","coordinates":[-4.4193196,36.7186842]}},{"type":"Feature","properties":{"cat":"transporte"},"geometry":{"type":"Point","coordinates":[-4.4282127,36.7166111]}},{"type":"Feature","properties":{"cat":"transporte"},"geometry":{"type":"Point","coordinates":[-4.4136996,36.7289943]}},{"type":"Feature","properties":{"cat":"transporte"},"geometry":{"type":"Point","coordinates":[-4.4204821,36.7165322]}},{"type":"Feature","properties":{"cat":"transporte"},"geometry":{"type":"Point","coordinates":[-4.4156682,36.7194874]}},{"type":"Feature","properties":{"cat":"transporte"},"geometry":{"type":"Point","coordinates":[-4.4103927,36.7175808]}},{"type":"Feature","properties":{"cat":"transporte"},"geometry":{"type":"Point","coordinates":[-4.4284345,36.7166214]}},{"type":"Feature","properties":{"cat":"transporte"},"geometry":{"type":"Point","coordinates":[-4.3825832,36.7220389]}},{"type":"Feature","properties":{"cat":"transporte"},"geometry":{"type":"Point","coordinates":[-4.4287379,36.7169333]}},{"type":"Feature","properties":{"cat":"transporte"},"geometry":{"type":"Point","coordinates":[-4.4744617,36.7169242]}},{"type":"Feature","properties":{"cat":"transporte"},"geometry":{"type":"Point","coordinates":[-4.4283945,36.7179735]}},{"type":"Feature","properties":{"cat":"transporte"},"geometry":{"type":"Point","coordinates":[-4.4478831,36.6865184]}},{"type":"Feature","properties":{"cat":"transporte"},"geometry":{"type":"Point","coordinates":[-4.4246772,36.7169578]}},{"type":"Feature","properties":{"cat":"transporte"},"geometry":{"type":"Point","coordinates":[-4.4244232,36.7172199]}},{"type":"Feature","properties":{"cat":"transporte"},"geometry":{"type":"Point","coordinates":[-4.416905,36.7191323]}},{"type":"Feature","properties":{"cat":"transporte"},"geometry":{"type":"Point","coordinates":[-4.4716266,36.727033]}},{"type":"Feature","properties":{"cat":"transporte"},"geometry":{"type":"Point","coordinates":[-4.4711432,36.7203408]}},{"type":"Feature","properties":{"cat":"transporte"},"geometry":{"type":"Point","coordinates":[-4.4711626,36.7206206]}},{"type":"Feature","properties":{"cat":"transporte"},"geometry":{"type":"Point","coordinates":[-4.4801058,36.7162557]}},{"type":"Feature","properties":{"cat":"transporte"},"geometry":{"type":"Point","coordinates":[-4.4210882,36.7375328]}},{"type":"Feature","properties":{"cat":"transporte"},"geometry":{"type":"Point","coordinates":[-4.4148192,36.7254896]}},{"type":"Feature","properties":{"cat":"transporte"},"geometry":{"type":"Point","coordinates":[-4.4245277,36.7178944]}},{"type":"Feature","properties":{"cat":"transporte"},"geometry":{"type":"Point","coordinates":[-4.483031,36.6926318]}},{"type":"Feature","properties":{"cat":"transporte"},"geometry":{"type":"Point","coordinates":[-4.4610382,36.695234]}},{"type":"Feature","properties":{"cat":"transporte"},"geometry":{"type":"Point","coordinates":[-4.4242295,36.7133797]}},{"type":"Feature","properties":{"cat":"transporte"},"geometry":{"type":"Point","coordinates":[-4.3824687,36.7220223]}},{"type":"Feature","properties":{"cat":"transporte"},"geometry":{"type":"Point","coordinates":[-4.3603556,36.7211747]}},{"type":"Feature","properties":{"cat":"transporte"},"geometry":{"type":"Point","coordinates":[-4.4210749,36.7391527]}},{"type":"Feature","properties":{"cat":"transporte"},"geometry":{"type":"Point","coordinates":[-4.4196746,36.7388931]}},{"type":"Feature","properties":{"cat":"transporte"},"geometry":{"type":"Point","coordinates":[-4.4192624,36.7385368]}},{"type":"Feature","properties":{"cat":"transporte"},"geometry":{"type":"Point","coordinates":[-4.4199142,36.7381013]}},{"type":"Feature","properties":{"cat":"transporte"},"geometry":{"type":"Point","coordinates":[-4.4210143,36.7377373]}},{"type":"Feature","properties":{"cat":"transporte"},"geometry":{"type":"Point","coordinates":[-4.431535,36.7097472]}},{"type":"Feature","properties":{"cat":"transporte"},"geometry":{"type":"Point","coordinates":[-4.4314868,36.7110663]}},{"type":"Feature","properties":{"cat":"transporte"},"geometry":{"type":"Point","coordinates":[-4.4313259,36.7111989]}},{"type":"Feature","properties":{"cat":"transporte"},"geometry":{"type":"Point","coordinates":[-4.4477691,36.6870156]}},{"type":"Feature","properties":{"cat":"transporte"},"geometry":{"type":"Point","coordinates":[-4.3961781,36.7225259]}},{"type":"Feature","properties":{"cat":"transporte"},"geometry":{"type":"Point","coordinates":[-4.3969068,36.7224641]}},{"type":"Feature","properties":{"cat":"transporte"},"geometry":{"type":"Point","coordinates":[-4.4667066,36.7200432]}},{"type":"Feature","properties":{"cat":"transporte"},"geometry":{"type":"Point","coordinates":[-4.4665468,36.7203371]}},{"type":"Feature","properties":{"cat":"transporte"},"geometry":{"type":"Point","coordinates":[-4.4723716,36.7216326]}},{"type":"Feature","properties":{"cat":"transporte"},"geometry":{"type":"Point","coordinates":[-4.4709704,36.7178157]}},{"type":"Feature","properties":{"cat":"transporte"},"geometry":{"type":"Point","coordinates":[-4.3720128,36.7281501]}},{"type":"Feature","properties":{"cat":"transporte"},"geometry":{"type":"Point","coordinates":[-4.3760887,36.7335417]}},{"type":"Feature","properties":{"cat":"transporte"},"geometry":{"type":"Point","coordinates":[-4.392748,36.7315345]}},{"type":"Feature","properties":{"cat":"transporte"},"geometry":{"type":"Point","coordinates":[-4.3601173,36.7210555]}},{"type":"Feature","properties":{"cat":"transporte"},"geometry":{"type":"Point","coordinates":[-4.4840124,36.7173254]}},{"type":"Feature","properties":{"cat":"transporte"},"geometry":{"type":"Point","coordinates":[-4.4785823,36.7165546]}},{"type":"Feature","properties":{"cat":"transporte"},"geometry":{"type":"Point","coordinates":[-4.4722,36.7170389]}},{"type":"Feature","properties":{"cat":"transporte"},"geometry":{"type":"Point","coordinates":[-4.4630769,36.7282756]}},{"type":"Feature","properties":{"cat":"transporte"},"geometry":{"type":"Point","coordinates":[-4.4624459,36.7300072]}},{"type":"Feature","properties":{"cat":"transporte"},"geometry":{"type":"Point","coordinates":[-4.4638221,36.7325203]}},{"type":"Feature","properties":{"cat":"transporte"},"geometry":{"type":"Point","coordinates":[-4.4678119,36.7303826]}},{"type":"Feature","properties":{"cat":"transporte"},"geometry":{"type":"Point","coordinates":[-4.4634724,36.7322195]}},{"type":"Feature","properties":{"cat":"transporte"},"geometry":{"type":"Point","coordinates":[-4.4620683,36.7304492]}},{"type":"Feature","properties":{"cat":"transporte"},"geometry":{"type":"Point","coordinates":[-4.462856,36.7282232]}},{"type":"Feature","properties":{"cat":"transporte"},"geometry":{"type":"Point","coordinates":[-4.4460092,36.7328727]}},{"type":"Feature","properties":{"cat":"transporte"},"geometry":{"type":"Point","coordinates":[-4.445403,36.732648]}},{"type":"Feature","properties":{"cat":"transporte"},"geometry":{"type":"Point","coordinates":[-4.4337924,36.712489]}},{"type":"Feature","properties":{"cat":"transporte"},"geometry":{"type":"Point","coordinates":[-4.4284618,36.7159309]}},{"type":"Feature","properties":{"cat":"transporte"},"geometry":{"type":"Point","coordinates":[-4.4287453,36.7157873]}},{"type":"Feature","properties":{"cat":"transporte"},"geometry":{"type":"Point","coordinates":[-4.4540287,36.7014079]}},{"type":"Feature","properties":{"cat":"transporte"},"geometry":{"type":"Point","coordinates":[-4.4145719,36.7200141]}},{"type":"Feature","properties":{"cat":"transporte"},"geometry":{"type":"Point","coordinates":[-4.4147376,36.7199681]}},{"type":"Feature","properties":{"cat":"transporte"},"geometry":{"type":"Point","coordinates":[-4.4156146,36.7197229]}},{"type":"Feature","properties":{"cat":"transporte"},"geometry":{"type":"Point","coordinates":[-4.429699,36.7159854]}},{"type":"Feature","properties":{"cat":"transporte"},"geometry":{"type":"Point","coordinates":[-4.4265565,36.7153993]}},{"type":"Feature","properties":{"cat":"transporte"},"geometry":{"type":"Point","coordinates":[-4.4235116,36.7176036]}},{"type":"Feature","properties":{"cat":"transporte"},"geometry":{"type":"Point","coordinates":[-4.4894297,36.7320272]}},{"type":"Feature","properties":{"cat":"transporte"},"geometry":{"type":"Point","coordinates":[-4.4883518,36.7342326]}},{"type":"Feature","properties":{"cat":"transporte"},"geometry":{"type":"Point","coordinates":[-4.4868738,36.7369461]}},{"type":"Feature","properties":{"cat":"transporte"},"geometry":{"type":"Point","coordinates":[-4.4887291,36.7378539]}},{"type":"Feature","properties":{"cat":"transporte"},"geometry":{"type":"Point","coordinates":[-4.4898024,36.7417227]}},{"type":"Feature","properties":{"cat":"transporte"},"geometry":{"type":"Point","coordinates":[-4.4215639,36.7240978]}},{"type":"Feature","properties":{"cat":"transporte"},"geometry":{"type":"Point","coordinates":[-4.4191822,36.7235574]}},{"type":"Feature","properties":{"cat":"transporte"},"geometry":{"type":"Point","coordinates":[-4.4249663,36.7216617]}},{"type":"Feature","properties":{"cat":"transporte"},"geometry":{"type":"Point","coordinates":[-4.4354896,36.7078894]}},{"type":"Feature","properties":{"cat":"transporte"},"geometry":{"type":"Point","coordinates":[-4.4033072,36.7368488]}},{"type":"Feature","properties":{"cat":"transporte"},"geometry":{"type":"Point","coordinates":[-4.4014596,36.7370408]}},{"type":"Feature","properties":{"cat":"transporte"},"geometry":{"type":"Point","coordinates":[-4.4005251,36.7344023]}},{"type":"Feature","properties":{"cat":"transporte"},"geometry":{"type":"Point","coordinates":[-4.4056364,36.7349055]}},{"type":"Feature","properties":{"cat":"transporte"},"geometry":{"type":"Point","coordinates":[-4.4252617,36.7170195]}},{"type":"Feature","properties":{"cat":"transporte"},"geometry":{"type":"Point","coordinates":[-4.4118874,36.7419453]}},{"type":"Feature","properties":{"cat":"transporte"},"geometry":{"type":"Point","coordinates":[-4.4111652,36.7430466]}},{"type":"Feature","properties":{"cat":"transporte"},"geometry":{"type":"Point","coordinates":[-4.411025,36.7430619]}},{"type":"Feature","properties":{"cat":"transporte"},"geometry":{"type":"Point","coordinates":[-4.4811014,36.7410564]}},{"type":"Feature","properties":{"cat":"transporte"},"geometry":{"type":"Point","coordinates":[-4.4792967,36.7424753]}},{"type":"Feature","properties":{"cat":"transporte"},"geometry":{"type":"Point","coordinates":[-4.479269,36.7450073]}},{"type":"Feature","properties":{"cat":"transporte"},"geometry":{"type":"Point","coordinates":[-4.4806417,36.745545]}},{"type":"Feature","properties":{"cat":"transporte"},"geometry":{"type":"Point","coordinates":[-4.4796647,36.7482218]}},{"type":"Feature","properties":{"cat":"transporte"},"geometry":{"type":"Point","coordinates":[-4.4803574,36.7488687]}},{"type":"Feature","properties":{"cat":"transporte"},"geometry":{"type":"Point","coordinates":[-4.4811196,36.7469517]}},{"type":"Feature","properties":{"cat":"transporte"},"geometry":{"type":"Point","coordinates":[-4.4832586,36.7443851]}},{"type":"Feature","properties":{"cat":"transporte"},"geometry":{"type":"Point","coordinates":[-4.4829605,36.7423751]}},{"type":"Feature","properties":{"cat":"transporte"},"geometry":{"type":"Point","coordinates":[-4.3980793,36.7365788]}},{"type":"Feature","properties":{"cat":"transporte"},"geometry":{"type":"Point","coordinates":[-4.4536135,36.7152243]}},{"type":"Feature","properties":{"cat":"transporte"},"geometry":{"type":"Point","coordinates":[-4.4609595,36.7200661]}},{"type":"Feature","properties":{"cat":"transporte"},"geometry":{"type":"Point","coordinates":[-4.421569,36.7481893]}},{"type":"Feature","properties":{"cat":"transporte"},"geometry":{"type":"Point","coordinates":[-4.4217565,36.7464083]}},{"type":"Feature","properties":{"cat":"transporte"},"geometry":{"type":"Point","coordinates":[-4.4359405,36.727158]}},{"type":"Feature","properties":{"cat":"transporte"},"geometry":{"type":"Point","coordinates":[-4.4193138,36.7178908]}},{"type":"Feature","properties":{"cat":"transporte"},"geometry":{"type":"Point","coordinates":[-4.4682683,36.6989558]}},{"type":"Feature","properties":{"cat":"transporte"},"geometry":{"type":"Point","coordinates":[-4.4008679,36.7308061]}},{"type":"Feature","properties":{"cat":"transporte"},"geometry":{"type":"Point","coordinates":[-4.3742179,36.726965]}},{"type":"Feature","properties":{"cat":"transporte"},"geometry":{"type":"Point","coordinates":[-4.4554285,36.6923415]}},{"type":"Feature","properties":{"cat":"transporte"},"geometry":{"type":"Point","coordinates":[-4.4789538,36.6994382]}},{"type":"Feature","properties":{"cat":"transporte"},"geometry":{"type":"Point","coordinates":[-4.4182242,36.7156342]}},{"type":"Feature","properties":{"cat":"transporte"},"geometry":{"type":"Point","coordinates":[-4.4347113,36.7105027]}},{"type":"Feature","properties":{"cat":"transporte"},"geometry":{"type":"Point","coordinates":[-4.4349476,36.7106832]}},{"type":"Feature","properties":{"cat":"transporte"},"geometry":{"type":"Point","coordinates":[-4.4344288,36.7104763]}},{"type":"Feature","properties":{"cat":"transporte"},"geometry":{"type":"Point","coordinates":[-4.4348549,36.7105728]}},{"type":"Feature","properties":{"cat":"transporte"},"geometry":{"type":"Point","coordinates":[-4.4339319,36.7105683]}},{"type":"Feature","properties":{"cat":"transporte"},"geometry":{"type":"Point","coordinates":[-4.4786182,36.7165009]}},{"type":"Feature","properties":{"cat":"transporte"},"geometry":{"type":"Point","coordinates":[-4.4786029,36.7166017]}},{"type":"Feature","properties":{"cat":"transporte"},"geometry":{"type":"Point","coordinates":[-4.484048,36.7172791]}},{"type":"Feature","properties":{"cat":"transporte"},"geometry":{"type":"Point","coordinates":[-4.4840241,36.7173751]}},{"type":"Feature","properties":{"cat":"transporte"},"geometry":{"type":"Point","coordinates":[-4.4887238,36.7180393]}},{"type":"Feature","properties":{"cat":"transporte"},"geometry":{"type":"Point","coordinates":[-4.472188,36.7169898]}},{"type":"Feature","properties":{"cat":"transporte"},"geometry":{"type":"Point","coordinates":[-4.4722069,36.7170882]}},{"type":"Feature","properties":{"cat":"transporte"},"geometry":{"type":"Point","coordinates":[-4.4783803,36.6984765]}},{"type":"Feature","properties":{"cat":"transporte"},"geometry":{"type":"Point","coordinates":[-4.4788611,36.6988035]}},{"type":"Feature","properties":{"cat":"transporte"},"geometry":{"type":"Point","coordinates":[-4.4887507,36.7179429]}}]}
