{"type":"FeatureCollection","name":"Renta por sección censal (real · INE Atlas 2023)","_generated":{"source":"ingest-housing.mjs","csv":"30896","prefix":"08019","sections":1068,"indicator":"renta neta media por persona 2023","note":"RENTA, no precio de alquiler; €/m² (Mitma SEIPAV) pendiente","income_range":[8127,36918]},"features":[{"type":"Feature","geometry":{"type":"Polygon","coordinates":[[[2.1788678053731707,41.374661632429046],[2.178203182318635,41.37383300794137],[2.183134160677314,41.371598460337914],[2.1820804566119714,41.37027921106047],[2.1776390996090433,41.3722988978465],[2.1756636998076586,41.37336129075942],[2.176387708689013,41.37434762831833],[2.175189408202276,41.3746509263896],[2.172734754501909,41.37482975719402],[2.1736195690056177,41.37679802165763],[2.1743731135951725,41.377370614981686],[2.1755298867629556,41.378646951505814],[2.176008554960397,41.377831449951984],[2.177534214113072,41.37598791184722],[2.1773999105882202,41.375704111944074],[2.1775321605643407,41.375513729640865],[2.1773729099257286,41.37531682696198],[2.1788678053731707,41.374661632429046]]]},"properties":{"cusec":"0801901001","income":13122,"housing_vuln":0.83,"detail":"13.122 €/persona/año"}},{"type":"Feature","geometry":{"type":"Polygon","coordinates":[[[2.1754388335257575,41.37877202411936],[2.1755298867629556,41.378646951505814],[2.1753935036381895,41.37849057265334],[2.17353566815471,41.37660555628256],[2.172055824878166,41.37695749656218],[2.174706720942254,41.37951000979054],[2.1754388335257575,41.37877202411936]]]},"properties":{"cusec":"0801901002","income":10966,"housing_vuln":0.9,"detail":"10.966 €/persona/año"}},{"type":"Feature","geometry":{"type":"Polygon","coordinates":[[[2.17353566815471,41.37660555628256],[2.172734754501909,41.37482975719402],[2.1700557699155114,41.3750172449121],[2.172055824878166,41.37695749656218],[2.17353566815471,41.37660555628256]]]},"properties":{"cusec":"0801901003","income":10702,"housing_vuln":0.91,"detail":"10.702 €/persona/año"}},{"type":"Feature","geometry":{"type":"Polygon","coordinates":[[[2.1705611387381474,41.3777103619638],[2.172055824878166,41.37695749656218],[2.1700557699155114,41.3750172449121],[2.1678510688496893,41.37498531705891],[2.1661001589361555,41.37639984397602],[2.1668666572320894,41.377099243615696],[2.167885509359342,41.37650369818578],[2.1682465099326795,41.376929859477265],[2.168386285095952,41.37685440680526],[2.169289497096683,41.37750250286994],[2.168826938387223,41.37784173687298],[2.169621938430498,41.37846620271214],[2.1705611387381474,41.3777103619638]]]},"properties":{"cusec":"0801901004","income":12988,"housing_vuln":0.83,"detail":"12.988 €/persona/año"}},{"type":"Feature","geometry":{"type":"Polygon","coordinates":[[[2.174074726495458,41.38023856871217],[2.174706720942254,41.37951000979054],[2.172055824878166,41.37695749656218],[2.1705611387381474,41.3777103619638],[2.172466297470821,41.37949631581685],[2.1732840473486887,41.381126575391704],[2.174074726495458,41.38023856871217]]]},"properties":{"cusec":"0801901005","income":11323,"housing_vuln":0.89,"detail":"11.323 €/persona/año"}},{"type":"Feature","geometry":{"type":"Polygon","coordinates":[[[2.1732840473486887,41.381126575391704],[2.1726316836028414,41.37970719433391],[2.1715640619388012,41.378621100044036],[2.170151076675566,41.380362307710286],[2.173157417232977,41.38126879259475],[2.1732840473486887,41.381126575391704]]]},"properties":{"cusec":"0801901006","income":12035,"housing_vuln":0.86,"detail":"12.035 €/persona/año"}},{"type":"Feature","geometry":{"type":"Polygon","coordinates":[[[2.1715640619388012,41.378621100044036],[2.1705611387381474,41.3777103619638],[2.168138908829649,41.37970855321185],[2.170151076675566,41.380362307710286],[2.1715640619388012,41.378621100044036]]]},"properties":{"cusec":"0801901007","income":10942,"housing_vuln":0.9,"detail":"10.942 €/persona/año"}},{"type":"Feature","geometry":{"type":"Polygon","coordinates":[[[2.169621938430498,41.37846620271214],[2.168826938387223,41.37784173687298],[2.169289497096683,41.37750250286994],[2.168386285095952,41.37685440680526],[2.1682465099326795,41.376929859477265],[2.167885509359342,41.37650369818578],[2.1668666572320894,41.377099243615696],[2.1673136382562155,41.37751042183736],[2.166849273034726,41.3778047501906],[2.16876319752791,41.3791855961094],[2.169621938430498,41.37846620271214]]]},"properties":{"cusec":"0801901008","income":8722,"housing_vuln":0.98,"detail":"8722 €/persona/año"}},{"type":"Feature","geometry":{"type":"Polygon","coordinates":[[[2.166849273034726,41.3778047501906],[2.1673136382562155,41.37751042183736],[2.1661001589361555,41.37639984397602],[2.1646731824123604,41.37753651236109],[2.1656728887459753,41.378552457325895],[2.166849273034726,41.3778047501906]]]},"properties":{"cusec":"0801901009","income":11432,"housing_vuln":0.89,"detail":"11.432 €/persona/año"}},{"type":"Feature","geometry":{"type":"Polygon","coordinates":[[[2.16876319752791,41.3791855961094],[2.166849273034726,41.3778047501906],[2.1656728887459753,41.378552457325895],[2.1671352508071027,41.379487803254165],[2.1680674649167924,41.37976957529478],[2.16876319752791,41.3791855961094]]]},"properties":{"cusec":"0801901010","income":10032,"housing_vuln":0.93,"detail":"10.032 €/persona/año"}},{"type":"Feature","geometry":{"type":"Polygon","coordinates":[[[2.1680674649167924,41.37976957529478],[2.1671518822162654,41.37954916661258],[2.166583091436252,41.379200624771194],[2.165822699887587,41.378686542940315],[2.16466736402426,41.377540810899575],[2.163113716062287,41.37874296824227],[2.1659526214304976,41.37944985900981],[2.167313930208705,41.3804132199394],[2.1680674649167924,41.37976957529478]]]},"properties":{"cusec":"0801901011","income":10017,"housing_vuln":0.93,"detail":"10.017 €/persona/año"}},{"type":"Feature","geometry":{"type":"Polygon","coordinates":[[[2.165443203002546,41.3793525848651],[2.163113716062287,41.37874296824227],[2.1633448624663627,41.380338239092275],[2.1645787146787616,41.38039785184191],[2.165443203002546,41.3793525848651]]]},"properties":{"cusec":"0801901012","income":12667,"housing_vuln":0.84,"detail":"12.667 €/persona/año"}},{"type":"Feature","geometry":{"type":"Polygon","coordinates":[[[2.167313930208705,41.3804132199394],[2.165443203002546,41.3793525848651],[2.1645787146787616,41.38039785184191],[2.167150134993044,41.3805531247306],[2.167313930208705,41.3804132199394]]]},"properties":{"cusec":"0801901013","income":12321,"housing_vuln":0.85,"detail":"12.321 €/persona/año"}},{"type":"Feature","geometry":{"type":"Polygon","coordinates":[[[2.167712080610608,41.38074811684301],[2.1675094413437557,41.38057680030515],[2.165572234315033,41.3804491448752],[2.165110409529136,41.38110642520523],[2.165880492103088,41.381166665448106],[2.166722080573631,41.38167222955247],[2.167712080610608,41.38074811684301]]]},"properties":{"cusec":"0801901014","income":12196,"housing_vuln":0.86,"detail":"12.196 €/persona/año"}},{"type":"Feature","geometry":{"type":"Polygon","coordinates":[[[2.165110409529136,41.38110642520523],[2.165572234315033,41.3804491448752],[2.1633448624663627,41.380338239092275],[2.163524269503347,41.3816707709597],[2.1643759667157942,41.382028107016055],[2.165110409529136,41.38110642520523]]]},"properties":{"cusec":"0801901015","income":11409,"housing_vuln":0.89,"detail":"11.409 €/persona/año"}},{"type":"Feature","geometry":{"type":"Polygon","coordinates":[[[2.164950203981376,41.383326074780975],[2.1656177106279615,41.382703033967545],[2.163524269503347,41.3816707709597],[2.1638733763823144,41.38413262141137],[2.1641052962358245,41.38411466535534],[2.164950203981376,41.383326074780975]]]},"properties":{"cusec":"0801901016","income":11973,"housing_vuln":0.87,"detail":"11.973 €/persona/año"}},{"type":"Feature","geometry":{"type":"Polygon","coordinates":[[[2.166722080573631,41.38167222955247],[2.1659058254924,41.38118150492335],[2.165110409529136,41.38110642520523],[2.1643759667157942,41.382028107016055],[2.1656177106279615,41.382703033967545],[2.166722080573631,41.38167222955247]]]},"properties":{"cusec":"0801901017","income":10200,"housing_vuln":0.93,"detail":"10.200 €/persona/año"}},{"type":"Feature","geometry":{"type":"Polygon","coordinates":[[[2.1689652753477096,41.381551556501776],[2.167712080610608,41.38074811684301],[2.164950203981376,41.383326074780975],[2.1662621629111043,41.384462681428346],[2.1689652753477096,41.381551556501776]]]},"properties":{"cusec":"0801901018","income":11661,"housing_vuln":0.88,"detail":"11.661 €/persona/año"}},{"type":"Feature","geometry":{"type":"Polygon","coordinates":[[[2.173157417232977,41.38126879259475],[2.168081144461925,41.379773556210054],[2.167150134993044,41.3805531247306],[2.1675094413437557,41.38057680030515],[2.169182877852247,41.381677075800944],[2.171726150355411,41.38300086121067],[2.173157417232977,41.38126879259475]]]},"properties":{"cusec":"0801901019","income":11599,"housing_vuln":0.88,"detail":"11.599 €/persona/año"}},{"type":"Feature","geometry":{"type":"Polygon","coordinates":[[[2.1706509388255277,41.3845834198466],[2.171702484239245,41.383035675967136],[2.1689652753477096,41.381551556501776],[2.1662621629111043,41.384462681428346],[2.166671497338304,41.38496146583353],[2.167985128931094,41.38484144322421],[2.1693300632182764,41.383787949329324],[2.1706509388255277,41.3845834198466]]]},"properties":{"cusec":"0801901020","income":17231,"housing_vuln":0.68,"detail":"17.231 €/persona/año"}},{"type":"Feature","geometry":{"type":"Polygon","coordinates":[[[2.170048138727169,41.385470635247046],[2.1706509388255277,41.3845834198466],[2.1693300632182764,41.383787949329324],[2.168148707652755,41.38477656930655],[2.166671497338304,41.38496146583353],[2.164950203981376,41.383326074780975],[2.1641052962358245,41.38411466535534],[2.1638733763823144,41.38413262141137],[2.164050327425301,41.385402278115436],[2.164851270722506,41.3859169727536],[2.170048138727169,41.385470635247046]]]},"properties":{"cusec":"0801901021","income":16729,"housing_vuln":0.7,"detail":"16.729 €/persona/año"}},{"type":"Feature","geometry":{"type":"Polygon","coordinates":[[[2.174146879179092,41.38398016226694],[2.171702484239245,41.383035675967136],[2.170048138727169,41.385470635247046],[2.171379485995685,41.38691762580696],[2.1736484004346606,41.38520653430622],[2.1740967145586794,41.38465716777964],[2.174146879179092,41.38398016226694]]]},"properties":{"cusec":"0801901022","income":21762,"housing_vuln":0.53,"detail":"21.762 €/persona/año"}},{"type":"Feature","geometry":{"type":"Polygon","coordinates":[[[2.1749676923120624,41.386800696975065],[2.176649543339832,41.38552911436491],[2.1751829160777194,41.3844232727936],[2.174146879179092,41.38398016226694],[2.1740967145586794,41.38465716777964],[2.1736484004346606,41.38520653430622],[2.171379485995685,41.38691762580696],[2.1727500411330833,41.388418000616426],[2.1749676923120624,41.386800696975065]]]},"properties":{"cusec":"0801901023","income":17634,"housing_vuln":0.67,"detail":"17.634 €/persona/año"}},{"type":"Feature","geometry":{"type":"Polygon","coordinates":[[[2.1766912988308498,41.385497572474414],[2.1787244046094467,41.383961630570724],[2.1758479739168504,41.381654721044676],[2.174836762859409,41.38243459458842],[2.1744523081723206,41.38334172661825],[2.1750857255505185,41.38421858947392],[2.1750123278019076,41.38434467180601],[2.1766912988308498,41.385497572474414]]]},"properties":{"cusec":"0801901025","income":16119,"housing_vuln":0.72,"detail":"16.119 €/persona/año"}},{"type":"Feature","geometry":{"type":"Polygon","coordinates":[[[2.1817084714393595,41.38170706928519],[2.1821462617998146,41.38137628889866],[2.181864008442604,41.38107555115764],[2.180777223916914,41.3814367722159],[2.180353412240592,41.38097465853686],[2.1794495220118195,41.381220111403785],[2.177257006592824,41.38277439060666],[2.1787244046094467,41.383961630570724],[2.1817084714393595,41.38170706928519]]]},"properties":{"cusec":"0801901026","income":16637,"housing_vuln":0.7,"detail":"16.637 €/persona/año"}},{"type":"Feature","geometry":{"type":"Polygon","coordinates":[[[2.180353412240592,41.38097465853686],[2.179685631607859,41.38005300763061],[2.1772695452775435,41.38090092934456],[2.1758821179824945,41.38163958038756],[2.177257006592824,41.38277439060666],[2.1794495220118195,41.381220111403785],[2.180353412240592,41.38097465853686]]]},"properties":{"cusec":"0801901027","income":15689,"housing_vuln":0.74,"detail":"15.689 €/persona/año"}},{"type":"Feature","geometry":{"type":"Polygon","coordinates":[[[2.1758479739168504,41.381654721044676],[2.174074726495458,41.38023856871217],[2.171726150355411,41.38300086121067],[2.1750123278019076,41.38434467180601],[2.1750857255505185,41.38421858947392],[2.1744977674172703,41.3835474614526],[2.1745108989900745,41.383050627575884],[2.174836762859409,41.38243459458842],[2.1758479739168504,41.381654721044676]]]},"properties":{"cusec":"0801901028","income":15098,"housing_vuln":0.76,"detail":"15.098 €/persona/año"}},{"type":"Feature","geometry":{"type":"Polygon","coordinates":[[[2.1780746603509358,41.38060075761874],[2.1770665026671616,41.380254722104965],[2.1754388335257575,41.37877202411936],[2.174074726495458,41.38023856871217],[2.1758479739168504,41.381654721044676],[2.1780746603509358,41.38060075761874]]]},"properties":{"cusec":"0801901029","income":13731,"housing_vuln":0.81,"detail":"13.731 €/persona/año"}},{"type":"Feature","geometry":{"type":"Polygon","coordinates":[[[2.1824675586342055,41.381271686207285],[2.1824088348657815,41.38109290883816],[2.182891381090326,41.38068650252622],[2.1834965006387574,41.38050472272984],[2.1850257243064815,41.37672911614747],[2.182856462676918,41.37400774512856],[2.180998447530351,41.37484332676819],[2.180796786528872,41.3753969966862],[2.181513079780223,41.375092554784985],[2.1814263752873075,41.37537219686359],[2.1831863384222894,41.377565711005616],[2.182450336133587,41.37942810474007],[2.1795812527617175,41.37590853490233],[2.1807943826371727,41.37539800647488],[2.1809960050111106,41.37484441745718],[2.179542490457196,41.37550635037655],[2.1788678053731707,41.374661632429046],[2.1773729099257286,41.37531682696198],[2.1775321605643407,41.375513729640865],[2.177400993956453,41.37568843737186],[2.177534214113072,41.37598791184722],[2.176008554960397,41.377831449951984],[2.1754388335257575,41.37877202411936],[2.177172562261172,41.38028954035372],[2.179921628914461,41.37868590730438],[2.1821462617998146,41.38137628889866],[2.1824675586342055,41.381271686207285]]]},"properties":{"cusec":"0801901030","income":13953,"housing_vuln":0.8,"detail":"13.953 €/persona/año"}},{"type":"Feature","geometry":{"type":"Polygon","coordinates":[[[2.181864008442604,41.38107555115764],[2.179921628914461,41.37868590730438],[2.177172562261172,41.38028954035372],[2.1780746603509358,41.38060075761874],[2.179685631607859,41.38005300763061],[2.180777223916914,41.3814367722159],[2.181864008442604,41.38107555115764]]]},"properties":{"cusec":"0801901031","income":13496,"housing_vuln":0.81,"detail":"13.496 €/persona/año"}},{"type":"Feature","geometry":{"type":"Polygon","coordinates":[[[2.185738253616794,41.3821953021377],[2.1862693160531776,41.38209116853483],[2.1866855630165087,41.38174082516615],[2.1884828143206088,41.377075141434545],[2.1912291186543897,41.37769783172561],[2.192906333476973,41.37731577660129],[2.1894930147733493,41.37067971963368],[2.1899082448437657,41.36967880188857],[2.1910871345338547,41.369378544663164],[2.191554281837788,41.37012722302682],[2.1920408605996364,41.369948732547904],[2.1878239692299704,41.36342543839761],[2.187138538498533,41.36144351250024],[2.186899680057742,41.361495604615875],[2.1854156757847756,41.35763518481227],[2.184533514006096,41.3578265391442],[2.184722796223006,41.3583187345616],[2.185211555196043,41.358212375404264],[2.1870215284412042,41.36293288043966],[2.1864820380107854,41.36305027222307],[2.186627924412945,41.3634307323361],[2.187234195601555,41.363560719561306],[2.1892499046063296,41.36667918761075],[2.1878637080032037,41.36718767361855],[2.187269170608814,41.36601160551192],[2.1867874373596092,41.36541816992989],[2.185944054953429,41.36478585787548],[2.186201379163189,41.36441603857429],[2.1868850590781834,41.36416513267824],[2.186703367625447,41.36387940419402],[2.185923866215728,41.36416713642333],[2.185564439490772,41.364694971441494],[2.185291596884487,41.36459076329996],[2.1850767836489036,41.36523743291885],[2.1849007012768102,41.3652026295354],[2.1847468620894466,41.365665733069285],[2.185287046917555,41.36578567578021],[2.1853875414484136,41.365483122486616],[2.1866226530988437,41.36692691517128],[2.1868811451184635,41.36815376855719],[2.186458946816395,41.36819345402027],[2.1865089182990323,41.36847226889588],[2.186906350947021,41.36843491148922],[2.187215429795256,41.37009337684996],[2.1869790408231857,41.37011751802201],[2.186746240620687,41.36892492397479],[2.186464293588986,41.36895425390085],[2.1862832947373447,41.36794436609079],[2.1850686152680296,41.3680654284381],[2.185135733792796,41.368447475871555],[2.184545556820818,41.36850629052424],[2.184895838696155,41.370377408868315],[2.1844863955728067,41.37041525121667],[2.18457347645984,41.37095989976857],[2.1870792775375443,41.37069646122816],[2.18713418166941,41.3710618009275],[2.185657423207532,41.37118824650851],[2.185866687549578,41.372454978118725],[2.1873504142431077,41.37232625713798],[2.1874776004159893,41.373115959234866],[2.186740552488299,41.373262173246125],[2.1868537249427606,41.37347198598293],[2.1867196145556513,41.373549060443594],[2.18741085828534,41.37453211633192],[2.1866621358522043,41.37476489957859],[2.1859880041303916,41.37450261095796],[2.1856824296101007,41.37253355977056],[2.184835406332051,41.372603065647596],[2.184138530165562,41.37292930328979],[2.184284571077922,41.373091604132725],[2.1848764701203365,41.372821925825605],[2.184921691311722,41.3731065789252],[2.184314049293975,41.37333808982997],[2.184394035286899,41.373469736473744],[2.184941565639073,41.37326213684403],[2.184992103060315,41.373549973189085],[2.184368730643661,41.37373752189519],[2.1844396005330395,41.373871490703635],[2.1850157781596518,41.373699000629465],[2.1850624393504514,41.37399283390949],[2.184397764193617,41.37413396252904],[2.184452988125716,41.3742749984903],[2.1850855925285746,41.37413857003217],[2.1851333550539156,41.37443924749869],[2.184464442543906,41.374546730823326],[2.1845018007816313,41.374689693811646],[2.185156463316284,41.37458476623522],[2.185203781175562,41.374882713570386],[2.184651964961169,41.374932289311886],[2.184677354046034,41.37507724812105],[2.1852167052375693,41.375026944467315],[2.186738072239813,41.37560307752075],[2.1867986501309797,41.375865159478],[2.1865667123111607,41.37589700533489],[2.1866115373455264,41.37609097668817],[2.1868434751653454,41.376059129578074],[2.187218776918008,41.37754650543471],[2.1861250915343153,41.38002416330143],[2.18471537344379,41.380695234667826],[2.1835684790491876,41.38046396361897],[2.1829060541721823,41.38069041732979],[2.1824398815402994,41.38108048372668],[2.1824675586342055,41.381271686207285],[2.1836053746545407,41.381275842278505],[2.1845721155121702,41.38268430105068],[2.185738253616794,41.3821953021377]]]},"properties":{"cusec":"0801901032","income":17248,"housing_vuln":0.68,"detail":"17.248 €/persona/año"}},{"type":"Feature","geometry":{"type":"Polygon","coordinates":[[[2.1899949547265645,41.37741996975407],[2.1884828143206088,41.377075141434545],[2.188107655400085,41.37802358814876],[2.189624217313854,41.378355841558935],[2.1899949547265645,41.37741996975407]]]},"properties":{"cusec":"0801901033","income":14150,"housing_vuln":0.79,"detail":"14.150 €/persona/año"}},{"type":"Feature","geometry":{"type":"Polygon","coordinates":[[[2.19356732374448,41.378546785796864],[2.192906333476973,41.37731577660129],[2.1912764823277526,41.37772155822062],[2.1899949547265645,41.37741996975407],[2.189624217313854,41.378355841558935],[2.191940727191544,41.378863289255165],[2.19356732374448,41.378546785796864]]]},"properties":{"cusec":"0801901034","income":15066,"housing_vuln":0.76,"detail":"15.066 €/persona/año"}},{"type":"Feature","geometry":{"type":"Polygon","coordinates":[[[2.193910028330434,41.379185019120854],[2.19356732374448,41.378546785796864],[2.192346490815481,41.37885041884114],[2.191348893726151,41.378733653453544],[2.1907226008864997,41.38033834828675],[2.192100176357848,41.38065027912324],[2.192344744490557,41.380029506442575],[2.192267660954355,41.3797616640169],[2.193910028330434,41.379185019120854]]]},"properties":{"cusec":"0801901035","income":14776,"housing_vuln":0.77,"detail":"14.776 €/persona/año"}},{"type":"Feature","geometry":{"type":"Polygon","coordinates":[[[2.199727581890766,41.384936675723864],[2.196422398787812,41.3835078257968],[2.1954244917797165,41.381895044719094],[2.197343851080407,41.38120383557716],[2.1967775791764215,41.38026977882943],[2.194870757662187,41.380956473785446],[2.193910028330434,41.379185019120854],[2.192267660954355,41.3797616640169],[2.192344744490557,41.380029506442575],[2.192100176357848,41.38065027912324],[2.1907226008864997,41.38033834828675],[2.1894555981451465,41.38390845849139],[2.1925402421509177,41.38549755090682],[2.19577870737771,41.38788821285842],[2.195909112214259,41.387535843105816],[2.1964055023756393,41.38741620536571],[2.199727581890766,41.384936675723864]]]},"properties":{"cusec":"0801901036","income":14870,"housing_vuln":0.77,"detail":"14.870 €/persona/año"}},{"type":"Feature","geometry":{"type":"Polygon","coordinates":[[[2.1907226008864997,41.38033834828675],[2.1896935789319065,41.380103825735915],[2.189029665546444,41.3817569222417],[2.190060362859024,41.3819893284654],[2.1907226008864997,41.38033834828675]]]},"properties":{"cusec":"0801901037","income":15860,"housing_vuln":0.73,"detail":"15.860 €/persona/año"}},{"type":"Feature","geometry":{"type":"Polygon","coordinates":[[[2.191348893726151,41.378733653453544],[2.1903213099743444,41.37850854913593],[2.1896935789319065,41.380103825735915],[2.1907226008864997,41.38033834828675],[2.191348893726151,41.378733653453544]]]},"properties":{"cusec":"0801901038","income":13943,"housing_vuln":0.8,"detail":"13.943 €/persona/año"}},{"type":"Feature","geometry":{"type":"Polygon","coordinates":[[[2.1896935789319065,41.380103825735915],[2.1903213099743444,41.37850854913593],[2.1889323178140514,41.37820426469973],[2.1879944011989543,41.38057382645128],[2.18938020793324,41.38089056674152],[2.1896935789319065,41.380103825735915]]]},"properties":{"cusec":"0801901039","income":15858,"housing_vuln":0.73,"detail":"15.858 €/persona/año"}},{"type":"Feature","geometry":{"type":"Polygon","coordinates":[[[2.1889323178140514,41.37820426469973],[2.188107655400085,41.37802358814876],[2.1872009911737087,41.38039358786824],[2.187955927253634,41.38056505991742],[2.1889323178140514,41.37820426469973]]]},"properties":{"cusec":"0801901040","income":16674,"housing_vuln":0.7,"detail":"16.674 €/persona/año"}},{"type":"Feature","geometry":{"type":"Polygon","coordinates":[[[2.18938020793324,41.38089056674152],[2.1872009911737087,41.38039358786824],[2.1868681869204996,41.38126348527905],[2.189029665546444,41.3817569222417],[2.18938020793324,41.38089056674152]]]},"properties":{"cusec":"0801901041","income":15169,"housing_vuln":0.76,"detail":"15.169 €/persona/año"}},{"type":"Feature","geometry":{"type":"Polygon","coordinates":[[[2.190060362859024,41.3819893284654],[2.1868681869204996,41.38126348527905],[2.186433699665338,41.382006689946174],[2.185738253616794,41.3821953021377],[2.189382566010854,41.38387407489039],[2.1901555995505047,41.38208877710515],[2.190060362859024,41.3819893284654]]]},"properties":{"cusec":"0801901042","income":15344,"housing_vuln":0.75,"detail":"15.344 €/persona/año"}},{"type":"Feature","geometry":{"type":"Polygon","coordinates":[[[2.187946944100793,41.39057096221347],[2.193561119080828,41.3862907049397],[2.1926879844724136,41.38559380959961],[2.191267103916189,41.384787444873766],[2.185738253616794,41.3821953021377],[2.1845721155121702,41.38268430105068],[2.1836053746545407,41.381275842278505],[2.1822538260719306,41.38129501506876],[2.1817084714393595,41.38170706928519],[2.183405051244506,41.38388534490047],[2.1832561518929148,41.38394831901988],[2.1837236091156136,41.38472591661141],[2.185267577730429,41.38592381569493],[2.1823688068350497,41.38811566513382],[2.1868702296894655,41.39140990622809],[2.187946944100793,41.39057096221347]]]},"properties":{"cusec":"0801901043","income":20813,"housing_vuln":0.56,"detail":"20.813 €/persona/año"}},{"type":"Feature","geometry":{"type":"Polygon","coordinates":[[[2.1837236091156136,41.38472591661141],[2.183086565238633,41.385125055652296],[2.182849654345383,41.38500850440206],[2.1825168285326098,41.38516520794671],[2.1812342570890606,41.385960723621835],[2.1831723202122832,41.38750944993921],[2.185267577730429,41.38592381569493],[2.1837236091156136,41.38472591661141]]]},"properties":{"cusec":"0801901044","income":18964,"housing_vuln":0.62,"detail":"18.964 €/persona/año"}},{"type":"Feature","geometry":{"type":"Polygon","coordinates":[[[2.1837236091156136,41.38472591661141],[2.1832561518929148,41.38394831901988],[2.183405051244506,41.38388534490047],[2.1828231495529224,41.383079043239334],[2.182048533181719,41.38342443150541],[2.1819118338500085,41.383259591164155],[2.1815374465822917,41.383541289572086],[2.181723934140331,41.38378829104952],[2.180297664590685,41.38427462512259],[2.1800979277805212,41.38438658506535],[2.180235078964839,41.38448925107089],[2.179698394871386,41.38473806738462],[2.1812342570890606,41.385960723621835],[2.1825168285326098,41.38516520794671],[2.182849654345383,41.38500850440206],[2.183086565238633,41.385125055652296],[2.1837236091156136,41.38472591661141]]]},"properties":{"cusec":"0801901045","income":16615,"housing_vuln":0.71,"detail":"16.615 €/persona/año"}},{"type":"Feature","geometry":{"type":"Polygon","coordinates":[[[2.1828231495529224,41.383079043239334],[2.1817084714393595,41.38170706928519],[2.1787244046094467,41.383961630570724],[2.179698394871386,41.38473806738462],[2.180235078964839,41.38448925107089],[2.1800979277805212,41.38438658506535],[2.180230065467238,41.384306090770444],[2.181723934140331,41.38378829104952],[2.1815374465822917,41.383541289572086],[2.1819118338500085,41.383259591164155],[2.182048533181719,41.38342443150541],[2.1828231495529224,41.383079043239334]]]},"properties":{"cusec":"0801901046","income":15635,"housing_vuln":0.74,"detail":"15.635 €/persona/año"}},{"type":"Feature","geometry":{"type":"Polygon","coordinates":[[[2.1804809685193787,41.38536189276759],[2.1787244046094467,41.383961630570724],[2.1766912988308498,41.385497572474414],[2.1782953952808857,41.386731485295066],[2.1799144019679786,41.38590945582928],[2.179844745702545,41.385791961060164],[2.1804809685193787,41.38536189276759]]]},"properties":{"cusec":"0801901047","income":15672,"housing_vuln":0.74,"detail":"15.672 €/persona/año"}},{"type":"Feature","geometry":{"type":"Polygon","coordinates":[[[2.1803976407936188,41.38708725958617],[2.1814606109810883,41.38633791710686],[2.1817659375663805,41.38645845322],[2.1804809685193787,41.38536189276759],[2.179844745702545,41.385791961060164],[2.1799144019679786,41.38590945582928],[2.1782953952808857,41.386731485295066],[2.17895826302736,41.387178248182714],[2.178652048008238,41.38740678398458],[2.1791034972525933,41.387634230530594],[2.1795415957351865,41.38728482755693],[2.1803513568952333,41.38699242990117],[2.1803976407936188,41.38708725958617]]]},"properties":{"cusec":"0801901048","income":12605,"housing_vuln":0.84,"detail":"12.605 €/persona/año"}},{"type":"Feature","geometry":{"type":"Polygon","coordinates":[[[2.1791034972525933,41.387634230530594],[2.178652048008238,41.38740678398458],[2.17895826302736,41.387178248182714],[2.1766912988308498,41.385497572474414],[2.175702001276436,41.38624491348561],[2.1769422099677973,41.38680906772014],[2.178556161834823,41.3881682299056],[2.1791034972525933,41.387634230530594]]]},"properties":{"cusec":"0801901049","income":16573,"housing_vuln":0.71,"detail":"16.573 €/persona/año"}},{"type":"Feature","geometry":{"type":"Polygon","coordinates":[[[2.1778667578548565,41.38760601837314],[2.1769422099677973,41.38680906772014],[2.175702001276436,41.38624491348561],[2.175014185517905,41.38676449652313],[2.176646317489622,41.38841877903593],[2.1778667578548565,41.38760601837314]]]},"properties":{"cusec":"0801901050","income":15243,"housing_vuln":0.75,"detail":"15.243 €/persona/año"}},{"type":"Feature","geometry":{"type":"Polygon","coordinates":[[[2.1795484337111257,41.38918365158969],[2.179138881891629,41.38864102181288],[2.1778667578548565,41.38760601837314],[2.1766619832098715,41.38843223120235],[2.1785604036795836,41.38933512602816],[2.1795484337111257,41.38918365158969]]]},"properties":{"cusec":"0801901051","income":14218,"housing_vuln":0.79,"detail":"14.218 €/persona/año"}},{"type":"Feature","geometry":{"type":"Polygon","coordinates":[[[2.180441042896549,41.390605974422904],[2.179577820299008,41.389213245330026],[2.1785604036795836,41.38933512602816],[2.17693837865311,41.38864700180644],[2.1749676923120624,41.386800696975065],[2.172816541616947,41.388475598245236],[2.1734386330360405,41.38898437485898],[2.175841134144284,41.388951754301566],[2.177367176877586,41.390110340849596],[2.1798404292975917,41.39103890390217],[2.180441042896549,41.390605974422904]]]},"properties":{"cusec":"0801901052","income":20125,"housing_vuln":0.58,"detail":"20.125 €/persona/año"}},{"type":"Feature","geometry":{"type":"Polygon","coordinates":[[[2.181455818469073,41.389845174382685],[2.1809484823359275,41.3898257716035],[2.180617251032803,41.388134335829676],[2.180457977038,41.38818800048695],[2.1805326476993643,41.38746282025558],[2.1803513568952333,41.38699242990117],[2.1795415957351865,41.38728482755693],[2.178556161834823,41.3881682299056],[2.179224981818365,41.38872902060105],[2.180441042896549,41.390605974422904],[2.181455818469073,41.389845174382685]]]},"properties":{"cusec":"0801901053","income":14709,"housing_vuln":0.77,"detail":"14.709 €/persona/año"}},{"type":"Feature","geometry":{"type":"Polygon","coordinates":[[[2.1821636828281257,41.38668720789761],[2.181473959047926,41.386323591031626],[2.1803976407936188,41.38708725958617],[2.1805326476993643,41.38746282025558],[2.180457977038,41.38818800048695],[2.180617251032803,41.388134335829676],[2.1809484823359275,41.3898257716035],[2.1815679515727266,41.38976152740348],[2.1813593879165833,41.389604280280395],[2.181413666821003,41.38869470020495],[2.1821636828281257,41.38668720789761]]]},"properties":{"cusec":"0801901054","income":15423,"housing_vuln":0.75,"detail":"15.423 €/persona/año"}},{"type":"Feature","geometry":{"type":"Polygon","coordinates":[[[2.1823940917153517,41.391427248345416],[2.1846047036957414,41.38975639533206],[2.1823688068350497,41.38811566513382],[2.1831723202122832,41.38750944993921],[2.1821636828281257,41.38668720789761],[2.181413666821003,41.38869470020495],[2.1813593879165833,41.389604280280395],[2.1815679515727266,41.38976152740348],[2.17986085429223,41.39105638023034],[2.181349696891296,41.39222239020601],[2.1823940917153517,41.391427248345416]]]},"properties":{"cusec":"0801901055","income":19480,"housing_vuln":0.61,"detail":"19.480 €/persona/año"}},{"type":"Feature","geometry":{"type":"Polygon","coordinates":[[[2.1867368388529314,41.39490619999265],[2.186717919434729,41.39459445682249],[2.1823940917153517,41.391427248345416],[2.181349696891296,41.39222239020601],[2.1802184763017842,41.391360475136594],[2.179063789920392,41.39223203058619],[2.18472794806116,41.3964583406764],[2.1867368388529314,41.39490619999265]]]},"properties":{"cusec":"0801902001","income":19562,"housing_vuln":0.6,"detail":"19.562 €/persona/año"}},{"type":"Feature","geometry":{"type":"Polygon","coordinates":[[[2.1824788001516833,41.39478498543442],[2.1801892505123153,41.393083926567776],[2.1790735231665095,41.393926450252124],[2.181354614269141,41.39563424408118],[2.1824788001516833,41.39478498543442]]]},"properties":{"cusec":"0801902002","income":20433,"housing_vuln":0.57,"detail":"20.433 €/persona/año"}},{"type":"Feature","geometry":{"type":"Polygon","coordinates":[[[2.18472794806116,41.3964583406764],[2.1824788001516833,41.39478498543442],[2.181354614269141,41.39563424408118],[2.1836097054325476,41.39732230206377],[2.18472794806116,41.3964583406764]]]},"properties":{"cusec":"0801902003","income":21978,"housing_vuln":0.52,"detail":"21.978 €/persona/año"}},{"type":"Feature","geometry":{"type":"Polygon","coordinates":[[[2.1824761061041547,41.39647376360498],[2.181354614269141,41.39563424408118],[2.1802133828541077,41.39649638820639],[2.1813322084893363,41.39734161904636],[2.1824761061041547,41.39647376360498]]]},"properties":{"cusec":"0801902004","income":17896,"housing_vuln":0.66,"detail":"17.896 €/persona/año"}},{"type":"Feature","geometry":{"type":"Polygon","coordinates":[[[2.181354614269141,41.39563424408118],[2.1790735231665095,41.393926450252124],[2.177937732847129,41.39478783733811],[2.1802133828541077,41.39649638820639],[2.181354614269141,41.39563424408118]]]},"properties":{"cusec":"0801902005","income":21744,"housing_vuln":0.53,"detail":"21.744 €/persona/año"}},{"type":"Feature","geometry":{"type":"Polygon","coordinates":[[[2.1790735231665095,41.393926450252124],[2.1801892505123153,41.393083926567776],[2.179063789920392,41.39223203058619],[2.1768039736186195,41.39393760665257],[2.177937732847129,41.39478783733811],[2.1790735231665095,41.393926450252124]]]},"properties":{"cusec":"0801902006","income":22107,"housing_vuln":0.51,"detail":"22.107 €/persona/año"}},{"type":"Feature","geometry":{"type":"Polygon","coordinates":[[[2.1790552622134123,41.39562881326992],[2.1768039736186195,41.39393760665257],[2.1759976386330684,41.394546141423426],[2.1761955105407247,41.39489544472251],[2.17603471749473,41.39525411045726],[2.1778058412988175,41.396576057415345],[2.1790552622134123,41.39562881326992]]]},"properties":{"cusec":"0801902007","income":25073,"housing_vuln":0.41,"detail":"25.073 €/persona/año"}},{"type":"Feature","geometry":{"type":"Polygon","coordinates":[[[2.1813322084893363,41.39734161904636],[2.1790552622134123,41.39562881326992],[2.1778058412988175,41.396576057415345],[2.1800852660266,41.398287680549],[2.1813322084893363,41.39734161904636]]]},"properties":{"cusec":"0801902008","income":21420,"housing_vuln":0.54,"detail":"21.420 €/persona/año"}},{"type":"Feature","geometry":{"type":"Polygon","coordinates":[[[2.1824652670319433,41.39819202083969],[2.1836097054325476,41.39732230206377],[2.1824761061041547,41.39647376360498],[2.1800852660266,41.398287680549],[2.181219091730461,41.399139009304],[2.1824652670319433,41.39819202083969]]]},"properties":{"cusec":"0801902009","income":21131,"housing_vuln":0.55,"detail":"21.131 €/persona/año"}},{"type":"Feature","geometry":{"type":"Polygon","coordinates":[[[2.18370174771485,41.399118114035886],[2.1824652670319433,41.39819202083969],[2.181219091730461,41.399139009304],[2.1824429582701588,41.40007103425723],[2.18370174771485,41.399118114035886]]]},"properties":{"cusec":"0801902010","income":19778,"housing_vuln":0.6,"detail":"19.778 €/persona/año"}},{"type":"Feature","geometry":{"type":"Polygon","coordinates":[[[2.1848502447039406,41.39825080859578],[2.1836097054325476,41.39732230206377],[2.1824652670319433,41.39819202083969],[2.18370174771485,41.399118114035886],[2.1848502447039406,41.39825080859578]]]},"properties":{"cusec":"0801902011","income":20524,"housing_vuln":0.57,"detail":"20.524 €/persona/año"}},{"type":"Feature","geometry":{"type":"Polygon","coordinates":[[[2.1867581729425987,41.39669049016996],[2.1867368388529314,41.39490619999265],[2.1836097054325476,41.39732230206377],[2.1848502447039406,41.39825080859578],[2.1867581729425987,41.39669049016996]]]},"properties":{"cusec":"0801902012","income":16733,"housing_vuln":0.7,"detail":"16.733 €/persona/año"}},{"type":"Feature","geometry":{"type":"Polygon","coordinates":[[[2.186820120764606,41.40176601031947],[2.1867581729425987,41.39669049016996],[2.1824429582701588,41.40007103425723],[2.1857530919886496,41.402545387259],[2.1868231040696666,41.40228903781878],[2.186820120764606,41.40176601031947]]]},"properties":{"cusec":"0801902013","income":18156,"housing_vuln":0.65,"detail":"18.156 €/persona/año"}},{"type":"Feature","geometry":{"type":"Polygon","coordinates":[[[2.1857530919886496,41.402545387259],[2.1835186036863066,41.40086746318434],[2.1818545060635066,41.40212760898752],[2.1854864100285596,41.403038587916335],[2.1857530919886496,41.402545387259]]]},"properties":{"cusec":"0801902014","income":17797,"housing_vuln":0.66,"detail":"17.797 €/persona/año"}},{"type":"Feature","geometry":{"type":"Polygon","coordinates":[[[2.1835186036863066,41.40086746318434],[2.1824429582701588,41.40007103425723],[2.1802710043896933,41.40173037814384],[2.1818545060635066,41.40212760898752],[2.1835186036863066,41.40086746318434]]]},"properties":{"cusec":"0801902015","income":17871,"housing_vuln":0.66,"detail":"17.871 €/persona/año"}},{"type":"Feature","geometry":{"type":"Polygon","coordinates":[[[2.1824429582701588,41.40007103425723],[2.1789477725014557,41.39743354882883],[2.1776955281819164,41.39838174510744],[2.181215520927199,41.400999637633014],[2.1824429582701588,41.40007103425723]]]},"properties":{"cusec":"0801902016","income":21961,"housing_vuln":0.52,"detail":"21.961 €/persona/año"}},{"type":"Feature","geometry":{"type":"Polygon","coordinates":[[[2.1776955281819164,41.39838174510744],[2.1789477725014557,41.39743354882883],[2.1778058412988175,41.396576057415345],[2.1754233348921685,41.398387509919736],[2.176561626121268,41.39924236763642],[2.1776955281819164,41.39838174510744]]]},"properties":{"cusec":"0801902017","income":22302,"housing_vuln":0.51,"detail":"22.302 €/persona/año"}},{"type":"Feature","geometry":{"type":"Polygon","coordinates":[[[2.176561626121268,41.39924236763642],[2.1754233348921685,41.398387509919736],[2.173320190165808,41.3999864112444],[2.1750203308927483,41.40041302374209],[2.176561626121268,41.39924236763642]]]},"properties":{"cusec":"0801902018","income":21905,"housing_vuln":0.52,"detail":"21.905 €/persona/año"}},{"type":"Feature","geometry":{"type":"Polygon","coordinates":[[[2.1788377306757787,41.39923241900143],[2.1776955281819164,41.39838174510744],[2.1750203308927483,41.40041302374209],[2.176713326419943,41.400837822190915],[2.1788377306757787,41.39923241900143]]]},"properties":{"cusec":"0801902019","income":20538,"housing_vuln":0.57,"detail":"20.538 €/persona/año"}},{"type":"Feature","geometry":{"type":"Polygon","coordinates":[[[2.181215520927199,41.400999637633014],[2.1788377306757787,41.39923241900143],[2.176713326419943,41.400837822190915],[2.1802710043896933,41.40173037814384],[2.181215520927199,41.400999637633014]]]},"properties":{"cusec":"0801902020","income":19467,"housing_vuln":0.61,"detail":"19.467 €/persona/año"}},{"type":"Feature","geometry":{"type":"Polygon","coordinates":[[[2.182248081345692,41.40350630307145],[2.1835138408186627,41.40254384019159],[2.1802710043896933,41.40173037814384],[2.1797979758155965,41.40208695372257],[2.1814177891898163,41.40414597184148],[2.182248081345692,41.40350630307145]]]},"properties":{"cusec":"0801902021","income":19415,"housing_vuln":0.61,"detail":"19.415 €/persona/año"}},{"type":"Feature","geometry":{"type":"Polygon","coordinates":[[[2.185964302979939,41.404072658378],[2.185620415312775,41.40366051142479],[2.1854864100285596,41.403038587916335],[2.1835138408186627,41.40254384019159],[2.182248081345692,41.40350630307145],[2.183361781193916,41.40433567198989],[2.182230999880551,41.405191150177025],[2.1833656313732086,41.40603362000838],[2.185964302979939,41.404072658378]]]},"properties":{"cusec":"0801902022","income":18890,"housing_vuln":0.63,"detail":"18.890 €/persona/año"}},{"type":"Feature","geometry":{"type":"Polygon","coordinates":[[[2.182248081345692,41.40350630307145],[2.1811192260203045,41.40436561931035],[2.182230999880551,41.405191150177025],[2.183361781193916,41.40433567198989],[2.182248081345692,41.40350630307145]]]},"properties":{"cusec":"0801902023","income":20956,"housing_vuln":0.55,"detail":"20.956 €/persona/año"}},{"type":"Feature","geometry":{"type":"Polygon","coordinates":[[[2.1814177891898163,41.40414597184148],[2.1797979758155965,41.40208695372257],[2.1802710043896933,41.40173037814384],[2.1762764442562195,41.40072820046321],[2.1811192260203045,41.40436561931035],[2.1814177891898163,41.40414597184148]]]},"properties":{"cusec":"0801902024","income":18015,"housing_vuln":0.66,"detail":"18.015 €/persona/año"}},{"type":"Feature","geometry":{"type":"Polygon","coordinates":[[[2.1811192260203045,41.40436561931035],[2.180012345283414,41.40353852821665],[2.178893852024845,41.40439154678177],[2.1799987744344294,41.40521744655168],[2.1811192260203045,41.40436561931035]]]},"properties":{"cusec":"0801902025","income":18068,"housing_vuln":0.65,"detail":"18.068 €/persona/año"}},{"type":"Feature","geometry":{"type":"Polygon","coordinates":[[[2.178893852024845,41.40439154678177],[2.180012345283414,41.40353852821665],[2.1789388872649984,41.40273376804758],[2.17669186297286,41.40443666918192],[2.1777762040809447,41.40524931913415],[2.178893852024845,41.40439154678177]]]},"properties":{"cusec":"0801902026","income":19294,"housing_vuln":0.61,"detail":"19.294 €/persona/año"}},{"type":"Feature","geometry":{"type":"Polygon","coordinates":[[[2.178892656367208,41.40608688651203],[2.17669186297286,41.40443666918192],[2.175560925352633,41.40529758614991],[2.1777713720430243,41.40693554336148],[2.178892656367208,41.40608688651203]]]},"properties":{"cusec":"0801902027","income":18602,"housing_vuln":0.64,"detail":"18.602 €/persona/año"}},{"type":"Feature","geometry":{"type":"Polygon","coordinates":[[[2.181105565339777,41.406042536728584],[2.178893852024845,41.40439154678177],[2.1777762040809447,41.40524931913415],[2.1799728697165635,41.40689714215257],[2.181105565339777,41.406042536728584]]]},"properties":{"cusec":"0801902028","income":19250,"housing_vuln":0.61,"detail":"19.250 €/persona/año"}},{"type":"Feature","geometry":{"type":"Polygon","coordinates":[[[2.182230999880551,41.405191150177025],[2.1811192260203045,41.40436561931035],[2.1799987744344294,41.40521744655168],[2.181105565339777,41.406042536728584],[2.182230999880551,41.405191150177025]]]},"properties":{"cusec":"0801902029","income":20305,"housing_vuln":0.58,"detail":"20.305 €/persona/año"}},{"type":"Feature","geometry":{"type":"Polygon","coordinates":[[[2.183090510639352,41.406245043779876],[2.1833656313732086,41.40603362000838],[2.182230999880551,41.405191150177025],[2.181105565339777,41.406042536728584],[2.182243928434144,41.406895620118036],[2.183090510639352,41.406245043779876]]]},"properties":{"cusec":"0801902030","income":17287,"housing_vuln":0.68,"detail":"17.287 €/persona/año"}},{"type":"Feature","geometry":{"type":"Polygon","coordinates":[[[2.182243928434144,41.406895620118036],[2.181105565339777,41.406042536728584],[2.1799728697165635,41.40689714215257],[2.181114013995045,41.407750715595775],[2.182243928434144,41.406895620118036]]]},"properties":{"cusec":"0801902031","income":20517,"housing_vuln":0.57,"detail":"20.517 €/persona/año"}},{"type":"Feature","geometry":{"type":"Polygon","coordinates":[[[2.181114013995045,41.407750715595775],[2.178892656367208,41.40608688651203],[2.1777713720430243,41.40693554336148],[2.180016635637218,41.40857465922581],[2.181114013995045,41.407750715595775]]]},"properties":{"cusec":"0801902032","income":19449,"housing_vuln":0.61,"detail":"19.449 €/persona/año"}},{"type":"Feature","geometry":{"type":"Polygon","coordinates":[[[2.1788580739237142,41.40774074872442],[2.1777713720430243,41.40693554336148],[2.1766146419944024,41.40781104164713],[2.1776972897781914,41.408615156817454],[2.1788580739237142,41.40774074872442]]]},"properties":{"cusec":"0801902033","income":20069,"housing_vuln":0.59,"detail":"20.069 €/persona/año"}},{"type":"Feature","geometry":{"type":"Polygon","coordinates":[[[2.1777713720430243,41.40693554336148],[2.1766531195329777,41.406106933280675],[2.1754967820480866,41.4069883058242],[2.1766146419944024,41.40781104164713],[2.1777713720430243,41.40693554336148]]]},"properties":{"cusec":"0801902034","income":17706,"housing_vuln":0.67,"detail":"17.706 €/persona/año"}},{"type":"Feature","geometry":{"type":"Polygon","coordinates":[[[2.1766531195329777,41.406106933280675],[2.175560925352633,41.40529758614991],[2.1744120178335025,41.4061721632252],[2.1754967820480866,41.4069883058242],[2.1766531195329777,41.406106933280675]]]},"properties":{"cusec":"0801902035","income":19505,"housing_vuln":0.6,"detail":"19.505 €/persona/año"}},{"type":"Feature","geometry":{"type":"Polygon","coordinates":[[[2.1766146419944024,41.40781104164713],[2.1744120178335025,41.4061721632252],[2.1743866503082008,41.4078567478393],[2.175484155328485,41.40866562111479],[2.1766146419944024,41.40781104164713]]]},"properties":{"cusec":"0801902036","income":21678,"housing_vuln":0.53,"detail":"21.678 €/persona/año"}},{"type":"Feature","geometry":{"type":"Polygon","coordinates":[[[2.1776972897781914,41.408615156817454],[2.1766146419944024,41.40781104164713],[2.175484155328485,41.40866562111479],[2.176574951730212,41.40946687714381],[2.1776972897781914,41.408615156817454]]]},"properties":{"cusec":"0801902037","income":23121,"housing_vuln":0.48,"detail":"23.121 €/persona/año"}},{"type":"Feature","geometry":{"type":"Polygon","coordinates":[[[2.1771455121913403,41.41074906080758],[2.180016635637218,41.40857465922581],[2.1788580739237142,41.40774074872442],[2.175449678886182,41.410326899448926],[2.176588124625516,41.411181009927],[2.1771455121913403,41.41074906080758]]]},"properties":{"cusec":"0801902038","income":22466,"housing_vuln":0.5,"detail":"22.466 €/persona/año"}},{"type":"Feature","geometry":{"type":"Polygon","coordinates":[[[2.176574951730212,41.40946687714381],[2.1743866503082008,41.4078567478393],[2.1743617786529303,41.409508619246466],[2.175449678886182,41.410326899448926],[2.176574951730212,41.40946687714381]]]},"properties":{"cusec":"0801902039","income":18782,"housing_vuln":0.63,"detail":"18.782 €/persona/año"}},{"type":"Feature","geometry":{"type":"Polygon","coordinates":[[[2.176588124625516,41.411181009927],[2.1743617786529303,41.409508619246466],[2.174336737216075,41.41117181229687],[2.1754229935323384,41.412040818880016],[2.176588124625516,41.411181009927]]]},"properties":{"cusec":"0801902040","income":17082,"housing_vuln":0.69,"detail":"17.082 €/persona/año"}},{"type":"Feature","geometry":{"type":"Polygon","coordinates":[[[2.1743617786529303,41.409508619246466],[2.173238778546557,41.40866568309946],[2.172088235195278,41.4095489464741],[2.1742916220258803,41.41120640176628],[2.1743617786529303,41.409508619246466]]]},"properties":{"cusec":"0801902041","income":19726,"housing_vuln":0.6,"detail":"19.726 €/persona/año"}},{"type":"Feature","geometry":{"type":"Polygon","coordinates":[[[2.173238778546557,41.40866568309946],[2.171090587800311,41.407053217541474],[2.1699381948178753,41.40792847505876],[2.172088235195278,41.4095489464741],[2.173238778546557,41.40866568309946]]]},"properties":{"cusec":"0801902042","income":21573,"housing_vuln":0.53,"detail":"21.573 €/persona/año"}},{"type":"Feature","geometry":{"type":"Polygon","coordinates":[[[2.171090587800311,41.407053217541474],[2.1697978716822734,41.40608102131673],[2.16865604198924,41.406965872181644],[2.1699381948178753,41.40792847505876],[2.171090587800311,41.407053217541474]]]},"properties":{"cusec":"0801902043","income":20368,"housing_vuln":0.57,"detail":"20.368 €/persona/año"}},{"type":"Feature","geometry":{"type":"Polygon","coordinates":[[[2.17218852041868,41.4062177937603],[2.1708985621285652,41.405231108830684],[2.1697978716822734,41.40608102131673],[2.171090587800311,41.407053217541474],[2.17218852041868,41.4062177937603]]]},"properties":{"cusec":"0801902044","income":17191,"housing_vuln":0.69,"detail":"17.191 €/persona/año"}},{"type":"Feature","geometry":{"type":"Polygon","coordinates":[[[2.173259838650076,41.407024069869344],[2.17218852041868,41.4062177937603],[2.171090587800311,41.407053217541474],[2.172143389058804,41.40784414727636],[2.173259838650076,41.407024069869344]]]},"properties":{"cusec":"0801902045","income":20695,"housing_vuln":0.56,"detail":"20.695 €/persona/año"}},{"type":"Feature","geometry":{"type":"Polygon","coordinates":[[[2.1743866503082008,41.4078567478393],[2.173259838650076,41.407024069869344],[2.172143389058804,41.40784414727636],[2.1743617786529303,41.409508619246466],[2.1743866503082008,41.4078567478393]]]},"properties":{"cusec":"0801902046","income":17938,"housing_vuln":0.66,"detail":"17.938 €/persona/año"}},{"type":"Feature","geometry":{"type":"Polygon","coordinates":[[[2.1744120178335025,41.4061721632252],[2.17333301990472,41.40534217024376],[2.17218852041868,41.4062177937603],[2.1743866503082008,41.4078567478393],[2.1744120178335025,41.4061721632252]]]},"properties":{"cusec":"0801902047","income":19120,"housing_vuln":0.62,"detail":"19.120 €/persona/año"}},{"type":"Feature","geometry":{"type":"Polygon","coordinates":[[[2.17333301990472,41.40534217024376],[2.1720432628372217,41.40435000487648],[2.1708985621285652,41.405231108830684],[2.17218852041868,41.4062177937603],[2.17333301990472,41.40534217024376]]]},"properties":{"cusec":"0801902048","income":18810,"housing_vuln":0.63,"detail":"18.810 €/persona/año"}},{"type":"Feature","geometry":{"type":"Polygon","coordinates":[[[2.175560925352633,41.40529758614991],[2.17669186297286,41.40443666918192],[2.1743008701816984,41.40264905955925],[2.1720432628372217,41.40435000487648],[2.1744120178335025,41.4061721632252],[2.175560925352633,41.40529758614991]]]},"properties":{"cusec":"0801902049","income":18215,"housing_vuln":0.65,"detail":"18.215 €/persona/año"}},{"type":"Feature","geometry":{"type":"Polygon","coordinates":[[[2.1789388872649984,41.40273376804758],[2.177830749785002,41.40190813992713],[2.1755870330897435,41.40361619569657],[2.17669186297286,41.40443666918192],[2.1789388872649984,41.40273376804758]]]},"properties":{"cusec":"0801902050","income":19433,"housing_vuln":0.61,"detail":"19.433 €/persona/año"}},{"type":"Feature","geometry":{"type":"Polygon","coordinates":[[[2.177830749785002,41.40190813992713],[2.1765583418806136,41.400942198668645],[2.1743008701816984,41.40264905955925],[2.1755870330897435,41.40361619569657],[2.177830749785002,41.40190813992713]]]},"properties":{"cusec":"0801902051","income":18548,"housing_vuln":0.64,"detail":"18.548 €/persona/año"}},{"type":"Feature","geometry":{"type":"Polygon","coordinates":[[[2.1743008701816984,41.40264905955925],[2.1765583418806136,41.400942198668645],[2.1762764442562195,41.40072820046321],[2.1750203308927483,41.40041302374209],[2.1720464455682715,41.40265901508313],[2.1731720687552696,41.40350103193474],[2.1743008701816984,41.40264905955925]]]},"properties":{"cusec":"0801902052","income":20303,"housing_vuln":0.58,"detail":"20.303 €/persona/año"}},{"type":"Feature","geometry":{"type":"Polygon","coordinates":[[[2.1750203308927483,41.40041302374209],[2.173320190165808,41.3999864112444],[2.170913663706804,41.40181584452661],[2.1720464455682715,41.40265901508313],[2.1750203308927483,41.40041302374209]]]},"properties":{"cusec":"0801902053","income":20815,"housing_vuln":0.56,"detail":"20.815 €/persona/año"}},{"type":"Feature","geometry":{"type":"Polygon","coordinates":[[[2.1731720687552696,41.40350103193474],[2.170913663706804,41.40181584452661],[2.1697888849361773,41.40267084109797],[2.1720432628372217,41.40435000487648],[2.1731720687552696,41.40350103193474]]]},"properties":{"cusec":"0801902054","income":19992,"housing_vuln":0.59,"detail":"19.992 €/persona/año"}},{"type":"Feature","geometry":{"type":"Polygon","coordinates":[[[2.170913663706804,41.40181584452661],[2.1685863722490835,41.40007892891349],[2.16745863173296,41.400928926307316],[2.1697888849361773,41.40267084109797],[2.170913663706804,41.40181584452661]]]},"properties":{"cusec":"0801902055","income":21900,"housing_vuln":0.52,"detail":"21.900 €/persona/año"}},{"type":"Feature","geometry":{"type":"Polygon","coordinates":[[[2.173320190165808,41.3999864112444],[2.170289332787713,41.39922090771997],[2.1702773833977895,41.39908094134477],[2.1698763413189637,41.39897964270542],[2.1685863722490835,41.40007892891349],[2.170913663706804,41.40181584452661],[2.173320190165808,41.3999864112444]]]},"properties":{"cusec":"0801902056","income":22170,"housing_vuln":0.51,"detail":"22.170 €/persona/año"}},{"type":"Feature","geometry":{"type":"Polygon","coordinates":[[[2.1685863722490835,41.40007892891349],[2.169691948632188,41.399240621706305],[2.1696415378733707,41.39906033850712],[2.1682169733261483,41.39871484462496],[2.1663730141188666,41.40012020671055],[2.16745863173296,41.400928926307316],[2.1685863722490835,41.40007892891349]]]},"properties":{"cusec":"0801902057","income":26766,"housing_vuln":0.35,"detail":"26.766 €/persona/año"}},{"type":"Feature","geometry":{"type":"Polygon","coordinates":[[[2.16745863173296,41.400928926307316],[2.1652431032730224,41.39927395204913],[2.1641181906534284,41.4001164911843],[2.166333421771027,41.4017919496092],[2.16745863173296,41.400928926307316]]]},"properties":{"cusec":"0801902058","income":25714,"housing_vuln":0.39,"detail":"25.714 €/persona/año"}},{"type":"Feature","geometry":{"type":"Polygon","coordinates":[[[2.1652431032730224,41.39927395204913],[2.162975091640896,41.397568177052314],[2.1618589295104953,41.398406650036335],[2.1641181906534284,41.4001164911843],[2.1652431032730224,41.39927395204913]]]},"properties":{"cusec":"0801902059","income":24350,"housing_vuln":0.44,"detail":"24.350 €/persona/año"}},{"type":"Feature","geometry":{"type":"Polygon","coordinates":[[[2.1682169733261483,41.39871484462496],[2.16304909215906,41.39751221148692],[2.1663730141188666,41.40012020671055],[2.1682169733261483,41.39871484462496]]]},"properties":{"cusec":"0801902060","income":23432,"housing_vuln":0.47,"detail":"23.432 €/persona/año"}},{"type":"Feature","geometry":{"type":"Polygon","coordinates":[[[2.174290590759912,41.39924867751218],[2.172030062094108,41.397545746896164],[2.1700624938054194,41.39902666708856],[2.170289332787713,41.39922090771997],[2.173320190165808,41.3999864112444],[2.174290590759912,41.39924867751218]]]},"properties":{"cusec":"0801902061","income":20883,"housing_vuln":0.56,"detail":"20.883 €/persona/año"}},{"type":"Feature","geometry":{"type":"Polygon","coordinates":[[[2.1700624938054194,41.39902666708856],[2.1709015867561257,41.39839548294745],[2.1686366770066767,41.396700842842456],[2.1665315748513407,41.39829485507205],[2.1696415378733707,41.39906033850712],[2.1700624938054194,41.39902666708856]]]},"properties":{"cusec":"0801902062","income":26064,"housing_vuln":0.38,"detail":"26.064 €/persona/año"}},{"type":"Feature","geometry":{"type":"Polygon","coordinates":[[[2.16750502971741,41.3975578649497],[2.1652416722567795,41.39585579842077],[2.163134727656796,41.397448250492914],[2.1665315748513407,41.39829485507205],[2.16750502971741,41.3975578649497]]]},"properties":{"cusec":"0801902063","income":30165,"housing_vuln":0.23,"detail":"30.165 €/persona/año"}},{"type":"Feature","geometry":{"type":"Polygon","coordinates":[[[2.1686366770066767,41.396700842842456],[2.166379101103232,41.39499847959817],[2.1652416722567795,41.39585579842077],[2.16750502971741,41.3975578649497],[2.1686366770066767,41.396700842842456]]]},"properties":{"cusec":"0801902064","income":30184,"housing_vuln":0.23,"detail":"30.184 €/persona/año"}},{"type":"Feature","geometry":{"type":"Polygon","coordinates":[[[2.172030062094108,41.397545746896164],[2.167511599995381,41.39414277221185],[2.166379101103232,41.39499847959817],[2.1709015867561257,41.39839548294745],[2.172030062094108,41.397545746896164]]]},"properties":{"cusec":"0801902065","income":24315,"housing_vuln":0.44,"detail":"24.315 €/persona/año"}},{"type":"Feature","geometry":{"type":"Polygon","coordinates":[[[2.1754233348921685,41.398387509919736],[2.173160990731164,41.39668991940163],[2.172030062094108,41.397545746896164],[2.174290590759912,41.39924867751218],[2.1754233348921685,41.398387509919736]]]},"properties":{"cusec":"0801902066","income":22497,"housing_vuln":0.5,"detail":"22.497 €/persona/año"}},{"type":"Feature","geometry":{"type":"Polygon","coordinates":[[[2.1765566746074336,41.39752583158491],[2.174291924758102,41.395835938523625],[2.173160990731164,41.39668991940163],[2.1754233348921685,41.398387509919736],[2.1765566746074336,41.39752583158491]]]},"properties":{"cusec":"0801902067","income":20430,"housing_vuln":0.57,"detail":"20.430 €/persona/año"}},{"type":"Feature","geometry":{"type":"Polygon","coordinates":[[[2.1778058412988175,41.396576057415345],[2.17603471749473,41.39525411045726],[2.1756036797702896,41.39536731300495],[2.1751100627081827,41.39521708650657],[2.174291924758102,41.395835938523625],[2.1765566746074336,41.39752583158491],[2.1778058412988175,41.396576057415345]]]},"properties":{"cusec":"0801902068","income":21294,"housing_vuln":0.54,"detail":"21.294 €/persona/año"}},{"type":"Feature","geometry":{"type":"Polygon","coordinates":[[[2.173160990731164,41.39668991940163],[2.1751100627081827,41.39521708650657],[2.1744192690344732,41.39404404690533],[2.170904672469122,41.39669632925806],[2.172030062094108,41.397545746896164],[2.173160990731164,41.39668991940163]]]},"properties":{"cusec":"0801902069","income":24302,"housing_vuln":0.44,"detail":"24.302 €/persona/año"}},{"type":"Feature","geometry":{"type":"Polygon","coordinates":[[[2.172035412459954,41.39584304323389],[2.168635300787657,41.39329369422846],[2.167511599995381,41.39414277221185],[2.170904672469122,41.39669632925806],[2.172035412459954,41.39584304323389]]]},"properties":{"cusec":"0801902070","income":25160,"housing_vuln":0.41,"detail":"25.160 €/persona/año"}},{"type":"Feature","geometry":{"type":"Polygon","coordinates":[[[2.1731658200741264,41.394989987933755],[2.1697656949271065,41.3924398695566],[2.168635300787657,41.39329369422846],[2.172035412459954,41.39584304323389],[2.1731658200741264,41.394989987933755]]]},"properties":{"cusec":"0801902071","income":25975,"housing_vuln":0.38,"detail":"25.975 €/persona/año"}},{"type":"Feature","geometry":{"type":"Polygon","coordinates":[[[2.1744192690344732,41.39404404690533],[2.171021664560142,41.391491172807015],[2.1697656949271065,41.3924398695566],[2.1731658200741264,41.394989987933755],[2.1744192690344732,41.39404404690533]]]},"properties":{"cusec":"0801902072","income":28191,"housing_vuln":0.3,"detail":"28.191 €/persona/año"}},{"type":"Feature","geometry":{"type":"Polygon","coordinates":[[[2.17603471749473,41.39525411045726],[2.1761988549685185,41.394941228062144],[2.1759976386330684,41.394546141423426],[2.177938865622702,41.39308107121977],[2.1756750176819564,41.39138571297934],[2.173283600885998,41.39319050502148],[2.1744192690344732,41.39404404690533],[2.175155793244356,41.39524737362411],[2.1756036797702896,41.39536731300495],[2.17603471749473,41.39525411045726]]]},"properties":{"cusec":"0801902073","income":26256,"housing_vuln":0.37,"detail":"26.256 €/persona/año"}},{"type":"Feature","geometry":{"type":"Polygon","coordinates":[[[2.179063789920392,41.39223203058619],[2.1802184763017842,41.391360475136594],[2.17986085429223,41.39105638023034],[2.177367176877586,41.390110340849596],[2.1756750176819564,41.39138571297934],[2.177938865622702,41.39308107121977],[2.179063789920392,41.39223203058619]]]},"properties":{"cusec":"0801902074","income":27297,"housing_vuln":0.33,"detail":"27.297 €/persona/año"}},{"type":"Feature","geometry":{"type":"Polygon","coordinates":[[[2.177367176877586,41.390110340849596],[2.175841134144284,41.388951754301566],[2.173754682810885,41.38898008449031],[2.1736299723949366,41.38944770941836],[2.1733950126424824,41.38967102833529],[2.1756750176819564,41.39138571297934],[2.177367176877586,41.390110340849596]]]},"properties":{"cusec":"0801902075","income":25080,"housing_vuln":0.41,"detail":"25.080 €/persona/año"}},{"type":"Feature","geometry":{"type":"Polygon","coordinates":[[[2.1756750176819564,41.39138571297934],[2.1733950126424824,41.38967102833529],[2.171021664560142,41.391491172807015],[2.173283600885998,41.39319050502148],[2.1756750176819564,41.39138571297934]]]},"properties":{"cusec":"0801902076","income":28208,"housing_vuln":0.3,"detail":"28.208 €/persona/año"}},{"type":"Feature","geometry":{"type":"Polygon","coordinates":[[[2.1733950126424824,41.38967102833529],[2.1736299723949366,41.38944770941836],[2.173754682810885,41.38898008449031],[2.1734386330360405,41.38898437485898],[2.172816541616947,41.388475598245236],[2.170048138727169,41.385470635247046],[2.164851270722506,41.3859169727536],[2.16413042121601,41.38630446083659],[2.1667703686134074,41.388285384749736],[2.166862957969742,41.38857919324351],[2.1681400290287964,41.3895486057415],[2.1685385261804124,41.389625248697136],[2.171021664560142,41.391491172807015],[2.1733950126424824,41.38967102833529]]]},"properties":{"cusec":"0801902077","income":25826,"housing_vuln":0.39,"detail":"25.826 €/persona/año"}},{"type":"Feature","geometry":{"type":"Polygon","coordinates":[[[2.168635300787657,41.39329369422846],[2.171021664560142,41.391491172807015],[2.1685385261804124,41.389625248697136],[2.1681400290287964,41.3895486057415],[2.164894131141353,41.392171588310454],[2.167511599995381,41.39414277221185],[2.168635300787657,41.39329369422846]]]},"properties":{"cusec":"0801902078","income":29175,"housing_vuln":0.27,"detail":"29.175 €/persona/año"}},{"type":"Feature","geometry":{"type":"Polygon","coordinates":[[[2.1681400290287964,41.3895486057415],[2.16537244809753,41.387245547338665],[2.1618681884461455,41.38989609131835],[2.164894131141353,41.392171588310454],[2.1681400290287964,41.3895486057415]]]},"properties":{"cusec":"0801902079","income":30862,"housing_vuln":0.21,"detail":"30.862 €/persona/año"}},{"type":"Feature","geometry":{"type":"Polygon","coordinates":[[[2.1652416722567795,41.39585579842077],[2.167511599995381,41.39414277221185],[2.164894131141353,41.392171588310454],[2.1616081468326325,41.394826611625376],[2.1641071368838443,41.39671090305353],[2.1652416722567795,41.39585579842077]]]},"properties":{"cusec":"0801902080","income":29486,"housing_vuln":0.26,"detail":"29.486 €/persona/año"}},{"type":"Feature","geometry":{"type":"Polygon","coordinates":[[[2.164894131141353,41.392171588310454],[2.1618681884461455,41.38989609131835],[2.158481239787684,41.39246415676104],[2.1616081468326325,41.394826611625376],[2.164894131141353,41.392171588310454]]]},"properties":{"cusec":"0801902081","income":28573,"housing_vuln":0.29,"detail":"28.573 €/persona/año"}},{"type":"Feature","geometry":{"type":"Polygon","coordinates":[[[2.162975091640896,41.397568177052314],[2.1641071368838443,41.39671090305353],[2.1616081468326325,41.394826611625376],[2.159629464587221,41.396426674704465],[2.1593554586626285,41.396466320005636],[2.1618589295104953,41.398406650036335],[2.162975091640896,41.397568177052314]]]},"properties":{"cusec":"0801902082","income":29251,"housing_vuln":0.27,"detail":"29.251 €/persona/año"}},{"type":"Feature","geometry":{"type":"Polygon","coordinates":[[[2.1616081468326325,41.394826611625376],[2.158481239787684,41.39246415676104],[2.1547050798627367,41.395349762360645],[2.159306809500119,41.396511714762205],[2.1616081468326325,41.394826611625376]]]},"properties":{"cusec":"0801902083","income":31777,"housing_vuln":0.18,"detail":"31.777 €/persona/año"}},{"type":"Feature","geometry":{"type":"Polygon","coordinates":[[[2.158481239787684,41.39246415676104],[2.156225523396864,41.39075928605594],[2.1539613960800543,41.39246822181234],[2.156228403395692,41.39417215546066],[2.158481239787684,41.39246415676104]]]},"properties":{"cusec":"0801902084","income":24918,"housing_vuln":0.42,"detail":"24.918 €/persona/año"}},{"type":"Feature","geometry":{"type":"Polygon","coordinates":[[[2.156228403395692,41.39417215546066],[2.1539613960800543,41.39246822181234],[2.1512768760748755,41.3944928189612],[2.1547050798627367,41.395349762360645],[2.156228403395692,41.39417215546066]]]},"properties":{"cusec":"0801902085","income":25911,"housing_vuln":0.38,"detail":"25.911 €/persona/año"}},{"type":"Feature","geometry":{"type":"Polygon","coordinates":[[[2.1539613960800543,41.39246822181234],[2.1528199966800643,41.39160773265435],[2.1495713445579194,41.394060101175164],[2.1512768760748755,41.3944928189612],[2.1539613960800543,41.39246822181234]]]},"properties":{"cusec":"0801902086","income":28765,"housing_vuln":0.28,"detail":"28.765 €/persona/año"}},{"type":"Feature","geometry":{"type":"Polygon","coordinates":[[[2.156225523396864,41.39075928605594],[2.155085349298915,41.389897495811375],[2.1528199966800643,41.39160773265435],[2.1539613960800543,41.39246822181234],[2.156225523396864,41.39075928605594]]]},"properties":{"cusec":"0801902087","income":24558,"housing_vuln":0.43,"detail":"24.558 €/persona/año"}},{"type":"Feature","geometry":{"type":"Polygon","coordinates":[[[2.159611757894666,41.3916069974041],[2.1562137653481224,41.3890455425722],[2.155085349298915,41.389897495811375],[2.158481239787684,41.39246415676104],[2.159611757894666,41.3916069974041]]]},"properties":{"cusec":"0801902088","income":26336,"housing_vuln":0.37,"detail":"26.336 €/persona/año"}},{"type":"Feature","geometry":{"type":"Polygon","coordinates":[[[2.160740870138191,41.39075088077494],[2.157341078266161,41.38819439770256],[2.1562137653481224,41.3890455425722],[2.159611757894666,41.3916069974041],[2.160740870138191,41.39075088077494]]]},"properties":{"cusec":"0801902089","income":25258,"housing_vuln":0.4,"detail":"25.258 €/persona/año"}},{"type":"Feature","geometry":{"type":"Polygon","coordinates":[[[2.1618681884461455,41.38989609131835],[2.1584704923436435,41.38734162214642],[2.157341078266161,41.38819439770256],[2.160740870138191,41.39075088077494],[2.1618681884461455,41.38989609131835]]]},"properties":{"cusec":"0801902090","income":23153,"housing_vuln":0.48,"detail":"23.153 €/persona/año"}},{"type":"Feature","geometry":{"type":"Polygon","coordinates":[[[2.16537244809753,41.387245547338665],[2.1631102647349714,41.385537681403704],[2.1596013760649106,41.38819186227016],[2.1618681884461455,41.38989609131835],[2.16537244809753,41.387245547338665]]]},"properties":{"cusec":"0801902091","income":23950,"housing_vuln":0.45,"detail":"23.950 €/persona/año"}},{"type":"Feature","geometry":{"type":"Polygon","coordinates":[[[2.1631102647349714,41.385537681403704],[2.1619821882489334,41.384689847781274],[2.1584704923436435,41.38734162214642],[2.1596013760649106,41.38819186227016],[2.1631102647349714,41.385537681403704]]]},"properties":{"cusec":"0801902092","income":22075,"housing_vuln":0.52,"detail":"22.075 €/persona/año"}},{"type":"Feature","geometry":{"type":"Polygon","coordinates":[[[2.1607269318782603,41.385637767598716],[2.1595956151689917,41.3847883648755],[2.1573143650645403,41.38649065446719],[2.1584704923436435,41.38734162214642],[2.1607269318782603,41.385637767598716]]]},"properties":{"cusec":"0801902093","income":23897,"housing_vuln":0.45,"detail":"23.897 €/persona/año"}},{"type":"Feature","geometry":{"type":"Polygon","coordinates":[[[2.1619821882489334,41.384689847781274],[2.159711196905035,41.382982960111185],[2.1584547844025637,41.38392955006558],[2.1607269318782603,41.385637767598716],[2.1619821882489334,41.384689847781274]]]},"properties":{"cusec":"0801902094","income":22928,"housing_vuln":0.49,"detail":"22.928 €/persona/año"}},{"type":"Feature","geometry":{"type":"Polygon","coordinates":[[[2.1584547844025637,41.38392955006558],[2.159711196905035,41.382982960111185],[2.158574309742699,41.38212840823374],[2.156190491795755,41.38392672060162],[2.1573219746933194,41.38478477720566],[2.1584547844025637,41.38392955006558]]]},"properties":{"cusec":"0801902095","income":24256,"housing_vuln":0.44,"detail":"24.256 €/persona/año"}},{"type":"Feature","geometry":{"type":"Polygon","coordinates":[[[2.1595956151689917,41.3847883648755],[2.1584547844025637,41.38392955006558],[2.1558884063319903,41.385868969025076],[2.1573143650645403,41.38649065446719],[2.1595956151689917,41.3847883648755]]]},"properties":{"cusec":"0801902096","income":21871,"housing_vuln":0.52,"detail":"21.871 €/persona/año"}},{"type":"Feature","geometry":{"type":"Polygon","coordinates":[[[2.1573219746933194,41.38478477720566],[2.156190491795755,41.38392672060162],[2.154445653595203,41.38524290749281],[2.1558884063319903,41.385868969025076],[2.1573219746933194,41.38478477720566]]]},"properties":{"cusec":"0801902097","income":20696,"housing_vuln":0.56,"detail":"20.696 €/persona/año"}},{"type":"Feature","geometry":{"type":"Polygon","coordinates":[[[2.157341078266161,41.38819439770256],[2.1584704923436435,41.38734162214642],[2.1573143650645403,41.38649065446719],[2.15507539955883,41.38819606777203],[2.1562137653481224,41.3890455425722],[2.157341078266161,41.38819439770256]]]},"properties":{"cusec":"0801902098","income":22766,"housing_vuln":0.49,"detail":"22.766 €/persona/año"}},{"type":"Feature","geometry":{"type":"Polygon","coordinates":[[[2.1573143650645403,41.38649065446719],[2.1558884063319903,41.385868969025076],[2.1539492598405676,41.387342313637056],[2.15507539955883,41.38819606777203],[2.1573143650645403,41.38649065446719]]]},"properties":{"cusec":"0801902099","income":25383,"housing_vuln":0.4,"detail":"25.383 €/persona/año"}},{"type":"Feature","geometry":{"type":"Polygon","coordinates":[[[2.1558884063319903,41.385868969025076],[2.154445653595203,41.38524290749281],[2.1528107081000094,41.386476118818905],[2.1539492598405676,41.387342313637056],[2.1558884063319903,41.385868969025076]]]},"properties":{"cusec":"0801902100","income":23671,"housing_vuln":0.46,"detail":"23.671 €/persona/año"}},{"type":"Feature","geometry":{"type":"Polygon","coordinates":[[[2.1562137653481224,41.3890455425722],[2.1528107081000094,41.386476118818905],[2.151663319632004,41.38734154059633],[2.155085349298915,41.389897495811375],[2.1562137653481224,41.3890455425722]]]},"properties":{"cusec":"0801902101","income":21874,"housing_vuln":0.52,"detail":"21.874 €/persona/año"}},{"type":"Feature","geometry":{"type":"Polygon","coordinates":[[[2.155085349298915,41.389897495811375],[2.1540252294658355,41.389106173764375],[2.1532149427913536,41.389945654941656],[2.151773268032883,41.390821533085216],[2.1528199966800643,41.39160773265435],[2.155085349298915,41.389897495811375]]]},"properties":{"cusec":"0801902102","income":26937,"housing_vuln":0.35,"detail":"26.937 €/persona/año"}},{"type":"Feature","geometry":{"type":"Polygon","coordinates":[[[2.1540252294658355,41.389106173764375],[2.151663319632004,41.38734154059633],[2.149407361594365,41.38904298560658],[2.151773268032883,41.390821533085216],[2.1532149427913536,41.389945654941656],[2.1540252294658355,41.389106173764375]]]},"properties":{"cusec":"0801902103","income":19927,"housing_vuln":0.59,"detail":"19.927 €/persona/año"}},{"type":"Feature","geometry":{"type":"Polygon","coordinates":[[[2.150554018833733,41.38990526230667],[2.149407361594365,41.38904298560658],[2.1484526967891164,41.38976294470433],[2.148154681591934,41.389808286857225],[2.149420791407872,41.39075984878917],[2.150554018833733,41.38990526230667]]]},"properties":{"cusec":"0801902104","income":25160,"housing_vuln":0.41,"detail":"25.160 €/persona/año"}},{"type":"Feature","geometry":{"type":"Polygon","coordinates":[[[2.1528199966800643,41.39160773265435],[2.150554018833733,41.38990526230667],[2.149420791407872,41.39075984878917],[2.1516870468336053,41.39246301851966],[2.1528199966800643,41.39160773265435]]]},"properties":{"cusec":"0801902105","income":20972,"housing_vuln":0.55,"detail":"20.972 €/persona/año"}},{"type":"Feature","geometry":{"type":"Polygon","coordinates":[[[2.1516870468336053,41.39246301851966],[2.150555616038306,41.39161273181682],[2.1478981802389483,41.39362633056875],[2.1495713445579194,41.394060101175164],[2.1516870468336053,41.39246301851966]]]},"properties":{"cusec":"0801902106","income":25676,"housing_vuln":0.39,"detail":"25.676 €/persona/año"}},{"type":"Feature","geometry":{"type":"Polygon","coordinates":[[[2.150555616038306,41.39161273181682],[2.149420791407872,41.39075984878917],[2.146183682637163,41.39319700754824],[2.1478981802389483,41.39362633056875],[2.150555616038306,41.39161273181682]]]},"properties":{"cusec":"0801902107","income":27367,"housing_vuln":0.33,"detail":"27.367 €/persona/año"}},{"type":"Feature","geometry":{"type":"Polygon","coordinates":[[[2.149420791407872,41.39075984878917],[2.1482792455824877,41.38990190608096],[2.1448416831459984,41.39248579682167],[2.144988773290602,41.39261133949226],[2.144930116895827,41.392877209021165],[2.146183682637163,41.39319700754824],[2.149420791407872,41.39075984878917]]]},"properties":{"cusec":"0801902108","income":26297,"housing_vuln":0.37,"detail":"26.297 €/persona/año"}},{"type":"Feature","geometry":{"type":"Polygon","coordinates":[[[2.1482792455824877,41.38990190608096],[2.148154681591934,41.389808286857225],[2.1436256696784937,41.3904946566662],[2.1443829925821407,41.392384270902795],[2.1447746571476993,41.39242859563796],[2.1482792455824877,41.38990190608096]]]},"properties":{"cusec":"0801902109","income":27597,"housing_vuln":0.32,"detail":"27.597 €/persona/año"}},{"type":"Feature","geometry":{"type":"Polygon","coordinates":[[[2.148154681591934,41.389808286857225],[2.1484526967891164,41.38976294470433],[2.150532502386055,41.38819442196508],[2.1482797728935505,41.3864863807834],[2.1435108218660455,41.39008142010879],[2.1436256696784937,41.3904946566662],[2.148154681591934,41.389808286857225]]]},"properties":{"cusec":"0801902110","income":21962,"housing_vuln":0.52,"detail":"21.962 €/persona/año"}},{"type":"Feature","geometry":{"type":"Polygon","coordinates":[[[2.146014471478668,41.38819170793363],[2.144894303760409,41.38734417311324],[2.1437575199043057,41.38819965862344],[2.1429281296570157,41.38761083250301],[2.1435108218660455,41.39008142010879],[2.146014471478668,41.38819170793363]]]},"properties":{"cusec":"0801902111","income":22464,"housing_vuln":0.5,"detail":"22.464 €/persona/año"}},{"type":"Feature","geometry":{"type":"Polygon","coordinates":[[[2.144894303760409,41.38734417311324],[2.142649122811215,41.385651137440384],[2.1429281296570157,41.38761083250301],[2.1437575199043057,41.38819965862344],[2.144894303760409,41.38734417311324]]]},"properties":{"cusec":"0801902112","income":27921,"housing_vuln":0.31,"detail":"27.921 €/persona/año"}},{"type":"Feature","geometry":{"type":"Polygon","coordinates":[[[2.1471431300729917,41.38734811245283],[2.14489949781936,41.3856362969631],[2.14376318647713,41.38649235962717],[2.146014471478668,41.38819170793363],[2.1471431300729917,41.38734811245283]]]},"properties":{"cusec":"0801902113","income":25255,"housing_vuln":0.41,"detail":"25.255 €/persona/año"}},{"type":"Feature","geometry":{"type":"Polygon","coordinates":[[[2.1482797728935505,41.3864863807834],[2.1460364182193556,41.384779769430246],[2.14489949781936,41.3856362969631],[2.1471431300729917,41.38734811245283],[2.1482797728935505,41.3864863807834]]]},"properties":{"cusec":"0801902114","income":22427,"housing_vuln":0.5,"detail":"22.427 €/persona/año"}},{"type":"Feature","geometry":{"type":"Polygon","coordinates":[[[2.149410838074532,41.385636542967674],[2.1482849516811844,41.38478467678056],[2.1471580834292094,41.3856356977903],[2.1482797728935505,41.3864863807834],[2.149410838074532,41.385636542967674]]]},"properties":{"cusec":"0801902115","income":21572,"housing_vuln":0.53,"detail":"21.572 €/persona/año"}},{"type":"Feature","geometry":{"type":"Polygon","coordinates":[[[2.1505433639161606,41.386495402629954],[2.149410838074532,41.385636542967674],[2.1482797728935505,41.3864863807834],[2.149411301605201,41.38734429712325],[2.1505433639161606,41.386495402629954]]]},"properties":{"cusec":"0801902116","income":26217,"housing_vuln":0.37,"detail":"26.217 €/persona/año"}},{"type":"Feature","geometry":{"type":"Polygon","coordinates":[[[2.151663319632004,41.38734154059633],[2.1505433639161606,41.386495402629954],[2.149411301605201,41.38734429712325],[2.150532502386055,41.38819442196508],[2.151663319632004,41.38734154059633]]]},"properties":{"cusec":"0801902117","income":21316,"housing_vuln":0.54,"detail":"21.316 €/persona/año"}},{"type":"Feature","geometry":{"type":"Polygon","coordinates":[[[2.1528107081000094,41.386476118818905],[2.154445653595203,41.38524290749281],[2.1530079987976434,41.38464002538102],[2.1505433639161606,41.386495402629954],[2.151663319632004,41.38734154059633],[2.1528107081000094,41.386476118818905]]]},"properties":{"cusec":"0801902118","income":25071,"housing_vuln":0.41,"detail":"25.071 €/persona/año"}},{"type":"Feature","geometry":{"type":"Polygon","coordinates":[[[2.151687649603158,41.3856357072261],[2.1505516302133842,41.38477894917955],[2.149410838074532,41.385636542967674],[2.1505433639161606,41.386495402629954],[2.151687649603158,41.3856357072261]]]},"properties":{"cusec":"0801902119","income":23393,"housing_vuln":0.47,"detail":"23.393 €/persona/año"}},{"type":"Feature","geometry":{"type":"Polygon","coordinates":[[[2.1505516302133842,41.38477894917955],[2.1494219214885204,41.383929152403915],[2.1482849516811844,41.38478467678056],[2.149410838074532,41.385636542967674],[2.1505516302133842,41.38477894917955]]]},"properties":{"cusec":"0801902120","income":21363,"housing_vuln":0.54,"detail":"21.363 €/persona/año"}},{"type":"Feature","geometry":{"type":"Polygon","coordinates":[[[2.1530079987976434,41.38464002538102],[2.1486451832966065,41.38280883814647],[2.148291636943517,41.38307651434759],[2.151687649603158,41.3856357072261],[2.1530079987976434,41.38464002538102]]]},"properties":{"cusec":"0801902121","income":23269,"housing_vuln":0.47,"detail":"23.269 €/persona/año"}},{"type":"Feature","geometry":{"type":"Polygon","coordinates":[[[2.1494219214885204,41.383929152403915],[2.148291636943517,41.38307651434759],[2.147159589005611,41.38393357790641],[2.1482849516811844,41.38478467678056],[2.1494219214885204,41.383929152403915]]]},"properties":{"cusec":"0801902122","income":25098,"housing_vuln":0.41,"detail":"25.098 €/persona/año"}},{"type":"Feature","geometry":{"type":"Polygon","coordinates":[[[2.1482849516811844,41.38478467678056],[2.147159589005611,41.38393357790641],[2.1460364182193556,41.384779769430246],[2.1471580834292094,41.3856356977903],[2.1482849516811844,41.38478467678056]]]},"properties":{"cusec":"0801902123","income":21714,"housing_vuln":0.53,"detail":"21.714 €/persona/año"}},{"type":"Feature","geometry":{"type":"Polygon","coordinates":[[[2.1460364182193556,41.384779769430246],[2.1449016411996347,41.38392647998259],[2.143772219037311,41.38477848547163],[2.14489949781936,41.3856362969631],[2.1460364182193556,41.384779769430246]]]},"properties":{"cusec":"0801902124","income":23322,"housing_vuln":0.47,"detail":"23.322 €/persona/año"}},{"type":"Feature","geometry":{"type":"Polygon","coordinates":[[[2.14489949781936,41.3856362969631],[2.1428212022904085,41.384058959829574],[2.1425399828940903,41.38406936169384],[2.142649122811215,41.385651137440384],[2.14376318647713,41.38649235962717],[2.14489949781936,41.3856362969631]]]},"properties":{"cusec":"0801902125","income":22351,"housing_vuln":0.51,"detail":"22.351 €/persona/año"}},{"type":"Feature","geometry":{"type":"Polygon","coordinates":[[[2.1449016411996347,41.38392647998259],[2.1426414395206073,41.38222655647529],[2.142423181245922,41.38239076046537],[2.1425399828940903,41.38406936169384],[2.1428212022904085,41.384058959829574],[2.143772219037311,41.38477848547163],[2.1449016411996347,41.38392647998259]]]},"properties":{"cusec":"0801902126","income":23990,"housing_vuln":0.45,"detail":"23.990 €/persona/año"}},{"type":"Feature","geometry":{"type":"Polygon","coordinates":[[[2.147159589005611,41.38393357790641],[2.1428605350251204,41.380684737224726],[2.1425487154169747,41.3806529098889],[2.1423278664009935,41.380841703952036],[2.142423181245922,41.38239076046537],[2.1426414395206073,41.38222655647529],[2.1460364182193556,41.384779769430246],[2.147159589005611,41.38393357790641]]]},"properties":{"cusec":"0801902127","income":20447,"housing_vuln":0.57,"detail":"20.447 €/persona/año"}},{"type":"Feature","geometry":{"type":"Polygon","coordinates":[[[2.148291636943517,41.38307651434759],[2.1486451832966065,41.38280883814647],[2.14721649458391,41.38218264941778],[2.1460292478667573,41.383079422707894],[2.147159589005611,41.38393357790641],[2.148291636943517,41.38307651434759]]]},"properties":{"cusec":"0801902128","income":19488,"housing_vuln":0.61,"detail":"19.488 €/persona/año"}},{"type":"Feature","geometry":{"type":"Polygon","coordinates":[[[2.14721649458391,41.38218264941778],[2.1443764420670726,41.380937798332354],[2.1428605350251204,41.380684737224726],[2.1460292478667573,41.383079422707894],[2.14721649458391,41.38218264941778]]]},"properties":{"cusec":"0801902129","income":21809,"housing_vuln":0.52,"detail":"21.809 €/persona/año"}},{"type":"Feature","geometry":{"type":"Polygon","coordinates":[[[2.1460404013493193,41.3796859672549],[2.144886318635843,41.37882502109971],[2.1425487154169747,41.3806529098889],[2.1443764420670726,41.380937798332354],[2.1460404013493193,41.3796859672549]]]},"properties":{"cusec":"0801902130","income":29933,"housing_vuln":0.24,"detail":"29.933 €/persona/año"}},{"type":"Feature","geometry":{"type":"Polygon","coordinates":[[[2.14717120152729,41.3788293202271],[2.1459549535995097,41.37798660628822],[2.144886318635843,41.37882502109971],[2.1460404013493193,41.3796859672549],[2.14717120152729,41.3788293202271]]]},"properties":{"cusec":"0801902131","income":21159,"housing_vuln":0.55,"detail":"21.159 €/persona/año"}},{"type":"Feature","geometry":{"type":"Polygon","coordinates":[[[2.148286653988617,41.379671538607084],[2.14717120152729,41.3788293202271],[2.1460404013493193,41.3796859672549],[2.1471581517011553,41.380523582319704],[2.148286653988617,41.379671538607084]]]},"properties":{"cusec":"0801902132","income":22639,"housing_vuln":0.5,"detail":"22.639 €/persona/año"}},{"type":"Feature","geometry":{"type":"Polygon","coordinates":[[[2.1471581517011553,41.380523582319704],[2.1460404013493193,41.3796859672549],[2.1443764420670726,41.380937798332354],[2.1457891767003514,41.3815570390411],[2.1471581517011553,41.380523582319704]]]},"properties":{"cusec":"0801902133","income":22532,"housing_vuln":0.5,"detail":"22.532 €/persona/año"}},{"type":"Feature","geometry":{"type":"Polygon","coordinates":[[[2.1482853289735986,41.38137512013184],[2.1471581517011553,41.380523582319704],[2.1457891767003514,41.3815570390411],[2.14721649458391,41.38218264941778],[2.1482853289735986,41.38137512013184]]]},"properties":{"cusec":"0801902134","income":20728,"housing_vuln":0.56,"detail":"20.728 €/persona/año"}},{"type":"Feature","geometry":{"type":"Polygon","coordinates":[[[2.1505453096670735,41.38137695483963],[2.148286653988617,41.379671538607084],[2.1471581517011553,41.380523582319704],[2.14941946639282,41.38222920065758],[2.1505453096670735,41.38137695483963]]]},"properties":{"cusec":"0801902135","income":19096,"housing_vuln":0.62,"detail":"19.096 €/persona/año"}},{"type":"Feature","geometry":{"type":"Polygon","coordinates":[[[2.14941946639282,41.38222920065758],[2.1482853289735986,41.38137512013184],[2.14721649458391,41.38218264941778],[2.1486451832966065,41.38280883814647],[2.14941946639282,41.38222920065758]]]},"properties":{"cusec":"0801902136","income":21645,"housing_vuln":0.53,"detail":"21.645 €/persona/año"}},{"type":"Feature","geometry":{"type":"Polygon","coordinates":[[[2.1516750103071303,41.38222599097207],[2.1505453096670735,41.38137695483963],[2.1486451832966065,41.38280883814647],[2.150097424039437,41.38341864110181],[2.1516750103071303,41.38222599097207]]]},"properties":{"cusec":"0801902137","income":19192,"housing_vuln":0.62,"detail":"19.192 €/persona/año"}},{"type":"Feature","geometry":{"type":"Polygon","coordinates":[[[2.153940618945854,41.383933528030205],[2.1516750103071303,41.38222599097207],[2.150097424039437,41.38341864110181],[2.1530079987976434,41.38464002538102],[2.153940618945854,41.383933528030205]]]},"properties":{"cusec":"0801902138","income":21829,"housing_vuln":0.52,"detail":"21.829 €/persona/año"}},{"type":"Feature","geometry":{"type":"Polygon","coordinates":[[[2.156190491795755,41.38392672060162],[2.155065657329575,41.38308043709541],[2.1530079987976434,41.38464002538102],[2.154445653595203,41.38524290749281],[2.156190491795755,41.38392672060162]]]},"properties":{"cusec":"0801902139","income":21885,"housing_vuln":0.52,"detail":"21.885 €/persona/año"}},{"type":"Feature","geometry":{"type":"Polygon","coordinates":[[[2.155065657329575,41.38308043709541],[2.1528022854959237,41.381377470472025],[2.1516750103071303,41.38222599097207],[2.153940618945854,41.383933528030205],[2.155065657329575,41.38308043709541]]]},"properties":{"cusec":"0801902140","income":20896,"housing_vuln":0.56,"detail":"20.896 €/persona/año"}},{"type":"Feature","geometry":{"type":"Polygon","coordinates":[[[2.1528022854959237,41.381377470472025],[2.1516725965339627,41.38052743512158],[2.1505453096670735,41.38137695483963],[2.1516750103071303,41.38222599097207],[2.1528022854959237,41.381377470472025]]]},"properties":{"cusec":"0801902141","income":20067,"housing_vuln":0.59,"detail":"20.067 €/persona/año"}},{"type":"Feature","geometry":{"type":"Polygon","coordinates":[[[2.15506867027904,41.381380029761225],[2.152799158460394,41.37967539550373],[2.1516725965339627,41.38052743512158],[2.1539406369121625,41.3822339801365],[2.15506867027904,41.381380029761225]]]},"properties":{"cusec":"0801902142","income":18617,"housing_vuln":0.64,"detail":"18.617 €/persona/año"}},{"type":"Feature","geometry":{"type":"Polygon","coordinates":[[[2.157322509190926,41.383072767516566],[2.15506867027904,41.381380029761225],[2.1539406369121625,41.3822339801365],[2.156190491795755,41.38392672060162],[2.157322509190926,41.383072767516566]]]},"properties":{"cusec":"0801902143","income":20404,"housing_vuln":0.57,"detail":"20.404 €/persona/año"}},{"type":"Feature","geometry":{"type":"Polygon","coordinates":[[[2.158574309742699,41.38212840823374],[2.1563165218368394,41.380431243747296],[2.15506867027904,41.381380029761225],[2.157322509190926,41.383072767516566],[2.158574309742699,41.38212840823374]]]},"properties":{"cusec":"0801902144","income":22429,"housing_vuln":0.5,"detail":"22.429 €/persona/año"}},{"type":"Feature","geometry":{"type":"Polygon","coordinates":[[[2.1563165218368394,41.380431243747296],[2.154051303965253,41.37872834862718],[2.1528619605802413,41.37962789472517],[2.15506867027904,41.381380029761225],[2.1563165218368394,41.380431243747296]]]},"properties":{"cusec":"0801902145","income":20124,"housing_vuln":0.58,"detail":"20.124 €/persona/año"}},{"type":"Feature","geometry":{"type":"Polygon","coordinates":[[[2.154051303965253,41.37872834862718],[2.152917122528574,41.377875672713614],[2.151661770936475,41.37883008662845],[2.152799158460394,41.37967539550373],[2.154051303965253,41.37872834862718]]]},"properties":{"cusec":"0801902146","income":20489,"housing_vuln":0.57,"detail":"20.489 €/persona/año"}},{"type":"Feature","geometry":{"type":"Polygon","coordinates":[[[2.1516725965339627,41.38052743512158],[2.152799158460394,41.37967539550373],[2.151661770936475,41.37883008662845],[2.1494156988585265,41.38052403325123],[2.1505453096670735,41.38137695483963],[2.1516725965339627,41.38052743512158]]]},"properties":{"cusec":"0801902147","income":20306,"housing_vuln":0.58,"detail":"20.306 €/persona/año"}},{"type":"Feature","geometry":{"type":"Polygon","coordinates":[[[2.151661770936475,41.37883008662845],[2.1482585717545204,41.376259580401666],[2.1459549535995097,41.37798660628822],[2.1494156988585265,41.38052403325123],[2.151661770936475,41.37883008662845]]]},"properties":{"cusec":"0801902148","income":22761,"housing_vuln":0.49,"detail":"22.761 €/persona/año"}},{"type":"Feature","geometry":{"type":"Polygon","coordinates":[[[2.152917122528574,41.377875672713614],[2.1504208894069543,41.37599889538968],[2.149820311740581,41.37529467157309],[2.1482585717545204,41.376259580401666],[2.151661770936475,41.37883008662845],[2.152917122528574,41.377875672713614]]]},"properties":{"cusec":"0801902149","income":19626,"housing_vuln":0.6,"detail":"19.626 €/persona/año"}},{"type":"Feature","geometry":{"type":"Polygon","coordinates":[[[2.153490349189454,41.375765494376445],[2.1540224114507738,41.37536643809942],[2.1540175470735248,41.37500053476388],[2.150513806648363,41.375006161437796],[2.149820311740581,41.37529467157309],[2.1501187221965203,41.37574531219498],[2.1517901940894935,41.377028424053485],[2.153490349189454,41.375765494376445]]]},"properties":{"cusec":"0801902150","income":17934,"housing_vuln":0.66,"detail":"17.934 €/persona/año"}},{"type":"Feature","geometry":{"type":"Polygon","coordinates":[[[2.1541782314233373,41.37693095956827],[2.1550809439607823,41.37624095887462],[2.153490349189454,41.375765494376445],[2.1517901940894935,41.377028424053485],[2.152917122528574,41.377875672713614],[2.1541782314233373,41.37693095956827]]]},"properties":{"cusec":"0801902151","income":20349,"housing_vuln":0.58,"detail":"20.349 €/persona/año"}},{"type":"Feature","geometry":{"type":"Polygon","coordinates":[[[2.155303512352208,41.37778109180666],[2.1541782314233373,41.37693095956827],[2.152917122528574,41.377875672713614],[2.154051303965253,41.37872834862718],[2.155303512352208,41.37778109180666]]]},"properties":{"cusec":"0801902152","income":21986,"housing_vuln":0.52,"detail":"21.986 €/persona/año"}},{"type":"Feature","geometry":{"type":"Polygon","coordinates":[[[2.1564315286511073,41.376927738161996],[2.156693083027532,41.37672303664253],[2.1550809439607823,41.37624095887462],[2.1541782314233373,41.37693095956827],[2.155303512352208,41.37778109180666],[2.1564315286511073,41.376927738161996]]]},"properties":{"cusec":"0801902153","income":21547,"housing_vuln":0.53,"detail":"21.547 €/persona/año"}},{"type":"Feature","geometry":{"type":"Polygon","coordinates":[[[2.1564089512930567,41.37501356165581],[2.1540175470735248,41.37500053476388],[2.1540224114507738,41.37536643809942],[2.153490349189454,41.375765494376445],[2.1550809439607823,41.37624095887462],[2.1564089710559933,41.375244218438894],[2.1564089512930567,41.37501356165581]]]},"properties":{"cusec":"0801902154","income":16726,"housing_vuln":0.7,"detail":"16.726 €/persona/año"}},{"type":"Feature","geometry":{"type":"Polygon","coordinates":[[[2.157560920270696,41.37608044479768],[2.15869153359907,41.37522785348463],[2.158428205049945,41.375026216444624],[2.1564089512930567,41.37501356165581],[2.1564089710559933,41.375244218438894],[2.1550809439607823,41.37624095887462],[2.156693083027532,41.37672303664253],[2.157560920270696,41.37608044479768]]]},"properties":{"cusec":"0801902155","income":18526,"housing_vuln":0.64,"detail":"18.526 €/persona/año"}},{"type":"Feature","geometry":{"type":"Polygon","coordinates":[[[2.159808646147067,41.376083231461664],[2.15869153359907,41.37522785348463],[2.157560920270696,41.37608044479768],[2.1586919261628688,41.37693035155228],[2.159808646147067,41.376083231461664]]]},"properties":{"cusec":"0801902156","income":20434,"housing_vuln":0.57,"detail":"20.434 €/persona/año"}},{"type":"Feature","geometry":{"type":"Polygon","coordinates":[[[2.1583126511616775,41.377218055051024],[2.1586919261628688,41.37693035155228],[2.157560920270696,41.37608044479768],[2.1564315286511073,41.376927738161996],[2.157565770274925,41.37778459762679],[2.1583126511616775,41.377218055051024]]]},"properties":{"cusec":"0801902157","income":18416,"housing_vuln":0.64,"detail":"18.416 €/persona/año"}},{"type":"Feature","geometry":{"type":"Polygon","coordinates":[[[2.1586934586887168,41.378635244472555],[2.1564315286511073,41.376927738161996],[2.155303512352208,41.37778109180666],[2.157566179906668,41.379484257756985],[2.1586934586887168,41.378635244472555]]]},"properties":{"cusec":"0801902158","income":19154,"housing_vuln":0.62,"detail":"19.154 €/persona/año"}},{"type":"Feature","geometry":{"type":"Polygon","coordinates":[[[2.157566179906668,41.379484257756985],[2.155303512352208,41.37778109180666],[2.154051303965253,41.37872834862718],[2.1563165218368394,41.380431243747296],[2.157566179906668,41.379484257756985]]]},"properties":{"cusec":"0801902159","income":20243,"housing_vuln":0.58,"detail":"20.243 €/persona/año"}},{"type":"Feature","geometry":{"type":"Polygon","coordinates":[[[2.1598272879858333,41.38118845755602],[2.157566179906668,41.379484257756985],[2.1563165218368394,41.380431243747296],[2.158574309742699,41.38212840823374],[2.1598272879858333,41.38118845755602]]]},"properties":{"cusec":"0801902160","income":22362,"housing_vuln":0.51,"detail":"22.362 €/persona/año"}},{"type":"Feature","geometry":{"type":"Polygon","coordinates":[[[2.159819908325778,41.37948493652422],[2.1586934586887168,41.378635244472555],[2.157566179906668,41.379484257756985],[2.1586936140972814,41.38033365157544],[2.159819908325778,41.37948493652422]]]},"properties":{"cusec":"0801902161","income":19719,"housing_vuln":0.6,"detail":"19.719 €/persona/año"}},{"type":"Feature","geometry":{"type":"Polygon","coordinates":[[[2.1609558639351576,41.380341756233186],[2.159819908325778,41.37948493652422],[2.1586936140972814,41.38033365157544],[2.1598272879858333,41.38118845755602],[2.1609558639351576,41.380341756233186]]]},"properties":{"cusec":"0801902162","income":19169,"housing_vuln":0.62,"detail":"19.169 €/persona/año"}},{"type":"Feature","geometry":{"type":"Polygon","coordinates":[[[2.162100928461505,41.382899677706995],[2.1598272879858333,41.38118845755602],[2.158574309742699,41.38212840823374],[2.1608524813206973,41.383840766981244],[2.162100928461505,41.382899677706995]]]},"properties":{"cusec":"0801902163","income":21151,"housing_vuln":0.55,"detail":"21.151 €/persona/año"}},{"type":"Feature","geometry":{"type":"Polygon","coordinates":[[[2.164851270722506,41.3859169727536],[2.164050327425301,41.385402278115436],[2.1636255545516185,41.38239899293031],[2.1632266405817164,41.38205445522606],[2.1608524813206973,41.383840766981244],[2.1641166320763974,41.38629401080346],[2.164851270722506,41.3859169727536]]]},"properties":{"cusec":"0801902164","income":20139,"housing_vuln":0.58,"detail":"20.139 €/persona/año"}},{"type":"Feature","geometry":{"type":"Polygon","coordinates":[[[2.1632266405817164,41.38205445522606],[2.1609558639351576,41.380341756233186],[2.1598272879858333,41.38118845755602],[2.162100928461505,41.382899677706995],[2.1632266405817164,41.38205445522606]]]},"properties":{"cusec":"0801902165","income":21260,"housing_vuln":0.54,"detail":"21.260 €/persona/año"}},{"type":"Feature","geometry":{"type":"Polygon","coordinates":[[[2.163524269503347,41.3816707709597],[2.1633436075199177,41.380436493837635],[2.1609579992305914,41.37862519831565],[2.159819908325778,41.37948493652422],[2.1636178155654573,41.382349476127594],[2.163524269503347,41.3816707709597]]]},"properties":{"cusec":"0801902166","income":19651,"housing_vuln":0.6,"detail":"19.651 €/persona/año"}},{"type":"Feature","geometry":{"type":"Polygon","coordinates":[[[2.1609579992305914,41.37862519831565],[2.159636520853788,41.37764618331078],[2.1583126511616775,41.377218055051024],[2.157565770274925,41.37778459762679],[2.159819908325778,41.37948493652422],[2.1609579992305914,41.37862519831565]]]},"properties":{"cusec":"0801902167","income":20043,"housing_vuln":0.59,"detail":"20.043 €/persona/año"}},{"type":"Feature","geometry":{"type":"Polygon","coordinates":[[[2.163113716062287,41.37874296824227],[2.1631149943649564,41.378575600448706],[2.159808646147067,41.376083231461664],[2.1583126511616775,41.377218055051024],[2.159636520853788,41.37764618331078],[2.1633448624663627,41.380338239092275],[2.163113716062287,41.37874296824227]]]},"properties":{"cusec":"0801902168","income":19322,"housing_vuln":0.61,"detail":"19.322 €/persona/año"}},{"type":"Feature","geometry":{"type":"Polygon","coordinates":[[[2.16466736402426,41.377540810899575],[2.165460558453836,41.37691047104408],[2.164328550041836,41.37607329613445],[2.1620741398014287,41.37778690697865],[2.1631149943649564,41.378575600448706],[2.163113716062287,41.37874296824227],[2.16466736402426,41.377540810899575]]]},"properties":{"cusec":"0801902169","income":19865,"housing_vuln":0.59,"detail":"19.865 €/persona/año"}},{"type":"Feature","geometry":{"type":"Polygon","coordinates":[[[2.1661001589361555,41.37639984397602],[2.1678510688496893,41.37498531705891],[2.165462851852759,41.375010958974016],[2.1654649754700976,41.37521198735517],[2.164328550041836,41.37607329613445],[2.165460558453836,41.37691047104408],[2.1661001589361555,41.37639984397602]]]},"properties":{"cusec":"0801902170","income":20433,"housing_vuln":0.57,"detail":"20.433 €/persona/año"}},{"type":"Feature","geometry":{"type":"Polygon","coordinates":[[[2.165462851852759,41.375010958974016],[2.160933263220916,41.37500585405034],[2.1609308970584613,41.375231538751095],[2.1620644667424505,41.37608430527772],[2.1631927183999555,41.3752332812814],[2.164328550041836,41.37607329613445],[2.1654649754700976,41.37521198735517],[2.165462851852759,41.375010958974016]]]},"properties":{"cusec":"0801902171","income":17903,"housing_vuln":0.66,"detail":"17.903 €/persona/año"}},{"type":"Feature","geometry":{"type":"Polygon","coordinates":[[[2.164328550041836,41.37607329613445],[2.1631927183999555,41.3752332812814],[2.160940688695057,41.376934755286605],[2.1620741398014287,41.37778690697865],[2.164328550041836,41.37607329613445]]]},"properties":{"cusec":"0801902172","income":18939,"housing_vuln":0.62,"detail":"18.939 €/persona/año"}},{"type":"Feature","geometry":{"type":"Polygon","coordinates":[[[2.1620644667424505,41.37608430527772],[2.1609308970584613,41.375231538751095],[2.160933263220916,41.37500585405034],[2.158428205049945,41.375026216444624],[2.160940688695057,41.376934755286605],[2.1620644667424505,41.37608430527772]]]},"properties":{"cusec":"0801902173","income":19519,"housing_vuln":0.6,"detail":"19.519 €/persona/año"}},{"type":"Feature","geometry":{"type":"Polygon","coordinates":[[[2.159019933412444,41.37433614498725],[2.1587474519288925,41.37376276455598],[2.1566689219396653,41.37363415806518],[2.1577113871824554,41.375016481162255],[2.1593440590416613,41.375018183252635],[2.159019933412444,41.37433614498725]]]},"properties":{"cusec":"0801903001","income":16557,"housing_vuln":0.71,"detail":"16.557 €/persona/año"}},{"type":"Feature","geometry":{"type":"Polygon","coordinates":[[[2.1579832093026043,41.372168374621516],[2.1559668094933615,41.37211642520088],[2.1559306639812847,41.37295391461697],[2.156699164622015,41.37297483110315],[2.1566689219396653,41.37363415806518],[2.1587075837982437,41.37367981885882],[2.1579832093026043,41.372168374621516]]]},"properties":{"cusec":"0801903002","income":15353,"housing_vuln":0.75,"detail":"15.353 €/persona/año"}},{"type":"Feature","geometry":{"type":"Polygon","coordinates":[[[2.1566689219396653,41.37363415806518],[2.156699164622015,41.37297483110315],[2.1559306639812847,41.37295391461697],[2.155851876340955,41.375011221871155],[2.1577113871824554,41.375016481162255],[2.1566689219396653,41.37363415806518]]]},"properties":{"cusec":"0801903003","income":14709,"housing_vuln":0.77,"detail":"14.709 €/persona/año"}},{"type":"Feature","geometry":{"type":"Polygon","coordinates":[[[2.1559306639812847,41.37295391461697],[2.1551633167773607,41.3729326482575],[2.155097440622647,41.37304835154135],[2.154638316172524,41.372874710588434],[2.1544381041535625,41.373018265754716],[2.1539285887075583,41.37374360774611],[2.1545996104618528,41.373961274289506],[2.1540175470735248,41.37500053476388],[2.155851876340955,41.375011221871155],[2.1559306639812847,41.37295391461697]]]},"properties":{"cusec":"0801903004","income":17856,"housing_vuln":0.66,"detail":"17.856 €/persona/año"}},{"type":"Feature","geometry":{"type":"Polygon","coordinates":[[[2.1559306639812847,41.37295391461697],[2.1559668094933615,41.37211642520088],[2.1588107274608763,41.37218999919099],[2.1577446697637495,41.37128348012584],[2.1580021412971995,41.371072521040404],[2.158288908688725,41.37130254260728],[2.159034158234949,41.370882930776425],[2.1584458919795964,41.37015311629077],[2.1559364563182357,41.3704344858589],[2.1550102133102533,41.37038609115914],[2.153517230376032,41.37244990332991],[2.155097440622647,41.37304835154135],[2.1551633167773607,41.3729326482575],[2.1559306639812847,41.37295391461697]]]},"properties":{"cusec":"0801903005","income":15627,"housing_vuln":0.74,"detail":"15.627 €/persona/año"}},{"type":"Feature","geometry":{"type":"Polygon","coordinates":[[[2.1604052343952302,41.3721775973213],[2.160179468001404,41.37155015548934],[2.1602990184943582,41.371458036752756],[2.159034158234949,41.370882930776425],[2.158288908688725,41.37130254260728],[2.1580021412971995,41.371072521040404],[2.1577446697637495,41.37128348012584],[2.1588107274608763,41.37218999919099],[2.1604052343952302,41.3721775973213]]]},"properties":{"cusec":"0801903006","income":15502,"housing_vuln":0.74,"detail":"15.502 €/persona/año"}},{"type":"Feature","geometry":{"type":"Polygon","coordinates":[[[2.1605997906211667,41.37271665480625],[2.1604052343952302,41.3721775973213],[2.1579832093026043,41.372168374621516],[2.1587075837982437,41.37367981885882],[2.159035266756034,41.37368686869105],[2.160002327413897,41.3732354668903],[2.1597056480115313,41.3729064561177],[2.1605997906211667,41.37271665480625]]]},"properties":{"cusec":"0801903007","income":15679,"housing_vuln":0.74,"detail":"15.679 €/persona/año"}},{"type":"Feature","geometry":{"type":"Polygon","coordinates":[[[2.161018579816716,41.3738705011144],[2.1605997906211667,41.37271665480625],[2.1597056480115313,41.3729064561177],[2.1599426451430364,41.37316928439878],[2.1596614284416757,41.37339559295818],[2.159035266756034,41.37368686869105],[2.1587075837982437,41.37367981885882],[2.159019933412444,41.37433614498725],[2.161018579816716,41.3738705011144]]]},"properties":{"cusec":"0801903008","income":15368,"housing_vuln":0.75,"detail":"15.368 €/persona/año"}},{"type":"Feature","geometry":{"type":"Polygon","coordinates":[[[2.161018579816716,41.3738705011144],[2.159019933412444,41.37433614498725],[2.1593440590416613,41.375018183252635],[2.1616405041491493,41.37501171598301],[2.16128863225575,41.37461453379654],[2.161018579816716,41.3738705011144]]]},"properties":{"cusec":"0801903009","income":16596,"housing_vuln":0.71,"detail":"16.596 €/persona/año"}},{"type":"Feature","geometry":{"type":"Polygon","coordinates":[[[2.1627425025424816,41.37327537912621],[2.161018579816716,41.3738705011144],[2.16128863225575,41.37461453379654],[2.1616405041491493,41.37501171598301],[2.163399530341292,41.37500952921794],[2.1627425025424816,41.37327537912621]]]},"properties":{"cusec":"0801903010","income":14338,"housing_vuln":0.78,"detail":"14.338 €/persona/año"}},{"type":"Feature","geometry":{"type":"Polygon","coordinates":[[[2.1627425025424816,41.37327537912621],[2.1624535495498844,41.37251791611806],[2.1626759283967893,41.37247049302916],[2.162542480068075,41.37212065735919],[2.1620933871047057,41.37221522829569],[2.1621601094724188,41.37239014712272],[2.1605997906211667,41.37271665480625],[2.161018579816716,41.3738705011144],[2.1627425025424816,41.37327537912621]]]},"properties":{"cusec":"0801903011","income":13228,"housing_vuln":0.82,"detail":"13.228 €/persona/año"}},{"type":"Feature","geometry":{"type":"Polygon","coordinates":[[[2.1644814576762426,41.37369075290692],[2.1640105590076635,41.37288421968791],[2.1627425025424816,41.37327537912621],[2.163399530341292,41.37500952921794],[2.1652516372682147,41.37500942271088],[2.1644814576762426,41.37369075290692]]]},"properties":{"cusec":"0801903012","income":15204,"housing_vuln":0.75,"detail":"15.204 €/persona/año"}},{"type":"Feature","geometry":{"type":"Polygon","coordinates":[[[2.1640105590076635,41.37288421968791],[2.165315039462656,41.37247773848769],[2.1650698029833393,41.37177934618905],[2.162609203334118,41.37229557576639],[2.1626759283967893,41.37247049302916],[2.1624535495498844,41.37251791611806],[2.1627425025424816,41.37327537912621],[2.1640105590076635,41.37288421968791]]]},"properties":{"cusec":"0801903013","income":14525,"housing_vuln":0.78,"detail":"14.525 €/persona/año"}},{"type":"Feature","geometry":{"type":"Polygon","coordinates":[[[2.1664068886899144,41.37295356205401],[2.1655887857741205,41.371670454079215],[2.1650698029833393,41.37177934618905],[2.165315039462656,41.37247773848769],[2.1640105590076635,41.37288421968791],[2.1644814576762426,41.37369075290692],[2.1664068886899144,41.37295356205401]]]},"properties":{"cusec":"0801903014","income":13762,"housing_vuln":0.8,"detail":"13.762 €/persona/año"}},{"type":"Feature","geometry":{"type":"Polygon","coordinates":[[[2.1678510688496893,41.37498531705891],[2.16685645506542,41.37278324222927],[2.1644814576762426,41.37369075290692],[2.1652516372682147,41.37500942271088],[2.1678510688496893,41.37498531705891]]]},"properties":{"cusec":"0801903015","income":15157,"housing_vuln":0.76,"detail":"15.157 €/persona/año"}},{"type":"Feature","geometry":{"type":"Polygon","coordinates":[[[2.168430952026829,41.373439682565234],[2.1673204025703257,41.373764854965465],[2.1678510688496893,41.37498531705891],[2.1700557699155114,41.3750172449121],[2.168430952026829,41.373439682565234]]]},"properties":{"cusec":"0801903016","income":14770,"housing_vuln":0.77,"detail":"14.770 €/persona/año"}},{"type":"Feature","geometry":{"type":"Polygon","coordinates":[[[2.168430952026829,41.373439682565234],[2.1664285883939005,41.37149425381503],[2.1655887857741205,41.371670454079215],[2.1664068886899144,41.37295356205401],[2.16685645506542,41.37278324222927],[2.1673204025703257,41.373764854965465],[2.168430952026829,41.373439682565234]]]},"properties":{"cusec":"0801903017","income":14894,"housing_vuln":0.76,"detail":"14.894 €/persona/año"}},{"type":"Feature","geometry":{"type":"Polygon","coordinates":[[[2.1699667711253756,41.3729896320005],[2.169363383528815,41.371832876709476],[2.167503367834113,41.37253903093592],[2.168430952026829,41.373439682565234],[2.1699667711253756,41.3729896320005]]]},"properties":{"cusec":"0801903018","income":15023,"housing_vuln":0.76,"detail":"15.023 €/persona/año"}},{"type":"Feature","geometry":{"type":"Polygon","coordinates":[[[2.172734754501909,41.37482975719402],[2.1732165497348808,41.374796253882984],[2.1723563194255378,41.373150876355425],[2.1711613139592543,41.37350206818916],[2.170773716066989,41.37275324395548],[2.168430952026829,41.373439682565234],[2.1700557699155114,41.3750172449121],[2.172734754501909,41.37482975719402]]]},"properties":{"cusec":"0801903019","income":14923,"housing_vuln":0.76,"detail":"14.923 €/persona/año"}},{"type":"Feature","geometry":{"type":"Polygon","coordinates":[[[2.1763966882485994,41.37302452761718],[2.173846743957826,41.370060160982504],[2.173968012927927,41.370976976337076],[2.1734239330047376,41.37103425571669],[2.1734897678369522,41.372184490919395],[2.1728424705893015,41.37231158080244],[2.173156976160169,41.372915651074024],[2.1723563194255378,41.373150876355425],[2.1732165497348808,41.374796253882984],[2.175189408202276,41.3746509263896],[2.176387708689013,41.37434762831833],[2.1756082692630603,41.373391139774085],[2.1763966882485994,41.37302452761718]]]},"properties":{"cusec":"0801903020","income":17144,"housing_vuln":0.69,"detail":"17.144 €/persona/año"}},{"type":"Feature","geometry":{"type":"Polygon","coordinates":[[[2.1723563194255378,41.373150876355425],[2.173156976160169,41.372915651074024],[2.1728424705893015,41.37231158080244],[2.1721267558529807,41.37235684411786],[2.170773716066989,41.37275324395548],[2.1711613139592543,41.37350206818916],[2.1723563194255378,41.373150876355425]]]},"properties":{"cusec":"0801903021","income":16941,"housing_vuln":0.69,"detail":"16.941 €/persona/año"}},{"type":"Feature","geometry":{"type":"Polygon","coordinates":[[[2.170773716066989,41.37275324395548],[2.1721267558529807,41.37235684411786],[2.1734897678369522,41.372184490919395],[2.1734087604595613,41.37021963824919],[2.173325268342133,41.37068122364035],[2.1730409084355617,41.370631543537904],[2.173089890873061,41.37003099267607],[2.172843522516502,41.37001551695853],[2.172680860076448,41.370566643310596],[2.172200655759836,41.37048049068851],[2.17197333168731,41.371184700558906],[2.1684048604594,41.37043518696731],[2.167152443663318,41.37072313896419],[2.1660157271808966,41.37015788452251],[2.1656867928699497,41.37021187277336],[2.1653650325048566,41.37054362272852],[2.167503367834113,41.37253903093592],[2.169363383528815,41.371832876709476],[2.1699667711253756,41.3729896320005],[2.170773716066989,41.37275324395548]]]},"properties":{"cusec":"0801903022","income":16990,"housing_vuln":0.69,"detail":"16.990 €/persona/año"}},{"type":"Feature","geometry":{"type":"Polygon","coordinates":[[[2.1650698029833393,41.37177934618905],[2.1664285883939005,41.37149425381503],[2.1653650325048566,41.37054362272852],[2.1634401261072895,41.37129581677501],[2.163706916763529,41.37206528536389],[2.1650698029833393,41.37177934618905]]]},"properties":{"cusec":"0801903023","income":14647,"housing_vuln":0.77,"detail":"14.647 €/persona/año"}},{"type":"Feature","geometry":{"type":"Polygon","coordinates":[[[2.149820311740581,41.37529467157309],[2.150513806648363,41.375006161437796],[2.1540175470735248,41.37500053476388],[2.1545996104618528,41.373961274289506],[2.1539285887075583,41.37374360774611],[2.154638316172524,41.372874710588434],[2.153517230376032,41.37244990332991],[2.155075669951723,41.37036936903499],[2.1559364563182357,41.3704344858589],[2.1584458919795964,41.37015311629077],[2.1592430282166024,41.37103985037513],[2.1602990184943582,41.371458036752756],[2.160179468001404,41.37155015548934],[2.1605997906211667,41.37271665480625],[2.1621601094724188,41.37239014712272],[2.1620933871047057,41.37221522829569],[2.162542480068075,41.37212065735919],[2.162609203334118,41.37229557576639],[2.163706916763529,41.37206528536389],[2.1634401261072895,41.37129581677501],[2.164368688565344,41.37103378719183],[2.165911315097096,41.37014936197373],[2.1670831287576813,41.37071531287585],[2.1683554037114328,41.37043058661742],[2.17197333168731,41.371184700558906],[2.172200655759836,41.37048049068851],[2.172680860076448,41.370566643310596],[2.172843522516502,41.37001551695853],[2.173089890873061,41.37003099267607],[2.1730409084355617,41.370631543537904],[2.173325268342133,41.37068122364035],[2.173330386044297,41.37021331881439],[2.1734199094505713,41.371034713455366],[2.173968012927927,41.370976976337076],[2.173600473517617,41.369044992138285],[2.173382838673751,41.36839340390857],[2.1721435552471338,41.366752552686194],[2.1711405844357667,41.36497178882397],[2.1687287444418315,41.3619149971839],[2.163264586317643,41.35809800101996],[2.159229423231628,41.35446351066885],[2.1573545547920503,41.35311531260474],[2.1551527804374047,41.352216776207285],[2.153993717463987,41.35207105571718],[2.152881542955102,41.352136546226],[2.1516848935718627,41.352679639034285],[2.1508264122824023,41.352781212777685],[2.1465817261395443,41.35504636992436],[2.1459478263660383,41.35649677225026],[2.144911891875347,41.357746254043754],[2.1446863671283065,41.35911418820405],[2.1459953517361456,41.35984312389812],[2.1465902206088643,41.36000231740065],[2.1489803555088978,41.359749134389126],[2.1493003524810885,41.36007955210825],[2.1492895655111757,41.36070413586677],[2.1486786158965487,41.36161521047982],[2.1474000051251023,41.36256498765377],[2.1442777100308525,41.36372011836948],[2.14282237189693,41.3646995371384],[2.1429978047870883,41.36485585340914],[2.1419422421074175,41.3654585373235],[2.1421454401263644,41.36604107361156],[2.142322133352851,41.36602817436706],[2.14291450760403,41.36666213822977],[2.1435829215490836,41.36764987514041],[2.145262392041312,41.36847585139808],[2.1456410651712483,41.36898845055818],[2.146324834019422,41.36935617893823],[2.1488739042494194,41.369547277010234],[2.149275101736776,41.36990698593635],[2.149612348159066,41.370903843883646],[2.1504371803546167,41.37128330619927],[2.1472396935761187,41.37368736955403],[2.1485377708398,41.37467083320417],[2.1484503782373743,41.375211458866104],[2.1490708347226506,41.37567884509541],[2.149820311740581,41.37529467157309]]]},"properties":{"cusec":"0801903024","income":15305,"housing_vuln":0.75,"detail":"15.305 €/persona/año"}},{"type":"Feature","geometry":{"type":"Polygon","coordinates":[[[2.1776390996090433,41.3722988978465],[2.1774545335473947,41.37206435169967],[2.177128260046317,41.37209306203734],[2.1768201603617183,41.36988911628854],[2.1771731425728302,41.36985886050367],[2.1770901687832938,41.36930811983935],[2.1767370572147993,41.36933844666657],[2.176460460548911,41.367461726397785],[2.1767769307352975,41.36743389381306],[2.17659281203467,41.36714520454037],[2.1796518190205436,41.366036219456205],[2.1798029821266542,41.3662792888188],[2.180874395579509,41.36587530265233],[2.1805433708888833,41.36537395555391],[2.1823218527934625,41.36472791632205],[2.182812511703328,41.36487934187612],[2.182700464837929,41.36519758384553],[2.1832095661605715,41.365310668151785],[2.1833420371222774,41.364876238532275],[2.1831713976424645,41.364838479934065],[2.1835462403560433,41.363275243951335],[2.183167453140076,41.3632043243877],[2.177377140092394,41.35416740711873],[2.1760931555989105,41.35200544039072],[2.176100527174159,41.3515970619893],[2.1754495432405867,41.35074161158978],[2.1752896305435807,41.35029094883668],[2.170003110673559,41.32646612369485],[2.173189285866006,41.31708768509126],[2.1723456663045924,41.31692479052625],[2.169188550713251,41.32633769762705],[2.171217202644672,41.33511548130181],[2.169833568036735,41.3352817933152],[2.170396516174126,41.337865028393715],[2.169792010175046,41.33793768267331],[2.172148239063,41.348774819323836],[2.1717937746316767,41.34881857898981],[2.1718541009945898,41.34907981056858],[2.17206894926446,41.349471145480905],[2.1723919322366694,41.34935270957043],[2.174911727269858,41.35324501024597],[2.1746459615913736,41.353339346307415],[2.1748822140195183,41.35368420603229],[2.1751314147641585,41.35358678749224],[2.1781158004960077,41.35821044631968],[2.177806311117699,41.35833322930411],[2.1780573561036474,41.35872438789796],[2.1783712975325042,41.35860702404715],[2.1821516139622545,41.36446381677238],[2.180373093430167,41.36511041281696],[2.179343443553169,41.36349659908904],[2.1789130436325683,41.36365732355692],[2.1792005215914982,41.3641000217153],[2.17599597315655,41.365263384761406],[2.1733676544504794,41.361816897852144],[2.176772131036739,41.3605589656819],[2.17545731366778,41.3585305886201],[2.1709584357405407,41.36018979660748],[2.169968885759543,41.358658249980216],[2.1731354633057456,41.35653088712305],[2.167444185026572,41.34787345335319],[2.1671980601134595,41.34796949999654],[2.167510274082032,41.348437275464526],[2.1633146521233417,41.351268844741305],[2.163140911659215,41.351225665981794],[2.1625556314038143,41.35189503030322],[2.1614719191164316,41.35137545328684],[2.1616166781328667,41.3512040243298],[2.161503918005173,41.35114955231452],[2.1659446219329115,41.34589003485806],[2.165412595604209,41.3456349551682],[2.1617407327786675,41.34998387209216],[2.1604218424482013,41.34935149774349],[2.1607892363314147,41.348906813061205],[2.160421749921734,41.348731657792435],[2.161572675955309,41.34736646664401],[2.153325172364924,41.34265299190199],[2.152907805202446,41.34272013681895],[2.1531515459867947,41.34442242125383],[2.152788884428491,41.344451046672205],[2.152940501183835,41.34555237623186],[2.150880257300524,41.34574740446287],[2.1496224865453746,41.3366200348519],[2.1456725520202777,41.33650393022546],[2.145690447359056,41.33624498599968],[2.145340976662364,41.33636436374051],[2.1443555759996595,41.33476885447959],[2.1473571590793092,41.33371726334465],[2.1459230705934265,41.331391428627974],[2.146165315682842,41.331308817464645],[2.145981044268608,41.33101005273682],[2.1485156390461437,41.33012508294542],[2.1557241098564153,41.341834950453546],[2.159227358004801,41.34342124531435],[2.160699510804227,41.34284938779033],[2.1666100929970744,41.341884552723194],[2.1657839762106406,41.340003235451675],[2.1649645788225627,41.340137014046796],[2.1591786531467383,41.326982270159],[2.1585025038087777,41.32699965711077],[2.1588448948827113,41.3277783097242],[2.154640593401766,41.327803390097536],[2.1544538686884924,41.32713907703586],[2.1538268266538614,41.327142800104276],[2.1524181811517704,41.32314447780259],[2.1529323121416946,41.322964274441844],[2.1525289631892557,41.32229692877981],[2.1519648768863755,41.32249465032129],[2.1510283535582766,41.32094504630465],[2.1501185101941056,41.32099789337997],[2.149189970193945,41.32032449543129],[2.1471974197571764,41.320045317125015],[2.1396063537724417,41.32115913026246],[2.1313381925237365,41.32080883393757],[2.119171346535241,41.322829168650095],[2.112861198195599,41.32567624951583],[2.108328735853175,41.33109126121458],[2.1048650692728303,41.33399137476424],[2.1009981256052477,41.33611992336986],[2.102609135489713,41.336954252009036],[2.1263919068726502,41.344926373125624],[2.1272631586121813,41.34535739867124],[2.1269308843650263,41.34585200020645],[2.128268922285758,41.34667132783075],[2.1286927384536654,41.346136613481924],[2.129843918710486,41.34650895231989],[2.1299459089362447,41.34638155914368],[2.130325564823105,41.34650584405376],[2.1304088691926406,41.34640721840092],[2.132575657760228,41.347830625715154],[2.133128070455994,41.34771094124402],[2.1334467864305906,41.34786286968861],[2.133735389080253,41.34856345412581],[2.134853137635428,41.34909429522992],[2.1352250859771593,41.34860214942373],[2.13561063121899,41.3487716585652],[2.1360311999771233,41.34847847679703],[2.137502308035858,41.34900312050805],[2.137164008788071,41.349319525600585],[2.1373607290555143,41.34942011664877],[2.1362588743926514,41.35032503189568],[2.1346195594919095,41.352322798556024],[2.1343850974061134,41.35231151498544],[2.134078950658971,41.35268795078397],[2.1342431204720884,41.35283246217699],[2.133979973382643,41.35318535980159],[2.1418127849935065,41.35633274833413],[2.1433554681191422,41.35421794133164],[2.145284359443267,41.35480936510619],[2.146380071426244,41.355470996819115],[2.1465817261395443,41.35504636992436],[2.1470838026366845,41.354699604410634],[2.1508264122824023,41.352781212777685],[2.1516848935718627,41.352679639034285],[2.1528195205729355,41.35214783387292],[2.1546483521508635,41.35212257338551],[2.156495128474876,41.35266453074401],[2.1577949179274594,41.353388220989075],[2.159229423231628,41.35446351066885],[2.1632261761527167,41.35806878824329],[2.1689418427935223,41.3621012309735],[2.1710353692581275,41.364819557815025],[2.1721435552471338,41.366752552686194],[2.173382838673751,41.36839340390857],[2.173846743957826,41.370060160982504],[2.17433501604397,41.370792295549066],[2.1749115727596235,41.37117787629073],[2.1763966882485994,41.37302452761718],[2.1776390996090433,41.3722988978465]]]},"properties":{"cusec":"0801903025","income":14121,"housing_vuln":0.79,"detail":"14.121 €/persona/año"}},{"type":"Feature","geometry":{"type":"Polygon","coordinates":[[[2.136209603595917,41.35676426341762],[2.1376202101202715,41.354648190601985],[2.1337518632842234,41.35309368641605],[2.1332317369381038,41.354044234614854],[2.132011194164934,41.355613858099595],[2.1325777993438755,41.355797331827844],[2.13283926388879,41.35606016786326],[2.1332003857346695,41.35749538716204],[2.1332041191330062,41.35866830191777],[2.1336531267564176,41.358047453636836],[2.13447543917761,41.35838338336729],[2.1348966771806475,41.357803875465116],[2.1350509736104666,41.357866519494614],[2.135298934680013,41.35752407493466],[2.135428658593562,41.357576220083956],[2.1360598921673164,41.35670301544573],[2.136209603595917,41.35676426341762]]]},"properties":{"cusec":"0801903026","income":15252,"housing_vuln":0.75,"detail":"15.252 €/persona/año"}},{"type":"Feature","geometry":{"type":"Polygon","coordinates":[[[2.1356927767618363,41.359305224657625],[2.1372194806552023,41.357176622718015],[2.1360598921673164,41.35670301544573],[2.135428658593562,41.357576220083956],[2.135298934680013,41.35752407493466],[2.1350509736104666,41.357866519494614],[2.1348966771806475,41.357803875465116],[2.13447543917761,41.35838338336729],[2.1336531267564176,41.358047453636836],[2.1332041191330062,41.35866830191777],[2.1333586069040074,41.35993059528216],[2.1345124093431225,41.36093099346748],[2.1356927767618363,41.359305224657625]]]},"properties":{"cusec":"0801903027","income":16690,"housing_vuln":0.7,"detail":"16.690 €/persona/año"}},{"type":"Feature","geometry":{"type":"Polygon","coordinates":[[[2.136506204844868,41.36362373965431],[2.138740296990158,41.36055057065657],[2.1356927767618363,41.359305224657625],[2.1345355679111613,41.360898937337595],[2.1358268341483164,41.361937880579],[2.133847971341555,41.36344771446806],[2.1355150028620415,41.36474654856111],[2.136506204844868,41.36362373965431]]]},"properties":{"cusec":"0801903028","income":17985,"housing_vuln":0.66,"detail":"17.985 €/persona/año"}},{"type":"Feature","geometry":{"type":"Polygon","coordinates":[[[2.1372194806552023,41.357176622718015],[2.1356927767618363,41.359305224657625],[2.1371619058319986,41.35990295298633],[2.1377788229550445,41.35905819425926],[2.1371465994378553,41.35879727647265],[2.1373962214924016,41.35803473688379],[2.1379211385539416,41.357752090560595],[2.1379305385250693,41.357469233309835],[2.1372194806552023,41.357176622718015]]]},"properties":{"cusec":"0801903029","income":14348,"housing_vuln":0.78,"detail":"14.348 €/persona/año"}},{"type":"Feature","geometry":{"type":"Polygon","coordinates":[[[2.139580617937863,41.359392940845694],[2.1418127849935065,41.35633274833413],[2.1376202101202715,41.354648190601985],[2.136267347302408,41.35668539367997],[2.1379305385250693,41.357469233309835],[2.1379211385539416,41.357752090560595],[2.1373962214924016,41.35803473688379],[2.1371950339030588,41.358730983548305],[2.1377788229550445,41.35905819425926],[2.1371619058319986,41.35990295298633],[2.138740296990158,41.36055057065657],[2.139580617937863,41.359392940845694]]]},"properties":{"cusec":"0801903030","income":15996,"housing_vuln":0.73,"detail":"15.996 €/persona/año"}},{"type":"Feature","geometry":{"type":"Polygon","coordinates":[[[2.1418127849935065,41.35633274833413],[2.1403478411742545,41.35833597087805],[2.1420928258001664,41.35962138616716],[2.1429167039848998,41.35892932473204],[2.1435881281844607,41.35805522595864],[2.1429012529620235,41.35692791067092],[2.1418127849935065,41.35633274833413]]]},"properties":{"cusec":"0801903031","income":14974,"housing_vuln":0.76,"detail":"14.974 €/persona/año"}},{"type":"Feature","geometry":{"type":"Polygon","coordinates":[[[2.1446863671283065,41.35911418820405],[2.144911891875347,41.357746254043754],[2.145675641326529,41.356930267962994],[2.146380071426244,41.355470996819115],[2.145284359443267,41.35480936510619],[2.1433554681191422,41.35421794133164],[2.1418127849935065,41.35633274833413],[2.1429012529620235,41.35692791067092],[2.1435881281844607,41.35805522595864],[2.1429167039848998,41.35892932473204],[2.1420928258001664,41.35962138616716],[2.142996990015121,41.360282901541126],[2.1441728604674983,41.35962407442072],[2.1446863671283065,41.35911418820405]]]},"properties":{"cusec":"0801903032","income":12876,"housing_vuln":0.84,"detail":"12.876 €/persona/año"}},{"type":"Feature","geometry":{"type":"Polygon","coordinates":[[[2.142996990015121,41.360282901541126],[2.1420928258001664,41.35962138616716],[2.139879235904598,41.36100450324333],[2.141146932145344,41.36152552649808],[2.141948250040039,41.36078754513017],[2.142996990015121,41.360282901541126]]]},"properties":{"cusec":"0801903033","income":11709,"housing_vuln":0.88,"detail":"11.709 €/persona/año"}},{"type":"Feature","geometry":{"type":"Polygon","coordinates":[[[2.1420928258001664,41.35962138616716],[2.1403478411742545,41.35833597087805],[2.139580617937863,41.359392940845694],[2.1402233454556456,41.35966097839309],[2.140051818440367,41.3597710887507],[2.1401397572184613,41.35988387165714],[2.14101422941832,41.35930635808532],[2.141711594268331,41.35984687274158],[2.1420928258001664,41.35962138616716]]]},"properties":{"cusec":"0801903034","income":14908,"housing_vuln":0.76,"detail":"14.908 €/persona/año"}},{"type":"Feature","geometry":{"type":"Polygon","coordinates":[[[2.139879235904598,41.36100450324333],[2.138740296990158,41.36055057065657],[2.1381380781017882,41.361382515702275],[2.138944634072891,41.36160721810862],[2.1388499354722716,41.36184966484423],[2.1385292557804534,41.36179256009554],[2.1383963733903766,41.36203195255414],[2.1391245199119284,41.362204209264696],[2.138933087128234,41.3633847569066],[2.1393741428647384,41.36348630585418],[2.139629507848895,41.36165714580319],[2.139879235904598,41.36100450324333]]]},"properties":{"cusec":"0801903035","income":15856,"housing_vuln":0.73,"detail":"15.856 €/persona/año"}},{"type":"Feature","geometry":{"type":"Polygon","coordinates":[[[2.1395815045750317,41.36585943356763],[2.1389491669718117,41.36502304210876],[2.138703558589997,41.3652749674524],[2.136506204844868,41.36362373965431],[2.1355150028620415,41.36474654856111],[2.1394822380412055,41.367758087000226],[2.140116815144423,41.36727043545342],[2.1395815045750317,41.36585943356763]]]},"properties":{"cusec":"0801903036","income":17356,"housing_vuln":0.68,"detail":"17.356 €/persona/año"}},{"type":"Feature","geometry":{"type":"Polygon","coordinates":[[[2.141146932145344,41.36152552649808],[2.139879235904598,41.36100450324333],[2.139629507848895,41.36165714580319],[2.13946138095693,41.36316978083918],[2.139136338147776,41.364349116945824],[2.1393415762407644,41.36427098791385],[2.1402067886066427,41.362636379196324],[2.141146932145344,41.36152552649808]]]},"properties":{"cusec":"0801903037","income":16768,"housing_vuln":0.7,"detail":"16.768 €/persona/año"}},{"type":"Feature","geometry":{"type":"Polygon","coordinates":[[[2.14282237189693,41.3646995371384],[2.1441858402250595,41.363758160111374],[2.147143095937002,41.362687156296566],[2.1480678468433054,41.36211284793883],[2.1487507865464917,41.36154228730394],[2.1491641930368672,41.360959453855116],[2.1493252052717535,41.36046566493762],[2.1492295346940082,41.35994716568569],[2.148682532551194,41.35970613588645],[2.1471203020849847,41.360007124808575],[2.1464334008113983,41.3599769615206],[2.1446863671283065,41.35911418820405],[2.1441728604674983,41.35962407442072],[2.141720483098077,41.36093996761677],[2.141146932145344,41.36152552649808],[2.141889502017093,41.36188997444506],[2.1420239483740833,41.36237691522811],[2.1413953145247624,41.363305360538064],[2.141599082973933,41.363432102341534],[2.1416223143055033,41.36372643776074],[2.1420515589926374,41.36371673517222],[2.1422489844376025,41.36397468154615],[2.1420869921407157,41.364405947746434],[2.142145480550567,41.364746344277975],[2.1425845025012764,41.36445988211443],[2.14282237189693,41.3646995371384]]]},"properties":{"cusec":"0801903038","income":12705,"housing_vuln":0.84,"detail":"12.705 €/persona/año"}},{"type":"Feature","geometry":{"type":"Polygon","coordinates":[[[2.1421454401263644,41.36604107361156],[2.141950711423919,41.365469166669286],[2.1429978047870883,41.36485585340914],[2.1425845025012764,41.36445988211443],[2.142145480550567,41.364746344277975],[2.142068294606396,41.36464975605739],[2.1422489844376025,41.36397468154615],[2.1420515589926374,41.36371673517222],[2.1416223143055033,41.36372643776074],[2.141599082973933,41.363432102341534],[2.1413953145247624,41.363305360538064],[2.141979117949835,41.36250145345028],[2.141998334710377,41.36205297436041],[2.141146932145344,41.36152552649808],[2.1402067886066427,41.362636379196324],[2.139277344003005,41.364383814261345],[2.139136338147776,41.364349116945824],[2.1389491669718117,41.36502304210876],[2.1395815045750317,41.36585943356763],[2.1412963102989884,41.365962904137184],[2.1419497978372712,41.36660341629562],[2.142029636506471,41.36605108260911],[2.1421454401263644,41.36604107361156]]]},"properties":{"cusec":"0801903039","income":11747,"housing_vuln":0.87,"detail":"11.747 €/persona/año"}},{"type":"Feature","geometry":{"type":"Polygon","coordinates":[[[2.1427558336838213,41.367944190132796],[2.1419006941271967,41.3670794695744],[2.141730141784002,41.36639613926263],[2.1414430330326795,41.366030725495726],[2.1395815045750317,41.36585943356763],[2.140116815144423,41.36727043545342],[2.1394822380412055,41.367758087000226],[2.1409262187749913,41.368834435682956],[2.1427558336838213,41.367944190132796]]]},"properties":{"cusec":"0801903040","income":19906,"housing_vuln":0.59,"detail":"19.906 €/persona/año"}},{"type":"Feature","geometry":{"type":"Polygon","coordinates":[[[2.143506565648231,41.368664574964065],[2.1427558336838213,41.367944190132796],[2.1409262187749913,41.368834435682956],[2.1421047311726324,41.3697128754697],[2.143506565648231,41.368664574964065]]]},"properties":{"cusec":"0801903041","income":17164,"housing_vuln":0.69,"detail":"17.164 €/persona/año"}},{"type":"Feature","geometry":{"type":"Polygon","coordinates":[[[2.1501104046952952,41.37152900731808],[2.1504371803546167,41.37128330619927],[2.149612348159066,41.370903843883646],[2.1493059534768912,41.369973258037724],[2.1490144420823607,41.36962899899929],[2.148371489985737,41.36942548461579],[2.1469152589264326,41.36948396400465],[2.145996606682591,41.36922024645475],[2.145262392041312,41.36847585139808],[2.1435166573221234,41.367599138992254],[2.142322133352851,41.36602817436706],[2.142029636506471,41.36605108260911],[2.1419497978372712,41.36660341629562],[2.1418323961144745,41.36652341102171],[2.1419006941271967,41.3670794695744],[2.1445650837851855,41.36984928085046],[2.1452557292368737,41.37037019553473],[2.1449218523951967,41.37058986208205],[2.1450114000559926,41.37065720065202],[2.1461250846328657,41.37110689860098],[2.1474068556774677,41.371924066642094],[2.1484984686477895,41.37044752579976],[2.1501104046952952,41.37152900731808]]]},"properties":{"cusec":"0801903042","income":17427,"housing_vuln":0.68,"detail":"17.427 €/persona/año"}},{"type":"Feature","geometry":{"type":"Polygon","coordinates":[[[2.1449218523951967,41.37058986208205],[2.1452557292368737,41.37037019553473],[2.1445650837851855,41.36984928085046],[2.143506565648231,41.368664574964065],[2.1421047311726324,41.3697128754697],[2.143883532877445,41.371057760829174],[2.1447096011548354,41.37043024078222],[2.1449218523951967,41.37058986208205]]]},"properties":{"cusec":"0801903043","income":18480,"housing_vuln":0.64,"detail":"18.480 €/persona/año"}},{"type":"Feature","geometry":{"type":"Polygon","coordinates":[[[2.1467507127191983,41.37149487603864],[2.1447096011548354,41.37043024078222],[2.143883532877445,41.371057760829174],[2.146176604811032,41.37279523883846],[2.1467507127191983,41.37149487603864]]]},"properties":{"cusec":"0801903044","income":16643,"housing_vuln":0.7,"detail":"16.643 €/persona/año"}},{"type":"Feature","geometry":{"type":"Polygon","coordinates":[[[2.1501104046952952,41.37152900731808],[2.1484984686477895,41.37044752579976],[2.1474068556774677,41.371924066642094],[2.148511312759722,41.37273131756799],[2.1501104046952952,41.37152900731808]]]},"properties":{"cusec":"0801903045","income":18275,"housing_vuln":0.65,"detail":"18.275 €/persona/año"}},{"type":"Feature","geometry":{"type":"Polygon","coordinates":[[[2.148511312759722,41.37273131756799],[2.1467507127191983,41.37149487603864],[2.146176604811032,41.37279523883846],[2.1472396935761187,41.37368736955403],[2.148511312759722,41.37273131756799]]]},"properties":{"cusec":"0801903046","income":21123,"housing_vuln":0.55,"detail":"21.123 €/persona/año"}},{"type":"Feature","geometry":{"type":"Polygon","coordinates":[[[2.1482585717545204,41.376259580401666],[2.1490520311871064,41.375691181585125],[2.1484503782373743,41.375211458866104],[2.1481592495251407,41.375156442052806],[2.143308874301958,41.37525032571988],[2.1432682210437797,41.37537510219802],[2.1470883184675933,41.37713733820163],[2.1482585717545204,41.376259580401666]]]},"properties":{"cusec":"0801903047","income":17241,"housing_vuln":0.68,"detail":"17.241 €/persona/año"}},{"type":"Feature","geometry":{"type":"Polygon","coordinates":[[[2.144886318635843,41.37882502109971],[2.1470883184675933,41.37713733820163],[2.1459399292763877,41.37660404702025],[2.144950276887421,41.37754659845619],[2.144101230603375,41.377054025392766],[2.1420878832694696,41.37900131137781],[2.1421634926703015,41.37968762541006],[2.1429777184573227,41.38028617015082],[2.144886318635843,41.37882502109971]]]},"properties":{"cusec":"0801903048","income":20841,"housing_vuln":0.56,"detail":"20.841 €/persona/año"}},{"type":"Feature","geometry":{"type":"Polygon","coordinates":[[[2.1459399292763877,41.37660404702025],[2.1443007257667195,41.375846587720396],[2.143208557637558,41.376985645932194],[2.142279299883483,41.37663082816391],[2.1418248673340674,41.37695090478142],[2.1418374644092983,41.37841709139519],[2.1424092932916285,41.37868925062793],[2.144101230603375,41.377054025392766],[2.144950276887421,41.37754659845619],[2.1459399292763877,41.37660404702025]]]},"properties":{"cusec":"0801903049","income":17816,"housing_vuln":0.66,"detail":"17.816 €/persona/año"}},{"type":"Feature","geometry":{"type":"Polygon","coordinates":[[[2.1443007257667195,41.375846587720396],[2.1432682210437797,41.37537510219802],[2.143308874301958,41.37525032571988],[2.140452526345873,41.37530459555962],[2.140492638818265,41.37649168271223],[2.1425275654819123,41.37664856451457],[2.143208557637558,41.376985645932194],[2.1443007257667195,41.375846587720396]]]},"properties":{"cusec":"0801903050","income":18962,"housing_vuln":0.62,"detail":"18.962 €/persona/año"}},{"type":"Feature","geometry":{"type":"Polygon","coordinates":[[[2.142465625744779,41.37269985845385],[2.1419453359052545,41.37246097915032],[2.141455536683112,41.37286026627308],[2.1414707361777006,41.37379717237795],[2.141136883590579,41.37380206100787],[2.140994093681214,41.37425915572207],[2.1410614152252583,41.374804794023625],[2.1408264024721744,41.3752987538761],[2.1425759909639446,41.375264629293234],[2.142465625744779,41.37269985845385]]]},"properties":{"cusec":"0801903051","income":14981,"housing_vuln":0.76,"detail":"14.981 €/persona/año"}},{"type":"Feature","geometry":{"type":"Polygon","coordinates":[[[2.1441484954620575,41.37322330183386],[2.142465625744779,41.37269985845385],[2.1425759909639446,41.375264629293234],[2.1442958380332793,41.37523123877971],[2.1441484954620575,41.37322330183386]]]},"properties":{"cusec":"0801903052","income":16608,"housing_vuln":0.71,"detail":"16.608 €/persona/año"}},{"type":"Feature","geometry":{"type":"Polygon","coordinates":[[[2.1475826074695292,41.37394625115816],[2.147552690875626,41.37405070721678],[2.1441484954620575,41.37322330183386],[2.1442958380332793,41.37523123877971],[2.1484503782373743,41.375211458866104],[2.1485377708398,41.37467083320417],[2.1475826074695292,41.37394625115816]]]},"properties":{"cusec":"0801903053","income":16149,"housing_vuln":0.72,"detail":"16.149 €/persona/año"}},{"type":"Feature","geometry":{"type":"Polygon","coordinates":[[[2.1475826074695292,41.37394625115816],[2.1447567438426125,41.371719406676824],[2.1435526025099145,41.37303320348769],[2.147552690875626,41.37405070721678],[2.1475826074695292,41.37394625115816]]]},"properties":{"cusec":"0801903054","income":18334,"housing_vuln":0.65,"detail":"18.334 €/persona/año"}},{"type":"Feature","geometry":{"type":"Polygon","coordinates":[[[2.1447567438426125,41.371719406676824],[2.143883532877445,41.371057760829174],[2.142448864079871,41.37220459802963],[2.142465625744779,41.37269985845385],[2.1435526025099145,41.37303320348769],[2.1447567438426125,41.371719406676824]]]},"properties":{"cusec":"0801903055","income":17409,"housing_vuln":0.68,"detail":"17.409 €/persona/año"}},{"type":"Feature","geometry":{"type":"Polygon","coordinates":[[[2.143883532877445,41.371057760829174],[2.142347568251801,41.369893870382526],[2.142448864079871,41.37220459802963],[2.143883532877445,41.371057760829174]]]},"properties":{"cusec":"0801903056","income":16488,"housing_vuln":0.71,"detail":"16.488 €/persona/año"}},{"type":"Feature","geometry":{"type":"Polygon","coordinates":[[[2.142465625744779,41.37269985845385],[2.142414213364431,41.37147267620357],[2.141403515244998,41.37210334379876],[2.140855251867526,41.37174877444256],[2.139807447936986,41.37299250238731],[2.1404117527134496,41.37319316826604],[2.140335815427544,41.37381379789774],[2.1414707361777006,41.37379717237795],[2.141455536683112,41.37286026627308],[2.1419453359052545,41.37246097915032],[2.142465625744779,41.37269985845385]]]},"properties":{"cusec":"0801903057","income":16867,"housing_vuln":0.7,"detail":"16.867 €/persona/año"}},{"type":"Feature","geometry":{"type":"Polygon","coordinates":[[[2.142414213364431,41.37147267620357],[2.142347568251801,41.369893870382526],[2.1394822380412055,41.367758087000226],[2.1392988918917153,41.3678337228109],[2.138701191529212,41.36847515296525],[2.1404194494788142,41.37004365787225],[2.1398651440327305,41.37042589188722],[2.1401942023112106,41.370713804151016],[2.139619188002906,41.37095689648704],[2.1386800658486713,41.37261508790655],[2.139807447936986,41.37299250238731],[2.140855251867526,41.37174877444256],[2.141403515244998,41.37210334379876],[2.142414213364431,41.37147267620357]]]},"properties":{"cusec":"0801903058","income":21301,"housing_vuln":0.54,"detail":"21.301 €/persona/año"}},{"type":"Feature","geometry":{"type":"Polygon","coordinates":[[[2.1394744200032996,41.36917968926053],[2.1383091514678663,41.370192924577],[2.1397054065072254,41.371012414365154],[2.1401942023112106,41.370713804151016],[2.1398651440327305,41.37042589188722],[2.1404472164042296,41.37006917701816],[2.1394744200032996,41.36917968926053]]]},"properties":{"cusec":"0801903059","income":17280,"housing_vuln":0.68,"detail":"17.280 €/persona/año"}},{"type":"Feature","geometry":{"type":"Polygon","coordinates":[[[2.139619188002906,41.37095689648704],[2.1383091514678663,41.370192924577],[2.1378113482565517,41.371296066204515],[2.1373304585253883,41.37113945732612],[2.1371093507946095,41.37166782295022],[2.1380566278549953,41.37197987154693],[2.137863759563472,41.37234179365105],[2.1386800658486713,41.37261508790655],[2.139619188002906,41.37095689648704]]]},"properties":{"cusec":"0801903060","income":18787,"housing_vuln":0.63,"detail":"18.787 €/persona/año"}},{"type":"Feature","geometry":{"type":"Polygon","coordinates":[[[2.1383091514678663,41.370192924577],[2.1394744200032996,41.36917968926053],[2.138701191529212,41.36847515296525],[2.137381085778173,41.369900379284005],[2.1378065162186313,41.37000178121117],[2.1373304585253883,41.37113945732612],[2.1378113482565517,41.371296066204515],[2.1383091514678663,41.370192924577]]]},"properties":{"cusec":"0801903061","income":16570,"housing_vuln":0.71,"detail":"16.570 €/persona/año"}},{"type":"Feature","geometry":{"type":"Polygon","coordinates":[[[2.1373304585253883,41.37113945732612],[2.1378065162186313,41.37000178121117],[2.1355467133915815,41.369764211985206],[2.135239185035537,41.37108444650666],[2.1371093507946095,41.37166782295022],[2.1373304585253883,41.37113945732612]]]},"properties":{"cusec":"0801903062","income":17380,"housing_vuln":0.68,"detail":"17.380 €/persona/año"}},{"type":"Feature","geometry":{"type":"Polygon","coordinates":[[[2.134567282033923,41.37109631938811],[2.135239185035537,41.37108444650666],[2.1355467133915815,41.369764211985206],[2.137381085778173,41.369900379284005],[2.1394822380412055,41.367758087000226],[2.137662877401343,41.36639501067768],[2.1350537485063676,41.367479781435826],[2.134277448692371,41.368961567840955],[2.1336215599573465,41.371180649007876],[2.134567282033923,41.37109631938811]]]},"properties":{"cusec":"0801903063","income":16775,"housing_vuln":0.7,"detail":"16.775 €/persona/año"}},{"type":"Feature","geometry":{"type":"Polygon","coordinates":[[[2.137662877401343,41.36639501067768],[2.1339242544788433,41.363540795862704],[2.133599566504243,41.36383100596677],[2.132868973870161,41.36549460333526],[2.132734320002341,41.36550500142668],[2.1323083388946293,41.36635724689319],[2.133784885354092,41.36743365245888],[2.1347090361857677,41.366157897515706],[2.135384594432271,41.366344441423074],[2.1350537485063676,41.367479781435826],[2.137662877401343,41.36639501067768]]]},"properties":{"cusec":"0801903064","income":17729,"housing_vuln":0.67,"detail":"17.729 €/persona/año"}},{"type":"Feature","geometry":{"type":"Polygon","coordinates":[[[2.1350537485063676,41.367479781435826],[2.135384594432271,41.366344441423074],[2.1347090361857677,41.366157897515706],[2.133784885354092,41.36743365245888],[2.1348957312546375,41.36790522857509],[2.1350537485063676,41.367479781435826]]]},"properties":{"cusec":"0801903065","income":18114,"housing_vuln":0.65,"detail":"18.114 €/persona/año"}},{"type":"Feature","geometry":{"type":"Polygon","coordinates":[[[2.133784885354092,41.36743365245888],[2.1323083388946293,41.36635724689319],[2.1314832542724607,41.36815172313655],[2.1329290100772447,41.368940116131185],[2.133784885354092,41.36743365245888]]]},"properties":{"cusec":"0801903066","income":16271,"housing_vuln":0.72,"detail":"16.271 €/persona/año"}},{"type":"Feature","geometry":{"type":"Polygon","coordinates":[[[2.1348957312546375,41.36790522857509],[2.133784885354092,41.36743365245888],[2.1329290100772447,41.368940116131185],[2.1341235232667524,41.369442306083066],[2.1348957312546375,41.36790522857509]]]},"properties":{"cusec":"0801903067","income":17746,"housing_vuln":0.67,"detail":"17.746 €/persona/año"}},{"type":"Feature","geometry":{"type":"Polygon","coordinates":[[[2.1341235232667524,41.369442306083066],[2.1329290100772447,41.368940116131185],[2.132489094302824,41.3701033191578],[2.133526864949982,41.37031454430222],[2.1332816572167395,41.37110877135001],[2.1336215599573465,41.371180649007876],[2.1341235232667524,41.369442306083066]]]},"properties":{"cusec":"0801903068","income":15721,"housing_vuln":0.74,"detail":"15.721 €/persona/año"}},{"type":"Feature","geometry":{"type":"Polygon","coordinates":[[[2.1332816572167395,41.37110877135001],[2.133526864949982,41.37031454430222],[2.132489094302824,41.3701033191578],[2.1329290100772447,41.368940116131185],[2.1314555852633954,41.36820221817659],[2.1313673042271737,41.368521302777005],[2.1306371993783157,41.36945796935145],[2.1299765567587854,41.37009684330975],[2.1316923730874433,41.37167275825517],[2.1319884066011294,41.370836709832936],[2.1332816572167395,41.37110877135001]]]},"properties":{"cusec":"0801903069","income":18137,"housing_vuln":0.65,"detail":"18.137 €/persona/año"}},{"type":"Feature","geometry":{"type":"Polygon","coordinates":[[[2.1316923730874433,41.37167275825517],[2.1300393822348234,41.37013032207533],[2.1295122059103497,41.37048024799732],[2.1294102938380046,41.370718184711315],[2.12970133631195,41.37113511252336],[2.130476775539928,41.37156896037463],[2.1316866849550555,41.37210988820788],[2.1316923730874433,41.37167275825517]]]},"properties":{"cusec":"0801903070","income":14979,"housing_vuln":0.76,"detail":"14.979 €/persona/año"}},{"type":"Feature","geometry":{"type":"Polygon","coordinates":[[[2.1316866849550555,41.37210988820788],[2.12970133631195,41.37113511252336],[2.1294102938380046,41.370718184711315],[2.1285453662380394,41.37108503165668],[2.1290385116846036,41.37163403217938],[2.1314750400775018,41.372747929203676],[2.1316866849550555,41.37210988820788]]]},"properties":{"cusec":"0801903071","income":15305,"housing_vuln":0.75,"detail":"15.305 €/persona/año"}},{"type":"Feature","geometry":{"type":"Polygon","coordinates":[[[2.1314750400775018,41.372747929203676],[2.1290385116846036,41.37163403217938],[2.12857708395409,41.371120342214276],[2.127382289591924,41.37163491461591],[2.1312668878497623,41.37333510216283],[2.1314750400775018,41.372747929203676]]]},"properties":{"cusec":"0801903072","income":16027,"housing_vuln":0.73,"detail":"16.027 €/persona/año"}},{"type":"Feature","geometry":{"type":"Polygon","coordinates":[[[2.1312668878497623,41.37333510216283],[2.130716500854952,41.373091585931604],[2.129210514807011,41.37504648580741],[2.1292308041560206,41.37554056785705],[2.1304420915867954,41.37551494367706],[2.1312668878497623,41.37333510216283]]]},"properties":{"cusec":"0801903073","income":18117,"housing_vuln":0.65,"detail":"18.117 €/persona/año"}},{"type":"Feature","geometry":{"type":"Polygon","coordinates":[[[2.130716500854952,41.373091585931604],[2.1295851832473858,41.3725984047802],[2.1272270589141895,41.37549066834172],[2.1292308041560206,41.37554056785705],[2.129210514807011,41.37504648580741],[2.130716500854952,41.373091585931604]]]},"properties":{"cusec":"0801903074","income":17102,"housing_vuln":0.69,"detail":"17.102 €/persona/año"}},{"type":"Feature","geometry":{"type":"Polygon","coordinates":[[[2.1295851832473858,41.3725984047802],[2.1274352901936733,41.37165816536433],[2.1261759042676096,41.372441941276726],[2.128747319192009,41.373629455476866],[2.1295851832473858,41.3725984047802]]]},"properties":{"cusec":"0801903075","income":16422,"housing_vuln":0.71,"detail":"16.422 €/persona/año"}},{"type":"Feature","geometry":{"type":"Polygon","coordinates":[[[2.127720145970276,41.37315665216864],[2.1262358147105664,41.37246973194584],[2.125058302137828,41.37319102390904],[2.1259703212216023,41.37323099279772],[2.127218958805262,41.37377176727046],[2.127720145970276,41.37315665216864]]]},"properties":{"cusec":"0801903076","income":16632,"housing_vuln":0.7,"detail":"16.632 €/persona/año"}},{"type":"Feature","geometry":{"type":"Polygon","coordinates":[[[2.127218958805262,41.37377176727046],[2.1258594816919363,41.373216397559986],[2.125007877005957,41.37321330944429],[2.124347209233641,41.37356890422904],[2.126467828887205,41.37477927336482],[2.127218958805262,41.37377176727046]]]},"properties":{"cusec":"0801903077","income":16612,"housing_vuln":0.71,"detail":"16.612 €/persona/año"}},{"type":"Feature","geometry":{"type":"Polygon","coordinates":[[[2.128747319192009,41.373629455476866],[2.127720145970276,41.37315665216864],[2.1263523154231074,41.374945461148116],[2.1263692863954726,41.37559966460735],[2.1272200987673786,41.375583070552125],[2.128747319192009,41.373629455476866]]]},"properties":{"cusec":"0801903078","income":15234,"housing_vuln":0.75,"detail":"15.234 €/persona/año"}},{"type":"Feature","geometry":{"type":"Polygon","coordinates":[[[2.126467828887205,41.37477927336482],[2.124981114397029,41.373931841460156],[2.1241711053019503,41.37481723920875],[2.124087212535883,41.37565061089873],[2.1263692863954726,41.37559966460735],[2.126262116483749,41.3751959446094],[2.126467828887205,41.37477927336482]]]},"properties":{"cusec":"0801903079","income":15294,"housing_vuln":0.75,"detail":"15.294 €/persona/año"}},{"type":"Feature","geometry":{"type":"Polygon","coordinates":[[[2.124981114397029,41.373931841460156],[2.124274155539785,41.37361443968406],[2.1234595066462973,41.37472276238422],[2.1217509298405144,41.375685847524764],[2.124087212535883,41.37565061089873],[2.1241345842940866,41.37487707879666],[2.124981114397029,41.373931841460156]]]},"properties":{"cusec":"0801903080","income":16973,"housing_vuln":0.69,"detail":"16.973 €/persona/año"}},{"type":"Feature","geometry":{"type":"Polygon","coordinates":[[[2.1267020708857456,41.37559317110607],[2.122816264393811,41.3756827588522],[2.1252855812945994,41.37721281413795],[2.1267020708857456,41.37559317110607]]]},"properties":{"cusec":"0801903081","income":17292,"housing_vuln":0.68,"detail":"17.292 €/persona/año"}},{"type":"Feature","geometry":{"type":"Polygon","coordinates":[[[2.127954622429092,41.37725102796808],[2.126701689101746,41.3767561149666],[2.1272200987673786,41.375583070552125],[2.1267020708857456,41.37559317110607],[2.1252855812945994,41.37721281413795],[2.1275239871498846,41.37850809684235],[2.127954622429092,41.37725102796808]]]},"properties":{"cusec":"0801903082","income":19189,"housing_vuln":0.62,"detail":"19.189 €/persona/año"}},{"type":"Feature","geometry":{"type":"Polygon","coordinates":[[[2.1301650502548775,41.3764270653784],[2.1304420915867954,41.37551494367706],[2.1272200987673786,41.375583070552125],[2.126701689101746,41.3767561149666],[2.1275816212618963,41.37710414750116],[2.127783427790473,41.376414101459126],[2.1283839237101096,41.37643885774325],[2.128503805681426,41.37618057183771],[2.1301650502548775,41.3764270653784]]]},"properties":{"cusec":"0801903083","income":18528,"housing_vuln":0.64,"detail":"18.528 €/persona/año"}},{"type":"Feature","geometry":{"type":"Polygon","coordinates":[[[2.129974609211278,41.37694573327658],[2.1301650502548775,41.3764270653784],[2.128516899524985,41.37615282791748],[2.128401654657186,41.37640050187894],[2.127783427790473,41.376414101459126],[2.1275816212618963,41.37710414750116],[2.129624827697524,41.377912943811225],[2.129974609211278,41.37694573327658]]]},"properties":{"cusec":"0801903084","income":18582,"housing_vuln":0.64,"detail":"18.582 €/persona/año"}},{"type":"Feature","geometry":{"type":"Polygon","coordinates":[[[2.1294405859276946,41.3784334764429],[2.129624827697524,41.377912943811225],[2.127954622429092,41.37725102796808],[2.1275239871498846,41.37850809684235],[2.129125843201593,41.379424749321615],[2.1294405859276946,41.3784334764429]]]},"properties":{"cusec":"0801903085","income":19253,"housing_vuln":0.61,"detail":"19.253 €/persona/año"}},{"type":"Feature","geometry":{"type":"Polygon","coordinates":[[[2.1311721946390256,41.37909045629527],[2.1294405859276946,41.3784334764429],[2.1291448012473375,41.37943544042032],[2.1307172015408877,41.38020229450658],[2.1311721946390256,41.37909045629527]]]},"properties":{"cusec":"0801903086","income":22452,"housing_vuln":0.5,"detail":"22.452 €/persona/año"}},{"type":"Feature","geometry":{"type":"Polygon","coordinates":[[[2.132905727541706,41.379738578610144],[2.1311721946390256,41.37909045629527],[2.1307172015408877,41.38020229450658],[2.1323955715969047,41.38082631775691],[2.132905727541706,41.379738578610144]]]},"properties":{"cusec":"0801903087","income":20540,"housing_vuln":0.57,"detail":"20.540 €/persona/año"}},{"type":"Feature","geometry":{"type":"Polygon","coordinates":[[[2.1342807347296526,41.37961904380784],[2.133155531055933,41.379196365437416],[2.1323955715969047,41.38082631775691],[2.1335567671708318,41.38114268609996],[2.1342807347296526,41.37961904380784]]]},"properties":{"cusec":"0801903088","income":19094,"housing_vuln":0.62,"detail":"19.094 €/persona/año"}},{"type":"Feature","geometry":{"type":"Polygon","coordinates":[[[2.134994356391369,41.37811711446841],[2.135163388785109,41.3777613517644],[2.1338879849992334,41.37747126176563],[2.133155531055933,41.379196365437416],[2.1342807347296526,41.37961904380784],[2.134994356391369,41.37811711446841]]]},"properties":{"cusec":"0801903089","income":20287,"housing_vuln":0.58,"detail":"20.287 €/persona/año"}},{"type":"Feature","geometry":{"type":"Polygon","coordinates":[[[2.136073460321376,41.37591927983177],[2.1361423646969055,41.375388315064136],[2.135038486129715,41.375419146647474],[2.134954398429211,41.37585400469496],[2.1346804895226716,41.375842354456346],[2.1343412200943854,41.3763339424256],[2.1338879849992334,41.37747126176563],[2.135163388785109,41.3777613517644],[2.136073460321376,41.37591927983177]]]},"properties":{"cusec":"0801903090","income":21515,"housing_vuln":0.53,"detail":"21.515 €/persona/año"}},{"type":"Feature","geometry":{"type":"Polygon","coordinates":[[[2.135038486129715,41.375419146647474],[2.132611817645359,41.37547279887951],[2.131967376142014,41.37703076511371],[2.1338879849992334,41.37747126176563],[2.1343412200943854,41.3763339424256],[2.1346804895226716,41.375842354456346],[2.134954398429211,41.37585400469496],[2.135038486129715,41.375419146647474]]]},"properties":{"cusec":"0801903091","income":19658,"housing_vuln":0.6,"detail":"19.658 €/persona/año"}},{"type":"Feature","geometry":{"type":"Polygon","coordinates":[[[2.133155531055933,41.379196365437416],[2.1338879849992334,41.37747126176563],[2.131967376142014,41.37703076511371],[2.1311214793513584,41.379071157481185],[2.132905727541706,41.379738578610144],[2.133155531055933,41.379196365437416]]]},"properties":{"cusec":"0801903092","income":19022,"housing_vuln":0.62,"detail":"19.022 €/persona/año"}},{"type":"Feature","geometry":{"type":"Polygon","coordinates":[[[2.1318266631376055,41.377373649648426],[2.129974609211278,41.37694573327658],[2.1294405859276946,41.3784334764429],[2.1311214793513584,41.379071157481185],[2.1318266631376055,41.377373649648426]]]},"properties":{"cusec":"0801903093","income":19844,"housing_vuln":0.59,"detail":"19.844 €/persona/año"}},{"type":"Feature","geometry":{"type":"Polygon","coordinates":[[[2.131967376142014,41.37703076511371],[2.132611817645359,41.37547279887951],[2.1304420915867954,41.37551494367706],[2.129974609211278,41.37694573327658],[2.1318266631376055,41.377373649648426],[2.131967376142014,41.37703076511371]]]},"properties":{"cusec":"0801903094","income":19921,"housing_vuln":0.59,"detail":"19.921 €/persona/año"}},{"type":"Feature","geometry":{"type":"Polygon","coordinates":[[[2.132020538440508,41.373658901925204],[2.1312668878497623,41.37333510216283],[2.1304420915867954,41.37551494367706],[2.1321839617536376,41.375481116481446],[2.132768774885081,41.37424582802902],[2.1318770119126236,41.37410903549323],[2.132020538440508,41.373658901925204]]]},"properties":{"cusec":"0801903095","income":18638,"housing_vuln":0.63,"detail":"18.638 €/persona/año"}},{"type":"Feature","geometry":{"type":"Polygon","coordinates":[[[2.133437625411324,41.373506484289585],[2.133236873504907,41.37399818226484],[2.132020538440508,41.373658901925204],[2.1318770119126236,41.37410903549323],[2.132768774885081,41.37424582802902],[2.1321839617536376,41.375481116481446],[2.135038486129715,41.375419146647474],[2.1350709728036477,41.37525112923848],[2.133437625411324,41.373506484289585]]]},"properties":{"cusec":"0801903096","income":17235,"housing_vuln":0.68,"detail":"17.235 €/persona/año"}},{"type":"Feature","geometry":{"type":"Polygon","coordinates":[[[2.133437625411324,41.373506484289585],[2.1316923730874433,41.37167275825517],[2.131765706157364,41.37187165727121],[2.1312668878497623,41.37333510216283],[2.133236873504907,41.37399818226484],[2.133437625411324,41.373506484289585]]]},"properties":{"cusec":"0801903097","income":13951,"housing_vuln":0.8,"detail":"13.951 €/persona/año"}},{"type":"Feature","geometry":{"type":"Polygon","coordinates":[[[2.1352484493610695,41.37284528468271],[2.1354971470491355,41.37241697651584],[2.134567282033923,41.37109631938811],[2.1336215599573465,41.371180649007876],[2.131988615010256,41.37083532447825],[2.1316923730874433,41.37167275825517],[2.1332551290680883,41.37330573848375],[2.133595887903129,41.37217655512459],[2.1352484493610695,41.37284528468271]]]},"properties":{"cusec":"0801903098","income":15716,"housing_vuln":0.74,"detail":"15.716 €/persona/año"}},{"type":"Feature","geometry":{"type":"Polygon","coordinates":[[[2.1371093507946095,41.37166782295022],[2.135330003812459,41.3710910112423],[2.134567282033923,41.37109631938811],[2.1354971470491355,41.37241697651584],[2.1352484493610695,41.37284528468271],[2.1360220245848365,41.37316194666358],[2.1357683780778274,41.373618257841535],[2.13641407362932,41.37381922041966],[2.136552544438807,41.372999085131546],[2.1371093507946095,41.37166782295022]]]},"properties":{"cusec":"0801903099","income":17141,"housing_vuln":0.69,"detail":"17.141 €/persona/año"}},{"type":"Feature","geometry":{"type":"Polygon","coordinates":[[[2.13641407362932,41.37381922041966],[2.1357683780778274,41.373618257841535],[2.1360220245848365,41.37316194666358],[2.133595887903129,41.37217655512459],[2.1332551290680883,41.37330573848375],[2.1350709728036477,41.37525112923848],[2.135038486129715,41.375419146647474],[2.1361423646969055,41.375388315064136],[2.13641407362932,41.37381922041966]]]},"properties":{"cusec":"0801903100","income":18219,"housing_vuln":0.65,"detail":"18.219 €/persona/año"}},{"type":"Feature","geometry":{"type":"Polygon","coordinates":[[[2.138026341155188,41.374519034067355],[2.137157651410812,41.37417374141516],[2.1380566278549953,41.37197987154693],[2.1371093507946095,41.37166782295022],[2.136552544438807,41.372999085131546],[2.1361423646969055,41.375388315064136],[2.137948818342772,41.3753544621872],[2.138026341155188,41.374519034067355]]]},"properties":{"cusec":"0801903101","income":17864,"housing_vuln":0.66,"detail":"17.864 €/persona/año"}},{"type":"Feature","geometry":{"type":"Polygon","coordinates":[[[2.1389135388893292,41.373882149009816],[2.139473280041183,41.37288062866488],[2.137863759563472,41.37234179365105],[2.137157651410812,41.37417374141516],[2.138026341155188,41.374519034067355],[2.1384483678790107,41.37374899050151],[2.1389135388893292,41.373882149009816]]]},"properties":{"cusec":"0801903102","income":17648,"housing_vuln":0.67,"detail":"17.648 €/persona/año"}},{"type":"Feature","geometry":{"type":"Polygon","coordinates":[[[2.141136883590579,41.37380206100787],[2.140335815427544,41.37381379789774],[2.1404117527134496,41.37319316826604],[2.139473280041183,41.37288062866488],[2.1389135388893292,41.373882149009816],[2.141026364759476,41.3744811091695],[2.141136883590579,41.37380206100787]]]},"properties":{"cusec":"0801903103","income":18508,"housing_vuln":0.64,"detail":"18.508 €/persona/año"}},{"type":"Feature","geometry":{"type":"Polygon","coordinates":[[[2.141026364759476,41.3744811091695],[2.1384483678790107,41.37374899050151],[2.138026341155188,41.374519034067355],[2.137948818342772,41.3753544621872],[2.1408264024721744,41.3752987538761],[2.1410463819189656,41.37485867393302],[2.141026364759476,41.3744811091695]]]},"properties":{"cusec":"0801903104","income":16968,"housing_vuln":0.69,"detail":"16.968 €/persona/año"}},{"type":"Feature","geometry":{"type":"Polygon","coordinates":[[[2.138327661254292,41.37534735928244],[2.1361423646969055,41.375388315064136],[2.136073460321376,41.37591927983177],[2.137418313760186,41.37705376385201],[2.1383893332934907,41.37752877000299],[2.138327661254292,41.37534735928244]]]},"properties":{"cusec":"0801903105","income":16901,"housing_vuln":0.7,"detail":"16.901 €/persona/año"}},{"type":"Feature","geometry":{"type":"Polygon","coordinates":[[[2.1429777184573227,41.38028617015082],[2.1421634926703015,41.37968762541006],[2.1420878832694696,41.37900131137781],[2.142372670774126,41.378724980365504],[2.1418374644092983,41.37841709139519],[2.1418248673340674,41.37695090478142],[2.1422749816819024,41.37665920551377],[2.140492638818265,41.37649168271223],[2.140452526345873,41.37530459555962],[2.138327661254292,41.37534735928244],[2.1383893332934907,41.37752877000299],[2.1377999863648296,41.3772957613966],[2.137678312254538,41.37743651278546],[2.1381471358147883,41.37786205860963],[2.1385977388461446,41.37862482488762],[2.138059594990375,41.37942819101841],[2.1407266194070504,41.38046690984226],[2.1425487154169747,41.3806529098889],[2.1429777184573227,41.38028617015082]]]},"properties":{"cusec":"0801903106","income":17959,"housing_vuln":0.66,"detail":"17.959 €/persona/año"}},{"type":"Feature","geometry":{"type":"Polygon","coordinates":[[[2.1423278664009935,41.380841703952036],[2.1425487154169747,41.3806529098889],[2.140274092184378,41.38037157777913],[2.138059594990375,41.37942819101841],[2.1385977388461446,41.37862482488762],[2.1381471358147883,41.37786205860963],[2.137678312254538,41.37743651278546],[2.136802573430138,41.378529489450194],[2.137471760824626,41.37883761987442],[2.1364089505372736,41.38041649240003],[2.140034395615429,41.381779081495566],[2.1399377979762786,41.38196904037153],[2.140249794552553,41.382195457162496],[2.1419986329510468,41.38080809724016],[2.1423278664009935,41.380841703952036]]]},"properties":{"cusec":"0801903107","income":18359,"housing_vuln":0.64,"detail":"18.359 €/persona/año"}},{"type":"Feature","geometry":{"type":"Polygon","coordinates":[[[2.136802573430138,41.378529489450194],[2.1377999863648296,41.3772957613966],[2.136073460321376,41.37591927983177],[2.134994356391369,41.37811711446841],[2.135746423252299,41.3782937376294],[2.1355894157069395,41.37862204709528],[2.136426362582413,41.3790065932641],[2.136802573430138,41.378529489450194]]]},"properties":{"cusec":"0801903108","income":17912,"housing_vuln":0.66,"detail":"17.912 €/persona/año"}},{"type":"Feature","geometry":{"type":"Polygon","coordinates":[[[2.136802573430138,41.378529489450194],[2.136426362582413,41.3790065932641],[2.1355894157069395,41.37862204709528],[2.135746423252299,41.3782937376294],[2.134994356391369,41.37811711446841],[2.1342807347296526,41.37961904380784],[2.13632884057685,41.380386842080725],[2.137471760824626,41.37883761987442],[2.136802573430138,41.378529489450194]]]},"properties":{"cusec":"0801903109","income":19476,"housing_vuln":0.61,"detail":"19.476 €/persona/año"}},{"type":"Feature","geometry":{"type":"Polygon","coordinates":[[[2.1368335599175508,41.38123561074297],[2.1360558659181916,41.38093997613568],[2.1364089505372736,41.38041649240003],[2.1342807347296526,41.37961904380784],[2.1335567671708318,41.38114268609996],[2.1361940250122857,41.38204792057982],[2.1368335599175508,41.38123561074297]]]},"properties":{"cusec":"0801903110","income":19788,"housing_vuln":0.59,"detail":"19.788 €/persona/año"}},{"type":"Feature","geometry":{"type":"Polygon","coordinates":[[[2.140249794552553,41.382195457162496],[2.1399377979762786,41.38196904037153],[2.140034395615429,41.381779081495566],[2.136488287946526,41.38044584815079],[2.1360558659181916,41.38093997613568],[2.139975532608121,41.38242884116765],[2.140249794552553,41.382195457162496]]]},"properties":{"cusec":"0801903111","income":20132,"housing_vuln":0.58,"detail":"20.132 €/persona/año"}},{"type":"Feature","geometry":{"type":"Polygon","coordinates":[[[2.139975532608121,41.38242884116765],[2.136909089368341,41.38126463180489],[2.136271429247052,41.38208335122851],[2.1390549121555047,41.38321715347242],[2.139975532608121,41.38242884116765]]]},"properties":{"cusec":"0801903112","income":21186,"housing_vuln":0.55,"detail":"21.186 €/persona/año"}},{"type":"Feature","geometry":{"type":"Polygon","coordinates":[[[2.142423181245922,41.38239076046537],[2.1423278664009935,41.380841703952036],[2.1419986329510468,41.38080809724016],[2.1390549121555047,41.38321715347242],[2.14033397927111,41.383959965110535],[2.142423181245922,41.38239076046537]]]},"properties":{"cusec":"0801903113","income":25808,"housing_vuln":0.39,"detail":"25.808 €/persona/año"}},{"type":"Feature","geometry":{"type":"Polygon","coordinates":[[[2.1425399828940903,41.38406936169384],[2.142423181245922,41.38239076046537],[2.14033397927111,41.383959965110535],[2.1426319182769045,41.385472498146704],[2.1425399828940903,41.38406936169384]]]},"properties":{"cusec":"0801903114","income":23333,"housing_vuln":0.47,"detail":"23.333 €/persona/año"}},{"type":"Feature","geometry":{"type":"Polygon","coordinates":[[[2.141711594268331,41.35984687274158],[2.14101422941832,41.35930635808532],[2.1401397572184613,41.35988387165714],[2.140051818440367,41.3597710887507],[2.1402233454556456,41.35966097839309],[2.139580617937863,41.359392940845694],[2.138740296990158,41.36055057065657],[2.139879235904598,41.36100450324333],[2.141711594268331,41.35984687274158]]]},"properties":{"cusec":"0801903211","income":15929,"housing_vuln":0.73,"detail":"15.929 €/persona/año"}},{"type":"Feature","geometry":{"type":"Polygon","coordinates":[[[2.139372909477857,41.363490778594304],[2.138933087128234,41.3633847569066],[2.1391245199119284,41.362204209264696],[2.1383963733903766,41.36203195255414],[2.1385292557804534,41.36179256009554],[2.1388499354722716,41.36184966484423],[2.13894500777205,41.3616119647169],[2.1381380781017882,41.361382515702275],[2.136506204844868,41.36362373965431],[2.137816386008641,41.364607759961594],[2.138215292792033,41.3636646293277],[2.1387814290503897,41.363786971201016],[2.1389334617257236,41.36338950473374],[2.139372909477857,41.363490778594304]]]},"properties":{"cusec":"0801903212","income":14528,"housing_vuln":0.78,"detail":"14.528 €/persona/año"}},{"type":"Feature","geometry":{"type":"Polygon","coordinates":[[[2.1389491669718117,41.36502304210876],[2.139372909477857,41.363490778594304],[2.1389334617257236,41.36338950473374],[2.1387814290503897,41.363786971201016],[2.138215292792033,41.3636646293277],[2.137816386008641,41.364607759961594],[2.138703558589997,41.3652749674524],[2.1389491669718117,41.36502304210876]]]},"properties":{"cusec":"0801903213","income":12728,"housing_vuln":0.84,"detail":"12.728 €/persona/año"}},{"type":"Feature","geometry":{"type":"Polygon","coordinates":[[[2.14033397927111,41.383959965110535],[2.138745669813865,41.38532515299786],[2.142382846889646,41.385364843486926],[2.14033397927111,41.383959965110535]]]},"properties":{"cusec":"0801904001","income":21870,"housing_vuln":0.52,"detail":"21.870 €/persona/año"}},{"type":"Feature","geometry":{"type":"Polygon","coordinates":[[[2.1393835401409413,41.38479163576797],[2.137038956113995,41.38336376401046],[2.135943672627433,41.38480023188565],[2.138745669813865,41.38532515299786],[2.1393835401409413,41.38479163576797]]]},"properties":{"cusec":"0801904002","income":23455,"housing_vuln":0.47,"detail":"23.455 €/persona/año"}},{"type":"Feature","geometry":{"type":"Polygon","coordinates":[[[2.14033397927111,41.383959965110535],[2.1390549121555047,41.38321715347242],[2.138165757890652,41.38404936204759],[2.1393835401409413,41.38479163576797],[2.14033397927111,41.383959965110535]]]},"properties":{"cusec":"0801904003","income":23535,"housing_vuln":0.46,"detail":"23.535 €/persona/año"}},{"type":"Feature","geometry":{"type":"Polygon","coordinates":[[[2.1390549121555047,41.38321715347242],[2.1375766633885758,41.38257712504484],[2.137038956113995,41.38336376401046],[2.138165757890652,41.38404936204759],[2.1390549121555047,41.38321715347242]]]},"properties":{"cusec":"0801904004","income":21935,"housing_vuln":0.52,"detail":"21.935 €/persona/año"}},{"type":"Feature","geometry":{"type":"Polygon","coordinates":[[[2.1375766633885758,41.38257712504484],[2.135480376401123,41.38179890794165],[2.1349636295170846,41.38256561688002],[2.137038956113995,41.38336376401046],[2.1375766633885758,41.38257712504484]]]},"properties":{"cusec":"0801904005","income":21617,"housing_vuln":0.53,"detail":"21.617 €/persona/año"}},{"type":"Feature","geometry":{"type":"Polygon","coordinates":[[[2.135480376401123,41.38179890794165],[2.1335567671708318,41.38114268609996],[2.1331788962364704,41.38192384440697],[2.1349636295170846,41.38256561688002],[2.135480376401123,41.38179890794165]]]},"properties":{"cusec":"0801904006","income":22202,"housing_vuln":0.51,"detail":"22.202 €/persona/año"}},{"type":"Feature","geometry":{"type":"Polygon","coordinates":[[[2.137038956113995,41.38336376401046],[2.1331788962364704,41.38192384440697],[2.1328864173563664,41.38252843674506],[2.136636512663364,41.38389177960962],[2.137038956113995,41.38336376401046]]]},"properties":{"cusec":"0801904007","income":19083,"housing_vuln":0.62,"detail":"19.083 €/persona/año"}},{"type":"Feature","geometry":{"type":"Polygon","coordinates":[[[2.136636512663364,41.38389177960962],[2.1328864173563664,41.38252843674506],[2.1325683553552897,41.383185899610936],[2.1342373973054136,41.38362888209679],[2.1362033576097645,41.384459729994056],[2.136636512663364,41.38389177960962]]]},"properties":{"cusec":"0801904008","income":19389,"housing_vuln":0.61,"detail":"19.389 €/persona/año"}},{"type":"Feature","geometry":{"type":"Polygon","coordinates":[[[2.1362033576097645,41.384459729994056],[2.1342373973054136,41.38362888209679],[2.1325683553552897,41.383185899610936],[2.1321762560051356,41.3839964192007],[2.1349066053611687,41.3847312303845],[2.135943672627433,41.38480023188565],[2.1362033576097645,41.384459729994056]]]},"properties":{"cusec":"0801904009","income":21517,"housing_vuln":0.53,"detail":"21.517 €/persona/año"}},{"type":"Feature","geometry":{"type":"Polygon","coordinates":[[[2.134717401297706,41.384680611353765],[2.1321762560051356,41.3839964192007],[2.131784468370374,41.384806245932126],[2.1337844406880286,41.38610042439391],[2.134195091147109,41.38570897071887],[2.134717401297706,41.384680611353765]]]},"properties":{"cusec":"0801904010","income":24061,"housing_vuln":0.45,"detail":"24.061 €/persona/año"}},{"type":"Feature","geometry":{"type":"Polygon","coordinates":[[[2.1371495998109276,41.38502092404506],[2.134717401297706,41.384680611353765],[2.1337844406880286,41.38610042439391],[2.135219307114931,41.386887636074],[2.1371495998109276,41.38502092404506]]]},"properties":{"cusec":"0801904011","income":25508,"housing_vuln":0.4,"detail":"25.508 €/persona/año"}},{"type":"Feature","geometry":{"type":"Polygon","coordinates":[[[2.137605698735193,41.38626444741132],[2.138745669813865,41.38532515299786],[2.1371495998109276,41.38502092404506],[2.135219307114931,41.386887636074],[2.136229655789693,41.38747841246201],[2.137605698735193,41.38626444741132]]]},"properties":{"cusec":"0801904012","income":24853,"housing_vuln":0.42,"detail":"24.853 €/persona/año"}},{"type":"Feature","geometry":{"type":"Polygon","coordinates":[[[2.13868991318082,41.38723107925604],[2.137605698735193,41.38626444741132],[2.136229655789693,41.38747841246201],[2.1376651734951904,41.388317765712685],[2.13868991318082,41.38723107925604]]]},"properties":{"cusec":"0801904013","income":25967,"housing_vuln":0.38,"detail":"25.967 €/persona/año"}},{"type":"Feature","geometry":{"type":"Polygon","coordinates":[[[2.140939111395934,41.38705583033061],[2.1396082330480026,41.38635770307228],[2.1376651734951904,41.388317765712685],[2.13892418841702,41.389053912354335],[2.140939111395934,41.38705583033061]]]},"properties":{"cusec":"0801904014","income":24685,"housing_vuln":0.42,"detail":"24.685 €/persona/año"}},{"type":"Feature","geometry":{"type":"Polygon","coordinates":[[[2.1396082330480026,41.38635770307228],[2.1406971726320627,41.385356722605465],[2.138745669813865,41.38532515299786],[2.137605698735193,41.38626444741132],[2.13868991318082,41.38723107925604],[2.1396082330480026,41.38635770307228]]]},"properties":{"cusec":"0801904015","income":22682,"housing_vuln":0.49,"detail":"22.682 €/persona/año"}},{"type":"Feature","geometry":{"type":"Polygon","coordinates":[[[2.142649122811215,41.385651137440384],[2.1426319182769045,41.385472498146704],[2.142382846889646,41.385364843486926],[2.1406971726320627,41.385356722605465],[2.1396082330480026,41.38635770307228],[2.140939111395934,41.38705583033061],[2.142649122811215,41.385651137440384]]]},"properties":{"cusec":"0801904016","income":24812,"housing_vuln":0.42,"detail":"24.812 €/persona/año"}},{"type":"Feature","geometry":{"type":"Polygon","coordinates":[[[2.141711346333299,41.38840967253772],[2.142149108845977,41.38814092378103],[2.1419065915670417,41.387918527653255],[2.1429281296570157,41.38761083250301],[2.142649122811215,41.385651137440384],[2.1389389648051425,41.388957477491346],[2.1391167431964893,41.38916272279346],[2.1401224287166514,41.388547001118184],[2.14066675657484,41.38904966579698],[2.141711346333299,41.38840967253772]]]},"properties":{"cusec":"0801904017","income":25377,"housing_vuln":0.4,"detail":"25.377 €/persona/año"}},{"type":"Feature","geometry":{"type":"Polygon","coordinates":[[[2.1436256696784937,41.3904946566662],[2.1429281296570157,41.38761083250301],[2.1419065915670417,41.387918527653255],[2.142149108845977,41.38814092378103],[2.141711346333299,41.38840967253772],[2.1423244716675622,41.3906918200321],[2.1436256696784937,41.3904946566662]]]},"properties":{"cusec":"0801904018","income":26753,"housing_vuln":0.35,"detail":"26.753 €/persona/año"}},{"type":"Feature","geometry":{"type":"Polygon","coordinates":[[[2.1443829925821407,41.392384270902795],[2.1436259203084504,41.39049558602228],[2.1383268177362513,41.391253202907436],[2.1440196788469437,41.39261332483949],[2.1443829925821407,41.392384270902795]]]},"properties":{"cusec":"0801904019","income":29913,"housing_vuln":0.24,"detail":"29.913 €/persona/año"}},{"type":"Feature","geometry":{"type":"Polygon","coordinates":[[[2.1423244716675622,41.3906918200321],[2.141711346333299,41.38840967253772],[2.14066675657484,41.38904966579698],[2.1401224287166514,41.388547001118184],[2.1391167431964893,41.38916272279346],[2.1410602312457168,41.39025292659247],[2.1412211266996146,41.390860778794284],[2.1423244716675622,41.3906918200321]]]},"properties":{"cusec":"0801904020","income":27193,"housing_vuln":0.34,"detail":"27.193 €/persona/año"}},{"type":"Feature","geometry":{"type":"Polygon","coordinates":[[[2.1412211266996146,41.390860778794284],[2.1410602312457168,41.39025292659247],[2.13892418841702,41.389053912354335],[2.1370906397855665,41.39080271961361],[2.1386219295784485,41.39119495739931],[2.1412211266996146,41.390860778794284]]]},"properties":{"cusec":"0801904021","income":29433,"housing_vuln":0.26,"detail":"29.433 €/persona/año"}},{"type":"Feature","geometry":{"type":"Polygon","coordinates":[[[2.13892418841702,41.389053912354335],[2.135219307114931,41.386887636074],[2.132508396403323,41.38962881251181],[2.1370906397855665,41.39080271961361],[2.13892418841702,41.389053912354335]]]},"properties":{"cusec":"0801904022","income":24144,"housing_vuln":0.44,"detail":"24.144 €/persona/año"}},{"type":"Feature","geometry":{"type":"Polygon","coordinates":[[[2.1324840421776807,41.39219359103594],[2.1386219295784485,41.39119495739931],[2.130905237794457,41.389218055971156],[2.1300990186915985,41.3910399127741],[2.13117341904277,41.391313276051484],[2.131422631465506,41.39104637171055],[2.1327017731413034,41.39137114809876],[2.131737640991245,41.39230597134474],[2.1324840421776807,41.39219359103594]]]},"properties":{"cusec":"0801904023","income":35792,"housing_vuln":0.04,"detail":"35.792 €/persona/año"}},{"type":"Feature","geometry":{"type":"Polygon","coordinates":[[[2.1299473094097863,41.39253961693073],[2.131737640991245,41.39230597134474],[2.1327017731413034,41.39137114809876],[2.131422631465506,41.39104637171055],[2.13117341904277,41.391313276051484],[2.1300990186915985,41.3910399127741],[2.130905237794457,41.389218055971156],[2.126926044242265,41.38820869371146],[2.1267941005916553,41.38873251167795],[2.1276305084779703,41.38898213464767],[2.128939669155574,41.391718582151064],[2.129605422290758,41.39233080379704],[2.1295761192461726,41.392506295938844],[2.1299473094097863,41.39253961693073]]]},"properties":{"cusec":"0801904024","income":36746,"housing_vuln":0.01,"detail":"36.746 €/persona/año"}},{"type":"Feature","geometry":{"type":"Polygon","coordinates":[[[2.135219307114931,41.386887636074],[2.1345832765375765,41.38653870424109],[2.1340419643237776,41.38708643127689],[2.1328130375740635,41.38639400012953],[2.131984005754549,41.38724075609666],[2.1334083609943137,41.388718837843065],[2.135219307114931,41.386887636074]]]},"properties":{"cusec":"0801904025","income":24568,"housing_vuln":0.43,"detail":"24.568 €/persona/año"}},{"type":"Feature","geometry":{"type":"Polygon","coordinates":[[[2.1345832765375765,41.38653870424109],[2.131784468370374,41.384806245932126],[2.131407246917948,41.3856026522899],[2.1340419643237776,41.38708643127689],[2.1345832765375765,41.38653870424109]]]},"properties":{"cusec":"0801904026","income":24169,"housing_vuln":0.44,"detail":"24.169 €/persona/año"}},{"type":"Feature","geometry":{"type":"Polygon","coordinates":[[[2.1334083609943137,41.388718837843065],[2.131984005754549,41.38724075609666],[2.1328130375740635,41.38639400012953],[2.131407246917948,41.3856026522899],[2.1298256766219943,41.388941435440394],[2.132508396403323,41.38962881251181],[2.1334083609943137,41.388718837843065]]]},"properties":{"cusec":"0801904027","income":25271,"housing_vuln":0.4,"detail":"25.271 €/persona/año"}},{"type":"Feature","geometry":{"type":"Polygon","coordinates":[[[2.131407246917948,41.3856026522899],[2.1302814638308667,41.38523995205003],[2.128174576723031,41.38852421739228],[2.1298256766219943,41.388941435440394],[2.131407246917948,41.3856026522899]]]},"properties":{"cusec":"0801904028","income":23074,"housing_vuln":0.48,"detail":"23.074 €/persona/año"}},{"type":"Feature","geometry":{"type":"Polygon","coordinates":[[[2.1302814638308667,41.38523995205003],[2.1289429381249114,41.384810553426036],[2.129241495904541,41.38427399628128],[2.127678453361289,41.38376997093604],[2.1272326419436838,41.38539448344867],[2.1271750895783743,41.3878375079963],[2.126940304997387,41.38815208050041],[2.128174576723031,41.38852421739228],[2.1302814638308667,41.38523995205003]]]},"properties":{"cusec":"0801904029","income":28011,"housing_vuln":0.31,"detail":"28.011 €/persona/año"}},{"type":"Feature","geometry":{"type":"Polygon","coordinates":[[[2.131784468370374,41.384806245932126],[2.128117794213934,41.38238446715169],[2.127678453361289,41.38376997093604],[2.129241495904541,41.38427399628128],[2.1289429381249114,41.384810553426036],[2.131407246917948,41.3856026522899],[2.131784468370374,41.384806245932126]]]},"properties":{"cusec":"0801904030","income":26137,"housing_vuln":0.37,"detail":"26.137 €/persona/año"}},{"type":"Feature","geometry":{"type":"Polygon","coordinates":[[[2.1321762560051356,41.3839964192007],[2.1325683553552897,41.383185899610936],[2.1305841475725646,41.382652928980306],[2.130017202830454,41.38363901173151],[2.131784468370374,41.384806245932126],[2.1321762560051356,41.3839964192007]]]},"properties":{"cusec":"0801904031","income":22456,"housing_vuln":0.5,"detail":"22.456 €/persona/año"}},{"type":"Feature","geometry":{"type":"Polygon","coordinates":[[[2.1328864173563664,41.38252843674506],[2.1335567671708318,41.38114268609996],[2.1323955715969047,41.38082631775691],[2.1314549447645983,41.382886698901515],[2.1325683553552897,41.383185899610936],[2.1328864173563664,41.38252843674506]]]},"properties":{"cusec":"0801904032","income":20804,"housing_vuln":0.56,"detail":"20.804 €/persona/año"}},{"type":"Feature","geometry":{"type":"Polygon","coordinates":[[[2.1323955715969047,41.38082631775691],[2.1317346603811425,41.38065014431585],[2.1305841475725646,41.382652928980306],[2.1314549447645983,41.382886698901515],[2.1323955715969047,41.38082631775691]]]},"properties":{"cusec":"0801904033","income":20534,"housing_vuln":0.57,"detail":"20.534 €/persona/año"}},{"type":"Feature","geometry":{"type":"Polygon","coordinates":[[[2.1305841475725646,41.382652928980306],[2.130972848595999,41.3819768078139],[2.12933369179878,41.38144175800579],[2.129899086048701,41.3798221286144],[2.1291448012473375,41.37943544042032],[2.128117794213934,41.38238446715169],[2.129951102995229,41.38359536714213],[2.1305841475725646,41.382652928980306]]]},"properties":{"cusec":"0801904034","income":26117,"housing_vuln":0.38,"detail":"26.117 €/persona/año"}},{"type":"Feature","geometry":{"type":"Polygon","coordinates":[[[2.1317346603811425,41.38065014431585],[2.129899086048701,41.3798221286144],[2.12933369179878,41.38144175800579],[2.130972848595999,41.3819768078139],[2.1317346603811425,41.38065014431585]]]},"properties":{"cusec":"0801904035","income":24068,"housing_vuln":0.45,"detail":"24.068 €/persona/año"}},{"type":"Feature","geometry":{"type":"Polygon","coordinates":[[[2.128561406555745,41.38113035873261],[2.1267079279013874,41.37996820083107],[2.1255287444622146,41.38066939817498],[2.128117794213934,41.38238446715169],[2.128561406555745,41.38113035873261]]]},"properties":{"cusec":"0801904036","income":19456,"housing_vuln":0.61,"detail":"19.456 €/persona/año"}},{"type":"Feature","geometry":{"type":"Polygon","coordinates":[[[2.12914241442365,41.379434098387904],[2.1269681536695053,41.37822599511255],[2.125762862493256,41.37937230420292],[2.128561406555745,41.38113035873261],[2.12914241442365,41.379434098387904]]]},"properties":{"cusec":"0801904037","income":20843,"housing_vuln":0.56,"detail":"20.843 €/persona/año"}},{"type":"Feature","geometry":{"type":"Polygon","coordinates":[[[2.1269681536695053,41.37822599511255],[2.1257410738560236,41.37748238998256],[2.124780438847399,41.37863154254752],[2.125857833283396,41.37928186819004],[2.1269681536695053,41.37822599511255]]]},"properties":{"cusec":"0801904038","income":21317,"housing_vuln":0.54,"detail":"21.317 €/persona/año"}},{"type":"Feature","geometry":{"type":"Polygon","coordinates":[[[2.1267079279013874,41.37996820083107],[2.12392164763914,41.378109949177464],[2.1236902263505852,41.378459871271296],[2.1224473307982064,41.377810994740656],[2.122014161371587,41.378336502757286],[2.1255287444622146,41.38066939817498],[2.1267079279013874,41.37996820083107]]]},"properties":{"cusec":"0801904039","income":21004,"housing_vuln":0.55,"detail":"21.004 €/persona/año"}},{"type":"Feature","geometry":{"type":"Polygon","coordinates":[[[2.1257410738560236,41.37748238998256],[2.1237310826280416,41.37625957163859],[2.122981174418737,41.37716435235498],[2.1241397711665275,41.37777761497124],[2.12392164763914,41.378109949177464],[2.1246974093623088,41.37858105627659],[2.1257410738560236,41.37748238998256]]]},"properties":{"cusec":"0801904040","income":17596,"housing_vuln":0.67,"detail":"17.596 €/persona/año"}},{"type":"Feature","geometry":{"type":"Polygon","coordinates":[[[2.1216244677097595,41.37644621533125],[2.1216401208535824,41.37738357062149],[2.121445606848477,41.3779663304269],[2.122014161371587,41.378336502757286],[2.1224473307982064,41.377810994740656],[2.1236902263505852,41.378459871271296],[2.1241397711665275,41.37777761497124],[2.1216244677097595,41.37644621533125]]]},"properties":{"cusec":"0801904041","income":18167,"housing_vuln":0.65,"detail":"18.167 €/persona/año"}},{"type":"Feature","geometry":{"type":"Polygon","coordinates":[[[2.1237310826280416,41.37625957163859],[2.122816264393811,41.3756827588522],[2.121761872218992,41.37569436328142],[2.1216188298830425,41.37610772834946],[2.1216244677097595,41.37644621533125],[2.122981174418737,41.37716435235498],[2.1237310826280416,41.37625957163859]]]},"properties":{"cusec":"0801904042","income":17701,"housing_vuln":0.67,"detail":"17.701 €/persona/año"}},{"type":"Feature","geometry":{"type":"Polygon","coordinates":[[[2.1214418303310123,41.37797104685703],[2.11969804046444,41.3769496590905],[2.117599549011277,41.378669649717104],[2.116282669110415,41.37800314176069],[2.1156763287514955,41.37840788575752],[2.114230712185595,41.378808863981526],[2.1133680474418512,41.379332505578326],[2.1145348637744834,41.38013798889647],[2.115151396418605,41.38119489657624],[2.118893199377196,41.38075849160141],[2.1190667754496544,41.379902415461665],[2.119419823237788,41.37937361320815],[2.1207001542830093,41.378626023362415],[2.1214418303310123,41.37797104685703]]]},"properties":{"cusec":"0801904043","income":25225,"housing_vuln":0.41,"detail":"25.225 €/persona/año"}},{"type":"Feature","geometry":{"type":"Polygon","coordinates":[[[2.11969804046444,41.3769496590905],[2.117849331864237,41.37582674732614],[2.117350148840614,41.37581986961796],[2.116282669110415,41.37800314176069],[2.117599549011277,41.378669649717104],[2.11969804046444,41.3769496590905]]]},"properties":{"cusec":"0801904044","income":19823,"housing_vuln":0.59,"detail":"19.823 €/persona/año"}},{"type":"Feature","geometry":{"type":"Polygon","coordinates":[[[2.11673992686137,41.3770703015839],[2.1140836400072667,41.3760861576609],[2.113803616268585,41.3764627909661],[2.1143775436154013,41.37702337523632],[2.116282669110415,41.37800314176069],[2.11673992686137,41.3770703015839]]]},"properties":{"cusec":"0801904045","income":19586,"housing_vuln":0.6,"detail":"19.586 €/persona/año"}},{"type":"Feature","geometry":{"type":"Polygon","coordinates":[[[2.116282669110415,41.37800314176069],[2.1143775436154013,41.37702337523632],[2.113803616268585,41.3764627909661],[2.1116723946980427,41.37762057478985],[2.1129421849117227,41.37909641964182],[2.1133680474418512,41.379332505578326],[2.114230712185595,41.378808863981526],[2.1156763287514955,41.37840788575752],[2.116282669110415,41.37800314176069]]]},"properties":{"cusec":"0801904046","income":26870,"housing_vuln":0.35,"detail":"26.870 €/persona/año"}},{"type":"Feature","geometry":{"type":"Polygon","coordinates":[[[2.115151396418605,41.38119489657624],[2.1145348637744834,41.38013798889647],[2.1129421849117227,41.37909641964182],[2.1116723946980427,41.37762057478985],[2.1136728305463666,41.37663867511111],[2.1140836400072667,41.3760861576609],[2.11673992686137,41.3770703015839],[2.1173175678435867,41.375886644630874],[2.1092716929153186,41.375981600387675],[2.1092562284177196,41.37711828349667],[2.1086505564053732,41.37794773972138],[2.107790354842138,41.378158787730904],[2.106930499130285,41.378756553177446],[2.1063894141902515,41.3788929550983],[2.1057210891784437,41.379423592652614],[2.104757220234768,41.37943209848321],[2.1038815047665596,41.38006490920704],[2.1021511339336953,41.38086649697092],[2.1015393003768246,41.38171015430154],[2.112052291333392,41.384483336746655],[2.1126696782753527,41.38316553707517],[2.113197108823038,41.38244742317803],[2.114110604737141,41.381734121307964],[2.115151396418605,41.38119489657624]]]},"properties":{"cusec":"0801904047","income":22726,"housing_vuln":0.49,"detail":"22.726 €/persona/año"}},{"type":"Feature","geometry":{"type":"Polygon","coordinates":[[[2.1278581056383477,41.38220108321394],[2.1270446946232937,41.38162989799508],[2.125429338689505,41.38371934846099],[2.1259529603803973,41.38399229295944],[2.126723162430297,41.38327162493364],[2.1266332051377246,41.383213709280106],[2.127310292316821,41.38237355680763],[2.127773295692377,41.3824695923069],[2.1278581056383477,41.38220108321394]]]},"properties":{"cusec":"0801904048","income":24090,"housing_vuln":0.45,"detail":"24.090 €/persona/año"}},{"type":"Feature","geometry":{"type":"Polygon","coordinates":[[[2.127372928248338,41.384732446270604],[2.125429338689505,41.38371934846099],[2.1270446946232937,41.38162989799508],[2.1214596780590784,41.37798148676862],[2.1207001542830093,41.378626023362415],[2.119419823237788,41.37937361320815],[2.1190667754496544,41.379902415461665],[2.118893199377196,41.38075849160141],[2.1154908113739874,41.381095545652215],[2.114110604737141,41.381734121307964],[2.1129001446547258,41.38278222737637],[2.112052291333392,41.384483336746655],[2.126926044242265,41.38820869371146],[2.1271750895783743,41.3878375079963],[2.127171698438165,41.38589350873178],[2.127372928248338,41.384732446270604]]]},"properties":{"cusec":"0801904049","income":31225,"housing_vuln":0.2,"detail":"31.225 €/persona/año"}},{"type":"Feature","geometry":{"type":"Polygon","coordinates":[[[2.126926044242265,41.38820869371146],[2.1253417745088665,41.387808316659346],[2.124533258413797,41.389584518891],[2.1262497700385086,41.39002208513824],[2.1255999988305514,41.39147317430413],[2.1295761192461726,41.392506295938844],[2.1283932500194087,41.39078742136467],[2.1276305084779703,41.38898213464767],[2.1267941005916553,41.38873251167795],[2.126926044242265,41.38820869371146]]]},"properties":{"cusec":"0801904050","income":36918,"housing_vuln":0,"detail":"36.918 €/persona/año"}},{"type":"Feature","geometry":{"type":"Polygon","coordinates":[[[2.124533258413797,41.389584518891],[2.123877041793699,41.39103488256686],[2.1255999988305514,41.39147317430413],[2.1262497700385086,41.39002208513824],[2.124533258413797,41.389584518891]]]},"properties":{"cusec":"0801904051","income":26420,"housing_vuln":0.36,"detail":"26.420 €/persona/año"}},{"type":"Feature","geometry":{"type":"Polygon","coordinates":[[[2.124533258413797,41.389584518891],[2.1253417745088665,41.387808316659346],[2.1220369255792,41.38697303840211],[2.122174417225017,41.387601848553246],[2.1195237412481513,41.389651060739446],[2.123877041793699,41.39103488256686],[2.124533258413797,41.389584518891]]]},"properties":{"cusec":"0801904052","income":36918,"housing_vuln":0,"detail":"36.918 €/persona/año"}},{"type":"Feature","geometry":{"type":"Polygon","coordinates":[[[2.111821126963007,41.39073869271126],[2.1125955627728272,41.390141998441585],[2.114418918220782,41.390229019336644],[2.1146601751633565,41.38993239381358],[2.1149690851283043,41.38986514528864],[2.1153042483574582,41.38996826227102],[2.115506205803013,41.390280884874976],[2.116611773202947,41.39033361705418],[2.1170802068943906,41.389799896279996],[2.1176719253753884,41.389554444797156],[2.1195237412481513,41.389651060739446],[2.122174417225017,41.387601848553246],[2.1220369255792,41.38697303840211],[2.1109592203973477,41.38417923798132],[2.110589967001509,41.384960688046576],[2.106149650247653,41.38717228085949],[2.1079028032544724,41.3891654826129],[2.1111382474469598,41.39126482881968],[2.111821126963007,41.39073869271126]]]},"properties":{"cusec":"0801904053","income":26136,"housing_vuln":0.37,"detail":"26.136 €/persona/año"}},{"type":"Feature","geometry":{"type":"Polygon","coordinates":[[[2.1109592203973477,41.38417923798132],[2.1015240460849793,41.38174444468311],[2.1014721225632496,41.38191388772919],[2.101679662139968,41.38357440419476],[2.1026153311702274,41.38372051988169],[2.103756477245336,41.38486519002882],[2.1040094976265684,41.38473897862512],[2.106149650247653,41.38717228085949],[2.110589967001509,41.384960688046576],[2.1109592203973477,41.38417923798132]]]},"properties":{"cusec":"0801904054","income":34414,"housing_vuln":0.09,"detail":"34.414 €/persona/año"}},{"type":"Feature","geometry":{"type":"Polygon","coordinates":[[[2.120384613852919,41.39094569067383],[2.120912958885583,41.39008200845756],[2.1200232818012523,41.3897430607056],[2.118379874176068,41.3894944576407],[2.117227586296526,41.38971318212858],[2.116611773202947,41.39033361705418],[2.115506205803013,41.390280884874976],[2.115374506494147,41.39002332518725],[2.1149690851283043,41.38986514528864],[2.1146601751633565,41.38993239381358],[2.114418918220782,41.390229019336644],[2.1125955627728272,41.390141998441585],[2.111821126963007,41.39073869271126],[2.1156273705685176,41.393718303344414],[2.1143558519962555,41.394703501936846],[2.115812891539314,41.395770452911066],[2.117591524360839,41.39523348079888],[2.1183878637922193,41.39437650284559],[2.1183328204215037,41.39310092521948],[2.1175375966976846,41.392185799879],[2.1198152050320025,41.39137371373385],[2.120384613852919,41.39094569067383]]]},"properties":{"cusec":"0801904055","income":36918,"housing_vuln":0,"detail":"36.918 €/persona/año"}},{"type":"Feature","geometry":{"type":"Polygon","coordinates":[[[2.1097558318528504,41.39635664642866],[2.1095631980216365,41.39582104241756],[2.109955696223802,41.39517946142826],[2.1118208951976563,41.39625825872666],[2.113149823303122,41.39724818574159],[2.115812891539314,41.395770452911066],[2.1143558519962555,41.394703501936846],[2.1156273705685176,41.393718303344414],[2.111821126963007,41.39073869271126],[2.1111382474469598,41.39126482881968],[2.1079028032544724,41.3891654826129],[2.1040094976265684,41.38473897862512],[2.103756477245336,41.38486519002882],[2.1035910372143896,41.38470889824598],[2.1010550796925904,41.38692853673656],[2.101209610582719,41.38711126033118],[2.1020430594184947,41.38734191869211],[2.101997461832959,41.38744400783394],[2.100503788992633,41.388216404469965],[2.0999691090405705,41.39026223164397],[2.099902153110879,41.391913326475496],[2.0989723186383675,41.39291816252416],[2.098031762772965,41.39325535706584],[2.0978739188960747,41.39395430519602],[2.098297111633163,41.394435283270425],[2.0984752304860095,41.39490325509739],[2.099022622497664,41.395364971257045],[2.0990037174524816,41.39573025527738],[2.0999952706765734,41.39697654624202],[2.1004159005201757,41.39789731373735],[2.100486644645428,41.39848712822148],[2.101490813809356,41.39901112819037],[2.102159807167738,41.399583410019055],[2.1021621733301923,41.39991492862043],[2.102577573182194,41.40065227946673],[2.102538305126206,41.40104938146149],[2.1033310297368666,41.40111518384348],[2.1053201522025113,41.400645997354225],[2.107098047507186,41.399792970725535],[2.1073682086423684,41.39938922303083],[2.1086536564914233,41.39845120651318],[2.1090054142987915,41.3974681631325],[2.1093199036999786,41.39720970468251],[2.1097558318528504,41.39635664642866]]]},"properties":{"cusec":"0801904056","income":36918,"housing_vuln":0,"detail":"36.918 €/persona/año"}},{"type":"Feature","geometry":{"type":"Polygon","coordinates":[[[2.127678453361289,41.38376997093604],[2.128117794213934,41.38238446715169],[2.1278581056383477,41.38220108321394],[2.127773295692377,41.3824695923069],[2.127310292316821,41.38237355680763],[2.1266332051377246,41.383213709280106],[2.126723162430297,41.38327162493364],[2.1259529603803973,41.38399229295944],[2.127372928248338,41.384732446270604],[2.127678453361289,41.38376997093604]]]},"properties":{"cusec":"0801904084","income":26755,"housing_vuln":0.35,"detail":"26.755 €/persona/año"}},{"type":"Feature","geometry":{"type":"MultiPolygon","coordinates":[[[[2.072608248168001,41.435324418248555],[2.072836796644271,41.435082009730735],[2.0745984665782715,41.43550977574443],[2.0748144134877586,41.43538201807909],[2.0752306685358963,41.434385623444726],[2.0749400752195664,41.43334198838414],[2.0753979806558607,41.43292720249298],[2.0767932933624986,41.43281901423074],[2.078198247687083,41.432045226873065],[2.0799651889351845,41.4318788503241],[2.080236940088429,41.431613217151],[2.0801773988530794,41.43090769243447],[2.080752601807574,41.43065607389867],[2.081210197325104,41.430694570171994],[2.0811332197900922,41.431237923065986],[2.081679434110419,41.431855254724596],[2.082335330031953,41.43197913253663],[2.082682177647987,41.43165815563358],[2.082480792429283,41.431212216445324],[2.0826515334187015,41.43076580205825],[2.0839612205090705,41.43087001663008],[2.0841138981747873,41.430727309194744],[2.0837203372656554,41.43018609181016],[2.083902346721998,41.429986346758945],[2.085489672523988,41.42923222715513],[2.085831786018452,41.42890446156761],[2.0874864127032193,41.42876771937807],[2.088136996886483,41.428203851897706],[2.088313452059439,41.42816939473853],[2.088769983971672,41.42851383551395],[2.0892741176107985,41.429171894056275],[2.0905352085392535,41.42860036049105],[2.0910904635045684,41.429167179320345],[2.092272498196462,41.42959431280321],[2.0925163099477153,41.430199644441814],[2.0935832632651814,41.43121147692856],[2.094677260364267,41.43271335409581],[2.0957978709519614,41.432983193452706],[2.0964639591587297,41.43293032346745],[2.0968748225185556,41.4325201881502],[2.09870012371739,41.431802644467595],[2.0989260293500998,41.43156857632829],[2.098718284957476,41.43089388468807],[2.0990835085109687,41.43020549129493],[2.101065820848451,41.42975629639844],[2.1020591733980627,41.42863854276701],[2.103220279140446,41.42807477182876],[2.104028985678334,41.428422024468325],[2.1057333475888025,41.4287815908892],[2.106187613949889,41.42801744368865],[2.107238344591605,41.427699745567296],[2.1071470344362373,41.427424737639726],[2.106559604512383,41.42701799055133],[2.1062474758837686,41.42647566858697],[2.1067457102864564,41.425820123416706],[2.1067755945409976,41.42522330264879],[2.107755192086986,41.42383385955439],[2.1077054640477955,41.42330753715758],[2.107158197800301,41.422096263478544],[2.1067429192208413,41.421587913124235],[2.1030657994542854,41.420323035304406],[2.102630424663625,41.420374572348464],[2.102473965988926,41.42006172669845],[2.1026085336184575,41.419910328586504],[2.1045654119552863,41.41947077559749],[2.106401780398462,41.419547587378865],[2.106364079004279,41.41944837321074],[2.1053624871068894,41.41915826173887],[2.1035787707191904,41.419066826153944],[2.101930017219746,41.41861119433037],[2.099353701985513,41.41925871988324],[2.0983899983318364,41.41900032654722],[2.098524425824221,41.41884847462165],[2.0980447533102913,41.4184310975829],[2.0981673140577515,41.41711451292391],[2.0974670835820004,41.41585781662585],[2.0977264864933436,41.415238133303276],[2.096947045270763,41.41525340019728],[2.097081233811253,41.41509427859168],[2.0970886476072983,41.4144676678803],[2.0973572169277905,41.414161847305245],[2.096896163794733,41.41311542949662],[2.097223441612332,41.412898002487516],[2.0981051299788414,41.411693654478505],[2.0996401738312933,41.410273124386755],[2.1020734817638975,41.4091506062054],[2.1019735522733796,41.40896962891985],[2.099587536148905,41.409423509283336],[2.0977346917051314,41.41028297768303],[2.0969846703081263,41.409985245106675],[2.095756393040347,41.41003524952821],[2.0952547719890684,41.40948938605516],[2.095405729380977,41.40880775651733],[2.095310774760518,41.40855230293821],[2.0937594085193383,41.40871622618585],[2.093014619808859,41.408456555928566],[2.0920935412154567,41.408474592174755],[2.0914279659466977,41.40814764552643],[2.0886877153596233,41.40858052015355],[2.087486827724879,41.40897291409175],[2.0863794142870096,41.40962598423731],[2.08538581470073,41.40961370202117],[2.0831350525187027,41.40795133418137],[2.0826493675805327,41.40747638318663],[2.082593486979989,41.40716247689567],[2.08045237405984,41.40595591970786],[2.0804809575538843,41.405167550269994],[2.080186618262824,41.40449098945424],[2.0790046931654094,41.40344493065395],[2.0782314323519935,41.402979149552294],[2.077732177463169,41.40291441569257],[2.0758842944146987,41.40320651264093],[2.074809899453444,41.40286263233171],[2.0736618111978324,41.403704785347315],[2.0729355089175883,41.40353291277095],[2.0721548864103916,41.40387184521755],[2.070736720562928,41.40545289120828],[2.069603388034207,41.406292986645894],[2.069425758763178,41.406868578564705],[2.069718886226887,41.4070572143041],[2.0713732550951547,41.407212291467815],[2.071755362484427,41.4074795815192],[2.0718819270231177,41.40765674544919],[2.071412109027847,41.409112738561596],[2.071934996795144,41.410165715612386],[2.0722294142396516,41.41014444862167],[2.0724693201160584,41.41098244606174],[2.0737536306979543,41.41058238512654],[2.075330778587798,41.411237488548636],[2.0759504032330947,41.411227968214675],[2.076562984188284,41.410894339960926],[2.076824860161603,41.41125991465276],[2.077150158092266,41.41135213600435],[2.078500620611719,41.412409350086094],[2.0774955675055464,41.41347796005535],[2.078168189159372,41.414268984713004],[2.0784372498583092,41.41416626603371],[2.0783316502017124,41.41428430303511],[2.0785321954956304,41.41507066746087],[2.079651250201252,41.41506944742648],[2.080114808735648,41.41548757229027],[2.080054273065278,41.41595361942079],[2.0791990113377814,41.41688028471964],[2.0789610053982024,41.417581513053264],[2.078627071962675,41.418011135763585],[2.0791293083599323,41.41892579236903],[2.077618320492486,41.41872258316461],[2.0769595490637096,41.41993063852057],[2.0772351477013227,41.42101852092103],[2.0754716065765684,41.42217693393937],[2.0779513663925147,41.42246620069997],[2.0797847973446815,41.42296703356107],[2.0799935496470146,41.42309876293627],[2.080140974863236,41.42422424904573],[2.0806066893542985,41.424332771583366],[2.0771891710267445,41.42503551919553],[2.0751259752794047,41.42499411644971],[2.074579175257537,41.424812850557075],[2.0726395670320734,41.42509524991984],[2.0727574412687098,41.426071656292464],[2.0731752881315377,41.42741065366985],[2.074935286300806,41.428201945095374],[2.0765940605072064,41.42866866612802],[2.0754178576781697,41.42958722323342],[2.073131196122437,41.43067140654067],[2.0714949857993306,41.43288794312663],[2.070946867050624,41.4343700014102],[2.0709930943551256,41.43499836373535],[2.0717284094326485,41.43630220694591],[2.073232617714633,41.43716408687491],[2.072608248168001,41.435324418248555]]],[[[2.0634713244114216,41.43349152059612],[2.0634101473439244,41.43301874248436],[2.0638797605233234,41.43305989496145],[2.0636203351541194,41.43231874969049],[2.0647284016671783,41.42997817218262],[2.0677884704617213,41.429553139943906],[2.067798799290848,41.42914869755204],[2.0668963616378817,41.42759599739139],[2.0668706410746873,41.42715349977981],[2.0671779143091897,41.42628749876225],[2.0677238654231003,41.42616713552822],[2.069944331023852,41.425066061845506],[2.0698883147776796,41.424204808705795],[2.070495866065587,41.419414612659146],[2.0711928904540975,41.418539790129216],[2.0706416815008426,41.41837281378247],[2.067053481472645,41.41811327508776],[2.064996119384789,41.418134051748375],[2.0642222028012247,41.41784336045468],[2.064925409395493,41.416598416856885],[2.064201990707332,41.414075797577155],[2.062187461190513,41.4134705844259],[2.0613453804431607,41.41265257085945],[2.0597764251887463,41.41277332563772],[2.05887699689199,41.41251880591332],[2.0594178446767897,41.412160836409164],[2.059127918808736,41.410896292410946],[2.056915185905932,41.41058021640087],[2.0555708445068346,41.41206032012671],[2.0552837743830534,41.41323627099538],[2.0546594245993575,41.41397124143607],[2.0555933050838955,41.414769743358825],[2.0568923848674046,41.416412416582205],[2.0572326945447963,41.418371541939365],[2.0566810427220723,41.419517199089995],[2.056364141344346,41.42066525366012],[2.0564412383553043,41.421356879167426],[2.055758737928299,41.42206822457756],[2.054612034874845,41.42250162750593],[2.0545029443650606,41.4227954308624],[2.0539825817620048,41.422714277524676],[2.0534358491137863,41.42344962300951],[2.0524525810515577,41.42407967059794],[2.053477724979081,41.42472031489466],[2.0549257885558085,41.42505854540736],[2.0568814829130964,41.42576293877672],[2.057798109455984,41.42636068948977],[2.0579025089633585,41.42756617865099],[2.0583268174080085,41.42911202025175],[2.057561584838285,41.43459814968453],[2.0576077887866293,41.43613285315935],[2.0597184973276508,41.43619193725362],[2.059637979532112,41.43573140827374],[2.059958016030175,41.43462001951205],[2.061622372367772,41.433716579308005],[2.0634713244114216,41.43349152059612]]],[[[2.0752006998396952,41.416019960466166],[2.075558570682578,41.41598144403984],[2.0751829931471404,41.416003667078826],[2.0740210393950966,41.41501130545071],[2.0721167313670414,41.412704941972976],[2.070499580599285,41.412178351522876],[2.0706964436988673,41.412637273711134],[2.0704061800642712,41.41418873020074],[2.0710945464900568,41.41503542186337],[2.0728807916353187,41.4158373592313],[2.073583687412525,41.41657939460062],[2.0739329595814913,41.41745601861796],[2.074109427330873,41.417228764675144],[2.0740362613476133,41.41699560598134],[2.0752006998396952,41.416019960466166]]]]},"properties":{"cusec":"0801905001","income":18433,"housing_vuln":0.64,"detail":"18.433 €/persona/año"}},{"type":"Feature","geometry":{"type":"Polygon","coordinates":[[[2.1148375699740765,41.42795963054462],[2.1153355977642314,41.427680644389596],[2.1157483916035864,41.42692120249836],[2.116827916843465,41.42637991364421],[2.118086487997562,41.42620307424479],[2.1196350380203075,41.425650513942905],[2.1212612698572215,41.42573886272015],[2.121333276115462,41.42546315607562],[2.120449697693593,41.42388879812853],[2.120524742054084,41.42256466188567],[2.1215734353167837,41.421025230832214],[2.1211640901097857,41.4207143243046],[2.131275727272168,41.416456978228126],[2.1312433915151816,41.41633325605854],[2.128964745626749,41.41730275783353],[2.128431266722206,41.416630738579265],[2.126760423649969,41.416745001286394],[2.126223091871175,41.415930352174584],[2.125502237873127,41.41560896381006],[2.1251210458671634,41.41495076107582],[2.125486085266018,41.41400755608495],[2.1239923109160195,41.413604451834914],[2.1232531762019384,41.41391475508585],[2.1234088470541503,41.41481677113639],[2.12317654451831,41.41535297714883],[2.122489404292862,41.41503903346348],[2.1222100273411906,41.41602621616651],[2.121829160525343,41.41623631801958],[2.12156583017959,41.416920333191264],[2.120903865239965,41.415983755403296],[2.120085608712301,41.41611471209811],[2.1200198861694908,41.4156556743533],[2.120268814724611,41.41515027347783],[2.120216712438125,41.414926043707894],[2.119467361184288,41.41496003227582],[2.118822552269997,41.41477998401451],[2.1193408891720984,41.41346362109797],[2.1196221615690125,41.41311574276727],[2.119531615879941,41.41248306308296],[2.118846587593737,41.41266721181565],[2.1186586402733467,41.41352190728263],[2.1180365686172227,41.413643658860494],[2.1169802854886797,41.41349640788328],[2.1160747145120378,41.41414730032879],[2.1152018529914742,41.413149620448266],[2.114550809769094,41.41299280313787],[2.1141482234863243,41.41216740777749],[2.1137869049093476,41.412179392404745],[2.1129040172919464,41.41276718213265],[2.112341918960776,41.412370677239664],[2.1120284527406836,41.41236404525815],[2.1114050165436353,41.41281255741823],[2.1110418824714916,41.41359410522375],[2.1103912452876323,41.41312099964995],[2.110082136794993,41.41226047132458],[2.1095328960504784,41.41233844839035],[2.109022325982348,41.41286583520677],[2.1082454539415005,41.41255621143051],[2.1082697336069836,41.41156249551385],[2.1081376974299055,41.411431889406536],[2.1067282155962834,41.41255633741356],[2.1056435645694003,41.41292521467278],[2.1050710233230716,41.412879720894175],[2.104662315919947,41.41312884758282],[2.1009032751893524,41.416929485545865],[2.1002785005025295,41.41694069391125],[2.0997476383904314,41.416556352582525],[2.099487768355131,41.41612528802887],[2.098910905313967,41.41580967063233],[2.0990756006415197,41.4167104956057],[2.099337361630477,41.417115445267655],[2.0991986123432897,41.417364069331455],[2.099339925422293,41.417736775274555],[2.099113955110892,41.417912349710925],[2.099430836725683,41.418062624792206],[2.0983899983318364,41.41900032654722],[2.099353701985513,41.41925871988324],[2.101930017219746,41.41861119433037],[2.103695973914295,41.41908760116221],[2.1053624871068894,41.41915826173887],[2.1064311355453125,41.4195091545542],[2.1045654119552863,41.41947077559749],[2.1026973464573606,41.4198925191605],[2.102473965988926,41.42006172669845],[2.1025698243145645,41.42034327572605],[2.1030657994542854,41.420323035304406],[2.1067990639260987,41.42161889322282],[2.107632747222184,41.42312761240233],[2.107755192086986,41.42383385955439],[2.106748121364666,41.42525881416808],[2.1066879414271464,41.425947637209575],[2.1062247215576235,41.42639553153949],[2.106559604512383,41.42701799055133],[2.1071470344362373,41.427424737639726],[2.1072499795711783,41.42766551714731],[2.1061180663805703,41.42805326755187],[2.1057476182253922,41.42875989825575],[2.1066496471449128,41.42862319886827],[2.108336131682878,41.428713015955665],[2.111107994883142,41.42829131149183],[2.1118490555852003,41.42834399598985],[2.1123073104661327,41.42861667765971],[2.1129037280344143,41.42835940326755],[2.113309408115021,41.42848493657829],[2.1148375699740765,41.42795963054462]]]},"properties":{"cusec":"0801905002","income":29794,"housing_vuln":0.25,"detail":"29.794 €/persona/año"}},{"type":"Feature","geometry":{"type":"Polygon","coordinates":[[[2.1080827995862528,41.41142144812891],[2.1071660284146327,41.41146756342241],[2.1063191596468176,41.41174319743812],[2.106182283346979,41.411408095040684],[2.1057801794595172,41.41117458667736],[2.1067738841486903,41.41036735485083],[2.1069136125995804,41.40993648570562],[2.1065433171579753,41.409613943218865],[2.105706340638098,41.409829441538704],[2.1052870205381966,41.409635872666065],[2.1042573643730194,41.4098035290381],[2.1039113342238775,41.409386161925056],[2.103414199359137,41.40911447883649],[2.1035363190337897,41.408574051505724],[2.1032147895357505,41.40804454795127],[2.103265760843257,41.40767347011317],[2.1034798671047246,41.40739580900576],[2.104387177219781,41.40716958575783],[2.1042681827839975,41.40636812352151],[2.1047349626769845,41.40600891474428],[2.10559253666801,41.40648207211281],[2.1063405323640603,41.40641300603457],[2.1066438431298664,41.406878990928405],[2.1068872434527153,41.406973025533745],[2.1074797668242122,41.40656006756837],[2.1079642875457774,41.40663580985206],[2.1085134501368112,41.407017292482934],[2.108911550233076,41.40698293525291],[2.109089915224328,41.40680001822163],[2.1088354629285218,41.405919722511314],[2.1079301659379945,41.40535692604259],[2.1076247306565863,41.404767108548974],[2.107306132361276,41.40458034401017],[2.107444680425847,41.40409195044524],[2.1073589784528255,41.40357354489592],[2.1068700847324564,41.403266458844],[2.1058894343610035,41.403196060608124],[2.1056962381844064,41.40248726237423],[2.1051274474043935,41.40217125326482],[2.1052775810411966,41.40188926363027],[2.105116704451905,41.40146268171182],[2.104721002857457,41.400979779307654],[2.1044358281789517,41.40090055752717],[2.103011112714751,41.40110383057052],[2.1031804523323303,41.402038133815026],[2.1036984631459523,41.40299072417954],[2.1038171341882475,41.403736482136836],[2.103406923903645,41.40454036676401],[2.1019554197793675,41.40497955318256],[2.1018238174885546,41.40516276910807],[2.1016635355839743,41.406355068548656],[2.1014093042737554,41.40665476023209],[2.1012992965840342,41.40731900913054],[2.1005817600643337,41.408355097402634],[2.097795959502469,41.40910674630225],[2.097216571297031,41.40896970640033],[2.0969012410727275,41.40846195871796],[2.0961998373972004,41.40793916955556],[2.0954892277866515,41.40778983923985],[2.0924899740385423,41.4082238286138],[2.091481341145937,41.40813794215293],[2.0919289366177445,41.40843297674626],[2.092975363430934,41.40845228301512],[2.0937594085193383,41.40871622618585],[2.095310774760518,41.40855230293821],[2.095405729380977,41.40880775651733],[2.0952547719890684,41.40948938605516],[2.095756393040347,41.41003524952821],[2.0969846703081263,41.409985245106675],[2.097641644208011,41.41028169894425],[2.099587536148905,41.409423509283336],[2.1019735522733796,41.40896962891985],[2.1020734817638975,41.4091506062054],[2.0996401738312933,41.410273124386755],[2.0981051299788414,41.411693654478505],[2.097223441612332,41.412898002487516],[2.0969398865962603,41.413055809693326],[2.0970319136072115,41.41359622197425],[2.0973572169277905,41.414161847305245],[2.0971357480742787,41.4144043709879],[2.096960783206408,41.41523178119102],[2.097181925073143,41.41535817119854],[2.09765477308589,41.41521746619957],[2.097748365860382,41.415352855213335],[2.0974670835820004,41.41585781662585],[2.0981673140577515,41.41711451292391],[2.0980447533102913,41.4184310975829],[2.098524425824221,41.41884847462165],[2.0994372273406343,41.41814764394636],[2.099134466343785,41.41797554617929],[2.099337216103414,41.41777360383558],[2.0991986123432897,41.417364069331455],[2.099326432726723,41.41716860433138],[2.098866470148441,41.41583754381744],[2.099487768355131,41.41612528802887],[2.0997476383904314,41.416556352582525],[2.1002785005025295,41.41694069391125],[2.1009032751893524,41.416929485545865],[2.104662315919947,41.41312884758282],[2.1050710233230716,41.412879720894175],[2.1056435645694003,41.41292521467278],[2.1067282155962834,41.41255633741356],[2.1080827995862528,41.41142144812891]]]},"properties":{"cusec":"0801905003","income":28869,"housing_vuln":0.28,"detail":"28.869 €/persona/año"}},{"type":"Feature","geometry":{"type":"Polygon","coordinates":[[[2.1194713155681772,41.41244629282948],[2.1202699780428853,41.41146002856742],[2.1209307643928517,41.41101193286137],[2.1213867339597012,41.41037817223848],[2.121953062457537,41.409967316403396],[2.121917978754096,41.408852925707805],[2.122322508991185,41.407946331559295],[2.1226192449874004,41.40772330046366],[2.1202399204134714,41.405943361224054],[2.1181551210818674,41.40489554903249],[2.117239328175587,41.40416200340233],[2.116304448764476,41.40473924678467],[2.1141792998052464,41.40665480335316],[2.113608595613683,41.40698827348354],[2.11236246073637,41.40847705944122],[2.1112843027323738,41.40898592137658],[2.1107713629085008,41.40890278614594],[2.110287635399373,41.409098300274394],[2.1102877405022666,41.40946438094422],[2.1089842059732513,41.410840962865564],[2.1080827995862528,41.41142144812891],[2.1082363468211263,41.411487365319],[2.1083173101810586,41.41262423549322],[2.1089326211163937,41.41287358144139],[2.1095328960504784,41.41233844839035],[2.110082136794993,41.41226047132458],[2.1103912452876323,41.41312099964995],[2.1109550746723094,41.41359554356314],[2.1111294188043526,41.41353996031231],[2.1115017435401673,41.41269944723891],[2.1120284527406836,41.41236404525815],[2.112341918960776,41.412370677239664],[2.112683670434209,41.41270644904988],[2.1129628964689013,41.41276131349816],[2.1137869049093476,41.412179392404745],[2.1141482234863243,41.41216740777749],[2.114341941584068,41.412333359197696],[2.114550809769094,41.41299280313787],[2.1152018529914742,41.413149620448266],[2.1160747145120378,41.41414730032879],[2.1169802854886797,41.41349640788328],[2.1180365686172227,41.413643658860494],[2.1186586402733467,41.41352190728263],[2.118846587593737,41.41266721181565],[2.1194713155681772,41.41244629282948]]]},"properties":{"cusec":"0801905004","income":36918,"housing_vuln":0,"detail":"36.918 €/persona/año"}},{"type":"Feature","geometry":{"type":"Polygon","coordinates":[[[2.107407467715218,41.41142623287254],[2.108027102242017,41.411410874800815],[2.1089842059732513,41.410840962865564],[2.1102877405022666,41.40946438094422],[2.110287635399373,41.409098300274394],[2.1107713629085008,41.40890278614594],[2.1112843027323738,41.40898592137658],[2.11236246073637,41.40847705944122],[2.113608595613683,41.40698827348354],[2.1141792998052464,41.40665480335316],[2.116304448764476,41.40473924678467],[2.117239328175587,41.40416200340233],[2.1138969557181957,41.40105574035104],[2.114092271918843,41.39830637932077],[2.113251048164288,41.39730654105673],[2.1118208951976563,41.39625825872666],[2.109955696223802,41.39517946142826],[2.1096290975325753,41.39553225877454],[2.1095631980216365,41.39582104241756],[2.1097544035315656,41.39632229367013],[2.109583649067424,41.39675806317833],[2.1089552308137733,41.39755492354394],[2.1086536564914233,41.39845120651318],[2.1067338363550223,41.400015870690396],[2.1054438538103857,41.40060417071969],[2.1043999404833413,41.40083055024357],[2.104786359785949,41.4010312346682],[2.105116704451905,41.40146268171182],[2.105280003797502,41.40182767002111],[2.1051274474043935,41.40217125326482],[2.1057660300954684,41.40256007226916],[2.1059218626444247,41.40324015292036],[2.1068700847324564,41.403266458844],[2.1073589784528255,41.40357354489592],[2.1074421022610106,41.404050468316115],[2.1072919856921857,41.40449672475167],[2.1076247306565863,41.404767108548974],[2.1079301659379945,41.40535692604259],[2.1088354629285218,41.405919722511314],[2.109089915224328,41.40680001822163],[2.108911550233076,41.40698293525291],[2.1085134501368112,41.407017292482934],[2.107564261461535,41.40653192561142],[2.1068872434527153,41.406973025533745],[2.1066438431298664,41.406878990928405],[2.1063405323640603,41.40641300603457],[2.10559253666801,41.40648207211281],[2.1047349626769845,41.40600891474428],[2.1042808409446643,41.40628182967117],[2.104387177219781,41.40716958575783],[2.1034798671047246,41.40739580900576],[2.1032015447751786,41.40789470178191],[2.10354097769687,41.408513619036945],[2.103451631258724,41.40917236467872],[2.1039113342238775,41.409386161925056],[2.1042573643730194,41.4098035290381],[2.1052870205381966,41.409635872666065],[2.1056249038659947,41.4098112722692],[2.1064872110802932,41.40961854214437],[2.1069136125995804,41.40993648570562],[2.1067738841486903,41.41036735485083],[2.1057801794595172,41.41117458667736],[2.1062423896226363,41.41148631499399],[2.1062512092821057,41.411679318495885],[2.106421833490535,41.41178431085041],[2.107407467715218,41.41142623287254]]]},"properties":{"cusec":"0801905005","income":28109,"housing_vuln":0.31,"detail":"28.109 €/persona/año"}},{"type":"Feature","geometry":{"type":"Polygon","coordinates":[[[2.116984288381613,41.39931059161975],[2.118256032431013,41.39884449045629],[2.1204148762982045,41.39690904758635],[2.1207569233173826,41.39699723060433],[2.1211845878679556,41.39316220294988],[2.1215810386573497,41.39237832899224],[2.122065753414988,41.39187822938232],[2.1214522175506505,41.39140365961416],[2.120384613852919,41.39094569067383],[2.1195595130611027,41.39148341997964],[2.1175375966976846,41.392185799879],[2.1181404318303634,41.39281953846612],[2.1184210188127253,41.3934514944637],[2.1183878637922193,41.39437650284559],[2.118092577676852,41.39483299740552],[2.1172901009554685,41.39537889909618],[2.115812891539314,41.395770452911066],[2.113149823303122,41.39724818574159],[2.114092271918843,41.39830637932077],[2.113861627673011,41.400345637142365],[2.1138969557181957,41.40105574035104],[2.1140714121396424,41.40121931932077],[2.114533330350305,41.400767595845544],[2.115870913723505,41.40023904346729],[2.116984288381613,41.39931059161975]]]},"properties":{"cusec":"0801905006","income":36918,"housing_vuln":0,"detail":"36.918 €/persona/año"}},{"type":"Feature","geometry":{"type":"Polygon","coordinates":[[[2.1203327020092844,41.401020107112174],[2.116984288381613,41.39931059161975],[2.115870913723505,41.40023904346729],[2.114533330350305,41.400767595845544],[2.1140714121396424,41.40121931932077],[2.1178631254954015,41.40468121954007],[2.119835013782332,41.402629197695106],[2.1216421510461227,41.40158570919445],[2.1203327020092844,41.401020107112174]]]},"properties":{"cusec":"0801905007","income":31904,"housing_vuln":0.17,"detail":"31.904 €/persona/año"}},{"type":"Feature","geometry":{"type":"Polygon","coordinates":[[[2.123931032338917,41.403764773539926],[2.124770024678315,41.4030449216805],[2.1246327773742415,41.40298412156175],[2.1248495489371306,41.402292310526065],[2.1252114505207236,41.40202925090986],[2.1228785931014875,41.40072530839041],[2.1240110416879987,41.39969274931756],[2.1228654130196403,41.398911507322545],[2.122243061089122,41.39870379955583],[2.1220892946653236,41.39917707211087],[2.121421896714887,41.400047389365135],[2.1203327020092844,41.401020107112174],[2.1216421510461227,41.40158570919445],[2.119835013782332,41.402629197695106],[2.1178631254954015,41.40468121954007],[2.1202399204134714,41.405943361224054],[2.121825834962155,41.407035760337145],[2.1227588647421083,41.40589933475468],[2.1231614743811025,41.40482988927834],[2.123931032338917,41.403764773539926]]]},"properties":{"cusec":"0801905008","income":34560,"housing_vuln":0.08,"detail":"34.560 €/persona/año"}},{"type":"Feature","geometry":{"type":"Polygon","coordinates":[[[2.1218767829135037,41.39942311999865],[2.1198634715122155,41.39851534104775],[2.1201448912328535,41.398239493906],[2.11943363842855,41.39775042127887],[2.118256032431013,41.39884449045629],[2.116984288381613,41.39931059161975],[2.1203327020092844,41.401020107112174],[2.121421896714887,41.400047389365135],[2.1218767829135037,41.39942311999865]]]},"properties":{"cusec":"0801905009","income":28910,"housing_vuln":0.28,"detail":"28.910 €/persona/año"}},{"type":"Feature","geometry":{"type":"Polygon","coordinates":[[[2.122243061089122,41.39870379955583],[2.1223030550753754,41.398307214225596],[2.1227097448623864,41.39794195075243],[2.1207569233173826,41.39699723060433],[2.1204148762982045,41.39690904758635],[2.11943363842855,41.39775042127887],[2.1201448912328535,41.398239493906],[2.1198634715122155,41.39851534104775],[2.1213590074584547,41.3992708429339],[2.1218767829135037,41.39942311999865],[2.122243061089122,41.39870379955583]]]},"properties":{"cusec":"0801905010","income":27520,"housing_vuln":0.33,"detail":"27.520 €/persona/año"}},{"type":"Feature","geometry":{"type":"Polygon","coordinates":[[[2.1238088201377634,41.397030625441054],[2.122418832644153,41.398181861801184],[2.122243061089122,41.39870379955583],[2.1238673831077737,41.39952200626923],[2.125482841449499,41.39787993089304],[2.1238088201377634,41.397030625441054]]]},"properties":{"cusec":"0801905011","income":28034,"housing_vuln":0.31,"detail":"28.034 €/persona/año"}},{"type":"Feature","geometry":{"type":"Polygon","coordinates":[[[2.1281687017410804,41.397777388459076],[2.126074415301764,41.396385472057034],[2.125611015769188,41.39570446990851],[2.1229803794097055,41.396252290889095],[2.1224455305743892,41.39684710625786],[2.1238088201377634,41.397030625441054],[2.125482841449499,41.39787993089304],[2.1238673831077737,41.39952200626923],[2.1240727990671546,41.39964715328309],[2.1263072711998166,41.398045043467505],[2.1271713058744,41.39780394120488],[2.1281687017410804,41.397777388459076]]]},"properties":{"cusec":"0801905012","income":26815,"housing_vuln":0.35,"detail":"26.815 €/persona/año"}},{"type":"Feature","geometry":{"type":"Polygon","coordinates":[[[2.1238088201377634,41.397030625441054],[2.1224455305743892,41.39684710625786],[2.122918337264603,41.39631398142922],[2.120911961755638,41.39521505137133],[2.1207569233173826,41.39699723060433],[2.1227097448623864,41.39794195075243],[2.1238088201377634,41.397030625441054]]]},"properties":{"cusec":"0801905013","income":26658,"housing_vuln":0.36,"detail":"26.658 €/persona/año"}},{"type":"Feature","geometry":{"type":"Polygon","coordinates":[[[2.123913351697478,41.39405847034243],[2.1213556154199487,41.392732740733905],[2.120911961755638,41.39521505137133],[2.1221236372586256,41.39587871435295],[2.123913351697478,41.39405847034243]]]},"properties":{"cusec":"0801905014","income":31837,"housing_vuln":0.18,"detail":"31.837 €/persona/año"}},{"type":"Feature","geometry":{"type":"Polygon","coordinates":[[[2.125611015769188,41.39570446990851],[2.1262300969337744,41.39542802523215],[2.123913351697478,41.39405847034243],[2.1221236372586256,41.39587871435295],[2.122918337264603,41.39631398142922],[2.125611015769188,41.39570446990851]]]},"properties":{"cusec":"0801905015","income":27963,"housing_vuln":0.31,"detail":"27.963 €/persona/año"}},{"type":"Feature","geometry":{"type":"Polygon","coordinates":[[[2.127150903337656,41.39471777225427],[2.123938168555526,41.39308046739819],[2.123318558283249,41.39375437862234],[2.1262300969337744,41.39542802523215],[2.127150903337656,41.39471777225427]]]},"properties":{"cusec":"0801905016","income":23897,"housing_vuln":0.45,"detail":"23.897 €/persona/año"}},{"type":"Feature","geometry":{"type":"Polygon","coordinates":[[[2.1247919929785666,41.39347972564949],[2.1255999988305514,41.39147317430413],[2.122556701582385,41.39071665916637],[2.120912958885583,41.39008200845756],[2.120384613852919,41.39094569067383],[2.1214522175506505,41.39140365961416],[2.122065753414988,41.39187822938232],[2.1213556154199487,41.392732740733905],[2.123318558283249,41.39375437862234],[2.123938168555526,41.39308046739819],[2.1247919929785666,41.39347972564949]]]},"properties":{"cusec":"0801905017","income":36918,"housing_vuln":0,"detail":"36.918 €/persona/año"}},{"type":"Feature","geometry":{"type":"Polygon","coordinates":[[[2.1270505148080217,41.391849530473955],[2.1255999988305514,41.39147317430413],[2.1247919929785666,41.39347972564949],[2.1260757385201887,41.39408076961811],[2.1270505148080217,41.391849530473955]]]},"properties":{"cusec":"0801905018","income":26634,"housing_vuln":0.36,"detail":"26.634 €/persona/año"}},{"type":"Feature","geometry":{"type":"Polygon","coordinates":[[[2.1279957904219406,41.3940692695544],[2.1299473094097863,41.39253961693073],[2.1270505148080217,41.391849530473955],[2.1260757385201887,41.39408076961811],[2.127150903337656,41.39471777225427],[2.1279957904219406,41.3940692695544]]]},"properties":{"cusec":"0801905019","income":33797,"housing_vuln":0.11,"detail":"33.797 €/persona/año"}},{"type":"Feature","geometry":{"type":"Polygon","coordinates":[[[2.1324840421776807,41.39219359103594],[2.1299473094097863,41.39253961693073],[2.1296746069406822,41.39275970595249],[2.131465178372299,41.39391101458893],[2.13160513769021,41.39378786205838],[2.1321749633294456,41.39415447982278],[2.1320303300771037,41.39427734660092],[2.132221803285001,41.39440746357518],[2.13264592937164,41.3939692691198],[2.131846589567221,41.393484525866334],[2.1328529569086467,41.39239277032072],[2.1324840421776807,41.39219359103594]]]},"properties":{"cusec":"0801905020","income":36413,"housing_vuln":0.02,"detail":"36.413 €/persona/año"}},{"type":"Feature","geometry":{"type":"Polygon","coordinates":[[[2.1351421058994093,41.393819687682424],[2.1357728651626626,41.392287223672604],[2.136435602653424,41.391583641241695],[2.1324840421776807,41.39219359103594],[2.1328529569086467,41.39239277032072],[2.131846589567221,41.393484525866334],[2.13264592937164,41.3939692691198],[2.132221803285001,41.39440746357518],[2.1340974586487698,41.39568203978308],[2.134569684128995,41.395107488318736],[2.1351421058994093,41.393819687682424]]]},"properties":{"cusec":"0801905021","income":36918,"housing_vuln":0,"detail":"36.918 €/persona/año"}},{"type":"Feature","geometry":{"type":"Polygon","coordinates":[[[2.1337874805869403,41.39606334075493],[2.1340974586487698,41.39568203978308],[2.1320303300771037,41.39427734660092],[2.1321749633294456,41.39415447982278],[2.13160513769021,41.39378786205838],[2.131465178372299,41.39391101458893],[2.1296746069406822,41.39275970595249],[2.1279957904219406,41.3940692695544],[2.128551685886053,41.39440900274956],[2.129681572477376,41.39564148224201],[2.1304099534592034,41.395011133867534],[2.133091506329003,41.39677619431803],[2.1337874805869403,41.39606334075493]]]},"properties":{"cusec":"0801905022","income":36918,"housing_vuln":0,"detail":"36.918 €/persona/año"}},{"type":"Feature","geometry":{"type":"Polygon","coordinates":[[[2.129681572477376,41.39564148224201],[2.128551685886053,41.39440900274956],[2.1279957904219406,41.3940692695544],[2.1259868619009246,41.39561386590137],[2.125611015769188,41.39570446990851],[2.126074415301764,41.396385472057034],[2.1276226104899894,41.39741734309918],[2.128693865839322,41.39677048731559],[2.128513427536437,41.396649806570416],[2.129681572477376,41.39564148224201]]]},"properties":{"cusec":"0801905023","income":25046,"housing_vuln":0.41,"detail":"25.046 €/persona/año"}},{"type":"Feature","geometry":{"type":"Polygon","coordinates":[[[2.133091506329003,41.39677619431803],[2.1304099534592034,41.395011133867534],[2.12857179557201,41.39659950814764],[2.128693865839322,41.39677048731559],[2.1276226104899894,41.39741734309918],[2.1281687017410804,41.397777388459076],[2.132863937914699,41.397797625124056],[2.1328149186462855,41.39723039975239],[2.133091506329003,41.39677619431803]]]},"properties":{"cusec":"0801905024","income":36918,"housing_vuln":0,"detail":"36.918 €/persona/año"}},{"type":"Feature","geometry":{"type":"Polygon","coordinates":[[[2.134160495228892,41.399334047429946],[2.1329108066163287,41.397868013035456],[2.1281687017410804,41.397777388459076],[2.131464071647875,41.39995992542631],[2.131715299890131,41.39970492761634],[2.1333287037848274,41.40040894503712],[2.134160495228892,41.399334047429946]]]},"properties":{"cusec":"0801905025","income":36918,"housing_vuln":0,"detail":"36.918 €/persona/año"}},{"type":"Feature","geometry":{"type":"Polygon","coordinates":[[[2.131829687765166,41.40234314830944],[2.1333287037848274,41.40040894503712],[2.131715299890131,41.39970492761634],[2.129470241111842,41.401977371161784],[2.131446514973969,41.4028370175704],[2.131829687765166,41.40234314830944]]]},"properties":{"cusec":"0801905026","income":36918,"housing_vuln":0,"detail":"36.918 €/persona/año"}},{"type":"Feature","geometry":{"type":"Polygon","coordinates":[[[2.131464071647875,41.39995992542631],[2.1281687017410804,41.397777388459076],[2.1267044271667324,41.399355441272405],[2.1302220294950382,41.40121568134708],[2.131464071647875,41.39995992542631]]]},"properties":{"cusec":"0801905027","income":36918,"housing_vuln":0,"detail":"36.918 €/persona/año"}},{"type":"Feature","geometry":{"type":"Polygon","coordinates":[[[2.1267044271667324,41.399355441272405],[2.1281687017410804,41.397777388459076],[2.1270918876167415,41.3978153294211],[2.1262731621684927,41.39806132316484],[2.1240727990671546,41.39964715328309],[2.1228785931014875,41.40072530839041],[2.1244788438637827,41.40161977279775],[2.1267044271667324,41.399355441272405]]]},"properties":{"cusec":"0801905028","income":32630,"housing_vuln":0.15,"detail":"32.630 €/persona/año"}},{"type":"Feature","geometry":{"type":"Polygon","coordinates":[[[2.129470241111842,41.401977371161784],[2.1302220294950382,41.40121568134708],[2.1267044271667324,41.399355441272405],[2.1244788438637827,41.40161977279775],[2.126870476255411,41.40295650227676],[2.12833648367996,41.40147558336263],[2.129470241111842,41.401977371161784]]]},"properties":{"cusec":"0801905029","income":36918,"housing_vuln":0,"detail":"36.918 €/persona/año"}},{"type":"Feature","geometry":{"type":"Polygon","coordinates":[[[2.131446514973969,41.4028370175704],[2.12833648367996,41.40147558336263],[2.126870476255411,41.40295650227676],[2.13000316755247,41.40470728164306],[2.131446514973969,41.4028370175704]]]},"properties":{"cusec":"0801905030","income":36918,"housing_vuln":0,"detail":"36.918 €/persona/año"}},{"type":"Feature","geometry":{"type":"Polygon","coordinates":[[[2.1337904216711703,41.40680205771045],[2.1252114505207236,41.40202925090986],[2.1248495489371306,41.402292310526065],[2.1246327773742415,41.40298412156175],[2.124732166078973,41.40314604216335],[2.123958218054344,41.4037226713081],[2.1263719013912565,41.40515509674394],[2.1252714337271783,41.40629837209717],[2.128303126538507,41.40793961760191],[2.1301269077879192,41.40784694942292],[2.1337904216711703,41.40680205771045]]]},"properties":{"cusec":"0801905031","income":36918,"housing_vuln":0,"detail":"36.918 €/persona/año"}},{"type":"Feature","geometry":{"type":"Polygon","coordinates":[[[2.1312433915151816,41.41633325605854],[2.129750547819843,41.41680688861813],[2.1293962028644335,41.416642766171165],[2.1288126743238736,41.41532393425197],[2.1289392658120105,41.41481955142436],[2.128494670713275,41.414455980097216],[2.1290209073999846,41.41366777982306],[2.1295467551161846,41.41345554212757],[2.1291881548412577,41.413204552565844],[2.1300142177287658,41.41286122438449],[2.1283488382100746,41.4115904035335],[2.129712219401619,41.411769291067856],[2.1344207605228824,41.408741714660394],[2.1343294970799302,41.40767610180664],[2.1337904216711703,41.40680205771045],[2.1301269077879192,41.40784694942292],[2.128303126538507,41.40793961760191],[2.1252714337271783,41.40629837209717],[2.1263719013912565,41.40515509674394],[2.123931032338917,41.403764773539926],[2.1231614743811025,41.40482988927834],[2.1227588647421083,41.40589933475468],[2.121825834962155,41.407035760337145],[2.1226192449874004,41.40772330046366],[2.122322508991185,41.407946331559295],[2.121917978754096,41.408852925707805],[2.1219908285303775,41.40990740602659],[2.1212936999373038,41.4104753757102],[2.120997590066831,41.41095069486682],[2.1202941786566574,41.41143916218867],[2.1195000400976993,41.41241032898318],[2.1196221615690125,41.41311574276727],[2.118822552269997,41.41477998401451],[2.1202664404773155,41.414971551547985],[2.120036099862036,41.41605294671475],[2.120903865239965,41.415983755403296],[2.12156583017959,41.416920333191264],[2.121829160525343,41.41623631801958],[2.1222100273411906,41.41602621616651],[2.122489404292862,41.41503903346348],[2.1232153526368833,41.41531897127091],[2.1234150427346647,41.414890843168564],[2.1232531762019384,41.41391475508585],[2.1240929806183457,41.413605217152615],[2.125518907011534,41.41406196873538],[2.1251210458671634,41.41495076107582],[2.125502237873127,41.41560896381006],[2.126223091871175,41.415930352174584],[2.126760423649969,41.416745001286394],[2.128431266722206,41.416630738579265],[2.1289262725797595,41.41731896062498],[2.1312433915151816,41.41633325605854]]]},"properties":{"cusec":"0801905032","income":36918,"housing_vuln":0,"detail":"36.918 €/persona/año"}},{"type":"Feature","geometry":{"type":"Polygon","coordinates":[[[2.12927211947256,41.419530429257165],[2.1296499248299328,41.419446145501226],[2.1300895890760665,41.41964860875141],[2.130062138357596,41.41911315629947],[2.130523007336015,41.41831619518342],[2.131273791402723,41.41821580429315],[2.1321407590766968,41.418568126956856],[2.1342007074142626,41.417797393848886],[2.13627993359784,41.41597666906307],[2.136054653192577,41.41536948156026],[2.1371384508199176,41.41436846346799],[2.1378460726338537,41.41404698046925],[2.1347583599830644,41.413307310493],[2.137136859903558,41.410228364464196],[2.135669672092723,41.40988949414516],[2.1344207605228824,41.408741714660394],[2.129712219401619,41.411769291067856],[2.1283488382100746,41.4115904035335],[2.1300142177287658,41.41286122438449],[2.1291881548412577,41.413204552565844],[2.129483947606455,41.41341158677105],[2.128932026289135,41.41372424213507],[2.128494670713275,41.414455980097216],[2.1289350949341532,41.414768977381186],[2.1288286984718976,41.4153846130144],[2.1293962028644335,41.416642766171165],[2.129750547819843,41.41680688861813],[2.131227424859338,41.416312048348644],[2.1312993978798858,41.41640842376343],[2.1288902393570863,41.41744807352782],[2.127932927216658,41.41825363766379],[2.128136443239244,41.418810997280055],[2.1274679834801384,41.41921428882424],[2.1275847411108493,41.41949875229834],[2.1286918239686865,41.4199064437636],[2.12927211947256,41.419530429257165]]]},"properties":{"cusec":"0801905033","income":34732,"housing_vuln":0.08,"detail":"34.732 €/persona/año"}},{"type":"Feature","geometry":{"type":"Polygon","coordinates":[[[2.1378711122740817,41.414026513746386],[2.1376932799838086,41.41392581778032],[2.1382846175791372,41.41121154561856],[2.1379780683867624,41.410656664778614],[2.137136859903558,41.410228364464196],[2.1347583599830644,41.413307310493],[2.1378711122740817,41.414026513746386]]]},"properties":{"cusec":"0801905034","income":28502,"housing_vuln":0.29,"detail":"28.502 €/persona/año"}},{"type":"Feature","geometry":{"type":"Polygon","coordinates":[[[2.1383845740191347,41.407285631708135],[2.1377907040729887,41.40707414529384],[2.1364790272142486,41.40786976545389],[2.1369935453780884,41.40834536374144],[2.137295427822576,41.40835374114471],[2.13557051694997,41.40979836688354],[2.137136859903558,41.410228364464196],[2.137333284625257,41.409766020201914],[2.1372409629668905,41.40950924784368],[2.1383845740191347,41.407285631708135]]]},"properties":{"cusec":"0801905035","income":36918,"housing_vuln":0,"detail":"36.918 €/persona/año"}},{"type":"Feature","geometry":{"type":"Polygon","coordinates":[[[2.1364790272142486,41.40786976545389],[2.1358723913096505,41.40730096515215],[2.134361482493915,41.40822734289869],[2.1343329681701815,41.40866103020678],[2.13557051694997,41.40979836688354],[2.137295427822576,41.40835374114471],[2.1369935453780884,41.40834536374144],[2.1364790272142486,41.40786976545389]]]},"properties":{"cusec":"0801905036","income":35061,"housing_vuln":0.06,"detail":"35.061 €/persona/año"}},{"type":"Feature","geometry":{"type":"Polygon","coordinates":[[[2.1383845740191347,41.407285631708135],[2.1394978202181245,41.40519388169087],[2.1384843220499725,41.405760954683835],[2.1382220005122594,41.405685112335014],[2.1358723913096505,41.40730096515215],[2.1364790272142486,41.40786976545389],[2.1377907040729887,41.40707414529384],[2.1383845740191347,41.407285631708135]]]},"properties":{"cusec":"0801905037","income":24901,"housing_vuln":0.42,"detail":"24.901 €/persona/año"}},{"type":"Feature","geometry":{"type":"Polygon","coordinates":[[[2.1394978202181245,41.40519388169087],[2.1406839197866505,41.40442426807148],[2.139965769717599,41.404067103619944],[2.1394319458600375,41.404232120967905],[2.136140592320866,41.405935478734385],[2.1368635016642727,41.406696752087655],[2.1382220005122594,41.405685112335014],[2.1384843220499725,41.405760954683835],[2.1394978202181245,41.40519388169087]]]},"properties":{"cusec":"0801905038","income":24004,"housing_vuln":0.45,"detail":"24.004 €/persona/año"}},{"type":"Feature","geometry":{"type":"Polygon","coordinates":[[[2.1358723913096505,41.40730096515215],[2.1368635016642727,41.406696752087655],[2.136140592320866,41.405935478734385],[2.1342837890016177,41.40649406317902],[2.1337904216711703,41.40680205771045],[2.1343294970799302,41.40767610180664],[2.134361482493915,41.40822734289869],[2.1358723913096505,41.40730096515215]]]},"properties":{"cusec":"0801905039","income":33380,"housing_vuln":0.12,"detail":"33.380 €/persona/año"}},{"type":"Feature","geometry":{"type":"Polygon","coordinates":[[[2.136140592320866,41.405935478734385],[2.1376552318399464,41.405145345758726],[2.1366245911212167,41.403980944841656],[2.1349714942673725,41.405440920837044],[2.133116457036018,41.4064465900787],[2.1337904216711703,41.40680205771045],[2.1342837890016177,41.40649406317902],[2.136140592320866,41.405935478734385]]]},"properties":{"cusec":"0801905040","income":24914,"housing_vuln":0.42,"detail":"24.914 €/persona/año"}},{"type":"Feature","geometry":{"type":"Polygon","coordinates":[[[2.139965769717599,41.404067103619944],[2.1379235217843746,41.40281785719679],[2.1366245911212167,41.403980944841656],[2.1376552318399464,41.405145345758726],[2.139965769717599,41.404067103619944]]]},"properties":{"cusec":"0801905041","income":28266,"housing_vuln":0.3,"detail":"28.266 €/persona/año"}},{"type":"Feature","geometry":{"type":"Polygon","coordinates":[[[2.1379235217843746,41.40281785719679],[2.136977898522445,41.40189308888726],[2.1363575812760525,41.40245304492302],[2.1353958009154286,41.40184848558143],[2.134795481963886,41.40238362350644],[2.1357037928021754,41.40295437776774],[2.1366245911212167,41.403980944841656],[2.1379235217843746,41.40281785719679]]]},"properties":{"cusec":"0801905042","income":28122,"housing_vuln":0.31,"detail":"28.122 €/persona/año"}},{"type":"Feature","geometry":{"type":"Polygon","coordinates":[[[2.1366245911212167,41.403980944841656],[2.135746660407533,41.403002160674696],[2.1339914044446417,41.40457943843807],[2.1349714942673725,41.405440920837044],[2.1366245911212167,41.403980944841656]]]},"properties":{"cusec":"0801905043","income":25806,"housing_vuln":0.39,"detail":"25.806 €/persona/año"}},{"type":"Feature","geometry":{"type":"Polygon","coordinates":[[[2.135746660407533,41.403002160674696],[2.134795481963886,41.40238362350644],[2.1328884798882686,41.404109534439925],[2.1339914044446417,41.40457943843807],[2.135746660407533,41.403002160674696]]]},"properties":{"cusec":"0801905044","income":28468,"housing_vuln":0.29,"detail":"28.468 €/persona/año"}},{"type":"Feature","geometry":{"type":"Polygon","coordinates":[[[2.1349714942673725,41.405440920837044],[2.1339914044446417,41.40457943843807],[2.1328884798882686,41.404109534439925],[2.1313843488613675,41.40547892605059],[2.133116457036018,41.4064465900787],[2.1349714942673725,41.405440920837044]]]},"properties":{"cusec":"0801905045","income":32917,"housing_vuln":0.14,"detail":"32.917 €/persona/año"}},{"type":"Feature","geometry":{"type":"Polygon","coordinates":[[[2.1328884798882686,41.404109534439925],[2.133861154118327,41.40322713168302],[2.131829687765166,41.40234314830944],[2.13000316755247,41.40470728164306],[2.1313843488613675,41.40547892605059],[2.1328884798882686,41.404109534439925]]]},"properties":{"cusec":"0801905046","income":36918,"housing_vuln":0,"detail":"36.918 €/persona/año"}},{"type":"Feature","geometry":{"type":"Polygon","coordinates":[[[2.134795481963886,41.40238362350644],[2.135146690900628,41.402070549030235],[2.1329332860579955,41.40091941120114],[2.131829687765166,41.40234314830944],[2.133861154118327,41.40322713168302],[2.134795481963886,41.40238362350644]]]},"properties":{"cusec":"0801905047","income":34364,"housing_vuln":0.09,"detail":"34.364 €/persona/año"}},{"type":"Feature","geometry":{"type":"Polygon","coordinates":[[[2.136977898522445,41.40189308888726],[2.134160495228892,41.399334047429946],[2.1329332860579955,41.40091941120114],[2.135146690900628,41.402070549030235],[2.1353958009154286,41.40184848558143],[2.1363575812760525,41.40245304492302],[2.136977898522445,41.40189308888726]]]},"properties":{"cusec":"0801905048","income":34655,"housing_vuln":0.08,"detail":"34.655 €/persona/año"}},{"type":"Feature","geometry":{"type":"Polygon","coordinates":[[[2.137388545388304,41.40065903393302],[2.1374141752216578,41.3978006675977],[2.132863937914699,41.397797625124056],[2.1342306581441552,41.39940992414516],[2.1357865752505307,41.400838004124324],[2.136070002705848,41.400643769673714],[2.137388545388304,41.40065903393302]]]},"properties":{"cusec":"0801905049","income":36918,"housing_vuln":0,"detail":"36.918 €/persona/año"}},{"type":"Feature","geometry":{"type":"Polygon","coordinates":[[[2.1396489294253085,41.401533548109214],[2.138777880705021,41.40100017062927],[2.138713042104455,41.40067112040995],[2.136070002705848,41.400643769673714],[2.1357865752505307,41.400838004124324],[2.1378612236194328,41.4027646587631],[2.1396489294253085,41.401533548109214]]]},"properties":{"cusec":"0801905050","income":30324,"housing_vuln":0.23,"detail":"30.324 €/persona/año"}},{"type":"Feature","geometry":{"type":"Polygon","coordinates":[[[2.1405229183315626,41.40088296457823],[2.1432125632254158,41.398863912106734],[2.1409617812804522,41.398035622278954],[2.1404420519896834,41.39837488797878],[2.1401563976107942,41.39859798687633],[2.140492738531276,41.398837831487846],[2.140483246931978,41.399298326321244],[2.140877605545066,41.39959682887857],[2.1390564617493646,41.4010844567572],[2.1396489294253085,41.401533548109214],[2.1405229183315626,41.40088296457823]]]},"properties":{"cusec":"0801905051","income":32950,"housing_vuln":0.14,"detail":"32.950 €/persona/año"}},{"type":"Feature","geometry":{"type":"Polygon","coordinates":[[[2.1390564617493646,41.4010844567572],[2.140877605545066,41.39959682887857],[2.140483246931978,41.399298326321244],[2.140492738531276,41.398837831487846],[2.1401563976107942,41.39859798687633],[2.1409617812804522,41.398035622278954],[2.139888151683791,41.39784139764703],[2.1374141752216578,41.3978006675977],[2.137388545388304,41.40065903393302],[2.138713042104455,41.40067112040995],[2.138777880705021,41.40100017062927],[2.1390564617493646,41.4010844567572]]]},"properties":{"cusec":"0801905052","income":36918,"housing_vuln":0,"detail":"36.918 €/persona/año"}},{"type":"Feature","geometry":{"type":"Polygon","coordinates":[[[2.1406297882059553,41.39718107888381],[2.139942883339114,41.39696601166919],[2.135854849907095,41.39697824573605],[2.1337874805869403,41.39606334075493],[2.1329392553630746,41.39695358217839],[2.13279366450666,41.39747398867347],[2.1328400238635012,41.39774718136199],[2.139888151683791,41.39784139764703],[2.1406297882059553,41.39718107888381]]]},"properties":{"cusec":"0801905053","income":36918,"housing_vuln":0,"detail":"36.918 €/persona/año"}},{"type":"Feature","geometry":{"type":"Polygon","coordinates":[[[2.140772861982936,41.397049587382526],[2.1400618535204092,41.39668292125549],[2.1383382622729727,41.394698802893664],[2.1378215845592106,41.3947429595996],[2.1359811817821037,41.39697876865729],[2.139942883339114,41.39696601166919],[2.1406297882059553,41.39718107888381],[2.140772861982936,41.397049587382526]]]},"properties":{"cusec":"0801905054","income":36918,"housing_vuln":0,"detail":"36.918 €/persona/año"}},{"type":"Feature","geometry":{"type":"Polygon","coordinates":[[[2.1377512150314146,41.394701943900465],[2.137660181557153,41.394444875475955],[2.1351421058994093,41.393819687682424],[2.134569684128995,41.395107488318736],[2.1337874805869403,41.39606334075493],[2.1359811817821037,41.39697876865729],[2.1377512150314146,41.394701943900465]]]},"properties":{"cusec":"0801905055","income":36918,"housing_vuln":0,"detail":"36.918 €/persona/año"}},{"type":"Feature","geometry":{"type":"Polygon","coordinates":[[[2.1383382622729727,41.394698802893664],[2.138461612639582,41.39447831542716],[2.1412618886539416,41.39370646828754],[2.1357728651626626,41.392287223672604],[2.1351421058994093,41.393819687682424],[2.137660181557153,41.394444875475955],[2.137922511179706,41.39476835988451],[2.1383382622729727,41.394698802893664]]]},"properties":{"cusec":"0801905056","income":36364,"housing_vuln":0.02,"detail":"36.364 €/persona/año"}},{"type":"Feature","geometry":{"type":"Polygon","coordinates":[[[2.1416509516984394,41.39254370960779],[2.141857100683085,41.392093109233954],[2.1383268177362513,41.391253202907436],[2.136435602653424,41.391583641241695],[2.1357728651626626,41.392287223672604],[2.140250251795042,41.39343549462986],[2.1416509516984394,41.39254370960779]]]},"properties":{"cusec":"0801905057","income":36918,"housing_vuln":0,"detail":"36.918 €/persona/año"}},{"type":"Feature","geometry":{"type":"Polygon","coordinates":[[[2.1419501598583346,41.39466288380884],[2.142138787203361,41.394139667568474],[2.1427787703679773,41.39381573660481],[2.1416509516984394,41.39254370960779],[2.140250251795042,41.39343549462986],[2.1412618886539416,41.39370646828754],[2.138461612639582,41.39447831542716],[2.1383382622729727,41.394698802893664],[2.1398903624377144,41.396485497077094],[2.1419501598583346,41.39466288380884]]]},"properties":{"cusec":"0801905058","income":36918,"housing_vuln":0,"detail":"36.918 €/persona/año"}},{"type":"Feature","geometry":{"type":"Polygon","coordinates":[[[2.142998455167354,41.39507204994142],[2.1455810666934094,41.393046445144996],[2.144930116895827,41.392877209021165],[2.144988773290602,41.39261133949226],[2.1448416831459984,41.39248579682167],[2.1443829925821407,41.392384270902795],[2.1440196788469437,41.39261332483949],[2.141857100683085,41.392093109233954],[2.1416509516984394,41.39254370960779],[2.1427787703679773,41.39381573660481],[2.142138787203361,41.394139667568474],[2.1419501598583346,41.39466288380884],[2.142564830294873,41.39540944356199],[2.142998455167354,41.39507204994142]]]},"properties":{"cusec":"0801905059","income":24133,"housing_vuln":0.44,"detail":"24.133 €/persona/año"}},{"type":"Feature","geometry":{"type":"Polygon","coordinates":[[[2.142564830294873,41.39540944356199],[2.1419501598583346,41.39466288380884],[2.1398903624377144,41.396485497077094],[2.140772861982936,41.397049587382526],[2.142564830294873,41.39540944356199]]]},"properties":{"cusec":"0801905060","income":36918,"housing_vuln":0,"detail":"36.918 €/persona/año"}},{"type":"Feature","geometry":{"type":"Polygon","coordinates":[[[2.1451107555230315,41.39480906420453],[2.1461721338958446,41.39398320871427],[2.1468660393336996,41.39440765024388],[2.1478981802389483,41.39362633056875],[2.1455810666934094,41.393046445144996],[2.142998455167354,41.39507204994142],[2.1440077016092767,41.395668395039],[2.1451107555230315,41.39480906420453]]]},"properties":{"cusec":"0801905061","income":27922,"housing_vuln":0.31,"detail":"27.922 €/persona/año"}},{"type":"Feature","geometry":{"type":"Polygon","coordinates":[[[2.1434751309015,41.396084325956885],[2.1440077016092767,41.395668395039],[2.142998455167354,41.39507204994142],[2.139888151683791,41.39784139764703],[2.1409617812804522,41.398035622278954],[2.1434751309015,41.396084325956885]]]},"properties":{"cusec":"0801905062","income":34899,"housing_vuln":0.07,"detail":"34.899 €/persona/año"}},{"type":"Feature","geometry":{"type":"Polygon","coordinates":[[[2.145235565651991,41.39735827291421],[2.1434751309015,41.396084325956885],[2.1409617812804522,41.398035622278954],[2.1432125632254158,41.398863912106734],[2.145235565651991,41.39735827291421]]]},"properties":{"cusec":"0801905063","income":32481,"housing_vuln":0.15,"detail":"32.481 €/persona/año"}},{"type":"Feature","geometry":{"type":"Polygon","coordinates":[[[2.14595232692563,41.39681274432443],[2.1470627461264202,41.39596793249771],[2.1451107555230315,41.39480906420453],[2.1434751309015,41.396084325956885],[2.145235565651991,41.39735827291421],[2.14595232692563,41.39681274432443]]]},"properties":{"cusec":"0801905064","income":30761,"housing_vuln":0.21,"detail":"30.761 €/persona/año"}},{"type":"Feature","geometry":{"type":"Polygon","coordinates":[[[2.1495713445579194,41.394060101175164],[2.1478981802389483,41.39362633056875],[2.1468660393336996,41.39440765024388],[2.1461721338958446,41.39398320871427],[2.1451107555230315,41.39480906420453],[2.1470627461264202,41.39596793249771],[2.1495713445579194,41.394060101175164]]]},"properties":{"cusec":"0801905065","income":28332,"housing_vuln":0.3,"detail":"28.332 €/persona/año"}},{"type":"Feature","geometry":{"type":"Polygon","coordinates":[[[2.149332066603884,41.3959346442616],[2.1512768760748755,41.3944928189612],[2.1495713445579194,41.394060101175164],[2.1465011921743242,41.3963949864793],[2.147983601039312,41.397259988481935],[2.149332066603884,41.3959346442616]]]},"properties":{"cusec":"0801905066","income":35544,"housing_vuln":0.05,"detail":"35.544 €/persona/año"}},{"type":"Feature","geometry":{"type":"Polygon","coordinates":[[[2.1547050798627367,41.395349762360645],[2.1512768760748755,41.3944928189612],[2.149332066603884,41.3959346442616],[2.151902287667274,41.39758601618412],[2.1547050798627367,41.395349762360645]]]},"properties":{"cusec":"0801905067","income":30971,"housing_vuln":0.21,"detail":"30.971 €/persona/año"}},{"type":"Feature","geometry":{"type":"Polygon","coordinates":[[[2.153233136370801,41.39846178868879],[2.1549661644202796,41.39673505523592],[2.15566512018665,41.395591776055],[2.1547758024284254,41.39536710005753],[2.151902287667274,41.39758601618412],[2.1507930524459917,41.398922404109946],[2.1520261303106594,41.39965835047967],[2.153233136370801,41.39846178868879]]]},"properties":{"cusec":"0801905068","income":28740,"housing_vuln":0.28,"detail":"28.740 €/persona/año"}},{"type":"Feature","geometry":{"type":"Polygon","coordinates":[[[2.151902287667274,41.39758601618412],[2.149332066603884,41.3959346442616],[2.147983601039312,41.397259988481935],[2.1507930524459917,41.398922404109946],[2.151902287667274,41.39758601618412]]]},"properties":{"cusec":"0801905069","income":27786,"housing_vuln":0.32,"detail":"27.786 €/persona/año"}},{"type":"Feature","geometry":{"type":"Polygon","coordinates":[[[2.1507930524459917,41.398922404109946],[2.1465011921743242,41.3963949864793],[2.14595232692563,41.39681274432443],[2.1501600105636136,41.39944904202985],[2.1507930524459917,41.398922404109946]]]},"properties":{"cusec":"0801905070","income":27049,"housing_vuln":0.34,"detail":"27.049 €/persona/año"}},{"type":"Feature","geometry":{"type":"Polygon","coordinates":[[[2.151173819548861,41.40053432618383],[2.1520261303106594,41.39965835047967],[2.1507930524459917,41.398922404109946],[2.1501600105636136,41.39944904202985],[2.1493170323992943,41.398802313608684],[2.1466858435759306,41.400986550585586],[2.147969706796839,41.401192752472426],[2.149006787537827,41.401177179053235],[2.151173819548861,41.40053432618383]]]},"properties":{"cusec":"0801905071","income":25771,"housing_vuln":0.39,"detail":"25.771 €/persona/año"}},{"type":"Feature","geometry":{"type":"Polygon","coordinates":[[[2.1492750909570115,41.398777528776534],[2.14595232692563,41.39681274432443],[2.145235565651991,41.39735827291421],[2.148297955693234,41.399674282071686],[2.1492750909570115,41.398777528776534]]]},"properties":{"cusec":"0801905072","income":29346,"housing_vuln":0.26,"detail":"29.346 €/persona/año"}},{"type":"Feature","geometry":{"type":"Polygon","coordinates":[[[2.148297955693234,41.399674282071686],[2.146657514305132,41.39842827464163],[2.1448353194805265,41.399893407606946],[2.1466858435759306,41.400986550585586],[2.148297955693234,41.399674282071686]]]},"properties":{"cusec":"0801905073","income":27504,"housing_vuln":0.33,"detail":"27.504 €/persona/año"}},{"type":"Feature","geometry":{"type":"Polygon","coordinates":[[[2.146657514305132,41.39842827464163],[2.145235565651991,41.39735827291421],[2.1432125632254158,41.398863912106734],[2.1448353194805265,41.399893407606946],[2.146657514305132,41.39842827464163]]]},"properties":{"cusec":"0801905074","income":32231,"housing_vuln":0.16,"detail":"32.231 €/persona/año"}},{"type":"Feature","geometry":{"type":"Polygon","coordinates":[[[2.146188962934402,41.40196581252565],[2.1476187098624786,41.40116153824791],[2.1467224166860923,41.40100481867995],[2.1439299039123823,41.39931900724923],[2.1434379002245625,41.39973181649414],[2.143275596212283,41.4004382675038],[2.145069313544035,41.40150982625991],[2.1440414459246124,41.40239101723987],[2.1444156149016678,41.40284577705853],[2.146188962934402,41.40196581252565]]]},"properties":{"cusec":"0801905075","income":25353,"housing_vuln":0.4,"detail":"25.353 €/persona/año"}},{"type":"Feature","geometry":{"type":"Polygon","coordinates":[[[2.1433140710559004,41.40046365747708],[2.1434379002245625,41.39973181649414],[2.1439299039123823,41.39931900724923],[2.1432125632254158,41.398863912106734],[2.1405229183315626,41.40088296457823],[2.1425297753375387,41.401691478601954],[2.1433140710559004,41.40046365747708]]]},"properties":{"cusec":"0801905076","income":28308,"housing_vuln":0.3,"detail":"28.308 €/persona/año"}},{"type":"Feature","geometry":{"type":"Polygon","coordinates":[[[2.1444156149016678,41.40284577705853],[2.1440414459246124,41.40239101723987],[2.1424252132350894,41.403111283994456],[2.1421940605428005,41.40302289971887],[2.141915858587532,41.40258789049642],[2.1412720306335054,41.40322702050553],[2.140853740002911,41.40338568132589],[2.140258236919608,41.40335811746331],[2.1394175898834566,41.403786923945376],[2.1406839197866505,41.40442426807148],[2.1421203232310195,41.403898840178606],[2.143191707937768,41.403223889343955],[2.1444156149016678,41.40284577705853]]]},"properties":{"cusec":"0801905077","income":31387,"housing_vuln":0.19,"detail":"31.387 €/persona/año"}},{"type":"Feature","geometry":{"type":"Polygon","coordinates":[[[2.141915858587532,41.40258789049642],[2.1425263437731266,41.401735889303474],[2.1405229183315626,41.40088296457823],[2.1379235217843746,41.40281785719679],[2.1393534429856547,41.403752179595216],[2.140258236919608,41.40335811746331],[2.140853740002911,41.40338568132589],[2.1412720306335054,41.40322702050553],[2.141915858587532,41.40258789049642]]]},"properties":{"cusec":"0801905078","income":26081,"housing_vuln":0.38,"detail":"26.081 €/persona/año"}},{"type":"Feature","geometry":{"type":"Polygon","coordinates":[[[2.1440414459246124,41.40239101723987],[2.145069313544035,41.40150982625991],[2.1433140710559004,41.40046365747708],[2.141915858587532,41.40258789049642],[2.142137844870639,41.40298359531984],[2.1424252132350894,41.403111283994456],[2.1440414459246124,41.40239101723987]]]},"properties":{"cusec":"0801905079","income":28421,"housing_vuln":0.3,"detail":"28.421 €/persona/año"}},{"type":"Feature","geometry":{"type":"Polygon","coordinates":[[[2.1475773136975675,41.40311783134737],[2.146188962934402,41.40196581252565],[2.1444156149016678,41.40284577705853],[2.1457882002316397,41.40432252901582],[2.1475773136975675,41.40311783134737]]]},"properties":{"cusec":"0801905080","income":25920,"housing_vuln":0.38,"detail":"25.920 €/persona/año"}},{"type":"Feature","geometry":{"type":"Polygon","coordinates":[[[2.151173819548861,41.40053432618383],[2.1494350862989835,41.40111798291117],[2.1476187098624786,41.40116153824791],[2.146188962934402,41.40196581252565],[2.1475773136975675,41.40311783134737],[2.1509579489961945,41.400856612543286],[2.151173819548861,41.40053432618383]]]},"properties":{"cusec":"0801905081","income":25509,"housing_vuln":0.4,"detail":"25.509 €/persona/año"}},{"type":"Feature","geometry":{"type":"Polygon","coordinates":[[[2.149890239297272,41.40322571332815],[2.1511532939429148,41.40147121363368],[2.151173819548861,41.40053432618383],[2.1509579489961945,41.400856612543286],[2.1475773136975675,41.40311783134737],[2.1488562846934496,41.4041828957011],[2.1490999060018514,41.40396898228477],[2.1492973853457094,41.40404723612507],[2.149890239297272,41.40322571332815]]]},"properties":{"cusec":"0801905082","income":24082,"housing_vuln":0.45,"detail":"24.082 €/persona/año"}},{"type":"Feature","geometry":{"type":"Polygon","coordinates":[[[2.1499385578797496,41.406124735032435],[2.1500549139635576,41.405788392204805],[2.149964917145147,41.40542457830543],[2.150357878877981,41.404351024322445],[2.149890239297272,41.40322571332815],[2.1492973853457094,41.40404723612507],[2.1490999060018514,41.40396898228477],[2.148622176543877,41.40444898404491],[2.14892445334879,41.40456876090678],[2.147988280363626,41.40587779955239],[2.149503584636025,41.40648108706247],[2.1499385578797496,41.406124735032435]]]},"properties":{"cusec":"0801905083","income":25017,"housing_vuln":0.41,"detail":"25.017 €/persona/año"}},{"type":"Feature","geometry":{"type":"Polygon","coordinates":[[[2.1488562846934496,41.4041828957011],[2.1482903164200504,41.403716498647626],[2.1454262815800687,41.40562964224843],[2.147988280363626,41.40587779955239],[2.14892445334879,41.40456876090678],[2.148622176543877,41.40444898404491],[2.1488562846934496,41.4041828957011]]]},"properties":{"cusec":"0801905084","income":24844,"housing_vuln":0.42,"detail":"24.844 €/persona/año"}},{"type":"Feature","geometry":{"type":"Polygon","coordinates":[[[2.1482903164200504,41.403716498647626],[2.1475773136975675,41.40311783134737],[2.144157731939814,41.40542862368037],[2.1453467321684005,41.40562040407946],[2.1482903164200504,41.403716498647626]]]},"properties":{"cusec":"0801905085","income":22695,"housing_vuln":0.49,"detail":"22.695 €/persona/año"}},{"type":"Feature","geometry":{"type":"Polygon","coordinates":[[[2.1457882002316397,41.40432252901582],[2.1448198594744796,41.40333307899772],[2.143453326992917,41.40425530211602],[2.1429455291257296,41.40439766749627],[2.1433744333513967,41.40525887066441],[2.144157731939814,41.40542862368037],[2.1457882002316397,41.40432252901582]]]},"properties":{"cusec":"0801905086","income":25791,"housing_vuln":0.39,"detail":"25.791 €/persona/año"}},{"type":"Feature","geometry":{"type":"Polygon","coordinates":[[[2.1448198594744796,41.40333307899772],[2.1444156149016678,41.40284577705853],[2.143191707937768,41.403223889343955],[2.1421777965445843,41.40387079409566],[2.1406839197866505,41.40442426807148],[2.1433744333513967,41.40525887066441],[2.1429455291257296,41.40439766749627],[2.143453326992917,41.40425530211602],[2.1448198594744796,41.40333307899772]]]},"properties":{"cusec":"0801905087","income":25732,"housing_vuln":0.39,"detail":"25.732 €/persona/año"}},{"type":"Feature","geometry":{"type":"Polygon","coordinates":[[[2.145799839702765,41.40740854845009],[2.1461632549476004,41.407135426020716],[2.144157731939814,41.40542862368037],[2.1419887092621113,41.40490041106829],[2.141917533047222,41.40503222223007],[2.143130348512293,41.40563664145252],[2.1439287846115653,41.40634128859617],[2.144158196368813,41.407554820781336],[2.144957490359147,41.40804063344725],[2.145799839702765,41.40740854845009]]]},"properties":{"cusec":"0801905088","income":26143,"housing_vuln":0.37,"detail":"26.143 €/persona/año"}},{"type":"Feature","geometry":{"type":"Polygon","coordinates":[[[2.149069537555375,41.406832210066376],[2.149503584636025,41.40648108706247],[2.147819146460248,41.40581046847882],[2.144157731939814,41.40542862368037],[2.1461632549476004,41.407135426020716],[2.145799839702765,41.40740854845009],[2.147165261866648,41.40855044137369],[2.1486541332117883,41.40719059095532],[2.148371438781769,41.406978549723995],[2.148497792216375,41.406879073801484],[2.1483884133473894,41.40680211430677],[2.1489354774739367,41.40652546821369],[2.1488531504714103,41.40670062624665],[2.149069537555375,41.406832210066376]]]},"properties":{"cusec":"0801905089","income":24945,"housing_vuln":0.42,"detail":"24.945 €/persona/año"}},{"type":"Feature","geometry":{"type":"Polygon","coordinates":[[[2.147165261866648,41.40855044137369],[2.145799839702765,41.40740854845009],[2.144957490359147,41.40804063344725],[2.144158196368813,41.407554820781336],[2.144051180069027,41.40665035244667],[2.1424049948529835,41.40648177295936],[2.1437118738097927,41.40834191481661],[2.1462919565783523,41.40967685738098],[2.147165261866648,41.40855044137369]]]},"properties":{"cusec":"0801905090","income":23343,"housing_vuln":0.47,"detail":"23.343 €/persona/año"}},{"type":"Feature","geometry":{"type":"Polygon","coordinates":[[[2.145352321486108,41.411096039593936],[2.1462919565783523,41.40967685738098],[2.145084168983902,41.409056159052675],[2.143295956528197,41.41074838910395],[2.1427016338311464,41.410817291574695],[2.1431122465610155,41.411506139791264],[2.1449979935986767,41.41132669301939],[2.145352321486108,41.411096039593936]]]},"properties":{"cusec":"0801905091","income":25750,"housing_vuln":0.39,"detail":"25.750 €/persona/año"}},{"type":"Feature","geometry":{"type":"Polygon","coordinates":[[[2.1427016338311464,41.410817291574695],[2.143295956528197,41.41074838910395],[2.145084168983902,41.409056159052675],[2.1437118738097927,41.40834191481661],[2.1424049948529835,41.40648177295936],[2.144051180069027,41.40665035244667],[2.1439799526501364,41.40639724655844],[2.143130348512293,41.40563664145252],[2.141917533047222,41.40503222223007],[2.1419887092621113,41.40490041106829],[2.1406839197866505,41.40442426807148],[2.1396983493423614,41.40504178726785],[2.1399637889323992,41.40523401283104],[2.1404469774523682,41.405100737273614],[2.14037517780666,41.40683757526],[2.1398184999099428,41.40682061186783],[2.139784784340681,41.40753313251084],[2.1408213557369145,41.407744855267],[2.1407580245093776,41.40928621739704],[2.1424508906791564,41.410844402899315],[2.1427016338311464,41.410817291574695]]]},"properties":{"cusec":"0801905092","income":33258,"housing_vuln":0.13,"detail":"33.258 €/persona/año"}},{"type":"Feature","geometry":{"type":"Polygon","coordinates":[[[2.1396983493423614,41.40504178726785],[2.1393357165301645,41.40543213205248],[2.1383845740191347,41.407285631708135],[2.139784784340681,41.40753313251084],[2.1398184999099428,41.40682061186783],[2.14037517780666,41.40683757526],[2.1404469774523682,41.405100737273614],[2.1399637889323992,41.40523401283104],[2.1396983493423614,41.40504178726785]]]},"properties":{"cusec":"0801905093","income":28362,"housing_vuln":0.3,"detail":"28.362 €/persona/año"}},{"type":"Feature","geometry":{"type":"Polygon","coordinates":[[[2.1396025107796586,41.41080332998936],[2.139784784340681,41.40753313251084],[2.1383845740191347,41.407285631708135],[2.1372499101871147,41.40947235665532],[2.1373298108400807,41.409822372717855],[2.137136859903558,41.410228364464196],[2.1379780683867624,41.410656664778614],[2.138300330011769,41.41131643160779],[2.1396025107796586,41.41080332998936]]]},"properties":{"cusec":"0801905094","income":30994,"housing_vuln":0.21,"detail":"30.994 €/persona/año"}},{"type":"Feature","geometry":{"type":"Polygon","coordinates":[[[2.1399357264612386,41.412420541041364],[2.1383012148523437,41.41133636290439],[2.1377207342955344,41.41396073050266],[2.1378711122740817,41.414026513746386],[2.1399357264612386,41.412420541041364]]]},"properties":{"cusec":"0801905095","income":22947,"housing_vuln":0.49,"detail":"22.947 €/persona/año"}},{"type":"Feature","geometry":{"type":"Polygon","coordinates":[[[2.140933905658888,41.41173692650358],[2.1396025107796586,41.41080332998936],[2.1383012148523437,41.41133636290439],[2.1399357264612386,41.412420541041364],[2.140933905658888,41.41173692650358]]]},"properties":{"cusec":"0801905096","income":23460,"housing_vuln":0.47,"detail":"23.460 €/persona/año"}},{"type":"Feature","geometry":{"type":"Polygon","coordinates":[[[2.1414662868221104,41.40993814376297],[2.1407580245093776,41.40928621739704],[2.1408213557369145,41.407744855267],[2.139838901548356,41.4075793219828],[2.139655901250249,41.41078146022399],[2.140198626513982,41.41122194583303],[2.1414662868221104,41.40993814376297]]]},"properties":{"cusec":"0801905097","income":25268,"housing_vuln":0.4,"detail":"25.268 €/persona/año"}},{"type":"Feature","geometry":{"type":"Polygon","coordinates":[[[2.1431122465610155,41.411506139791264],[2.1427016338311464,41.410817291574695],[2.1424508906791564,41.410844402899315],[2.1414662868221104,41.40993814376297],[2.140198626513982,41.41122194583303],[2.140933905658888,41.41173692650358],[2.1431122465610155,41.411506139791264]]]},"properties":{"cusec":"0801905098","income":24501,"housing_vuln":0.43,"detail":"24.501 €/persona/año"}},{"type":"Feature","geometry":{"type":"Polygon","coordinates":[[[2.145463947939932,41.410959059133404],[2.1457259038632923,41.411163813887875],[2.1463656929918025,41.41078163471861],[2.1501087715581053,41.407565916899244],[2.1488531504714103,41.40670062624665],[2.1490035095853512,41.40656905563575],[2.1483884133473894,41.40680211430677],[2.148497792216375,41.406879073801484],[2.148371438781769,41.406978549723995],[2.148584924307376,41.40713965455246],[2.147416614974701,41.4082381566002],[2.145951086352205,41.41010658559956],[2.145463947939932,41.410959059133404]]]},"properties":{"cusec":"0801906001","income":20054,"housing_vuln":0.59,"detail":"20.054 €/persona/año"}},{"type":"Feature","geometry":{"type":"Polygon","coordinates":[[[2.1501241066983225,41.40845699453887],[2.150674469438612,41.407961369069525],[2.1501087715581053,41.407565916899244],[2.1497857867892685,41.40771418184723],[2.147169986106717,41.41012883827145],[2.148017183657903,41.41056418979228],[2.1501241066983225,41.40845699453887]]]},"properties":{"cusec":"0801906002","income":20557,"housing_vuln":0.57,"detail":"20.557 €/persona/año"}},{"type":"Feature","geometry":{"type":"Polygon","coordinates":[[[2.1496509945808957,41.41140985007589],[2.147169986106717,41.41012883827145],[2.1463656929918025,41.41078163471861],[2.14904364900719,41.41294129324765],[2.1502025278260026,41.4116963580967],[2.1496509945808957,41.41140985007589]]]},"properties":{"cusec":"0801906003","income":18798,"housing_vuln":0.63,"detail":"18.798 €/persona/año"}},{"type":"Feature","geometry":{"type":"Polygon","coordinates":[[[2.14904364900719,41.41294129324765],[2.1463656929918025,41.41078163471861],[2.1454734997263354,41.41145703119863],[2.1457084379192266,41.41145171152556],[2.14572624612142,41.412355102457184],[2.14500485403251,41.41270446633759],[2.144716444520657,41.4132981946814],[2.147128033884636,41.414730459539356],[2.148110773737471,41.4155140895051],[2.148342567826854,41.416032378899814],[2.148784914442421,41.41567943752169],[2.149912309107162,41.41581670511803],[2.15096137517069,41.41567151511917],[2.150953335248902,41.41591380950641],[2.150321679466978,41.41623452],[2.150988895957735,41.41602224555512],[2.1511960133262513,41.41579160947571],[2.1510162379800235,41.415375801996255],[2.150252818210543,41.41524895324826],[2.1496451645146997,41.41491065143215],[2.149829903951188,41.41362751713209],[2.149643658938298,41.41303917803824],[2.14904364900719,41.41294129324765]]]},"properties":{"cusec":"0801906004","income":21085,"housing_vuln":0.55,"detail":"21.085 €/persona/año"}},{"type":"Feature","geometry":{"type":"Polygon","coordinates":[[[2.141242147277261,41.41723195713835],[2.142097341631109,41.4158784269374],[2.1428613075762915,41.41578406569084],[2.1440785319727835,41.41390089185151],[2.1446771809562213,41.41342245350536],[2.144574215160048,41.41321635779779],[2.144716444520657,41.4132981946814],[2.14500485403251,41.41270446633759],[2.14572624612142,41.412355102457184],[2.1457084379192266,41.41145171152556],[2.141547865528022,41.41306591722642],[2.140561041933881,41.413703131932664],[2.139533432130925,41.41521213336084],[2.1390114723232965,41.41535606865267],[2.1382935037139257,41.41514096390527],[2.1374377901338555,41.41590836556912],[2.138277702348081,41.416694448952285],[2.1390290604382343,41.41810622468324],[2.141242147277261,41.41723195713835]]]},"properties":{"cusec":"0801906006","income":28262,"housing_vuln":0.3,"detail":"28.262 €/persona/año"}},{"type":"Feature","geometry":{"type":"Polygon","coordinates":[[[2.1457259038632923,41.411163813887875],[2.145463947939932,41.410959059133404],[2.1449979935986767,41.41132669301939],[2.141012064478482,41.41172516883652],[2.1413370524903796,41.4123023281839],[2.1385691831999107,41.414516737817955],[2.1382935037139257,41.41514096390527],[2.138850867923559,41.415341239672934],[2.13943655960733,41.415267096070814],[2.1408495017514055,41.41345891397951],[2.1418503740982526,41.412926694796525],[2.1450632544074457,41.41174790939693],[2.1457259038632923,41.411163813887875]]]},"properties":{"cusec":"0801906007","income":22793,"housing_vuln":0.49,"detail":"22.793 €/persona/año"}},{"type":"Feature","geometry":{"type":"Polygon","coordinates":[[[2.140933905658888,41.41173692650358],[2.1378711122740817,41.414026513746386],[2.1385691831999107,41.414516737817955],[2.1413370524903796,41.4123023281839],[2.140933905658888,41.41173692650358]]]},"properties":{"cusec":"0801906008","income":20225,"housing_vuln":0.58,"detail":"20.225 €/persona/año"}},{"type":"Feature","geometry":{"type":"Polygon","coordinates":[[[2.1370257356079785,41.42350208308842],[2.137825606316749,41.42310436726043],[2.1384376105535017,41.42188084829064],[2.1383184463361005,41.42158891680662],[2.1376984363135483,41.42129323870867],[2.137725032734146,41.42094287556673],[2.1388663449975844,41.42056264277152],[2.1382070642240203,41.41995499763415],[2.137847987842032,41.41893981822533],[2.1381868584183406,41.418685743016134],[2.13722522448311,41.41793131768481],[2.1384852464163857,41.41701588381757],[2.1374377901338555,41.41590836556912],[2.1382935037139257,41.41514096390527],[2.1385691831999107,41.414516737817955],[2.1378460726338537,41.41404698046925],[2.1371384508199176,41.41436846346799],[2.136054653192577,41.41536948156026],[2.13627993359784,41.41597666906307],[2.1342007074142626,41.417797393848886],[2.1321407590766968,41.418568126956856],[2.131273791402723,41.41821580429315],[2.130523007336015,41.41831619518342],[2.130062138357596,41.41911315629947],[2.1300895890760665,41.41964860875141],[2.1296499248299328,41.419446145501226],[2.12927211947256,41.419530429257165],[2.129672187777599,41.41956328775348],[2.129881307490912,41.41999902872451],[2.1301120424665845,41.42009123564818],[2.1305288185376052,41.419940333396305],[2.130986735651996,41.41939438407357],[2.1321870986706015,41.41987821193256],[2.1321981515418558,41.42004665830773],[2.1312569399063053,41.42129370215609],[2.1301878917176076,41.42229856016966],[2.129791529861426,41.42289035852307],[2.1317450799401088,41.42254097870067],[2.1328596736120446,41.422588790312965],[2.134872610415843,41.42206013253163],[2.134223389875173,41.42267050963246],[2.1344907931824326,41.423402917398064],[2.1353583636259588,41.424279837972165],[2.1350417038950513,41.4247382758993],[2.135144526859087,41.42484859940049],[2.136048027219053,41.4244277502097],[2.136197253557421,41.42366034278042],[2.1370257356079785,41.42350208308842]]]},"properties":{"cusec":"0801906009","income":30049,"housing_vuln":0.24,"detail":"30.049 €/persona/año"}},{"type":"Feature","geometry":{"type":"Polygon","coordinates":[[[2.1409105216137103,41.41867065477054],[2.141242147277261,41.41723195713835],[2.1390290604382343,41.41810622468324],[2.1384852464163857,41.41701588381757],[2.13722522448311,41.41793131768481],[2.1381868584183406,41.418685743016134],[2.137847987842032,41.41893981822533],[2.1382070642240203,41.41995499763415],[2.1388663449975844,41.42056264277152],[2.140010276748359,41.420242292483486],[2.140372929323492,41.42106189047126],[2.1409105216137103,41.41867065477054]]]},"properties":{"cusec":"0801906010","income":23983,"housing_vuln":0.45,"detail":"23.983 €/persona/año"}},{"type":"Feature","geometry":{"type":"Polygon","coordinates":[[[2.14404102371641,41.42016794767256],[2.1445055380582505,41.419707358907424],[2.1441809740511495,41.419017568340216],[2.1440118078084427,41.418086948903],[2.1442519732979437,41.416520931964634],[2.142801583982931,41.41738975987804],[2.142592671780447,41.41779830732055],[2.142654536957455,41.418303110276476],[2.1416808287664706,41.418230083594146],[2.1409105216137103,41.41867065477054],[2.1404589331305055,41.42109941029907],[2.1420000388144707,41.421539893302274],[2.143771699811089,41.42021768625674],[2.14404102371641,41.42016794767256]]]},"properties":{"cusec":"0801906011","income":23181,"housing_vuln":0.48,"detail":"23.181 €/persona/año"}},{"type":"Feature","geometry":{"type":"Polygon","coordinates":[[[2.144154455783966,41.41739132612801],[2.1450972331830904,41.416604190158054],[2.1459968240748886,41.416878229379364],[2.1469809042141264,41.416348860202206],[2.1467011095458712,41.41566351591688],[2.1448261737326106,41.41459992312774],[2.1447001625561324,41.414174912835776],[2.1448444769065382,41.41337388262464],[2.144574215160048,41.41321635779779],[2.1446771809562213,41.41342245350536],[2.1440785319727835,41.41390089185151],[2.1428613075762915,41.41578406569084],[2.142097341631109,41.4158784269374],[2.141242147277261,41.41723195713835],[2.1409105216137103,41.41867065477054],[2.1416808287664706,41.418230083594146],[2.142654536957455,41.418303110276476],[2.142592671780447,41.41779830732055],[2.1427563133842047,41.41744896342647],[2.1442519732979437,41.416520931964634],[2.1440531788205353,41.41737796214113],[2.144154455783966,41.41739132612801]]]},"properties":{"cusec":"0801906012","income":24612,"housing_vuln":0.43,"detail":"24.612 €/persona/año"}},{"type":"Feature","geometry":{"type":"Polygon","coordinates":[[[2.147596129809504,41.41510371819114],[2.1448444769065382,41.41337388262464],[2.144700176030855,41.41413658596956],[2.1448261737326106,41.41459992312774],[2.147392728771313,41.41607874085141],[2.147909128905639,41.417007682009206],[2.148302475117431,41.41688597917742],[2.1478415504434585,41.416054588447935],[2.147596129809504,41.41510371819114]]]},"properties":{"cusec":"0801906013","income":19455,"housing_vuln":0.61,"detail":"19.455 €/persona/año"}},{"type":"Feature","geometry":{"type":"Polygon","coordinates":[[[2.148467889097195,41.418012869063595],[2.147392728771313,41.41607874085141],[2.146767823828744,41.415725414384156],[2.1469809042141264,41.416348860202206],[2.1459968240748886,41.416878229379364],[2.1476782888270733,41.41824868905316],[2.148467889097195,41.418012869063595]]]},"properties":{"cusec":"0801906014","income":18107,"housing_vuln":0.65,"detail":"18.107 €/persona/año"}},{"type":"Feature","geometry":{"type":"Polygon","coordinates":[[[2.149524495619226,41.420680871582654],[2.149355103899348,41.42044653498771],[2.1502224479674386,41.42028840353572],[2.1488630633805803,41.41789257402434],[2.1476782888270733,41.41824868905316],[2.1459968240748886,41.416878229379364],[2.145311632295312,41.416589737367936],[2.144971709791802,41.41665497901835],[2.144154455783966,41.41739132612801],[2.1440049877987786,41.417844582457946],[2.1440526676791203,41.41843168163321],[2.1445055380582505,41.419707358907424],[2.14404102371641,41.42016794767256],[2.1448231194606464,41.42079189445925],[2.147905438626463,41.42160464565305],[2.1493122344973634,41.421628985951195],[2.149509110173338,41.42143119095745],[2.149524495619226,41.420680871582654]]]},"properties":{"cusec":"0801906015","income":17149,"housing_vuln":0.69,"detail":"17.149 €/persona/año"}},{"type":"Feature","geometry":{"type":"Polygon","coordinates":[[[2.150971932171913,41.420205365625606],[2.151745731974488,41.420144355226796],[2.1517140501910554,41.419818556571414],[2.151485410984945,41.41975939155909],[2.1513873589733605,41.41937990159072],[2.150003347971306,41.41753723241904],[2.149962011095203,41.418211713232765],[2.149406242293548,41.41731535251993],[2.149250874173558,41.41777530009111],[2.1489045951911208,41.41787997338697],[2.149785999690014,41.41952021494857],[2.1502224479674386,41.42028840353572],[2.150971932171913,41.420205365625606]]]},"properties":{"cusec":"0801906016","income":16406,"housing_vuln":0.71,"detail":"16.406 €/persona/año"}},{"type":"Feature","geometry":{"type":"Polygon","coordinates":[[[2.1529426418691515,41.41662390425989],[2.152196871300078,41.41620134252183],[2.1519411002774333,41.41623372035623],[2.1523842445969894,41.4166538843151],[2.1503618242787,41.416285043050756],[2.150372102802189,41.4161436805378],[2.1510293129589764,41.41583710188859],[2.15096137517069,41.41567151511917],[2.149912309107162,41.41581670511803],[2.148784914442421,41.41567943752169],[2.1483935687787983,41.41597637669007],[2.147596129809504,41.41510371819114],[2.1478415504434585,41.416054588447935],[2.148302475117431,41.41688597917742],[2.147909128905639,41.417007682009206],[2.148467889097195,41.418012869063595],[2.149250874173558,41.41777530009111],[2.149352234680352,41.41731199029939],[2.149962011095203,41.418211713232765],[2.150003347971306,41.41753723241904],[2.1513873589733605,41.41937990159072],[2.151485410984945,41.41975939155909],[2.1517140501910554,41.419818556571414],[2.151608295125927,41.4191593927763],[2.151115082305681,41.418405042332374],[2.1509675142573212,41.41778424012492],[2.151928051349596,41.416906158693386],[2.1526937321786708,41.41681757424308],[2.1529426418691515,41.41662390425989]]]},"properties":{"cusec":"0801906017","income":17569,"housing_vuln":0.67,"detail":"17.569 €/persona/año"}},{"type":"Feature","geometry":{"type":"Polygon","coordinates":[[[2.1529426418691515,41.41662390425989],[2.1553474462577866,41.41457483375216],[2.1550333009113554,41.41425117441372],[2.1546679219493314,41.41332344286919],[2.1544618385416743,41.41321590709303],[2.153936402253912,41.413838202077656],[2.1521017882205014,41.4127480374876],[2.153693379223444,41.411038988185815],[2.1524280841794727,41.41059609545943],[2.151051441159378,41.4107444619621],[2.150519945735027,41.41045287253027],[2.1496509945808957,41.41140985007589],[2.1502025278260026,41.4116963580967],[2.14904364900719,41.41294129324765],[2.149581288908122,41.4130323743312],[2.149829903951188,41.41362751713209],[2.1496451645146997,41.41491065143215],[2.1499482390235687,41.41513741967874],[2.151088786820677,41.41547767329975],[2.1511309887744186,41.41592226475322],[2.150585593717645,41.416126512759135],[2.150440363983997,41.416343994307454],[2.152330339391729,41.416711729756166],[2.1519265529597043,41.41628304764801],[2.152196871300078,41.41620134252183],[2.1529426418691515,41.41662390425989]]]},"properties":{"cusec":"0801906018","income":19587,"housing_vuln":0.6,"detail":"19.587 €/persona/año"}},{"type":"Feature","geometry":{"type":"Polygon","coordinates":[[[2.150519945735027,41.41045287253027],[2.15101997048003,41.40990792547513],[2.150219894955388,41.40958737239144],[2.1501640754402795,41.40847486436908],[2.148017183657903,41.41056418979228],[2.1496509945808957,41.41140985007589],[2.150519945735027,41.41045287253027]]]},"properties":{"cusec":"0801906019","income":20091,"housing_vuln":0.58,"detail":"20.091 €/persona/año"}},{"type":"Feature","geometry":{"type":"Polygon","coordinates":[[[2.152288111386839,41.40852454857545],[2.150674469438612,41.407961369069525],[2.1501241066983225,41.40845699453887],[2.150219894955388,41.40958737239144],[2.15101997048003,41.40990792547513],[2.152288111386839,41.40852454857545]]]},"properties":{"cusec":"0801906020","income":21419,"housing_vuln":0.54,"detail":"21.419 €/persona/año"}},{"type":"Feature","geometry":{"type":"Polygon","coordinates":[[[2.1545249910044553,41.410129619799676],[2.1550549556995864,41.409557672718044],[2.152288111386839,41.40852454857545],[2.150519945735027,41.41045287253027],[2.151051441159378,41.4107444619621],[2.1524280841794727,41.41059609545943],[2.153693379223444,41.411038988185815],[2.1545249910044553,41.410129619799676]]]},"properties":{"cusec":"0801906021","income":23567,"housing_vuln":0.46,"detail":"23.567 €/persona/año"}},{"type":"Feature","geometry":{"type":"Polygon","coordinates":[[[2.155436595964902,41.4150017876909],[2.155579257415181,41.4146476887126],[2.1562125660972304,41.413996668564074],[2.1557124353510035,41.413628121436474],[2.1572544402485634,41.411550327521866],[2.1545249910044553,41.410129619799676],[2.1521017882205014,41.4127480374876],[2.1538776362646574,41.41389196879917],[2.1544618385416743,41.41321590709303],[2.1546542621671008,41.41328896905573],[2.1550333009113554,41.41425117441372],[2.1553168325712355,41.41454295563911],[2.1546598793325846,41.41522520743798],[2.155227170824409,41.41492532286873],[2.155436595964902,41.4150017876909]]]},"properties":{"cusec":"0801906022","income":21519,"housing_vuln":0.53,"detail":"21.519 €/persona/año"}},{"type":"Feature","geometry":{"type":"Polygon","coordinates":[[[2.160030216510184,41.41394916052436],[2.158717792253159,41.41323245112202],[2.157452764008793,41.414283229176235],[2.156854106940514,41.41336134241715],[2.156270197514284,41.41372641951379],[2.1561871868937996,41.41411869007536],[2.155579257415181,41.4146476887126],[2.155436595964902,41.4150017876909],[2.156550445831774,41.41554572327114],[2.157368242422024,41.416553329849606],[2.1575902583495683,41.41649033544432],[2.1585268544411984,41.41503584223988],[2.1596200619211348,41.41412194803934],[2.160030216510184,41.41394916052436]]]},"properties":{"cusec":"0801906023","income":25179,"housing_vuln":0.41,"detail":"25.179 €/persona/año"}},{"type":"Feature","geometry":{"type":"Polygon","coordinates":[[[2.160030216510184,41.41394916052436],[2.1604951144326523,41.41385128316823],[2.1611654768235438,41.41408076536902],[2.1613622815326146,41.41390723600958],[2.1613034535596274,41.41349880422092],[2.1620179681467255,41.41264271051185],[2.160462338501221,41.411777080550905],[2.159906500529256,41.41229878851843],[2.159237650003013,41.41212897530167],[2.1575620287917476,41.41122240530998],[2.1557124353510035,41.413628121436474],[2.1562125660972304,41.413996668564074],[2.156270197514284,41.41372641951379],[2.156854106940514,41.41336134241715],[2.157452764008793,41.414283229176235],[2.158717792253159,41.41323245112202],[2.160030216510184,41.41394916052436]]]},"properties":{"cusec":"0801906024","income":21118,"housing_vuln":0.55,"detail":"21.118 €/persona/año"}},{"type":"Feature","geometry":{"type":"Polygon","coordinates":[[[2.160462338501221,41.411777080550905],[2.1581923712367144,41.410597810093016],[2.1575620287917476,41.41122240530998],[2.158854919182955,41.41197724205348],[2.159906500529256,41.41229878851843],[2.160462338501221,41.411777080550905]]]},"properties":{"cusec":"0801906025","income":21864,"housing_vuln":0.52,"detail":"21.864 €/persona/año"}},{"type":"Feature","geometry":{"type":"Polygon","coordinates":[[[2.1575620287917476,41.41122240530998],[2.1581923712367144,41.410597810093016],[2.156114563492987,41.409556135249865],[2.155702414643981,41.40996450761094],[2.156026223167957,41.41019862735492],[2.1554981682911216,41.41062343324829],[2.1572544402485634,41.411550327521866],[2.1575620287917476,41.41122240530998]]]},"properties":{"cusec":"0801906026","income":21528,"housing_vuln":0.53,"detail":"21.528 €/persona/año"}},{"type":"Feature","geometry":{"type":"Polygon","coordinates":[[[2.156114563492987,41.409556135249865],[2.154221940750108,41.40855935303229],[2.1537522350442413,41.409041573877055],[2.1550549556995864,41.409557672718044],[2.1545249910044553,41.410129619799676],[2.1554981682911216,41.41062343324829],[2.156026223167957,41.41019862735492],[2.155702414643981,41.40996450761094],[2.156114563492987,41.409556135249865]]]},"properties":{"cusec":"0801906027","income":23025,"housing_vuln":0.48,"detail":"23.025 €/persona/año"}},{"type":"Feature","geometry":{"type":"Polygon","coordinates":[[[2.157336223770346,41.40909827601967],[2.1549442473239964,41.407800012946595],[2.154221940750108,41.40855935303229],[2.156619252290953,41.409821820929395],[2.157336223770346,41.40909827601967]]]},"properties":{"cusec":"0801906028","income":19932,"housing_vuln":0.59,"detail":"19.932 €/persona/año"}},{"type":"Feature","geometry":{"type":"Polygon","coordinates":[[[2.158853537574052,41.40991259849051],[2.1595894167935525,41.4091305037815],[2.1580872773316497,41.40834060437336],[2.156619252290953,41.409821820929395],[2.1581923712367144,41.410597810093016],[2.158853537574052,41.40991259849051]]]},"properties":{"cusec":"0801906029","income":22851,"housing_vuln":0.49,"detail":"22.851 €/persona/año"}},{"type":"Feature","geometry":{"type":"Polygon","coordinates":[[[2.1605521134357493,41.40810688083751],[2.1608667654320106,41.40777133723845],[2.1593296159285282,41.407088533498715],[2.1580872773316497,41.40834060437336],[2.1595894167935525,41.4091305037815],[2.1605521134357493,41.40810688083751]]]},"properties":{"cusec":"0801906030","income":19625,"housing_vuln":0.6,"detail":"19.625 €/persona/año"}},{"type":"Feature","geometry":{"type":"Polygon","coordinates":[[[2.1592894836932333,41.40712889052658],[2.1576245066197752,41.40617102320259],[2.1564053544386454,41.40746455602507],[2.1580872773316497,41.40834060437336],[2.1592894836932333,41.40712889052658]]]},"properties":{"cusec":"0801906031","income":20890,"housing_vuln":0.56,"detail":"20.890 €/persona/año"}},{"type":"Feature","geometry":{"type":"Polygon","coordinates":[[[2.1580872773316497,41.40834060437336],[2.1564053544386454,41.40746455602507],[2.1557026086800875,41.408210709333716],[2.157336223770346,41.40909827601967],[2.1580872773316497,41.40834060437336]]]},"properties":{"cusec":"0801906032","income":19444,"housing_vuln":0.61,"detail":"19.444 €/persona/año"}},{"type":"Feature","geometry":{"type":"Polygon","coordinates":[[[2.1564053544386454,41.40746455602507],[2.1576245066197752,41.40617102320259],[2.1565375325495646,41.40542920852133],[2.154544231121222,41.40758331669177],[2.1557026086800875,41.408210709333716],[2.1564053544386454,41.40746455602507]]]},"properties":{"cusec":"0801906033","income":20962,"housing_vuln":0.55,"detail":"20.962 €/persona/año"}},{"type":"Feature","geometry":{"type":"Polygon","coordinates":[[[2.1565375325495646,41.40542920852133],[2.1548155052690414,41.404282805630594],[2.154212653966715,41.4048249477305],[2.1551311148693753,41.40543115102887],[2.1542793808260137,41.406350418185575],[2.155222919996477,41.406849333811635],[2.1565375325495646,41.40542920852133]]]},"properties":{"cusec":"0801906034","income":19300,"housing_vuln":0.61,"detail":"19.300 €/persona/año"}},{"type":"Feature","geometry":{"type":"Polygon","coordinates":[[[2.154221940750108,41.40855935303229],[2.1549442473239964,41.407800012946595],[2.154544231121222,41.40758331669177],[2.155222919996477,41.406849333811635],[2.1542793808260137,41.406350418185575],[2.152288111386839,41.40852454857545],[2.1537522350442413,41.409041573877055],[2.154221940750108,41.40855935303229]]]},"properties":{"cusec":"0801906035","income":24212,"housing_vuln":0.44,"detail":"24.212 €/persona/año"}},{"type":"Feature","geometry":{"type":"Polygon","coordinates":[[[2.1542793808260137,41.406350418185575],[2.1551311148693753,41.40543115102887],[2.154212653966715,41.4048249477305],[2.150674469438612,41.407961369069525],[2.152288111386839,41.40852454857545],[2.1542793808260137,41.406350418185575]]]},"properties":{"cusec":"0801906036","income":22797,"housing_vuln":0.49,"detail":"22.797 €/persona/año"}},{"type":"Feature","geometry":{"type":"Polygon","coordinates":[[[2.1524167285759637,41.406394954393186],[2.150626051143123,41.40554308396977],[2.149128513750417,41.406792437009194],[2.150674469438612,41.407961369069525],[2.1524167285759637,41.406394954393186]]]},"properties":{"cusec":"0801906037","income":21768,"housing_vuln":0.53,"detail":"21.768 €/persona/año"}},{"type":"Feature","geometry":{"type":"Polygon","coordinates":[[[2.1539125735426716,41.40509355474271],[2.151934842613153,41.403909327809544],[2.150626051143123,41.40554308396977],[2.1524167285759637,41.406394954393186],[2.1539125735426716,41.40509355474271]]]},"properties":{"cusec":"0801906038","income":20187,"housing_vuln":0.58,"detail":"20.187 €/persona/año"}},{"type":"Feature","geometry":{"type":"Polygon","coordinates":[[[2.154212653966715,41.4048249477305],[2.1552095961841937,41.403924980755654],[2.152644018512534,41.40242703312555],[2.151934842613153,41.403909327809544],[2.1539125735426716,41.40509355474271],[2.154212653966715,41.4048249477305]]]},"properties":{"cusec":"0801906039","income":19651,"housing_vuln":0.6,"detail":"19.651 €/persona/año"}},{"type":"Feature","geometry":{"type":"Polygon","coordinates":[[[2.150626051143123,41.40554308396977],[2.151934842613153,41.403909327809544],[2.152492822168731,41.40271336379376],[2.151633307816675,41.40225779379926],[2.1507000588477965,41.40337000938347],[2.149973138526616,41.40304283962404],[2.149890239297272,41.40322571332815],[2.150357878877981,41.404351024322445],[2.149964917145147,41.40542457830543],[2.1500549139635576,41.405788392204805],[2.1499385578797496,41.406124735032435],[2.150626051143123,41.40554308396977]]]},"properties":{"cusec":"0801906040","income":21619,"housing_vuln":0.53,"detail":"21.619 €/persona/año"}},{"type":"Feature","geometry":{"type":"Polygon","coordinates":[[[2.152507787203044,41.4026850099425],[2.153663316204147,41.40136592632432],[2.1516443921289605,41.40005018780491],[2.151173819548861,41.40053432618383],[2.1511532939429148,41.40147121363368],[2.149973138526616,41.40304283962404],[2.1507000588477965,41.40337000938347],[2.151633307816675,41.40225779379926],[2.152507787203044,41.4026850099425]]]},"properties":{"cusec":"0801906041","income":23272,"housing_vuln":0.47,"detail":"23.272 €/persona/año"}},{"type":"Feature","geometry":{"type":"Polygon","coordinates":[[[2.15548034212262,41.39984689866297],[2.153233136370801,41.39846178868879],[2.1516443921289605,41.40005018780491],[2.153587623260018,41.40132640125695],[2.15548034212262,41.39984689866297]]]},"properties":{"cusec":"0801906042","income":24310,"housing_vuln":0.44,"detail":"24.310 €/persona/año"}},{"type":"Feature","geometry":{"type":"Polygon","coordinates":[[[2.1569540481091276,41.39858244248478],[2.157037101848739,41.39851328714793],[2.1563391710600905,41.39801662760622],[2.1554214422843647,41.398450359480854],[2.1540482604730866,41.39767342199646],[2.153247389041083,41.398448589270785],[2.15548034212262,41.39984689866297],[2.1569540481091276,41.39858244248478]]]},"properties":{"cusec":"0801906043","income":23449,"housing_vuln":0.47,"detail":"23.449 €/persona/año"}},{"type":"Feature","geometry":{"type":"Polygon","coordinates":[[[2.159550455961372,41.396685356623905],[2.159306809500119,41.396511714762205],[2.15566512018665,41.395591776055],[2.155311468730667,41.39629183925864],[2.1540482604730866,41.39767342199646],[2.1554214422843647,41.398450359480854],[2.1563391710600905,41.39801662760622],[2.157037101848739,41.39851328714793],[2.159550455961372,41.396685356623905]]]},"properties":{"cusec":"0801906044","income":28635,"housing_vuln":0.29,"detail":"28.635 €/persona/año"}},{"type":"Feature","geometry":{"type":"Polygon","coordinates":[[[2.1603608396538743,41.398685203323595],[2.160783740438506,41.39895309448305],[2.161586665419241,41.398206313302325],[2.1596017569506136,41.396721907355264],[2.1569540481091276,41.39858244248478],[2.1577099597594676,41.399083134038875],[2.1582686777302267,41.398530230471714],[2.1591840861575498,41.39909301868135],[2.159932228278994,41.398414098130466],[2.1603608396538743,41.398685203323595]]]},"properties":{"cusec":"0801906045","income":22134,"housing_vuln":0.51,"detail":"22.134 €/persona/año"}},{"type":"Feature","geometry":{"type":"Polygon","coordinates":[[[2.159148068206261,41.40056914502819],[2.160783740438506,41.39895309448305],[2.1603608396538743,41.398685203323595],[2.157558970028197,41.40117102299654],[2.157991760365808,41.401453462491226],[2.159148068206261,41.40056914502819]]]},"properties":{"cusec":"0801906046","income":20588,"housing_vuln":0.57,"detail":"20.588 €/persona/año"}},{"type":"Feature","geometry":{"type":"Polygon","coordinates":[[[2.1603608396538743,41.398685203323595],[2.159932228278994,41.398414098130466],[2.1591840861575498,41.39909301868135],[2.1587530619078326,41.39882827901381],[2.1567555608555264,41.4006504709084],[2.1574780641604456,41.401118229530944],[2.1603608396538743,41.398685203323595]]]},"properties":{"cusec":"0801906047","income":19631,"housing_vuln":0.6,"detail":"19.631 €/persona/año"}},{"type":"Feature","geometry":{"type":"Polygon","coordinates":[[[2.1587530619078326,41.39882827901381],[2.1582686777302267,41.398530230471714],[2.1577099597594676,41.399083134038875],[2.1569540481091276,41.39858244248478],[2.15548034212262,41.39984689866297],[2.1567555608555264,41.4006504709084],[2.1587530619078326,41.39882827901381]]]},"properties":{"cusec":"0801906048","income":19801,"housing_vuln":0.59,"detail":"19.801 €/persona/año"}},{"type":"Feature","geometry":{"type":"Polygon","coordinates":[[[2.156586562597777,41.40054201054866],[2.155547717565556,41.39989210036245],[2.153663316204147,41.40136592632432],[2.1548380709489625,41.40198070722341],[2.156586562597777,41.40054201054866]]]},"properties":{"cusec":"0801906049","income":21009,"housing_vuln":0.55,"detail":"21.009 €/persona/año"}},{"type":"Feature","geometry":{"type":"Polygon","coordinates":[[[2.1569681444725806,41.40231817009588],[2.157991760365808,41.401453462491226],[2.156632550950417,41.4005715431903],[2.1548941896031044,41.40201382660434],[2.1563408562995785,41.402889499015004],[2.1569681444725806,41.40231817009588]]]},"properties":{"cusec":"0801906050","income":18118,"housing_vuln":0.65,"detail":"18.118 €/persona/año"}},{"type":"Feature","geometry":{"type":"Polygon","coordinates":[[[2.1563408562995785,41.402889499015004],[2.153663316204147,41.40136592632432],[2.152644018512534,41.40242703312555],[2.1552095961841937,41.403924980755654],[2.1563408562995785,41.402889499015004]]]},"properties":{"cusec":"0801906051","income":20280,"housing_vuln":0.58,"detail":"20.280 €/persona/año"}},{"type":"Feature","geometry":{"type":"Polygon","coordinates":[[[2.158073523226324,41.40514815678092],[2.1564960411632272,41.40418597493439],[2.1572610248996216,41.40348257520421],[2.1563408562995785,41.402889499015004],[2.1548155052690414,41.404282805630594],[2.1572083270300935,41.40589246090107],[2.158073523226324,41.40514815678092]]]},"properties":{"cusec":"0801906052","income":21104,"housing_vuln":0.55,"detail":"21.104 €/persona/año"}},{"type":"Feature","geometry":{"type":"Polygon","coordinates":[[[2.1588348553110834,41.404501062609036],[2.15947759810025,41.403956351994694],[2.1589311322516695,41.403530071357935],[2.1569681444725806,41.40231817009588],[2.1563408562995785,41.402889499015004],[2.1572610248996216,41.40348257520421],[2.1564960411632272,41.40418597493439],[2.158073523226324,41.40514815678092],[2.1588348553110834,41.404501062609036]]]},"properties":{"cusec":"0801906053","income":20750,"housing_vuln":0.56,"detail":"20.750 €/persona/año"}},{"type":"Feature","geometry":{"type":"Polygon","coordinates":[[[2.1605553680320333,41.40304207081292],[2.1580259978562166,41.401473927110715],[2.1569681444725806,41.40231817009588],[2.1595309768927446,41.40391103857685],[2.1605553680320333,41.40304207081292]]]},"properties":{"cusec":"0801906054","income":19683,"housing_vuln":0.6,"detail":"19.683 €/persona/año"}},{"type":"Feature","geometry":{"type":"Polygon","coordinates":[[[2.161429038934648,41.40207215473084],[2.159148068206261,41.40056914502819],[2.1580259978562166,41.401473927110715],[2.1603785948554717,41.402927093351636],[2.161429038934648,41.40207215473084]]]},"properties":{"cusec":"0801906055","income":20521,"housing_vuln":0.57,"detail":"20.521 €/persona/año"}},{"type":"Feature","geometry":{"type":"Polygon","coordinates":[[[2.1622224444683082,41.40127927005229],[2.163092037019534,41.40059981845171],[2.162044751416919,41.39979725296833],[2.1616834957220394,41.400032707830206],[2.1614259038143113,41.399846240997256],[2.159836224426292,41.40109013373253],[2.161429038934648,41.40207215473084],[2.1622224444683082,41.40127927005229]]]},"properties":{"cusec":"0801906056","income":20093,"housing_vuln":0.58,"detail":"20.093 €/persona/año"}},{"type":"Feature","geometry":{"type":"Polygon","coordinates":[[[2.162044751416919,41.39979725296833],[2.162923671175741,41.399210912586504],[2.161586665419241,41.398206313302325],[2.159182046981872,41.40053823574944],[2.159836224426292,41.40109013373253],[2.1614259038143113,41.399846240997256],[2.1616834957220394,41.400032707830206],[2.162044751416919,41.39979725296833]]]},"properties":{"cusec":"0801906057","income":18792,"housing_vuln":0.63,"detail":"18.792 €/persona/año"}},{"type":"Feature","geometry":{"type":"Polygon","coordinates":[[[2.164162043710668,41.40179483220107],[2.1652451729914346,41.40097198583476],[2.162996320627703,41.399265776302165],[2.162044751416919,41.39979725296833],[2.163092037019534,41.40059981845171],[2.1622224444683082,41.40127927005229],[2.1636972284331994,41.4021479359367],[2.164162043710668,41.40179483220107]]]},"properties":{"cusec":"0801906058","income":21548,"housing_vuln":0.53,"detail":"21.548 €/persona/año"}},{"type":"Feature","geometry":{"type":"Polygon","coordinates":[[[2.1636972284331994,41.4021479359367],[2.1622224444683082,41.40127927005229],[2.1603785948554717,41.402927093351636],[2.1616218802766918,41.40372443733166],[2.1636972284331994,41.4021479359367]]]},"properties":{"cusec":"0801906059","income":20354,"housing_vuln":0.58,"detail":"20.354 €/persona/año"}},{"type":"Feature","geometry":{"type":"Polygon","coordinates":[[[2.16225542970723,41.40413989085714],[2.1605553680320333,41.40304207081292],[2.1588348553110834,41.404501062609036],[2.160702403379414,41.4057089168823],[2.16225542970723,41.40413989085714]]]},"properties":{"cusec":"0801906060","income":18897,"housing_vuln":0.63,"detail":"18.897 €/persona/año"}},{"type":"Feature","geometry":{"type":"Polygon","coordinates":[[[2.1602425054798235,41.40541210394145],[2.1588348553110834,41.404501062609036],[2.1572083270300935,41.40589246090107],[2.158806957231625,41.40684875976369],[2.1602425054798235,41.40541210394145]]]},"properties":{"cusec":"0801906061","income":19651,"housing_vuln":0.6,"detail":"19.651 €/persona/año"}},{"type":"Feature","geometry":{"type":"Polygon","coordinates":[[[2.161380190346116,41.4072238067238],[2.1600374955589317,41.40637995020889],[2.160702403379414,41.4057089168823],[2.1602425054798235,41.40541210394145],[2.158806957231625,41.40684875976369],[2.1608667654320106,41.40777133723845],[2.161380190346116,41.4072238067238]]]},"properties":{"cusec":"0801906062","income":19209,"housing_vuln":0.62,"detail":"19.209 €/persona/año"}},{"type":"Feature","geometry":{"type":"Polygon","coordinates":[[[2.1630199984219645,41.40545926044744],[2.163511681411254,41.404909239678126],[2.16225542970723,41.40413989085714],[2.1600374955589317,41.40637995020889],[2.161380190346116,41.4072238067238],[2.1630199984219645,41.40545926044744]]]},"properties":{"cusec":"0801906063","income":20181,"housing_vuln":0.58,"detail":"20.181 €/persona/año"}},{"type":"Feature","geometry":{"type":"Polygon","coordinates":[[[2.1641433839055595,41.40350631654742],[2.1652756501340935,41.402651768944295],[2.164162043710668,41.40179483220107],[2.1616218802766918,41.40372443733166],[2.162827690679197,41.40449452482856],[2.1641433839055595,41.40350631654742]]]},"properties":{"cusec":"0801906064","income":21055,"housing_vuln":0.55,"detail":"21.055 €/persona/año"}},{"type":"Feature","geometry":{"type":"Polygon","coordinates":[[[2.16527296686633,41.40436312493611],[2.1641433839055595,41.40350631654742],[2.162827690679197,41.40449452482856],[2.164066780968038,41.40526065146941],[2.16527296686633,41.40436312493611]]]},"properties":{"cusec":"0801906065","income":23080,"housing_vuln":0.48,"detail":"23.080 €/persona/año"}},{"type":"Feature","geometry":{"type":"Polygon","coordinates":[[[2.1664015922229947,41.40522586815409],[2.16527296686633,41.40436312493611],[2.164066780968038,41.40526065146941],[2.1653289696377795,41.40604795656305],[2.1664015922229947,41.40522586815409]]]},"properties":{"cusec":"0801906066","income":20645,"housing_vuln":0.57,"detail":"20.645 €/persona/año"}},{"type":"Feature","geometry":{"type":"Polygon","coordinates":[[[2.167526236246323,41.40437790858272],[2.1652756501340935,41.402651768944295],[2.1641433839055595,41.40350631654742],[2.1664015922229947,41.40522586815409],[2.167526236246323,41.40437790858272]]]},"properties":{"cusec":"0801906067","income":21041,"housing_vuln":0.55,"detail":"21.041 €/persona/año"}},{"type":"Feature","geometry":{"type":"Polygon","coordinates":[[[2.1675292599755527,41.402692570072304],[2.165253999837414,41.40097868838323],[2.164162043710668,41.40179483220107],[2.1664118896110893,41.40352303554179],[2.1675292599755527,41.402692570072304]]]},"properties":{"cusec":"0801906068","income":23837,"housing_vuln":0.45,"detail":"23.837 €/persona/año"}},{"type":"Feature","geometry":{"type":"Polygon","coordinates":[[[2.168667650019367,41.401830667834155],[2.16745863173296,41.400928926307316],[2.166333421771027,41.4017919496092],[2.1675292599755527,41.402692570072304],[2.168667650019367,41.401830667834155]]]},"properties":{"cusec":"0801906069","income":21492,"housing_vuln":0.54,"detail":"21.492 €/persona/año"}},{"type":"Feature","geometry":{"type":"Polygon","coordinates":[[[2.16864324548802,41.40353072157459],[2.1697888849361773,41.40267084109797],[2.168667650019367,41.401830667834155],[2.1664118896110893,41.40352303554179],[2.167526236246323,41.40437790858272],[2.16864324548802,41.40353072157459]]]},"properties":{"cusec":"0801906070","income":19793,"housing_vuln":0.59,"detail":"19.793 €/persona/año"}},{"type":"Feature","geometry":{"type":"Polygon","coordinates":[[[2.169773141062514,41.404377893085524],[2.16864324548802,41.40353072157459],[2.167526236246323,41.40437790858272],[2.1686624370957768,41.40522516405186],[2.169773141062514,41.404377893085524]]]},"properties":{"cusec":"0801906071","income":21907,"housing_vuln":0.52,"detail":"21.907 €/persona/año"}},{"type":"Feature","geometry":{"type":"Polygon","coordinates":[[[2.1720432628372217,41.40435000487648],[2.1697888849361773,41.40267084109797],[2.16864324548802,41.40353072157459],[2.1708985621285652,41.405231108830684],[2.1720432628372217,41.40435000487648]]]},"properties":{"cusec":"0801906072","income":24212,"housing_vuln":0.44,"detail":"24.212 €/persona/año"}},{"type":"Feature","geometry":{"type":"Polygon","coordinates":[[[2.1708985621285652,41.405231108830684],[2.169773141062514,41.404377893085524],[2.1686624370957768,41.40522516405186],[2.1697978716822734,41.40608102131673],[2.1708985621285652,41.405231108830684]]]},"properties":{"cusec":"0801906073","income":21395,"housing_vuln":0.54,"detail":"21.395 €/persona/año"}},{"type":"Feature","geometry":{"type":"Polygon","coordinates":[[[2.1697978716822734,41.40608102131673],[2.1686624370957768,41.40522516405186],[2.167537033097704,41.40608281153205],[2.16865604198924,41.406965872181644],[2.1697978716822734,41.40608102131673]]]},"properties":{"cusec":"0801906074","income":19546,"housing_vuln":0.6,"detail":"19.546 €/persona/año"}},{"type":"Feature","geometry":{"type":"Polygon","coordinates":[[[2.16865604198924,41.406965872181644],[2.167537033097704,41.40608281153205],[2.1665660018862702,41.4068195520347],[2.1678043339970277,41.407591908448154],[2.16865604198924,41.406965872181644]]]},"properties":{"cusec":"0801906075","income":23203,"housing_vuln":0.48,"detail":"23.203 €/persona/año"}},{"type":"Feature","geometry":{"type":"Polygon","coordinates":[[[2.167537033097704,41.40608281153205],[2.1686624370957768,41.40522516405186],[2.167526236246323,41.40437790858272],[2.1653289696377795,41.40604795656305],[2.1665660018862702,41.4068195520347],[2.167537033097704,41.40608281153205]]]},"properties":{"cusec":"0801906076","income":21443,"housing_vuln":0.54,"detail":"21.443 €/persona/año"}},{"type":"Feature","geometry":{"type":"Polygon","coordinates":[[[2.1678043339970277,41.407591908448154],[2.1644162265118774,41.405478621502255],[2.1638626954135924,41.40605915602568],[2.1671365219232293,41.408088984629735],[2.1678043339970277,41.407591908448154]]]},"properties":{"cusec":"0801906077","income":19538,"housing_vuln":0.6,"detail":"19.538 €/persona/año"}},{"type":"Feature","geometry":{"type":"Polygon","coordinates":[[[2.1671365219232293,41.408088984629735],[2.165490111230048,41.40707099140971],[2.1644185989625453,41.40813454981227],[2.165874109572977,41.409034972547865],[2.1671365219232293,41.408088984629735]]]},"properties":{"cusec":"0801906078","income":19901,"housing_vuln":0.59,"detail":"19.901 €/persona/año"}},{"type":"Feature","geometry":{"type":"Polygon","coordinates":[[[2.1651588538757736,41.40957291332388],[2.165874109572977,41.409034972547865],[2.1644185989625453,41.40813454981227],[2.1638487212210107,41.408673592881506],[2.16427946429807,41.410315427861576],[2.1651588538757736,41.40957291332388]]]},"properties":{"cusec":"0801906079","income":20813,"housing_vuln":0.56,"detail":"20.813 €/persona/año"}},{"type":"Feature","geometry":{"type":"Polygon","coordinates":[[[2.1644185989625453,41.40813454981227],[2.165490111230048,41.40707099140971],[2.164564649756374,41.406494838013266],[2.163531805470264,41.40745365662747],[2.1638487212210107,41.408673592881506],[2.1644185989625453,41.40813454981227]]]},"properties":{"cusec":"0801906080","income":20381,"housing_vuln":0.57,"detail":"20.381 €/persona/año"}},{"type":"Feature","geometry":{"type":"Polygon","coordinates":[[[2.164564649756374,41.406494838013266],[2.1638626954135924,41.40605915602568],[2.1644162265118774,41.405478621502255],[2.163511681411254,41.404909239678126],[2.1630199984219645,41.40545926044744],[2.163531805470264,41.40745365662747],[2.164564649756374,41.406494838013266]]]},"properties":{"cusec":"0801906081","income":20579,"housing_vuln":0.57,"detail":"20.579 €/persona/año"}},{"type":"Feature","geometry":{"type":"Polygon","coordinates":[[[2.163365163493468,41.40680907902249],[2.1630199984219645,41.40545926044744],[2.1605521134357493,41.40810688083751],[2.161679448811682,41.40859198598346],[2.163365163493468,41.40680907902249]]]},"properties":{"cusec":"0801906082","income":21032,"housing_vuln":0.55,"detail":"21.032 €/persona/año"}},{"type":"Feature","geometry":{"type":"Polygon","coordinates":[[[2.1638487212210107,41.408673592881506],[2.163365163493468,41.40680907902249],[2.161679448811682,41.40859198598346],[2.163220237390372,41.409263362112846],[2.1638487212210107,41.408673592881506]]]},"properties":{"cusec":"0801906083","income":22433,"housing_vuln":0.5,"detail":"22.433 €/persona/año"}},{"type":"Feature","geometry":{"type":"Polygon","coordinates":[[[2.162618899749288,41.40980962094592],[2.161210030566686,41.40905795996591],[2.1616041062104885,41.40864047487372],[2.1605521134357493,41.40810688083751],[2.1595894167935525,41.4091305037815],[2.162016260449343,41.41037545845953],[2.162618899749288,41.40980962094592]]]},"properties":{"cusec":"0801906084","income":20976,"housing_vuln":0.55,"detail":"20.976 €/persona/año"}},{"type":"Feature","geometry":{"type":"Polygon","coordinates":[[[2.162016260449343,41.41037545845953],[2.1595894167935525,41.4091305037815],[2.158853537574052,41.40991259849051],[2.1611418026225375,41.41114201094222],[2.162016260449343,41.41037545845953]]]},"properties":{"cusec":"0801906085","income":21943,"housing_vuln":0.52,"detail":"21.943 €/persona/año"}},{"type":"Feature","geometry":{"type":"Polygon","coordinates":[[[2.1611418026225375,41.41114201094222],[2.158853537574052,41.40991259849051],[2.1581923712367144,41.410597810093016],[2.160462338501221,41.411777080550905],[2.1611418026225375,41.41114201094222]]]},"properties":{"cusec":"0801906086","income":24140,"housing_vuln":0.44,"detail":"24.140 €/persona/año"}},{"type":"Feature","geometry":{"type":"Polygon","coordinates":[[[2.163902029944932,41.410497708429325],[2.162618899749288,41.40980962094592],[2.160462338501221,41.411777080550905],[2.1620179681467255,41.41264271051185],[2.163902029944932,41.410497708429325]]]},"properties":{"cusec":"0801906087","income":23571,"housing_vuln":0.46,"detail":"23.571 €/persona/año"}},{"type":"Feature","geometry":{"type":"Polygon","coordinates":[[[2.16427946429807,41.410315427861576],[2.1638487212210107,41.408673592881506],[2.163220237390372,41.409263362112846],[2.161679448811682,41.40859198598346],[2.161210030566686,41.40905795996591],[2.163902029944932,41.410497708429325],[2.16427946429807,41.410315427861576]]]},"properties":{"cusec":"0801906088","income":20867,"housing_vuln":0.56,"detail":"20.867 €/persona/año"}},{"type":"Feature","geometry":{"type":"Polygon","coordinates":[[[2.1666003884970637,41.41047480034681],[2.1651588538757736,41.40957291332388],[2.16427946429807,41.410315427861576],[2.1646702179719393,41.41171939240682],[2.165022044949584,41.411736505432],[2.1666003884970637,41.41047480034681]]]},"properties":{"cusec":"0801907001","income":22147,"housing_vuln":0.51,"detail":"22.147 €/persona/año"}},{"type":"Feature","geometry":{"type":"Polygon","coordinates":[[[2.1692210814046406,41.40847700958385],[2.1678043339970277,41.407591908448154],[2.1651588538757736,41.40957291332388],[2.1666003884970637,41.41047480034681],[2.1692210814046406,41.40847700958385]]]},"properties":{"cusec":"0801907002","income":19201,"housing_vuln":0.62,"detail":"19.201 €/persona/año"}},{"type":"Feature","geometry":{"type":"Polygon","coordinates":[[[2.1699381948178753,41.40792847505876],[2.16865604198924,41.406965872181644],[2.1678043339970277,41.407591908448154],[2.1692210814046406,41.40847700958385],[2.1699381948178753,41.40792847505876]]]},"properties":{"cusec":"0801907003","income":19429,"housing_vuln":0.61,"detail":"19.429 €/persona/año"}},{"type":"Feature","geometry":{"type":"Polygon","coordinates":[[[2.172088235195278,41.4095489464741],[2.1699381948178753,41.40792847505876],[2.1692210814046406,41.40847700958385],[2.1715430539375804,41.40997235794632],[2.172088235195278,41.4095489464741]]]},"properties":{"cusec":"0801907004","income":17799,"housing_vuln":0.66,"detail":"17.799 €/persona/año"}},{"type":"Feature","geometry":{"type":"Polygon","coordinates":[[[2.1702413402936487,41.41098027061223],[2.1715430539375804,41.40997235794632],[2.1704171873071356,41.409234662795924],[2.16858204147111,41.41064409440269],[2.169656293600226,41.411434533748476],[2.1702413402936487,41.41098027061223]]]},"properties":{"cusec":"0801907005","income":18710,"housing_vuln":0.63,"detail":"18.710 €/persona/año"}},{"type":"Feature","geometry":{"type":"Polygon","coordinates":[[[2.1679532818576623,41.411055048363366],[2.1704171873071356,41.409234662795924],[2.1692210814046406,41.40847700958385],[2.1666003884970637,41.41047480034681],[2.167762298231616,41.41120117504608],[2.1679532818576623,41.411055048363366]]]},"properties":{"cusec":"0801907006","income":20209,"housing_vuln":0.58,"detail":"20.209 €/persona/año"}},{"type":"Feature","geometry":{"type":"Polygon","coordinates":[[[2.1679532818576623,41.411055048363366],[2.167762298231616,41.41120117504608],[2.1666003884970637,41.41047480034681],[2.165052040595232,41.41164787081349],[2.1670209267124623,41.41216956701823],[2.1674496000711088,41.411652921658074],[2.1678958157306076,41.41180987829319],[2.1682722448689606,41.411403476030266],[2.1679532818576623,41.411055048363366]]]},"properties":{"cusec":"0801907007","income":18160,"housing_vuln":0.65,"detail":"18.160 €/persona/año"}},{"type":"Feature","geometry":{"type":"Polygon","coordinates":[[[2.169069584125244,41.41188805329767],[2.169656293600226,41.411434533748476],[2.16858204147111,41.41064409440269],[2.1679532818576623,41.411055048363366],[2.168329942761333,41.41133575049413],[2.167913518829907,41.41179162132105],[2.1674496000711088,41.411652921658074],[2.1670209267124623,41.41216956701823],[2.1682445390289478,41.412525797638196],[2.169069584125244,41.41188805329767]]]},"properties":{"cusec":"0801907008","income":19693,"housing_vuln":0.6,"detail":"19.693 €/persona/año"}},{"type":"Feature","geometry":{"type":"Polygon","coordinates":[[[2.171345861156297,41.411811374611446],[2.1702413402936487,41.41098027061223],[2.169069584125244,41.41188805329767],[2.1701656177050825,41.412705495758054],[2.171345861156297,41.411811374611446]]]},"properties":{"cusec":"0801907009","income":17508,"housing_vuln":0.67,"detail":"17.508 €/persona/año"}},{"type":"Feature","geometry":{"type":"Polygon","coordinates":[[[2.1719302332148986,41.411364413175825],[2.1732068416415817,41.41039397993122],[2.172088235195278,41.4095489464741],[2.1702413402936487,41.41098027061223],[2.171345861156297,41.411811374611446],[2.1719302332148986,41.411364413175825]]]},"properties":{"cusec":"0801907010","income":20325,"housing_vuln":0.58,"detail":"20.325 €/persona/año"}},{"type":"Feature","geometry":{"type":"Polygon","coordinates":[[[2.1742916220258803,41.41120640176628],[2.1732068416415817,41.41039397993122],[2.1719302332148986,41.411364413175825],[2.173020611900042,41.41217318484107],[2.1742916220258803,41.41120640176628]]]},"properties":{"cusec":"0801907011","income":19173,"housing_vuln":0.62,"detail":"19.173 €/persona/año"}},{"type":"Feature","geometry":{"type":"Polygon","coordinates":[[[2.173020611900042,41.41217318484107],[2.1719302332148986,41.411364413175825],[2.1701656177050825,41.412705495758054],[2.171254254556887,41.41351666862214],[2.173020611900042,41.41217318484107]]]},"properties":{"cusec":"0801907012","income":17437,"housing_vuln":0.68,"detail":"17.437 €/persona/año"}},{"type":"Feature","geometry":{"type":"Polygon","coordinates":[[[2.171254254556887,41.41351666862214],[2.169069584125244,41.41188805329767],[2.1682445390289478,41.412525797638196],[2.1705513506948404,41.41368090675918],[2.170949573860274,41.41374839877352],[2.171254254556887,41.41351666862214]]]},"properties":{"cusec":"0801907013","income":20122,"housing_vuln":0.58,"detail":"20.122 €/persona/año"}},{"type":"Feature","geometry":{"type":"Polygon","coordinates":[[[2.170949573860274,41.41374839877352],[2.1705513506948404,41.41368090675918],[2.169563478766754,41.41312987497548],[2.16879986406287,41.413697187255266],[2.1700891791592296,41.414402773676336],[2.170949573860274,41.41374839877352]]]},"properties":{"cusec":"0801907014","income":17067,"housing_vuln":0.69,"detail":"17.067 €/persona/año"}},{"type":"Feature","geometry":{"type":"Polygon","coordinates":[[[2.169213036092969,41.41562275392301],[2.1694670527058495,41.41490322207084],[2.1700891791592296,41.414402773676336],[2.16879986406287,41.413697187255266],[2.1672984845757117,41.41545299924762],[2.168096785029356,41.415753147481446],[2.169213036092969,41.41562275392301]]]},"properties":{"cusec":"0801907015","income":18373,"housing_vuln":0.64,"detail":"18.373 €/persona/año"}},{"type":"Feature","geometry":{"type":"Polygon","coordinates":[[[2.16879986406287,41.413697187255266],[2.169563478766754,41.41312987497548],[2.1682445390289478,41.412525797638196],[2.165022044949584,41.411736505432],[2.163875124503866,41.41367365982845],[2.1647692976562025,41.41416742006354],[2.1642652286957667,41.4146431170905],[2.16629638692679,41.414954081650365],[2.1672984845757117,41.41545299924762],[2.16879986406287,41.413697187255266]]]},"properties":{"cusec":"0801907016","income":20915,"housing_vuln":0.56,"detail":"20.915 €/persona/año"}},{"type":"Feature","geometry":{"type":"Polygon","coordinates":[[[2.165022044949584,41.411736505432],[2.1639803881905153,41.41190183476863],[2.1620179681467255,41.41264271051185],[2.163875124503866,41.41367365982845],[2.165022044949584,41.411736505432]]]},"properties":{"cusec":"0801907017","income":18102,"housing_vuln":0.65,"detail":"18.102 €/persona/año"}},{"type":"Feature","geometry":{"type":"Polygon","coordinates":[[[2.1646702179719393,41.41171939240682],[2.16427946429807,41.410315427861576],[2.1634896205845013,41.41090452935085],[2.162052833559505,41.41260094482214],[2.1646702179719393,41.41171939240682]]]},"properties":{"cusec":"0801907018","income":17856,"housing_vuln":0.66,"detail":"17.856 €/persona/año"}},{"type":"Feature","geometry":{"type":"Polygon","coordinates":[[[2.163875124503866,41.41367365982845],[2.1620179681467255,41.41264271051185],[2.1613034535596274,41.41349880422092],[2.1613945660856335,41.4137026643889],[2.1623630496748985,41.41410437888077],[2.1642652286957667,41.4146431170905],[2.1647692976562025,41.41416742006354],[2.163875124503866,41.41367365982845]]]},"properties":{"cusec":"0801907019","income":19265,"housing_vuln":0.61,"detail":"19.265 €/persona/año"}},{"type":"Feature","geometry":{"type":"Polygon","coordinates":[[[2.16629638692679,41.414954081650365],[2.163460126198767,41.41446037792145],[2.1613945660856335,41.4137026643889],[2.1611654768235438,41.41408076536902],[2.163326579953702,41.41552422899209],[2.16629638692679,41.414954081650365]]]},"properties":{"cusec":"0801907020","income":18242,"housing_vuln":0.65,"detail":"18.242 €/persona/año"}},{"type":"Feature","geometry":{"type":"Polygon","coordinates":[[[2.1591715977785015,41.41668420859843],[2.159134917768818,41.41649649880723],[2.1583465410041094,41.41626605236503],[2.158770773990303,41.415345383460924],[2.1594675028330688,41.41519032301611],[2.160284262767502,41.41465125519741],[2.1603378266129316,41.414427085684],[2.1611654768235438,41.41408076536902],[2.1604951144326523,41.41385128316823],[2.1596200619211348,41.41412194803934],[2.1581919571133854,41.415403705682955],[2.157457497232033,41.41654403934077],[2.1572269994115945,41.41649761843876],[2.156550445831774,41.41554572327114],[2.155872805290465,41.415125378334466],[2.155360697306538,41.41515877463422],[2.1551587479458565,41.41541750459727],[2.155298231156639,41.41569172330676],[2.156176868844472,41.41610059535999],[2.156633998136341,41.416872448692246],[2.15646984089965,41.41752003199964],[2.1571041547964844,41.41780910191393],[2.158464581429076,41.416981325061585],[2.158807060537891,41.41655877575386],[2.1590060032373204,41.41650709555945],[2.1591715977785015,41.41668420859843]]]},"properties":{"cusec":"0801907021","income":21359,"housing_vuln":0.54,"detail":"21.359 €/persona/año"}},{"type":"Feature","geometry":{"type":"Polygon","coordinates":[[[2.15989733322181,41.41595298347554],[2.1610188025988966,41.4150072963775],[2.163326579953702,41.41552422899209],[2.1611654768235438,41.41408076536902],[2.1603378266129316,41.414427085684],[2.160284262767502,41.41465125519741],[2.1594675028330688,41.41519032301611],[2.158770773990303,41.415345383460924],[2.1583465410041094,41.41626605236503],[2.159134917768818,41.41649649880723],[2.1591715977785015,41.41668420859843],[2.159524286240496,41.416561516894724],[2.15989733322181,41.41595298347554]]]},"properties":{"cusec":"0801907022","income":18067,"housing_vuln":0.65,"detail":"18.067 €/persona/año"}},{"type":"Feature","geometry":{"type":"Polygon","coordinates":[[[2.1608794325758485,41.41746292223621],[2.1614202605976787,41.41754690946339],[2.1619457301231337,41.416960702974116],[2.15989733322181,41.41595298347554],[2.159524286240496,41.416561516894724],[2.158751136818186,41.416928141592784],[2.159761463035087,41.4177850606328],[2.160228055180181,41.41776867068237],[2.1608794325758485,41.41746292223621]]]},"properties":{"cusec":"0801907023","income":15621,"housing_vuln":0.74,"detail":"15.621 €/persona/año"}},{"type":"Feature","geometry":{"type":"Polygon","coordinates":[[[2.162590553410511,41.41536057824632],[2.1610188025988966,41.4150072963775],[2.15989733322181,41.41595298347554],[2.1624301690979957,41.41714434993712],[2.1628793878254915,41.41665157836479],[2.1627520929564605,41.41640689521509],[2.162347975944437,41.41621832232735],[2.162590553410511,41.41536057824632]]]},"properties":{"cusec":"0801907024","income":17091,"housing_vuln":0.69,"detail":"17.091 €/persona/año"}},{"type":"Feature","geometry":{"type":"Polygon","coordinates":[[[2.16629638692679,41.414954081650365],[2.163326579953702,41.41552422899209],[2.162590553410511,41.41536057824632],[2.162258695083279,41.41621303201191],[2.1626069018503546,41.41629582779062],[2.1628793878254915,41.41665157836479],[2.1624301690979957,41.41714434993712],[2.162785779779615,41.41727995589395],[2.16629638692679,41.414954081650365]]]},"properties":{"cusec":"0801907025","income":16532,"housing_vuln":0.71,"detail":"16.532 €/persona/año"}},{"type":"Feature","geometry":{"type":"Polygon","coordinates":[[[2.167157234378738,41.417357991605215],[2.1661690174976,41.41667090644314],[2.1672984845757117,41.41545299924762],[2.16629638692679,41.414954081650365],[2.162785779779615,41.41727995589395],[2.1619457301231337,41.416960702974116],[2.1614202605976787,41.41754690946339],[2.1608794325758485,41.41746292223621],[2.1609793539815256,41.41769295956664],[2.1606880770472707,41.41790078447837],[2.1609075453526465,41.418173246608816],[2.1611728187543546,41.41818383837197],[2.161638515279109,41.41889728189823],[2.161303881157679,41.41891831631218],[2.1614546651747473,41.41920215662107],[2.16236698609248,41.41948199834428],[2.1626697237331043,41.419809703716005],[2.162120786619175,41.419987327790494],[2.161687539937439,41.41993972578255],[2.1622066053732194,41.42008068596109],[2.163289204647999,41.41990951349449],[2.165982672771699,41.4201631507739],[2.166160976677514,41.41991431916907],[2.1659840786351228,41.41938699901144],[2.165667822247779,41.4191596770514],[2.165099719577276,41.41912972846645],[2.164828803857232,41.41873183024876],[2.1653781541961923,41.41811731697805],[2.1660619176544835,41.418302134162786],[2.1663957630550956,41.41820780405694],[2.166110763548058,41.418217122621],[2.1659980797771503,41.41804965570182],[2.166422730479928,41.41785569231236],[2.1667711932668428,41.418010167729285],[2.1670649190085522,41.41857707496525],[2.168431959936572,41.41889929810352],[2.168007559863751,41.41831590349455],[2.167647617505828,41.41814717980283],[2.1675882936627757,41.417694531198514],[2.167157234378738,41.417357991605215]]]},"properties":{"cusec":"0801907026","income":17256,"housing_vuln":0.68,"detail":"17.256 €/persona/año"}},{"type":"Feature","geometry":{"type":"Polygon","coordinates":[[[2.1703214143214544,41.417458909272426],[2.1710945421842003,41.417198481739234],[2.169281203849979,41.41563783816096],[2.1680639165714237,41.41574925230477],[2.1672984845757117,41.41545299924762],[2.1661867232918572,41.41659832456494],[2.167157234378738,41.417357991605215],[2.1680935106701353,41.41666339105424],[2.1683959105442177,41.416919629215734],[2.168714233056719,41.41669043526729],[2.168567566018615,41.41763267233235],[2.1687909177409432,41.417975513844105],[2.1703214143214544,41.417458909272426]]]},"properties":{"cusec":"0801907027","income":16653,"housing_vuln":0.7,"detail":"16.653 €/persona/año"}},{"type":"Feature","geometry":{"type":"Polygon","coordinates":[[[2.1694962479525834,41.42118215336924],[2.1705186250690134,41.42113447679194],[2.170609712442201,41.420955349643094],[2.170436736444371,41.42026741537211],[2.1708072932956974,41.419674478254166],[2.171519571976053,41.41931438918123],[2.1703214143214544,41.417458909272426],[2.1687909177409432,41.417975513844105],[2.168567566018615,41.41763267233235],[2.168714233056719,41.41669043526729],[2.1683959105442177,41.416919629215734],[2.168121765380775,41.41666603518316],[2.1672135928830385,41.41730286831326],[2.167599122853519,41.41771422880167],[2.167690067394568,41.41819453387506],[2.168051602465512,41.4183499556323],[2.1684712872814016,41.41888574715494],[2.1670122301221952,41.4185612719584],[2.1668402539492675,41.41808006286594],[2.166422730479928,41.41785569231236],[2.166055373427662,41.41797774834052],[2.1660378859239993,41.418202443844216],[2.1663174452336817,41.41821704515156],[2.166104802327853,41.418289212949134],[2.165261541194214,41.41818110134143],[2.164828803857232,41.41873183024876],[2.165099719577276,41.41912972846645],[2.1658357847480083,41.419239901844385],[2.1661547450643828,41.41987756794218],[2.165982672771699,41.4201631507739],[2.1647846166267386,41.42007909754623],[2.1648152698391616,41.42064594630553],[2.1651109314503163,41.42124875852039],[2.1655234342355114,41.42155915593266],[2.166604548595122,41.42126582457638],[2.1671775973896104,41.42211862925073],[2.168173034928985,41.42234870734715],[2.167974989646489,41.422500702649174],[2.166993781421205,41.422551141340364],[2.1675237074887934,41.42273717522838],[2.167965694778255,41.42319826588893],[2.168873727138811,41.423145542188465],[2.169275482479932,41.42337387877446],[2.169494046181831,41.42316679481874],[2.169619278518959,41.42270439176039],[2.16902505553492,41.42133341918213],[2.1694962479525834,41.42118215336924]]]},"properties":{"cusec":"0801907028","income":17335,"housing_vuln":0.68,"detail":"17.335 €/persona/año"}},{"type":"Feature","geometry":{"type":"Polygon","coordinates":[[[2.172885344482871,41.41981582769332],[2.1710945421842003,41.417198481739234],[2.1703214143214544,41.417458909272426],[2.171519571976053,41.41931438918123],[2.1708072932956974,41.419674478254166],[2.170436736444371,41.42026741537211],[2.170581793701476,41.42105872716193],[2.1702594179904375,41.421234689377656],[2.1694962479525834,41.42118215336924],[2.1702104723838525,41.422015198183246],[2.1705337760545924,41.421667116417034],[2.17201423198219,41.42151354695092],[2.172218765795954,41.421155137297575],[2.17143045370997,41.42039728967211],[2.172885344482871,41.41981582769332]]]},"properties":{"cusec":"0801907029","income":20079,"housing_vuln":0.58,"detail":"20.079 €/persona/año"}},{"type":"Feature","geometry":{"type":"Polygon","coordinates":[[[2.173068917906127,41.42186577358591],[2.173164372888202,41.42162300225612],[2.1739439650277617,41.421319193105425],[2.172885344482871,41.41981582769332],[2.17143045370997,41.42039728967211],[2.172165496597939,41.421068912262996],[2.172157440506469,41.421425887594346],[2.1705337760545924,41.421667116417034],[2.1702104723838525,41.422015198183246],[2.1707203363761973,41.42260985519055],[2.1727221673081463,41.42179692123041],[2.173068917906127,41.42186577358591]]]},"properties":{"cusec":"0801907030","income":15561,"housing_vuln":0.74,"detail":"15.561 €/persona/año"}},{"type":"Feature","geometry":{"type":"Polygon","coordinates":[[[2.17506728134108,41.42184007537932],[2.174351585469399,41.42082683717205],[2.1751051399404218,41.420033387827985],[2.173992793853324,41.41937064988337],[2.172885344482871,41.41981582769332],[2.1744757281500813,41.42207096481231],[2.17506728134108,41.42184007537932]]]},"properties":{"cusec":"0801907031","income":15575,"housing_vuln":0.74,"detail":"15.575 €/persona/año"}},{"type":"Feature","geometry":{"type":"Polygon","coordinates":[[[2.175558070506691,41.41955917926351],[2.174120114773504,41.4187113616339],[2.1741496585665785,41.4184868073353],[2.172129504697766,41.41873129537705],[2.172885344482871,41.41981582769332],[2.173992793853324,41.41937064988337],[2.1751051399404218,41.420033387827985],[2.175558070506691,41.41955917926351]]]},"properties":{"cusec":"0801907032","income":18088,"housing_vuln":0.65,"detail":"18.088 €/persona/año"}},{"type":"Feature","geometry":{"type":"Polygon","coordinates":[[[2.1756849602354973,41.421620115828624],[2.175471476506552,41.4213201914031],[2.1768403697606864,41.42023430394855],[2.176341467011458,41.41873988633274],[2.174351585469399,41.42082683717205],[2.17506728134108,41.42184007537932],[2.1756849602354973,41.421620115828624]]]},"properties":{"cusec":"0801907033","income":18920,"housing_vuln":0.63,"detail":"18.920 €/persona/año"}},{"type":"Feature","geometry":{"type":"Polygon","coordinates":[[[2.177839255034121,41.419442981439545],[2.1791855951847268,41.41837261707791],[2.179508941974594,41.41843943596141],[2.1797564682595785,41.41726976683043],[2.1760597697113835,41.4181646609673],[2.1765527175286197,41.41851865926158],[2.176341467011458,41.41873988633274],[2.1768403697606864,41.42023430394855],[2.177839255034121,41.419442981439545]]]},"properties":{"cusec":"0801907034","income":20192,"housing_vuln":0.58,"detail":"20.192 €/persona/año"}},{"type":"Feature","geometry":{"type":"Polygon","coordinates":[[[2.1805108455874094,41.418377276685135],[2.1804518047136763,41.41586247304509],[2.180232840363172,41.4155773987896],[2.1779737328321427,41.416365266678945],[2.178679908358452,41.41753049048573],[2.1797564682595785,41.41726976683043],[2.179508941974594,41.41843943596141],[2.1805557442836037,41.418658632943284],[2.1805108455874094,41.418377276685135]]]},"properties":{"cusec":"0801907035","income":20426,"housing_vuln":0.57,"detail":"20.426 €/persona/año"}},{"type":"Feature","geometry":{"type":"Polygon","coordinates":[[[2.178679908358452,41.41753049048573],[2.1779737328321427,41.416365266678945],[2.17497786393603,41.417386754025344],[2.1760597697113835,41.4181646609673],[2.178679908358452,41.41753049048573]]]},"properties":{"cusec":"0801907036","income":20750,"housing_vuln":0.56,"detail":"20.750 €/persona/año"}},{"type":"Feature","geometry":{"type":"Polygon","coordinates":[[[2.176341467011458,41.41873988633274],[2.1765527175286197,41.41851865926158],[2.17497786393603,41.417386754025344],[2.1741725215888725,41.417660587175256],[2.174197207292877,41.417906897183684],[2.1725407570281012,41.41819214040529],[2.1721478986014997,41.417594910680904],[2.1715062589435354,41.41781270460234],[2.172129504697766,41.41873129537705],[2.1741496585665785,41.4184868073353],[2.174120114773504,41.4187113616339],[2.175558070506691,41.41955917926351],[2.176341467011458,41.41873988633274]]]},"properties":{"cusec":"0801907037","income":18309,"housing_vuln":0.65,"detail":"18.309 €/persona/año"}},{"type":"Feature","geometry":{"type":"Polygon","coordinates":[[[2.17497786393603,41.417386754025344],[2.175250415488155,41.417294075744024],[2.174413355424947,41.41658886227812],[2.1741292066224944,41.41610905799287],[2.170949573860274,41.41374839877352],[2.1693712931948914,41.415057083376794],[2.169213036092969,41.41562275392301],[2.1710131404464175,41.41707703795005],[2.1715062589435354,41.41781270460234],[2.1721478986014997,41.417594910680904],[2.1725407570281012,41.41819214040529],[2.174197207292877,41.417906897183684],[2.1741725215888725,41.417660587175256],[2.17497786393603,41.417386754025344]]]},"properties":{"cusec":"0801907038","income":18494,"housing_vuln":0.64,"detail":"18.494 €/persona/año"}},{"type":"Feature","geometry":{"type":"Polygon","coordinates":[[[2.1774292244125713,41.41590955190422],[2.1790123990996406,41.414682847615296],[2.1742916220258803,41.41120640176628],[2.170949573860274,41.41374839877352],[2.1741292066224944,41.41610905799287],[2.1742727511166877,41.41635144775593],[2.1761152343919714,41.41495713005757],[2.1774292244125713,41.41590955190422]]]},"properties":{"cusec":"0801907039","income":19353,"housing_vuln":0.61,"detail":"19.353 €/persona/año"}},{"type":"Feature","geometry":{"type":"Polygon","coordinates":[[[2.1763540667816135,41.416916677234155],[2.1762825447153418,41.4167976163344],[2.1774292244125713,41.41590955190422],[2.1761152343919714,41.41495713005757],[2.1742727511166877,41.41635144775593],[2.175250415488155,41.417294075744024],[2.1763540667816135,41.416916677234155]]]},"properties":{"cusec":"0801907040","income":18456,"housing_vuln":0.64,"detail":"18.456 €/persona/año"}},{"type":"Feature","geometry":{"type":"Polygon","coordinates":[[[2.1779737328321427,41.416365266678945],[2.180232840363172,41.4155773987896],[2.1790123990996406,41.414682847615296],[2.1762825447153418,41.4167976163344],[2.1763540667816135,41.416916677234155],[2.1779737328321427,41.416365266678945]]]},"properties":{"cusec":"0801907041","income":16814,"housing_vuln":0.7,"detail":"16.814 €/persona/año"}},{"type":"Feature","geometry":{"type":"Polygon","coordinates":[[[2.180719969792275,41.4193909828898],[2.1805653589521046,41.41871716977664],[2.1791855951847268,41.41837261707791],[2.177839255034121,41.419442981439545],[2.17947390678023,41.420614831018284],[2.179286345735425,41.420801562261595],[2.179742049400934,41.42152355347319],[2.180756468342277,41.420364799397035],[2.180844003776808,41.41999197717742],[2.180719969792275,41.4193909828898]]]},"properties":{"cusec":"0801907042","income":18316,"housing_vuln":0.65,"detail":"18.316 €/persona/año"}},{"type":"Feature","geometry":{"type":"Polygon","coordinates":[[[2.179742049400934,41.42152355347319],[2.179286345735425,41.420801562261595],[2.17947390678023,41.420614831018284],[2.177839255034121,41.419442981439545],[2.1768403697606864,41.42023430394855],[2.1770926310655048,41.421409996363614],[2.177343515253006,41.42137007595275],[2.178975911329403,41.42234524367293],[2.179742049400934,41.42152355347319]]]},"properties":{"cusec":"0801907043","income":18273,"housing_vuln":0.65,"detail":"18.273 €/persona/año"}},{"type":"Feature","geometry":{"type":"Polygon","coordinates":[[[2.1782590997501265,41.42313236866626],[2.178975911329403,41.42234524367293],[2.177343515253006,41.42137007595275],[2.1770926310655048,41.421409996363614],[2.1773506999786245,41.422829300800366],[2.1761229239707927,41.42332047219186],[2.176956962101398,41.42451332549285],[2.1782590997501265,41.42313236866626]]]},"properties":{"cusec":"0801907044","income":19569,"housing_vuln":0.6,"detail":"19.569 €/persona/año"}},{"type":"Feature","geometry":{"type":"Polygon","coordinates":[[[2.1770926310655048,41.421409996363614],[2.1768403697606864,41.42023430394855],[2.175471476506552,41.4213201914031],[2.176180772780144,41.42234257215741],[2.1756005168021764,41.422574197398106],[2.1761229239707927,41.42332047219186],[2.1773506999786245,41.422829300800366],[2.1770926310655048,41.421409996363614]]]},"properties":{"cusec":"0801907045","income":17168,"housing_vuln":0.69,"detail":"17.168 €/persona/año"}},{"type":"Feature","geometry":{"type":"Polygon","coordinates":[[[2.176956962101398,41.42451332549285],[2.1756005168021764,41.422574197398106],[2.176180772780144,41.42234257215741],[2.1756849602354973,41.421620115828624],[2.1744757281500813,41.42207096481231],[2.176544530283107,41.42500163895751],[2.176956962101398,41.42451332549285]]]},"properties":{"cusec":"0801907046","income":17607,"housing_vuln":0.67,"detail":"17.607 €/persona/año"}},{"type":"Feature","geometry":{"type":"Polygon","coordinates":[[[2.176164244677248,41.42544009902292],[2.176544530283107,41.42500163895751],[2.175526864830353,41.423558604210676],[2.1737357723758195,41.424272486471196],[2.1742612248332636,41.42502145693541],[2.1750557721256674,41.42470097371954],[2.1756644229514888,41.42557893831161],[2.176164244677248,41.42544009902292]]]},"properties":{"cusec":"0801907047","income":17779,"housing_vuln":0.66,"detail":"17.779 €/persona/año"}},{"type":"Feature","geometry":{"type":"Polygon","coordinates":[[[2.1756644229514888,41.42557893831161],[2.1750557721256674,41.42470097371954],[2.1724430921903997,41.42575590806263],[2.1723565817335904,41.42652016540179],[2.1756644229514888,41.42557893831161]]]},"properties":{"cusec":"0801907048","income":18242,"housing_vuln":0.65,"detail":"18.242 €/persona/año"}},{"type":"Feature","geometry":{"type":"Polygon","coordinates":[[[2.1742612248332636,41.42502145693541],[2.1732147153750407,41.42352415738455],[2.172672666542722,41.42373952333786],[2.1724430921903997,41.42575590806263],[2.1742612248332636,41.42502145693541]]]},"properties":{"cusec":"0801907049","income":17871,"housing_vuln":0.66,"detail":"17.871 €/persona/año"}},{"type":"Feature","geometry":{"type":"Polygon","coordinates":[[[2.175526864830353,41.423558604210676],[2.1739439650277617,41.421319193105425],[2.173164372888202,41.42162300225612],[2.173068917906127,41.42186577358591],[2.174006105089214,41.42320991909267],[2.1732147153750407,41.42352415738455],[2.1737357723758195,41.424272486471196],[2.175526864830353,41.423558604210676]]]},"properties":{"cusec":"0801907050","income":17432,"housing_vuln":0.68,"detail":"17.432 €/persona/año"}},{"type":"Feature","geometry":{"type":"Polygon","coordinates":[[[2.1732147153750407,41.42352415738455],[2.174006105089214,41.42320991909267],[2.173068917906127,41.42186577358591],[2.1719431599718644,41.42211398675214],[2.1707203363761973,41.42260985519055],[2.1709764801996707,41.42290858341095],[2.1719099429675914,41.42316956464536],[2.171825661231015,41.4239964691388],[2.172521162076781,41.4250662881671],[2.172672666542722,41.42373952333786],[2.1732147153750407,41.42352415738455]]]},"properties":{"cusec":"0801907051","income":17786,"housing_vuln":0.66,"detail":"17.786 €/persona/año"}},{"type":"Feature","geometry":{"type":"Polygon","coordinates":[[[2.1702364157292604,41.42713433782151],[2.1723565817335904,41.42652016540179],[2.172521162076781,41.4250662881671],[2.171825661231015,41.4239964691388],[2.1719099429675914,41.42316956464536],[2.1709764801996707,41.42290858341095],[2.1694962479525834,41.42118215336924],[2.1692772288048565,41.42116929335406],[2.1690359916251847,41.42144415667811],[2.1696285697939386,41.422848554291484],[2.169275482479932,41.42337387877446],[2.169178735720464,41.42405222733053],[2.1689449716256792,41.424083786885],[2.1692412997867465,41.424331942401615],[2.169385678815843,41.42505475654024],[2.168633877856255,41.425832277958364],[2.168963596396434,41.42593641827441],[2.1694961967486157,41.425538074095854],[2.1699300048774046,41.42587719754123],[2.1714238124650618,41.42547104764656],[2.1706282985854473,41.426208317270486],[2.16996922711934,41.427173369638204],[2.1702364157292604,41.42713433782151]]]},"properties":{"cusec":"0801907052","income":21651,"housing_vuln":0.53,"detail":"21.651 €/persona/año"}},{"type":"Feature","geometry":{"type":"Polygon","coordinates":[[[2.16996922711934,41.427173369638204],[2.1706282985854473,41.426208317270486],[2.1714238124650618,41.42547104764656],[2.1699300048774046,41.42587719754123],[2.1694961967486157,41.425538074095854],[2.168992563471105,41.42592093565574],[2.1686813753785854,41.42590261866102],[2.1686280190439517,41.42579618681006],[2.169385678815843,41.42505475654024],[2.1692412997867465,41.424331942401615],[2.1689449716256792,41.424083786885],[2.169040436489223,41.424415604835254],[2.1688432320298436,41.424750830749716],[2.167120351349811,41.425268703584884],[2.167699594028153,41.425460308886024],[2.167529797168084,41.426299257161105],[2.16766040412558,41.42656190934343],[2.168395383233155,41.42688009395248],[2.1673376502237636,41.42711375869769],[2.1672882410865095,41.42756253945841],[2.16996922711934,41.427173369638204]]]},"properties":{"cusec":"0801907053","income":19286,"housing_vuln":0.61,"detail":"19.286 €/persona/año"}},{"type":"Feature","geometry":{"type":"Polygon","coordinates":[[[2.1672882410865095,41.42756253945841],[2.1673376502237636,41.42711375869769],[2.168395383233155,41.42688009395248],[2.16766040412558,41.42656190934343],[2.167529797168084,41.426299257161105],[2.167732503808585,41.42553632685165],[2.1675336105164624,41.425308202636174],[2.167120351349811,41.425268703584884],[2.1688432320298436,41.424750830749716],[2.169040436489223,41.424415604835254],[2.1688621640244725,41.424118048178045],[2.169178735720464,41.42405222733053],[2.169275482479932,41.42337387877446],[2.168873727138811,41.423145542188465],[2.167965694778255,41.42319826588893],[2.1676071070797542,41.422787645395076],[2.16701855875338,41.42260502411854],[2.168238616436284,41.42239904781026],[2.167347101398859,41.42220807609598],[2.1665358418489538,41.421246635283104],[2.1654633531127065,41.421513024227124],[2.1651058469858113,41.4218339488984],[2.165195720735053,41.42209611932659],[2.165040979639137,41.422112677933896],[2.165648557876491,41.42563725269113],[2.1650206408827875,41.4257046413493],[2.164670945607321,41.42628143803666],[2.1649257033303066,41.4266929006139],[2.1649975676547393,41.42779619097086],[2.1672882410865095,41.42756253945841]]]},"properties":{"cusec":"0801907054","income":24553,"housing_vuln":0.43,"detail":"24.553 €/persona/año"}},{"type":"Feature","geometry":{"type":"Polygon","coordinates":[[[2.1649975676547393,41.42779619097086],[2.1649257033303066,41.4266929006139],[2.1646716705477456,41.426212850358944],[2.165024827032028,41.42575527625478],[2.165648557876491,41.42563725269113],[2.165446233020023,41.424396398286035],[2.16250538683336,41.4239900761207],[2.16245248324963,41.42631232159715],[2.164426569714058,41.427879590972374],[2.1649975676547393,41.42779619097086]]]},"properties":{"cusec":"0801907055","income":28816,"housing_vuln":0.28,"detail":"28.816 €/persona/año"}},{"type":"Feature","geometry":{"type":"Polygon","coordinates":[[[2.1654633531127065,41.421513024227124],[2.1651109314503163,41.42124875852039],[2.164875588117234,41.420673380234554],[2.1648260532158528,41.42084922897897],[2.163695123680467,41.42111519517433],[2.1633053626449903,41.42100848400809],[2.163065829569446,41.42158639278114],[2.1626283203816823,41.42165814256353],[2.1622972714365347,41.422449882659244],[2.161357786362939,41.422276377006476],[2.1607888626322556,41.42364547191329],[2.165446233020023,41.424396398286035],[2.165040979639137,41.422112677933896],[2.165195720735053,41.42209611932659],[2.1651058469858113,41.4218339488984],[2.1654633531127065,41.421513024227124]]]},"properties":{"cusec":"0801907056","income":19870,"housing_vuln":0.59,"detail":"19.870 €/persona/año"}},{"type":"Feature","geometry":{"type":"Polygon","coordinates":[[[2.164426569714058,41.427879590972374],[2.16245248324963,41.42631232159715],[2.16250538683336,41.4239900761207],[2.1607888626322556,41.42364547191329],[2.1601961092920345,41.42505114280278],[2.1585866247469414,41.42440595508412],[2.158339705723095,41.42559379189669],[2.1637223013110867,41.427934718084245],[2.164426569714058,41.427879590972374]]]},"properties":{"cusec":"0801907057","income":20347,"housing_vuln":0.58,"detail":"20.347 €/persona/año"}},{"type":"Feature","geometry":{"type":"Polygon","coordinates":[[[2.1607888626322556,41.42364547191329],[2.161357786362939,41.422276377006476],[2.159626130040895,41.421956676447486],[2.1591188298403665,41.421331025828],[2.158487613334624,41.421591640221315],[2.158167379207199,41.423020435045544],[2.159028015555063,41.423225358574086],[2.1585866247469414,41.42440595508412],[2.1601961092920345,41.42505114280278],[2.1607888626322556,41.42364547191329]]]},"properties":{"cusec":"0801907058","income":19671,"housing_vuln":0.6,"detail":"19.671 €/persona/año"}},{"type":"Feature","geometry":{"type":"Polygon","coordinates":[[[2.1633053626449903,41.42100848400809],[2.1629609099375187,41.42094627397475],[2.1614247503774715,41.421437359914],[2.160664644493084,41.42147076576695],[2.160605340412968,41.42080010858854],[2.1596572279193813,41.420355169252666],[2.1592535429970283,41.419876172180615],[2.1586451077668767,41.41961100455492],[2.157722037608476,41.418903180965806],[2.1575886323988884,41.419793603264175],[2.158516840022389,41.42033710262378],[2.158553669152424,41.42113695704994],[2.1591188298403665,41.421331025828],[2.159626130040895,41.421956676447486],[2.1622972714365347,41.422449882659244],[2.1626283203816823,41.42165814256353],[2.163065829569446,41.42158639278114],[2.1633053626449903,41.42100848400809]]]},"properties":{"cusec":"0801907059","income":14434,"housing_vuln":0.78,"detail":"14.434 €/persona/año"}},{"type":"Feature","geometry":{"type":"Polygon","coordinates":[[[2.1633053626449903,41.42100848400809],[2.163636234622043,41.42112935932292],[2.1648260532158528,41.42084922897897],[2.164709439315544,41.420083973939235],[2.165385117936292,41.4201148584265],[2.1632294999192774,41.419908899144176],[2.1621392038791334,41.42007649330033],[2.161687539937439,41.41993972578255],[2.1622149489255937,41.4199725012154],[2.1626131675994427,41.41974481552285],[2.16236698609248,41.41948199834428],[2.1613456465301977,41.4191960292177],[2.1614057860435136,41.41903642012546],[2.161278667244281,41.41900668704823],[2.161636623427122,41.41893461435747],[2.1611728187543546,41.41818383837197],[2.1609075453526465,41.418173246608816],[2.1606880770472707,41.41790078447837],[2.1609793539815256,41.41769295956664],[2.1608794325758485,41.41746292223621],[2.1598393846994477,41.41780475281936],[2.158751136818186,41.416928141592784],[2.1574651427934293,41.418109415082334],[2.157274196896628,41.41869230766159],[2.1592535429970283,41.419876172180615],[2.1596572279193813,41.420355169252666],[2.160605340412968,41.42080010858854],[2.1605991680886443,41.4214145574052],[2.1612161157544243,41.421483399388286],[2.1628474625986116,41.42097167075384],[2.1633053626449903,41.42100848400809]]]},"properties":{"cusec":"0801907060","income":14595,"housing_vuln":0.78,"detail":"14.595 €/persona/año"}},{"type":"Feature","geometry":{"type":"Polygon","coordinates":[[[2.1539761275523888,41.42089280409625],[2.1552637241716344,41.4197648486462],[2.156539315705403,41.419641024322935],[2.157274196896628,41.41869230766159],[2.1574651427934293,41.418109415082334],[2.1586225708330296,41.41702286225885],[2.1590992833981226,41.41677640473413],[2.159151111698427,41.41658972995759],[2.158856505607729,41.416527080504],[2.1585947742632094,41.41687825699943],[2.157318906946632,41.41778732747112],[2.1567890689139584,41.417691276782],[2.156430592606565,41.417436855818856],[2.156633998136341,41.416872448692246],[2.1562259482999915,41.4161674415067],[2.155199941091524,41.4155968531647],[2.1552066003027073,41.41529375686902],[2.1555000520582683,41.41511135434908],[2.155227170824409,41.41492532286873],[2.1526937321786708,41.41681757424308],[2.151928051349596,41.416906158693386],[2.150928074623088,41.41789070868556],[2.151608295125927,41.4191593927763],[2.151745731974488,41.420144355226796],[2.150971932171913,41.420205365625606],[2.151247763473141,41.420711247875516],[2.1523684917401553,41.42178059359095],[2.1528127634453686,41.42189371557459],[2.1539761275523888,41.42089280409625]]]},"properties":{"cusec":"0801907061","income":15017,"housing_vuln":0.76,"detail":"15.017 €/persona/año"}},{"type":"Feature","geometry":{"type":"Polygon","coordinates":[[[2.1528127634453686,41.42189371557459],[2.1523684917401553,41.42178059359095],[2.151247763473141,41.420711247875516],[2.150971932171913,41.420205365625606],[2.149393152043211,41.420360837134425],[2.1497844357231,41.42095312467974],[2.153092548232189,41.42263277650708],[2.1537549973637495,41.42206611416562],[2.1528127634453686,41.42189371557459]]]},"properties":{"cusec":"0801907062","income":15103,"housing_vuln":0.76,"detail":"15.103 €/persona/año"}},{"type":"Feature","geometry":{"type":"Polygon","coordinates":[[[2.15535973521088,41.4216664919791],[2.1539761275523888,41.42089280409625],[2.1528127634453686,41.42189371557459],[2.1537549973637495,41.42206611416562],[2.153092548232189,41.42263277650708],[2.1537894405683597,41.42302571402895],[2.15535973521088,41.4216664919791]]]},"properties":{"cusec":"0801907063","income":12816,"housing_vuln":0.84,"detail":"12.816 €/persona/año"}},{"type":"Feature","geometry":{"type":"Polygon","coordinates":[[[2.157031754177851,41.42030912224231],[2.157274196896628,41.41869230766159],[2.156539315705403,41.419641024322935],[2.1552637241716344,41.4197648486462],[2.1539761275523888,41.42089280409625],[2.1545808051297146,41.42121810427547],[2.1552083726787807,41.42079409315692],[2.1567790293423306,41.42066061375212],[2.157031754177851,41.42030912224231]]]},"properties":{"cusec":"0801907064","income":13452,"housing_vuln":0.82,"detail":"13.452 €/persona/año"}},{"type":"Feature","geometry":{"type":"Polygon","coordinates":[[[2.157031754177851,41.42030912224231],[2.1567790293423306,41.42066061375212],[2.1552083726787807,41.42079409315692],[2.154651721731509,41.421259574096],[2.15535973521088,41.4216664919791],[2.155407137511785,41.422103838863386],[2.15625573733314,41.42252309657335],[2.1565752932325224,41.42228269070785],[2.156476103055483,41.42223359295701],[2.157031754177851,41.42030912224231]]]},"properties":{"cusec":"0801907065","income":12192,"housing_vuln":0.86,"detail":"12.192 €/persona/año"}},{"type":"Feature","geometry":{"type":"Polygon","coordinates":[[[2.1575886323988884,41.419793603264175],[2.157722037608476,41.418903180965806],[2.157274196896628,41.41869230766159],[2.157072641896339,41.420456355080525],[2.156476103055483,41.42223359295701],[2.1565752932325224,41.42228269070785],[2.1563246668615217,41.422557272468815],[2.157461686076198,41.423120856903786],[2.1576472941835796,41.421484116112985],[2.1573423377041916,41.421450338432116],[2.1575886323988884,41.419793603264175]]]},"properties":{"cusec":"0801907066","income":12879,"housing_vuln":0.83,"detail":"12.879 €/persona/año"}},{"type":"Feature","geometry":{"type":"Polygon","coordinates":[[[2.158167379207199,41.423020435045544],[2.158487613334624,41.421591640221315],[2.1591188298403665,41.421331025828],[2.158553669152424,41.42113695704994],[2.158516840022389,41.42033710262378],[2.1575886323988884,41.419793603264175],[2.1573423377041916,41.421450338432116],[2.1576472941835796,41.421484116112985],[2.157461686076198,41.423120856903786],[2.1580800988942106,41.42342717753814],[2.158167379207199,41.423020435045544]]]},"properties":{"cusec":"0801907067","income":13077,"housing_vuln":0.83,"detail":"13.077 €/persona/año"}},{"type":"Feature","geometry":{"type":"Polygon","coordinates":[[[2.157461686076198,41.423120856903786],[2.155407137511785,41.422103838863386],[2.1551088806677825,41.42266897921072],[2.157390591607978,41.423808865353855],[2.157461686076198,41.423120856903786]]]},"properties":{"cusec":"0801907068","income":11760,"housing_vuln":0.87,"detail":"11.760 €/persona/año"}},{"type":"Feature","geometry":{"type":"Polygon","coordinates":[[[2.1558794303656925,41.42305255351356],[2.1551088806677825,41.42266897921072],[2.1553954648030005,41.42223439117972],[2.15535973521088,41.4216664919791],[2.1537894405683597,41.42302571402895],[2.155195224936262,41.423809058674],[2.1558794303656925,41.42305255351356]]]},"properties":{"cusec":"0801907069","income":12607,"housing_vuln":0.84,"detail":"12.607 €/persona/año"}},{"type":"Feature","geometry":{"type":"Polygon","coordinates":[[[2.1585866247469414,41.42440595508412],[2.159028015555063,41.423225358574086],[2.158167379207199,41.423020435045544],[2.1580800988942106,41.42342717753814],[2.157461686076198,41.423120856903786],[2.157390591607978,41.423808865353855],[2.1558794303656925,41.42305255351356],[2.155195224936262,41.423809058674],[2.158339705723095,41.42559379189669],[2.1585866247469414,41.42440595508412]]]},"properties":{"cusec":"0801907070","income":13619,"housing_vuln":0.81,"detail":"13.619 €/persona/año"}},{"type":"Feature","geometry":{"type":"Polygon","coordinates":[[[2.1577536618997284,41.428473794865226],[2.158318487516086,41.42567806497961],[2.1582922836592533,41.425505457740584],[2.15734080517831,41.42497903775268],[2.155843175259136,41.42715450202909],[2.1571925400373027,41.42756380303887],[2.156954662556809,41.42849776752951],[2.1571504162369757,41.42877207986214],[2.1576501786739595,41.42872418793687],[2.1577536618997284,41.428473794865226]]]},"properties":{"cusec":"0801907071","income":15217,"housing_vuln":0.75,"detail":"15.217 €/persona/año"}},{"type":"Feature","geometry":{"type":"Polygon","coordinates":[[[2.1577536618997284,41.428473794865226],[2.157568080741826,41.42877482385524],[2.1570925683259543,41.428739292032155],[2.156954662556809,41.42849776752951],[2.1571925400373027,41.42756380303887],[2.1566191085605175,41.42746784022643],[2.155135089914531,41.42676032724285],[2.154251518679172,41.42760848500778],[2.1552138155710607,41.42836912719432],[2.1579471140961646,41.4293317489972],[2.1579202886051405,41.428502946383574],[2.1577536618997284,41.428473794865226]]]},"properties":{"cusec":"0801907072","income":15116,"housing_vuln":0.76,"detail":"15.116 €/persona/año"}},{"type":"Feature","geometry":{"type":"Polygon","coordinates":[[[2.155135089914531,41.42676032724285],[2.1540685866530107,41.425743748118094],[2.1529177585357853,41.425991458125374],[2.150448270056818,41.42606896741755],[2.1504425217372916,41.426184025164794],[2.151730306104431,41.426427988486964],[2.1549687102457873,41.42824925411743],[2.154251518679172,41.42760848500778],[2.155135089914531,41.42676032724285]]]},"properties":{"cusec":"0801907073","income":13330,"housing_vuln":0.82,"detail":"13.330 €/persona/año"}},{"type":"Feature","geometry":{"type":"Polygon","coordinates":[[[2.1564063587551336,41.42633488057699],[2.1552425374056576,41.425687237654266],[2.1555576017286198,41.42536362560918],[2.154927935715067,41.42503131203597],[2.1540685866530107,41.425743748118094],[2.155135089914531,41.42676032724285],[2.155843175259136,41.42715450202909],[2.1564063587551336,41.42633488057699]]]},"properties":{"cusec":"0801907074","income":13258,"housing_vuln":0.82,"detail":"13.258 €/persona/año"}},{"type":"Feature","geometry":{"type":"Polygon","coordinates":[[[2.15734080517831,41.42497903775268],[2.1565126474195706,41.42452081168292],[2.1552425374056576,41.425687237654266],[2.1564063587551336,41.42633488057699],[2.15734080517831,41.42497903775268]]]},"properties":{"cusec":"0801907075","income":13580,"housing_vuln":0.81,"detail":"13.580 €/persona/año"}},{"type":"Feature","geometry":{"type":"Polygon","coordinates":[[[2.1565126474195706,41.42452081168292],[2.1537894405683597,41.42302571402895],[2.1531143018351013,41.42360765044036],[2.154333540254486,41.4242743253569],[2.1541084529869985,41.42461020739506],[2.1555576017286198,41.42536362560918],[2.1565126474195706,41.42452081168292]]]},"properties":{"cusec":"0801907076","income":13231,"housing_vuln":0.82,"detail":"13.231 €/persona/año"}},{"type":"Feature","geometry":{"type":"Polygon","coordinates":[[[2.1537894405683597,41.42302571402895],[2.1511242011041505,41.42161725971362],[2.151674149721077,41.42264268114311],[2.1531143018351013,41.42360765044036],[2.1537894405683597,41.42302571402895]]]},"properties":{"cusec":"0801907077","income":13484,"housing_vuln":0.81,"detail":"13.484 €/persona/año"}},{"type":"Feature","geometry":{"type":"Polygon","coordinates":[[[2.1531143018351013,41.42360765044036],[2.151674149721077,41.42264268114311],[2.1510218443657085,41.421573501186224],[2.1497844357231,41.42095312467974],[2.15088061033845,41.422300758142704],[2.1512314204231804,41.42402374740096],[2.151527851890547,41.4239446123205],[2.152176607103887,41.42441536436616],[2.1531143018351013,41.42360765044036]]]},"properties":{"cusec":"0801907078","income":13483,"housing_vuln":0.81,"detail":"13.483 €/persona/año"}},{"type":"Feature","geometry":{"type":"Polygon","coordinates":[[[2.154927935715067,41.42503131203597],[2.1541084529869985,41.42461020739506],[2.154333540254486,41.4242743253569],[2.1531143018351013,41.42360765044036],[2.152176607103887,41.42441536436616],[2.15444292990327,41.425434201896294],[2.154927935715067,41.42503131203597]]]},"properties":{"cusec":"0801907079","income":12996,"housing_vuln":0.83,"detail":"12.996 €/persona/año"}},{"type":"Feature","geometry":{"type":"Polygon","coordinates":[[[2.1540685866530107,41.425743748118094],[2.154402571292506,41.42546774714327],[2.1521248066513596,41.42445996632465],[2.151527851890547,41.4239446123205],[2.1512314204231804,41.42402374740096],[2.1517722062242135,41.42465347418308],[2.1524851433696752,41.42504121293822],[2.1524265094327606,41.425193307689206],[2.1518332359679873,41.42526678053055],[2.1518485468537163,41.426031053056946],[2.1540685866530107,41.425743748118094]]]},"properties":{"cusec":"0801907080","income":13716,"housing_vuln":0.81,"detail":"13.716 €/persona/año"}},{"type":"Feature","geometry":{"type":"Polygon","coordinates":[[[2.15184421697404,41.424713833708864],[2.1509898832062118,41.424759299664856],[2.1499869204797184,41.423557894918424],[2.148873729976249,41.42386869083536],[2.1499118150337586,41.42474082674552],[2.148003314568249,41.42348515435945],[2.147262146068339,41.424384277154736],[2.1480310814936647,41.42467272107112],[2.149311473624322,41.425505692817126],[2.1502410403988645,41.42581471735608],[2.150446706089905,41.42605487641791],[2.1518485468537163,41.426031053056946],[2.1517638429089363,41.42527080917774],[2.1523369581787435,41.425199738309026],[2.1524851433696752,41.42504121293822],[2.15184421697404,41.424713833708864]]]},"properties":{"cusec":"0801907081","income":15916,"housing_vuln":0.73,"detail":"15.916 €/persona/año"}},{"type":"Feature","geometry":{"type":"Polygon","coordinates":[[[2.15184421697404,41.424713833708864],[2.1510829765174178,41.42373195555334],[2.1509774100985135,41.422559696763486],[2.150643093082359,41.42187929090586],[2.149971842257671,41.42269951152257],[2.149449588700925,41.42298644665405],[2.1509898832062118,41.424759299664856],[2.15184421697404,41.424713833708864]]]},"properties":{"cusec":"0801907082","income":14503,"housing_vuln":0.78,"detail":"14.503 €/persona/año"}},{"type":"Feature","geometry":{"type":"Polygon","coordinates":[[[2.150643093082359,41.42187929090586],[2.149524495619226,41.420680871582654],[2.1493900223127564,41.42160586219665],[2.147905438626463,41.42160464565305],[2.1484161533233586,41.42188102410269],[2.149449588700925,41.42298644665405],[2.149902060228077,41.422755653432915],[2.150643093082359,41.42187929090586]]]},"properties":{"cusec":"0801907083","income":14384,"housing_vuln":0.78,"detail":"14.384 €/persona/año"}},{"type":"Feature","geometry":{"type":"Polygon","coordinates":[[[2.149449588700925,41.42298644665405],[2.1484161533233586,41.42188102410269],[2.146938057270036,41.421249083876845],[2.1448231194606464,41.42079189445925],[2.1440454326478307,41.42016846771269],[2.143771699811089,41.42021768625674],[2.1420000388144707,41.421539893302274],[2.1404589331305055,41.42109941029907],[2.1408154124830174,41.42185067328052],[2.1426861253160894,41.42199319140859],[2.1431929521044477,41.42159464251133],[2.1429895151336398,41.42133221139042],[2.1433069096864394,41.42093986448953],[2.1442890530579355,41.4213395423422],[2.1454031823008712,41.421325062313954],[2.1483399788822193,41.422280277854156],[2.148682208259375,41.42304309486145],[2.149449588700925,41.42298644665405]]]},"properties":{"cusec":"0801907084","income":14598,"housing_vuln":0.78,"detail":"14.598 €/persona/año"}},{"type":"Feature","geometry":{"type":"Polygon","coordinates":[[[2.1499869204797184,41.423557894918424],[2.149449588700925,41.42298644665405],[2.148682208259375,41.42304309486145],[2.1483399788822193,41.422280277854156],[2.1469841740817612,41.421825243838285],[2.1463782029304483,41.42186333242515],[2.1475178901415375,41.42281005538676],[2.1472415548854045,41.42327687849573],[2.1482808068544434,41.42358131099025],[2.1499118150337586,41.42474082674552],[2.148873729976249,41.42386869083536],[2.1499869204797184,41.423557894918424]]]},"properties":{"cusec":"0801907085","income":15785,"housing_vuln":0.73,"detail":"15.785 €/persona/año"}},{"type":"Feature","geometry":{"type":"Polygon","coordinates":[[[2.1469841740817612,41.421825243838285],[2.1454031823008712,41.421325062313954],[2.1442890530579355,41.4213395423422],[2.1433069096864394,41.42093986448953],[2.1429895151336398,41.42133221139042],[2.1431929521044477,41.42159464251133],[2.143639315985968,41.421456388157225],[2.147181945378109,41.42260953253526],[2.1458164917731937,41.42269967790199],[2.1457578075306083,41.42280975765568],[2.1472415548854045,41.42327687849573],[2.1475178901415375,41.42281005538676],[2.1463782029304483,41.42186333242515],[2.1469841740817612,41.421825243838285]]]},"properties":{"cusec":"0801907086","income":14492,"housing_vuln":0.78,"detail":"14.492 €/persona/año"}},{"type":"Feature","geometry":{"type":"Polygon","coordinates":[[[2.14767960306236,41.42341493093759],[2.1457578075306083,41.42280975765568],[2.1458164917731937,41.42269967790199],[2.147181945378109,41.42260953253526],[2.143639315985968,41.421456388157225],[2.143286678727941,41.42152093716013],[2.1426861253160894,41.42199319140859],[2.141856309267342,41.421929036936255],[2.1419142362301073,41.42241936168122],[2.142851680331398,41.42243172096138],[2.1458878216000197,41.42347981479006],[2.14767960306236,41.42341493093759]]]},"properties":{"cusec":"0801907087","income":15990,"housing_vuln":0.73,"detail":"15.990 €/persona/año"}},{"type":"Feature","geometry":{"type":"Polygon","coordinates":[[[2.147262146068339,41.424384277154736],[2.148003314568249,41.42348515435945],[2.1458878216000197,41.42347981479006],[2.142851680331398,41.42243172096138],[2.1419142362301073,41.42241936168122],[2.141856309267342,41.421929036936255],[2.1408154124830174,41.42185067328052],[2.14233197349849,41.42478527490439],[2.1437076095071377,41.424377519092644],[2.144929499753221,41.424429546655276],[2.1463096848304706,41.42419709211315],[2.147262146068339,41.424384277154736]]]},"properties":{"cusec":"0801907088","income":14911,"housing_vuln":0.76,"detail":"14.911 €/persona/año"}},{"type":"Feature","geometry":{"type":"Polygon","coordinates":[[[2.14233197349849,41.42478527490439],[2.140010276748359,41.420242292483486],[2.137725032734146,41.42094287556673],[2.137664418012031,41.42120699566987],[2.1383184463361005,41.42158891680662],[2.138370925915,41.42203756061536],[2.1386667034088465,41.42242549080132],[2.138848540388646,41.42297389752487],[2.1385820578545447,41.42332263712419],[2.1388611320739948,41.42412008577603],[2.139239378504142,41.42402700890958],[2.139503444570118,41.42441404279621],[2.141368094673346,41.425055376230524],[2.14233197349849,41.42478527490439]]]},"properties":{"cusec":"0801907089","income":18092,"housing_vuln":0.65,"detail":"18.092 €/persona/año"}},{"type":"Feature","geometry":{"type":"Polygon","coordinates":[[[2.134872610415843,41.42206013253163],[2.1328596736120446,41.422588790312965],[2.1317450799401088,41.42254097870067],[2.129791529861426,41.42289035852307],[2.1301878917176076,41.42229856016966],[2.131298601074227,41.42134181713981],[2.1312816741193195,41.421117049642596],[2.1321981515418558,41.42004665830773],[2.1321870986706015,41.41987821193256],[2.1311399469169543,41.41938901048605],[2.130872977495993,41.419446562481056],[2.1305288185376052,41.419940333396305],[2.1301120424665845,41.42009123564818],[2.1294683007508453,41.41950922259122],[2.129120677888716,41.41958599727733],[2.1287745830608835,41.4199236806006],[2.1275847411108493,41.41949875229834],[2.1274679834801384,41.41921428882424],[2.128136443239244,41.418810997280055],[2.1278816343122573,41.41833265101301],[2.1289224978589223,41.4175011211663],[2.128799541852739,41.417486904354945],[2.1211640901097857,41.4207143243046],[2.1215734353167837,41.421025230832214],[2.1204692441358364,41.42266789740723],[2.120449697693593,41.42388879812853],[2.121333276115462,41.42546315607562],[2.1211749678095724,41.42579222487885],[2.1219240774165904,41.426493247870226],[2.1224428742561057,41.42725281735386],[2.1231130174580386,41.42868115219105],[2.1235652877625744,41.42887211766522],[2.1239215245699374,41.42933731708624],[2.1266272843416885,41.431594178414],[2.1276530130724556,41.431881318722056],[2.12895947251602,41.43175223114761],[2.129888723083585,41.43186441440344],[2.131157829679307,41.431618191010074],[2.1323034260083364,41.43197350809979],[2.133653440268438,41.431709823770845],[2.1339029940510046,41.43208260161284],[2.1336402269489314,41.43297975189754],[2.1339522684409604,41.43394647016199],[2.1343325154192776,41.43415429962943],[2.1346272975797405,41.43386613624949],[2.1340668952678565,41.43303103643858],[2.1340440061944133,41.43274764518361],[2.134439166104745,41.43201276195762],[2.134408645842959,41.43174070811678],[2.1349633285814567,41.431630533722085],[2.1345508293895166,41.43132776684404],[2.1344824110025167,41.430807437528],[2.1347762867628743,41.429758927870786],[2.135419376301754,41.42919341075981],[2.135382948718655,41.42882420964888],[2.1351779370011355,41.428685609670545],[2.1347440255660803,41.428757185918336],[2.133977962953039,41.43003463176512],[2.1328514055181595,41.43029827373125],[2.132378094873074,41.429492421883914],[2.1320904776752942,41.42932078389489],[2.1327598294614845,41.429446845415534],[2.131995770989834,41.42902870737232],[2.133582338613708,41.42888514992737],[2.133521035782083,41.42851978691761],[2.132932220656071,41.42829604447704],[2.1353573646993533,41.42718337596188],[2.135728854900264,41.426706335428335],[2.135956526620834,41.42594717446895],[2.1364267686209346,41.42578405920442],[2.1373422102859507,41.425061838522076],[2.137833060536964,41.424439479981245],[2.137885290384204,41.42393988103885],[2.138848540388646,41.42297389752487],[2.138370925915,41.42203756061536],[2.138003404471032,41.422878435148775],[2.137676753677507,41.423243809695904],[2.136197253557421,41.42366034278042],[2.136080879507304,41.42434726104472],[2.135871051023214,41.42459089380393],[2.135144526859087,41.42484859940049],[2.1350698768589886,41.424669649544605],[2.1353583636259588,41.424279837972165],[2.1344907931824326,41.423402917398064],[2.134214885524385,41.4227594228998],[2.134872610415843,41.42206013253163]]]},"properties":{"cusec":"0801907090","income":15691,"housing_vuln":0.74,"detail":"15.691 €/persona/año"}},{"type":"Feature","geometry":{"type":"Polygon","coordinates":[[[2.134711356534137,41.430215003459004],[2.135768054684339,41.429323514394135],[2.1379297920250817,41.42983947565941],[2.1383611234986395,41.42976858019403],[2.138040928897087,41.429020221502135],[2.1370306422060583,41.42769734234453],[2.1363823675913656,41.42737955509502],[2.137009633306507,41.42707254721976],[2.138696422373388,41.426640341405296],[2.1384536706341435,41.42611199950635],[2.137532118628571,41.42584274184156],[2.1373852198251155,41.425559222886655],[2.1381303678617005,41.42519352390676],[2.1388446866160646,41.42519770613357],[2.138812561963196,41.42467277697828],[2.1373422102859507,41.425061838522076],[2.1365047630488267,41.42576880893073],[2.135956526620834,41.42594717446895],[2.135747848878659,41.426653134328134],[2.1353573646993533,41.42718337596188],[2.132932220656071,41.42829604447704],[2.133521035782083,41.42851978691761],[2.133582338613708,41.42888514992737],[2.131995770989834,41.42902870737232],[2.1327598294614845,41.429446845415534],[2.1320904776752942,41.42932078389489],[2.132378094873074,41.429492421883914],[2.1328514055181595,41.43029827373125],[2.133977962953039,41.43003463176512],[2.1346517173824373,41.42883171420093],[2.135291865837053,41.4287225768332],[2.135419376301754,41.42919341075981],[2.1347762867628743,41.429758927870786],[2.134711356534137,41.430215003459004]]]},"properties":{"cusec":"0801907091","income":16075,"housing_vuln":0.72,"detail":"16.075 €/persona/año"}},{"type":"Feature","geometry":{"type":"Polygon","coordinates":[[[2.1376646470824245,41.42586665014115],[2.1396319710294027,41.425741242440424],[2.1398031459050864,41.42545871656134],[2.141368094673346,41.425055376230524],[2.1395347921802643,41.42448530312793],[2.1393286961962144,41.424016867382015],[2.1388611320739948,41.42412008577603],[2.1385820578545447,41.42332263712419],[2.137885290384204,41.42393988103885],[2.137833060536964,41.424439479981245],[2.1373422102859507,41.425061838522076],[2.138812561963196,41.42467277697828],[2.1388446866160646,41.42519770613357],[2.1381303678617005,41.42519352390676],[2.1373648648990846,41.42552374251596],[2.1376646470824245,41.42586665014115]]]},"properties":{"cusec":"0801907092","income":12285,"housing_vuln":0.86,"detail":"12.285 €/persona/año"}},{"type":"Feature","geometry":{"type":"Polygon","coordinates":[[[2.1396319710294027,41.425741242440424],[2.137708038405623,41.42576753925316],[2.1376646470824245,41.42586665014115],[2.1384536706341435,41.42611199950635],[2.138696422373388,41.426640341405296],[2.137009633306507,41.42707254721976],[2.1363823675913656,41.42737955509502],[2.1370306422060583,41.42769734234453],[2.1372796776607,41.428085232656386],[2.1382633490664915,41.42797813824615],[2.1389797492173637,41.42694964074369],[2.13937955431602,41.42685117610356],[2.1391994070672604,41.426456499692925],[2.1396319710294027,41.425741242440424]]]},"properties":{"cusec":"0801907093","income":14883,"housing_vuln":0.77,"detail":"14.883 €/persona/año"}},{"type":"Feature","geometry":{"type":"Polygon","coordinates":[[[2.145628191414911,41.43188724691791],[2.14233197349849,41.42478527490439],[2.1398031459050864,41.42545871656134],[2.1391994070672604,41.426456499692925],[2.13937955431602,41.42685117610356],[2.139032754310699,41.42693619183487],[2.1382633490664915,41.42797813824615],[2.1372796776607,41.428085232656386],[2.138584927971871,41.429971162804264],[2.140489597122727,41.42946201400163],[2.1412957003429263,41.430128077193054],[2.1415949713848845,41.430774358419555],[2.1423220587926917,41.43058321197596],[2.143164380288533,41.43225512266933],[2.145339940006547,41.43168481239693],[2.145628191414911,41.43188724691791]]]},"properties":{"cusec":"0801907094","income":17256,"housing_vuln":0.68,"detail":"17.256 €/persona/año"}},{"type":"Feature","geometry":{"type":"Polygon","coordinates":[[[2.143164380288533,41.43225512266933],[2.142378760453416,41.43056832114172],[2.1416427366051503,41.430761761628744],[2.1412957003429263,41.430128077193054],[2.140489597122727,41.42946201400163],[2.139324973577676,41.42977220377186],[2.140219491683098,41.43047021895534],[2.1412600947183047,41.432754317514004],[2.143164380288533,41.43225512266933]]]},"properties":{"cusec":"0801907095","income":16797,"housing_vuln":0.7,"detail":"16.797 €/persona/año"}},{"type":"Feature","geometry":{"type":"Polygon","coordinates":[[[2.146576785405475,41.433849978669265],[2.145628191414911,41.43188724691791],[2.145339940006547,41.43168481239693],[2.1412600947183047,41.432754317514004],[2.1415088903227875,41.433285213790334],[2.1423827363968697,41.43305413928702],[2.1427697369094654,41.43417821699101],[2.1435503118059493,41.434493297925776],[2.144583636690739,41.43419097273401],[2.145216909440171,41.43338277697169],[2.145425855778611,41.43376602869097],[2.146576785405475,41.433849978669265]]]},"properties":{"cusec":"0801907096","income":15494,"housing_vuln":0.74,"detail":"15.494 €/persona/año"}},{"type":"Feature","geometry":{"type":"Polygon","coordinates":[[[2.148574662851865,41.436124444992444],[2.147477522547603,41.43511872204605],[2.146576785405475,41.433849978669265],[2.145425855778611,41.43376602869097],[2.145216909440171,41.43338277697169],[2.144665575621053,41.434138553618524],[2.1442726102949634,41.43430394109441],[2.1435503118059493,41.434493297925776],[2.1427697369094654,41.43417821699101],[2.1423827363968697,41.43305413928702],[2.1415088903227875,41.433285213790334],[2.140219491683098,41.43047021895534],[2.139324973577676,41.42977220377186],[2.138584927971871,41.429971162804264],[2.1383611234986395,41.42976858019403],[2.1379297920250817,41.42983947565941],[2.135768054684339,41.429323514394135],[2.1347117401147644,41.430212231238826],[2.1344781979038294,41.43112814182332],[2.1349633285814567,41.431630533722085],[2.1344029469308063,41.43172821658062],[2.1344114216371906,41.43210211704692],[2.1340440061944133,41.43274764518361],[2.1340668952678565,41.43303103643858],[2.1346272975797405,41.43386613624949],[2.1343325154192776,41.43415429962943],[2.133959472929549,41.43396175622996],[2.1336402269489314,41.43297975189754],[2.1339029940510046,41.43208260161284],[2.133653440268438,41.431709823770845],[2.1323034260083364,41.43197350809979],[2.131157829679307,41.431618191010074],[2.129888723083585,41.43186441440344],[2.129018986801924,41.431752853468],[2.1276127227336374,41.43187974271901],[2.1266272843416885,41.431594178414],[2.126445508447325,41.431711411901205],[2.1282832037021464,41.43355369840578],[2.1283519059567624,41.43416314514131],[2.129281238270996,41.435797591727784],[2.1288351959863703,41.43674744242679],[2.1294299974854405,41.43821517270509],[2.1294162451767416,41.44023295436858],[2.1299104272791562,41.44087439618867],[2.129544145510283,41.44172837159879],[2.1299434771967687,41.442459273475414],[2.129947791805095,41.44285541621137],[2.130737422617918,41.44381235264291],[2.1322577314047804,41.44417042241481],[2.13278880641759,41.444664956785516],[2.1335577705889897,41.44449700793245],[2.1340944654622414,41.443956458203324],[2.1349989746302476,41.4436384347314],[2.1362990290858406,41.4427316608388],[2.1370715119582036,41.44173108339424],[2.136955442437003,41.44105011547365],[2.1373039645127263,41.440587797356834],[2.1378270768588643,41.44037654193879],[2.138431409483105,41.440791088303975],[2.141145299906485,41.439666622747474],[2.1428295108084963,41.44023636590874],[2.1429443397563057,41.44045952038151],[2.143767502882083,41.44013960564409],[2.145358434521623,41.4393991075626],[2.1459327014316085,41.43884810139595],[2.1477125604534715,41.43786362873936],[2.1480931640629692,41.43747483719056],[2.1482614140241036,41.43664040204006],[2.148574662851865,41.436124444992444]]]},"properties":{"cusec":"0801907097","income":19214,"housing_vuln":0.61,"detail":"19.214 €/persona/año"}},{"type":"Feature","geometry":{"type":"Polygon","coordinates":[[[2.152765011699826,41.4367507342752],[2.15197882951936,41.43624599458674],[2.1523128743459607,41.43572280205587],[2.153509645900071,41.43560298296539],[2.153471233938517,41.43543796449289],[2.15260863028021,41.43396776909472],[2.152212963720082,41.43365843247505],[2.1524284345224407,41.43314676274879],[2.151466275971072,41.4325453736384],[2.146576785405475,41.433849978669265],[2.1478477083947283,41.43550555983504],[2.149662239691628,41.436821958169055],[2.1504307043997413,41.437114128257626],[2.151754702550903,41.43732903092026],[2.152312747683503,41.43715663379486],[2.152765011699826,41.4367507342752]]]},"properties":{"cusec":"0801907098","income":22859,"housing_vuln":0.49,"detail":"22.859 €/persona/año"}},{"type":"Feature","geometry":{"type":"Polygon","coordinates":[[[2.149640151017099,41.43304081489209],[2.1491775402053412,41.432047963319256],[2.148103617757926,41.432330277333214],[2.1485701865468285,41.43332344921072],[2.149640151017099,41.43304081489209]]]},"properties":{"cusec":"0801907099","income":20055,"housing_vuln":0.59,"detail":"20.055 €/persona/año"}},{"type":"Feature","geometry":{"type":"Polygon","coordinates":[[[2.1485701865468285,41.43332344921072],[2.148103617757926,41.432330277333214],[2.1491775402053412,41.432047963319256],[2.149640151017099,41.43304081489209],[2.151466275971072,41.4325453736384],[2.1524284345224407,41.43314676274879],[2.1533305568667256,41.4324673029708],[2.153789210599636,41.43166360565923],[2.152773806206443,41.430931107202724],[2.1521314029804794,41.430895670852024],[2.1471384857829645,41.432084463176444],[2.146897934017878,41.431564341978174],[2.145628191414911,41.43188724691791],[2.146576785405475,41.433849978669265],[2.1485701865468285,41.43332344921072]]]},"properties":{"cusec":"0801907100","income":17700,"housing_vuln":0.67,"detail":"17.700 €/persona/año"}},{"type":"Feature","geometry":{"type":"Polygon","coordinates":[[[2.1521314029804794,41.430895670852024],[2.1513823598488133,41.43044146839151],[2.1513652864685127,41.429924885531555],[2.1510649015155865,41.4295727032855],[2.1509500402284147,41.42820037169717],[2.1501534393873123,41.427058340586356],[2.150013907667487,41.426552959067415],[2.1496010213016308,41.4261202863813],[2.1496770600971753,41.42591984919152],[2.150001060860596,41.4257766701539],[2.147718891779614,41.42451891959123],[2.146542028688811,41.42421049847985],[2.144929499753221,41.424429546655276],[2.143603820854156,41.4243850975793],[2.1423486390436417,41.4247838758804],[2.145628191414911,41.43188724691791],[2.146897934017878,41.431564341978174],[2.1471384857829645,41.432084463176444],[2.1515637602473903,41.43092507721876],[2.1521314029804794,41.430895670852024]]]},"properties":{"cusec":"0801907101","income":18128,"housing_vuln":0.65,"detail":"18.128 €/persona/año"}},{"type":"Feature","geometry":{"type":"Polygon","coordinates":[[[2.1562281680370856,41.42973148498312],[2.1569820234437365,41.42899684039496],[2.1551125188446942,41.42832198462461],[2.151730306104431,41.426427988486964],[2.1504425217372916,41.426184025164794],[2.1502410403988645,41.42581471735608],[2.149901631731695,41.4257924922856],[2.1496257618028918,41.425992603188675],[2.149624648790255,41.42620623124144],[2.150013907667487,41.426552959067415],[2.150209281360315,41.42715826113728],[2.1509770885016195,41.42827192962074],[2.1510710729416127,41.429606923964656],[2.151371383334346,41.42997324803881],[2.151341456858975,41.43034094739759],[2.1515293062629812,41.430595934075896],[2.151917335346587,41.43065112017147],[2.1521314029804794,41.430895670852024],[2.152773806206443,41.430931107202724],[2.153789210599636,41.43166360565923],[2.1562281680370856,41.42973148498312]]]},"properties":{"cusec":"0801907102","income":17668,"housing_vuln":0.67,"detail":"17.668 €/persona/año"}},{"type":"Feature","geometry":{"type":"Polygon","coordinates":[[[2.159960289851858,41.44239006046951],[2.1615416571285677,41.44160839726424],[2.162632218171688,41.441380933570265],[2.1627945572182545,41.44103511188728],[2.1627066786272655,41.44086236500408],[2.1618080094069234,41.440683729327134],[2.1614978211393394,41.440013915740614],[2.160011680672642,41.43968621603896],[2.1601664136836844,41.439139293297444],[2.160045102492786,41.43888280744472],[2.15959730759499,41.438670374699456],[2.160143686306985,41.43835783202751],[2.158932982781157,41.43722758921018],[2.157499018262774,41.43805431398789],[2.1563296929355484,41.43770385003034],[2.153880120106398,41.43654812770006],[2.153580787080707,41.436492836170586],[2.1532945191524675,41.43682999719271],[2.1531494672852447,41.43631963608078],[2.15238373794716,41.437107046917006],[2.1517010524672187,41.4373309590049],[2.150002923068179,41.43696815550762],[2.148574662851865,41.436124444992444],[2.1482946274350874,41.43655105723864],[2.1480931640629692,41.43747483719056],[2.1477125604534715,41.43786362873936],[2.146130569745976,41.43870215005508],[2.145358434521623,41.4393991075626],[2.143767502882083,41.44013960564409],[2.1429443397563057,41.44045952038151],[2.1428295108084963,41.44023636590874],[2.141145299906485,41.439666622747474],[2.138431409483105,41.440791088303975],[2.1378385384635643,41.44032095197951],[2.1373912250627787,41.44054401727056],[2.136994965614533,41.440879708064394],[2.1370504473631327,41.44181667762051],[2.1363082781399894,41.44273463925593],[2.134904550914107,41.44368222148402],[2.1340944654622414,41.443956458203324],[2.1335577705889897,41.44449700793245],[2.13292767967231,41.44466365515562],[2.132902321130146,41.44539446134796],[2.133661849397834,41.44584879552541],[2.1346327916760215,41.44722011163235],[2.134704965919219,41.447591743919745],[2.136169551310663,41.44738437697501],[2.136692416620099,41.44776012647401],[2.1372749183863107,41.44765650462767],[2.13759381402396,41.44790228404962],[2.140795184219444,41.44757459657597],[2.141532744186847,41.44708666635649],[2.1436577404324364,41.447633178040626],[2.144391349609238,41.44738750735445],[2.145344452244201,41.44735100263601],[2.1466171862370693,41.44756674337916],[2.1469685865149595,41.447509134162416],[2.147785278177413,41.44700489696852],[2.148661175105302,41.44678940080357],[2.149642845064627,41.447305382145885],[2.1523444204837987,41.44737263788233],[2.152781936858106,41.44764985402956],[2.15346588716596,41.4489115384648],[2.153951034013235,41.44924289352284],[2.1559712588489517,41.44992318967969],[2.157522897279652,41.44963056149454],[2.1590992914829634,41.45041758459358],[2.159480831136937,41.44996320767063],[2.159428824071877,41.44950368405328],[2.1580852669020456,41.447850135917385],[2.1570469078583883,41.44734481998143],[2.157450692493753,41.44709628580239],[2.1575572793988598,41.44685355764386],[2.157228416953114,41.44602882901747],[2.1558255458216653,41.44579301161232],[2.155681543186686,41.44562249949269],[2.1575158392164573,41.444986420858676],[2.157826026585777,41.444748236129065],[2.158041390488615,41.444140890739895],[2.1583345655630364,41.44393381713416],[2.1587037426020883,41.442984096525336],[2.159064742277129,41.442505210501686],[2.1597023341264387,41.44215001705579],[2.159960289851858,41.44239006046951]]]},"properties":{"cusec":"0801907103","income":16126,"housing_vuln":0.72,"detail":"16.126 €/persona/año"}},{"type":"Feature","geometry":{"type":"Polygon","coordinates":[[[2.161613654403637,41.4395884818541],[2.162328431298788,41.438668032492004],[2.1636819391070676,41.43788572980458],[2.1631520678367013,41.43737865197442],[2.1635294994949152,41.437101806118335],[2.163156775907123,41.43657860162918],[2.16189986034811,41.43736105139446],[2.1613048558297625,41.436765764443315],[2.159531541034722,41.437786362499665],[2.160143686306985,41.43835783202751],[2.15959730759499,41.438670374699456],[2.160045102492786,41.43888280744472],[2.1601664136836844,41.439139293297444],[2.160011680672642,41.43968621603896],[2.1615283719438265,41.4399291609141],[2.161613654403637,41.4395884818541]]]},"properties":{"cusec":"0801907104","income":15229,"housing_vuln":0.75,"detail":"15.229 €/persona/año"}},{"type":"Feature","geometry":{"type":"Polygon","coordinates":[[[2.163156775907123,41.43657860162918],[2.164267519399732,41.43628072492461],[2.1635997657164445,41.43453593583406],[2.160722172603871,41.43619146044334],[2.16189986034811,41.43736105139446],[2.163156775907123,41.43657860162918]]]},"properties":{"cusec":"0801907105","income":19591,"housing_vuln":0.6,"detail":"19.591 €/persona/año"}},{"type":"Feature","geometry":{"type":"Polygon","coordinates":[[[2.1635997657164445,41.43453593583406],[2.1631493010256415,41.433080082921386],[2.1631391222151635,41.432262989168706],[2.16271054497624,41.43216056363567],[2.1619566473487923,41.432798411989566],[2.160858379658839,41.43306998187053],[2.162356781230853,41.43525020317534],[2.1635997657164445,41.43453593583406]]]},"properties":{"cusec":"0801907106","income":18375,"housing_vuln":0.64,"detail":"18.375 €/persona/año"}},{"type":"Feature","geometry":{"type":"Polygon","coordinates":[[[2.162356781230853,41.43525020317534],[2.1604953138586747,41.43254276517794],[2.159047758728371,41.43332848489983],[2.1597168131721887,41.433960825475076],[2.1589334193623793,41.43443204233561],[2.160722172603871,41.43619146044334],[2.162356781230853,41.43525020317534]]]},"properties":{"cusec":"0801907107","income":21175,"housing_vuln":0.55,"detail":"21.175 €/persona/año"}},{"type":"Feature","geometry":{"type":"Polygon","coordinates":[[[2.1613048558297625,41.436765764443315],[2.1594907934534477,41.43498029175207],[2.1576799380626706,41.43606666735331],[2.159531541034722,41.437786362499665],[2.1613048558297625,41.436765764443315]]]},"properties":{"cusec":"0801907108","income":18498,"housing_vuln":0.64,"detail":"18.498 €/persona/año"}},{"type":"Feature","geometry":{"type":"Polygon","coordinates":[[[2.158932982781157,41.43722758921018],[2.1571014149348704,41.43553168432589],[2.155445535100285,41.436523850238515],[2.155083904807949,41.4371201987472],[2.157499018262774,41.43805431398789],[2.158932982781157,41.43722758921018]]]},"properties":{"cusec":"0801907109","income":15200,"housing_vuln":0.75,"detail":"15.200 €/persona/año"}},{"type":"Feature","geometry":{"type":"Polygon","coordinates":[[[2.1594907934534477,41.43498029175207],[2.1589334193623793,41.43443204233561],[2.1597168131721887,41.433960825475076],[2.158433257175121,41.432748297128306],[2.1557386607674,41.43426222906995],[2.1576799380626706,41.43606666735331],[2.1594907934534477,41.43498029175207]]]},"properties":{"cusec":"0801907110","income":19053,"housing_vuln":0.62,"detail":"19.053 €/persona/año"}},{"type":"Feature","geometry":{"type":"Polygon","coordinates":[[[2.1530445332802635,41.4348877961728],[2.153509645900071,41.43560298296539],[2.1523128743459607,41.43572280205587],[2.15197882951936,41.43624599458674],[2.152765011699826,41.4367507342752],[2.1531494672852447,41.43631963608078],[2.1532945191524675,41.43682999719271],[2.153580787080707,41.436492836170586],[2.155083904807949,41.4371201987472],[2.155445535100285,41.436523850238515],[2.1571014149348704,41.43553168432589],[2.1557386607674,41.43426222906995],[2.1583927099181333,41.43267114737566],[2.1582148973907964,41.43226690760099],[2.1573326799165633,41.43243150848321],[2.1557210250417493,41.43340240852869],[2.1550022766946975,41.43359049442444],[2.155130359386216,41.433712029232815],[2.1530445332802635,41.4348877961728]]]},"properties":{"cusec":"0801907111","income":20950,"housing_vuln":0.55,"detail":"20.950 €/persona/año"}},{"type":"Feature","geometry":{"type":"Polygon","coordinates":[[[2.1550022766946975,41.43359049442444],[2.1546678545756826,41.43327397726537],[2.1553783680665086,41.432484995800124],[2.1562482498752327,41.43248859161285],[2.156224065431175,41.43196739200409],[2.155945780830874,41.43151593216348],[2.1570920464047747,41.4310457279786],[2.1570178096297075,41.430835540006925],[2.1575132017628125,41.430700187984456],[2.157454906490737,41.43029398406949],[2.1562281680370856,41.42973148498312],[2.1558783065732565,41.429918324715686],[2.1554589541339935,41.430407850279906],[2.154076596930395,41.431319382301076],[2.1533305568667256,41.4324673029708],[2.1524284345224407,41.43314676274879],[2.1521887999372242,41.43350661145946],[2.1525958688132767,41.433951371779465],[2.1530445332802635,41.4348877961728],[2.155130359386216,41.433712029232815],[2.1550022766946975,41.43359049442444]]]},"properties":{"cusec":"0801907112","income":18260,"housing_vuln":0.65,"detail":"18.260 €/persona/año"}},{"type":"Feature","geometry":{"type":"Polygon","coordinates":[[[2.1582148973907964,41.43226690760099],[2.1580400322359035,41.431848673225126],[2.156240716603273,41.43225620161903],[2.1562482498752327,41.43248859161285],[2.1553783680665086,41.432484995800124],[2.1546678545756826,41.43327397726537],[2.1550022766946975,41.43359049442444],[2.1553113151187633,41.433526078647795],[2.1573326799165633,41.43243150848321],[2.1582148973907964,41.43226690760099]]]},"properties":{"cusec":"0801907113","income":16379,"housing_vuln":0.71,"detail":"16.379 €/persona/año"}},{"type":"Feature","geometry":{"type":"Polygon","coordinates":[[[2.1580400322359035,41.431848673225126],[2.159441186686832,41.43152004595859],[2.159277698695012,41.431391060712826],[2.1596068279403955,41.43111808222658],[2.159213752121496,41.430826443493466],[2.1574523076646344,41.43027001408906],[2.1574931396875683,41.4306041725587],[2.1570178096297075,41.430835540006925],[2.1570920464047747,41.4310457279786],[2.155945780830874,41.43151593216348],[2.156240716603273,41.43225620161903],[2.1580400322359035,41.431848673225126]]]},"properties":{"cusec":"0801907114","income":18664,"housing_vuln":0.63,"detail":"18.664 €/persona/año"}},{"type":"Feature","geometry":{"type":"Polygon","coordinates":[[[2.160858379658839,41.43306998187053],[2.1612363161702217,41.43295150285156],[2.1605221070103364,41.431559182226586],[2.160989885829896,41.43131426092016],[2.1608536437406745,41.4310545321562],[2.160434004738837,41.43108967342118],[2.1600230488525436,41.43139143114369],[2.1596068279403955,41.43111808222658],[2.159277698695012,41.431391060712826],[2.159441186686832,41.43152004595859],[2.1580400322359035,41.431848673225126],[2.158433257175121,41.432748297128306],[2.159047758728371,41.43332848489983],[2.1604953138586747,41.43254276517794],[2.160858379658839,41.43306998187053]]]},"properties":{"cusec":"0801907115","income":22103,"housing_vuln":0.51,"detail":"22.103 €/persona/año"}},{"type":"Feature","geometry":{"type":"Polygon","coordinates":[[[2.16271054497624,41.43216056363567],[2.1629301480289134,41.431427156159714],[2.161021348424437,41.43129778952182],[2.1605221070103364,41.431559182226586],[2.1612363161702217,41.43295150285156],[2.1621404318761326,41.432706115350264],[2.16271054497624,41.43216056363567]]]},"properties":{"cusec":"0801907116","income":17700,"housing_vuln":0.67,"detail":"17.700 €/persona/año"}},{"type":"Feature","geometry":{"type":"Polygon","coordinates":[[[2.1638286259081077,41.43107998357759],[2.1618565768227636,41.42956841761695],[2.1606556694250827,41.42963148285422],[2.160700578901076,41.430204057364534],[2.1605124555109216,41.430164483836435],[2.160334333064786,41.430517807182234],[2.1608820933857174,41.43069879312898],[2.160434004738837,41.43108967342118],[2.1608536437406745,41.4310545321562],[2.160989885829896,41.43131426092016],[2.1629301480289134,41.431427156159714],[2.162738534683869,41.432097776991604],[2.1631391222151635,41.432262989168706],[2.1638286259081077,41.43107998357759]]]},"properties":{"cusec":"0801907117","income":18406,"housing_vuln":0.64,"detail":"18.406 €/persona/año"}},{"type":"Feature","geometry":{"type":"Polygon","coordinates":[[[2.160434004738837,41.43108967342118],[2.1608820933857174,41.43069879312898],[2.160334333064786,41.430517807182234],[2.1605124555109216,41.430164483836435],[2.160700578901076,41.430204057364534],[2.1606556694250827,41.42963148285422],[2.159188940653365,41.429667022271296],[2.1569820234437365,41.42899684039496],[2.1562281680370856,41.42973148498312],[2.1568576193532984,41.43007975858015],[2.159213752121496,41.430826443493466],[2.1600230488525436,41.43139143114369],[2.160434004738837,41.43108967342118]]]},"properties":{"cusec":"0801907118","income":17407,"housing_vuln":0.68,"detail":"17.407 €/persona/año"}},{"type":"Feature","geometry":{"type":"Polygon","coordinates":[[[2.1606556694250827,41.42963148285422],[2.1604808734404664,41.42918862597792],[2.1592233317557104,41.4291771496394],[2.1595068427543245,41.42817706371103],[2.1579573432123134,41.42765405535769],[2.1577536618997284,41.428473794865226],[2.1579202886051405,41.428502946383574],[2.1579471140961646,41.4293317489972],[2.159188940653365,41.429667022271296],[2.1606556694250827,41.42963148285422]]]},"properties":{"cusec":"0801907119","income":15877,"housing_vuln":0.73,"detail":"15.877 €/persona/año"}},{"type":"Feature","geometry":{"type":"Polygon","coordinates":[[[2.162051240846518,41.42721925349603],[2.158339705723095,41.42559379189669],[2.1579573432123134,41.42765405535769],[2.1593022819910805,41.428090068708975],[2.160376850327209,41.42865085843046],[2.162051240846518,41.42721925349603]]]},"properties":{"cusec":"0801907120","income":16514,"housing_vuln":0.71,"detail":"16.514 €/persona/año"}},{"type":"Feature","geometry":{"type":"Polygon","coordinates":[[[2.1623931656947906,41.429246274359116],[2.1625146610403605,41.4291313473158],[2.1606317374076096,41.428763051760434],[2.1595928618326545,41.428213660040704],[2.1592233317557104,41.4291771496394],[2.1604808734404664,41.42918862597792],[2.1606556694250827,41.42963148285422],[2.161974312718847,41.42964250717459],[2.1623931656947906,41.429246274359116]]]},"properties":{"cusec":"0801907121","income":15117,"housing_vuln":0.76,"detail":"15.117 €/persona/año"}},{"type":"Feature","geometry":{"type":"Polygon","coordinates":[[[2.1648064447898094,41.42885847046127],[2.163644154169588,41.42811337403217],[2.1637401858700662,41.42802289738762],[2.162051240846518,41.42721925349603],[2.160376850327209,41.42865085843046],[2.1625146610403605,41.4291313473158],[2.1623931656947906,41.429246274359116],[2.16348515505923,41.42991719723324],[2.1637742257311467,41.42964039364117],[2.16390299293892,41.4297149842215],[2.1648064447898094,41.42885847046127]]]},"properties":{"cusec":"0801907122","income":17518,"housing_vuln":0.67,"detail":"17.518 €/persona/año"}},{"type":"Feature","geometry":{"type":"Polygon","coordinates":[[[2.1661773799145805,41.429600613669564],[2.1648064447898094,41.42885847046127],[2.16390299293892,41.4297149842215],[2.1637742257311467,41.42964039364117],[2.16348515505923,41.42991719723324],[2.1623931656947906,41.429246274359116],[2.161974312718847,41.42964250717459],[2.1638286259081077,41.43107998357759],[2.1639511884522293,41.43084560368857],[2.1661773799145805,41.429600613669564]]]},"properties":{"cusec":"0801907123","income":18939,"housing_vuln":0.62,"detail":"18.939 €/persona/año"}},{"type":"Feature","geometry":{"type":"Polygon","coordinates":[[[2.166858529275418,41.43046124295081],[2.1672951033169703,41.43045454748505],[2.167222870683294,41.430207784640544],[2.166899871541404,41.43002789786444],[2.1674330917311155,41.429814996998246],[2.167097220629549,41.42925774327654],[2.1661773799145805,41.429600613669564],[2.1639511884522293,41.43084560368857],[2.163833668151816,41.43107214791651],[2.165819339290112,41.43040380511346],[2.166858529275418,41.43046124295081]]]},"properties":{"cusec":"0801908001","income":16612,"housing_vuln":0.71,"detail":"16.612 €/persona/año"}},{"type":"Feature","geometry":{"type":"Polygon","coordinates":[[[2.1670329973749274,41.429215797661136],[2.166091191054665,41.428625571747475],[2.1672882410865095,41.42756253945841],[2.164426569714058,41.427879590972374],[2.163644154169588,41.42811337403217],[2.1661773799145805,41.429600613669564],[2.1670329973749274,41.429215797661136]]]},"properties":{"cusec":"0801908002","income":18135,"housing_vuln":0.65,"detail":"18.135 €/persona/año"}},{"type":"Feature","geometry":{"type":"Polygon","coordinates":[[[2.1681266261647694,41.4288393797275],[2.1680682518409826,41.42872464190172],[2.1684393351050755,41.42816153784629],[2.167379526089058,41.4277660510399],[2.1672882410865095,41.42756253945841],[2.166091191054665,41.428625571747475],[2.1670329973749274,41.429215797661136],[2.1681266261647694,41.4288393797275]]]},"properties":{"cusec":"0801908003","income":16211,"housing_vuln":0.72,"detail":"16.211 €/persona/año"}},{"type":"Feature","geometry":{"type":"Polygon","coordinates":[[[2.168308813487537,41.42917046549132],[2.1681266261647694,41.4288393797275],[2.1670329973749274,41.429215797661136],[2.1674330917311155,41.429814996998246],[2.166899871541404,41.43002789786444],[2.167222870683294,41.430207784640544],[2.1672951033169703,41.43045454748505],[2.168997614697951,41.43041975139244],[2.169653719028645,41.42965813775562],[2.168461455220603,41.429447894776565],[2.168308813487537,41.42917046549132]]]},"properties":{"cusec":"0801908004","income":16003,"housing_vuln":0.73,"detail":"16.003 €/persona/año"}},{"type":"Feature","geometry":{"type":"Polygon","coordinates":[[[2.171946109140935,41.43016945039773],[2.1706865201956274,41.42988955841634],[2.170957832970988,41.42872955064883],[2.168308813487537,41.42917046549132],[2.168461455220603,41.429447894776565],[2.169653719028645,41.42965813775562],[2.168997614697951,41.43041975139244],[2.1719279137648595,41.430341004646934],[2.171946109140935,41.43016945039773]]]},"properties":{"cusec":"0801908005","income":16888,"housing_vuln":0.7,"detail":"16.888 €/persona/año"}},{"type":"Feature","geometry":{"type":"Polygon","coordinates":[[[2.170957832970988,41.42872955064883],[2.171098165089728,41.42814352794632],[2.170828419874535,41.42821003368176],[2.169788247132338,41.4278239620207],[2.1702364157292604,41.42713433782151],[2.1672882410865095,41.42756253945841],[2.167379526089058,41.4277660510399],[2.1684393351050755,41.42816153784629],[2.1680682518409826,41.42872464190172],[2.168308813487537,41.42917046549132],[2.170957832970988,41.42872955064883]]]},"properties":{"cusec":"0801908006","income":17045,"housing_vuln":0.69,"detail":"17.045 €/persona/año"}},{"type":"Feature","geometry":{"type":"Polygon","coordinates":[[[2.1722069215089577,41.42781094975198],[2.171098165089728,41.42814352794632],[2.1706865201956274,41.42988955841634],[2.171946109140935,41.43016945039773],[2.1722069215089577,41.42781094975198]]]},"properties":{"cusec":"0801908007","income":17451,"housing_vuln":0.68,"detail":"17.451 €/persona/año"}},{"type":"Feature","geometry":{"type":"Polygon","coordinates":[[[2.171098165089728,41.42814352794632],[2.1722069215089577,41.42781094975198],[2.1723565817335904,41.42652016540179],[2.1702364157292604,41.42713433782151],[2.169788247132338,41.4278239620207],[2.170828419874535,41.42821003368176],[2.171098165089728,41.42814352794632]]]},"properties":{"cusec":"0801908008","income":17571,"housing_vuln":0.67,"detail":"17.571 €/persona/año"}},{"type":"Feature","geometry":{"type":"Polygon","coordinates":[[[2.173591038512203,41.42746216151466],[2.1758194218638716,41.42681958152205],[2.176237900242326,41.425603122872346],[2.176164244677248,41.42544009902292],[2.1723565817335904,41.42652016540179],[2.172216974555275,41.42771591949638],[2.173591038512203,41.42746216151466]]]},"properties":{"cusec":"0801908009","income":15747,"housing_vuln":0.74,"detail":"15.747 €/persona/año"}},{"type":"Feature","geometry":{"type":"Polygon","coordinates":[[[2.1735402450710883,41.42765179425217],[2.173591038512203,41.42746216151466],[2.1722069215089577,41.42781094975198],[2.1719279137648595,41.430341004646934],[2.1729020127229814,41.43032761503703],[2.1728865509203064,41.42976520514764],[2.1732340758660516,41.42976040693736],[2.173219273426813,41.42884991990929],[2.1735402450710883,41.42765179425217]]]},"properties":{"cusec":"0801908010","income":19125,"housing_vuln":0.62,"detail":"19.125 €/persona/año"}},{"type":"Feature","geometry":{"type":"Polygon","coordinates":[[[2.174914484199483,41.42793717989675],[2.1735402450710883,41.42765179425217],[2.173219273426813,41.42884991990929],[2.1732340758660516,41.42976040693736],[2.1728865509203064,41.42976520514764],[2.1729020127229814,41.43032761503703],[2.1743805839850685,41.43031309121356],[2.174387314163189,41.42897092745846],[2.174914484199483,41.42793717989675]]]},"properties":{"cusec":"0801908011","income":18532,"housing_vuln":0.64,"detail":"18.532 €/persona/año"}},{"type":"Feature","geometry":{"type":"Polygon","coordinates":[[[2.17724556385273,41.42777779839419],[2.177367775155553,41.425486289907326],[2.176164244677248,41.42544009902292],[2.176237900242326,41.425603122872346],[2.1758194218638716,41.42681958152205],[2.173562892497712,41.427572275628386],[2.1765876961291335,41.428284966044586],[2.17724556385273,41.42777779839419]]]},"properties":{"cusec":"0801908012","income":17606,"housing_vuln":0.67,"detail":"17.606 €/persona/año"}},{"type":"Feature","geometry":{"type":"Polygon","coordinates":[[[2.1765876961291335,41.428284966044586],[2.174914484199483,41.42793717989675],[2.174387314163189,41.42897092745846],[2.1743805839850685,41.43031309121356],[2.1751744153201864,41.4303034423389],[2.1751489965909165,41.4293861353385],[2.1765876961291335,41.428284966044586]]]},"properties":{"cusec":"0801908013","income":16544,"housing_vuln":0.71,"detail":"16.544 €/persona/año"}},{"type":"Feature","geometry":{"type":"Polygon","coordinates":[[[2.1773238466398572,41.4294889585907],[2.17724556385273,41.42777779839419],[2.1751489965909165,41.4293861353385],[2.1751744153201864,41.4303034423389],[2.177340553507509,41.43027410573687],[2.1773238466398572,41.4294889585907]]]},"properties":{"cusec":"0801908014","income":15565,"housing_vuln":0.74,"detail":"15.565 €/persona/año"}},{"type":"Feature","geometry":{"type":"Polygon","coordinates":[[[2.179815540574343,41.427804152307196],[2.1773248500580147,41.42816045748147],[2.1773238466398572,41.4294889585907],[2.1798699111068998,41.429449337479554],[2.179815540574343,41.427804152307196]]]},"properties":{"cusec":"0801908015","income":14485,"housing_vuln":0.78,"detail":"14.485 €/persona/año"}},{"type":"Feature","geometry":{"type":"Polygon","coordinates":[[[2.1807962520312656,41.429434352764446],[2.1773238466398572,41.4294889585907],[2.177340553507509,41.43027410573687],[2.180818070312902,41.430225452491854],[2.1807962520312656,41.429434352764446]]]},"properties":{"cusec":"0801908016","income":16283,"housing_vuln":0.72,"detail":"16.283 €/persona/año"}},{"type":"Feature","geometry":{"type":"Polygon","coordinates":[[[2.1825538481054623,41.42865791577265],[2.182536238430961,41.427696648589084],[2.179815540574343,41.427804152307196],[2.1798699111068998,41.429449337479554],[2.1817385137973897,41.42942005976231],[2.1817193617155386,41.428659559881396],[2.1825538481054623,41.42865791577265]]]},"properties":{"cusec":"0801908017","income":17767,"housing_vuln":0.67,"detail":"17.767 €/persona/año"}},{"type":"Feature","geometry":{"type":"Polygon","coordinates":[[[2.1846913740526674,41.427832602963164],[2.184347092025077,41.427627115395474],[2.182536238430961,41.427696648589084],[2.1825538481054623,41.42865791577265],[2.184099051005456,41.428655928159],[2.1846913740526674,41.427832602963164]]]},"properties":{"cusec":"0801908018","income":16814,"housing_vuln":0.7,"detail":"16.814 €/persona/año"}},{"type":"Feature","geometry":{"type":"Polygon","coordinates":[[[2.184099051005456,41.428655928159],[2.1817193617155386,41.428659559881396],[2.1817385137973897,41.42942005976231],[2.1807962520312656,41.429434352764446],[2.180818070312902,41.430225452491854],[2.1830162145754763,41.43019268762215],[2.184099051005456,41.428655928159]]]},"properties":{"cusec":"0801908019","income":15238,"housing_vuln":0.75,"detail":"15.238 €/persona/año"}},{"type":"Feature","geometry":{"type":"Polygon","coordinates":[[[2.18258835419217,41.430197774741885],[2.1798896560768686,41.43023992784128],[2.179920884211067,41.43144707185587],[2.1808454590475725,41.43143286685315],[2.1808614796023758,41.43206953429686],[2.1825934036223544,41.4304131353979],[2.18258835419217,41.430197774741885]]]},"properties":{"cusec":"0801908020","income":15795,"housing_vuln":0.73,"detail":"15.795 €/persona/año"}},{"type":"Feature","geometry":{"type":"Polygon","coordinates":[[[2.1808614796023758,41.43206953429686],[2.1808454590475725,41.43143286685315],[2.179920884211067,41.43144707185587],[2.1798896560768686,41.43023992784128],[2.1790029344497888,41.43025374650312],[2.1790443413944987,41.43194320173188],[2.179255072685438,41.432677010843584],[2.1802280289865186,41.43265439884061],[2.18085850707708,41.43235041366056],[2.1808614796023758,41.43206953429686]]]},"properties":{"cusec":"0801908021","income":16882,"housing_vuln":0.7,"detail":"16.882 €/persona/año"}},{"type":"Feature","geometry":{"type":"Polygon","coordinates":[[[2.178277666130437,41.432986572372776],[2.179255072685438,41.432677010843584],[2.1791029474836363,41.43214657767755],[2.1786882114866235,41.431909036164605],[2.1775046307941586,41.43192961713592],[2.1773789052819237,41.431483123493436],[2.1762305214806013,41.43231956799425],[2.1771908321974065,41.433473982943575],[2.178277666130437,41.432986572372776]]]},"properties":{"cusec":"0801908022","income":16557,"housing_vuln":0.71,"detail":"16.557 €/persona/año"}},{"type":"Feature","geometry":{"type":"Polygon","coordinates":[[[2.1790029344497888,41.43025374650312],[2.177340553507509,41.43027410573687],[2.1773880609113077,41.43177196287667],[2.1775046307941586,41.43192961713592],[2.1785986530460626,41.431888851881496],[2.1791029474836363,41.43214657767755],[2.1790029344497888,41.43025374650312]]]},"properties":{"cusec":"0801908023","income":14924,"housing_vuln":0.76,"detail":"14.924 €/persona/año"}},{"type":"Feature","geometry":{"type":"Polygon","coordinates":[[[2.177340553507509,41.43027410573687],[2.1746866912063383,41.43031008932665],[2.174388604143921,41.43115841961068],[2.1749815901478238,41.43151802071602],[2.1773789052819237,41.431483123493436],[2.177340553507509,41.43027410573687]]]},"properties":{"cusec":"0801908024","income":15580,"housing_vuln":0.74,"detail":"15.580 €/persona/año"}},{"type":"Feature","geometry":{"type":"Polygon","coordinates":[[[2.1762305214806013,41.43231956799425],[2.1773789052819237,41.431483123493436],[2.1749815901478238,41.43151802071602],[2.174388604143921,41.43115841961068],[2.1740989450755057,41.43168733064183],[2.175834350067237,41.43262999801965],[2.1762305214806013,41.43231956799425]]]},"properties":{"cusec":"0801908025","income":14056,"housing_vuln":0.79,"detail":"14.056 €/persona/año"}},{"type":"Feature","geometry":{"type":"Polygon","coordinates":[[[2.1776229155608684,41.43399105883825],[2.1762305214806013,41.43231956799425],[2.175834350067237,41.43262999801965],[2.1740989450755057,41.43168733064183],[2.173849941960226,41.4321376961952],[2.1758412688915816,41.43483423675347],[2.1776229155608684,41.43399105883825]]]},"properties":{"cusec":"0801908026","income":16724,"housing_vuln":0.7,"detail":"16.724 €/persona/año"}},{"type":"Feature","geometry":{"type":"Polygon","coordinates":[[[2.1805056659014785,41.437220101791475],[2.179714714565155,41.43486278063551],[2.1787358635191882,41.43531762832516],[2.1776229155608684,41.43399105883825],[2.1758412688915816,41.43483423675347],[2.1763228754783293,41.43572504469671],[2.1772462851998995,41.43689764900221],[2.1788665279688315,41.43856987116218],[2.1792903800693564,41.438627046541875],[2.179823783515376,41.43836302491063],[2.1789592628522625,41.43752882813081],[2.1805056659014785,41.437220101791475]]]},"properties":{"cusec":"0801908027","income":17772,"housing_vuln":0.66,"detail":"17.772 €/persona/año"}},{"type":"Feature","geometry":{"type":"Polygon","coordinates":[[[2.179714714565155,41.43486278063551],[2.1794715073800823,41.43413788417726],[2.178277666130437,41.432986572372776],[2.1771908321974065,41.433473982943575],[2.1787358635191882,41.43531762832516],[2.179714714565155,41.43486278063551]]]},"properties":{"cusec":"0801908028","income":15538,"housing_vuln":0.74,"detail":"15.538 €/persona/año"}},{"type":"Feature","geometry":{"type":"Polygon","coordinates":[[[2.1847763223391907,41.43761089432783],[2.1831167917513015,41.43246930057026],[2.1827093339047385,41.43179871523122],[2.1825944097355037,41.43101544138298],[2.1830162145754763,41.43019268762215],[2.18258835419217,41.430197774741885],[2.1825934036223544,41.4304131353979],[2.1808614796023758,41.43206953429686],[2.18085850707708,41.43235041366056],[2.1802280289865186,41.43265439884061],[2.179373189467191,41.43265634322808],[2.178277666130437,41.432986572372776],[2.1794715073800823,41.43413788417726],[2.180608728715706,41.43753244319407],[2.1816910180716866,41.43925813612196],[2.185443939478553,41.43970719119143],[2.1847763223391907,41.43761089432783]]]},"properties":{"cusec":"0801908029","income":13376,"housing_vuln":0.82,"detail":"13.376 €/persona/año"}},{"type":"Feature","geometry":{"type":"Polygon","coordinates":[[[2.1805056659014785,41.437220101791475],[2.1789592628522625,41.43752882813081],[2.179823783515376,41.43836302491063],[2.1792903800693564,41.438627046541875],[2.1788665279688315,41.43856987116218],[2.1787861655818577,41.438907306930076],[2.1816910180716866,41.43925813612196],[2.1805056659014785,41.437220101791475]]]},"properties":{"cusec":"0801908030","income":15035,"housing_vuln":0.76,"detail":"15.035 €/persona/año"}},{"type":"Feature","geometry":{"type":"Polygon","coordinates":[[[2.1788665279688315,41.43856987116218],[2.178108963418399,41.437896035506206],[2.177627530206492,41.43835422778521],[2.1770802397044755,41.437829301967916],[2.1763159099416023,41.43858484097321],[2.1787861655818577,41.438907306930076],[2.1788665279688315,41.43856987116218]]]},"properties":{"cusec":"0801908031","income":15703,"housing_vuln":0.74,"detail":"15.703 €/persona/año"}},{"type":"Feature","geometry":{"type":"Polygon","coordinates":[[[2.178108963418399,41.437896035506206],[2.1765603038011743,41.43602655054752],[2.1749548994040975,41.43672639627848],[2.1762828717020852,41.43841849734852],[2.1770802397044755,41.437829301967916],[2.177627530206492,41.43835422778521],[2.178108963418399,41.437896035506206]]]},"properties":{"cusec":"0801908032","income":16011,"housing_vuln":0.73,"detail":"16.011 €/persona/año"}},{"type":"Feature","geometry":{"type":"Polygon","coordinates":[[[2.176352014131179,41.43842768371221],[2.1748700391524562,41.4366184446705],[2.1735475375945588,41.43709798226111],[2.1744436564978082,41.43818690304061],[2.1763159099416023,41.43858484097321],[2.176352014131179,41.43842768371221]]]},"properties":{"cusec":"0801908033","income":13811,"housing_vuln":0.8,"detail":"13.811 €/persona/año"}},{"type":"Feature","geometry":{"type":"Polygon","coordinates":[[[2.1748700391524562,41.4366184446705],[2.1741020361784176,41.43563757154591],[2.1727489802227447,41.43626861274662],[2.173503508467555,41.4370550328807],[2.1748700391524562,41.4366184446705]]]},"properties":{"cusec":"0801908034","income":12579,"housing_vuln":0.85,"detail":"12.579 €/persona/año"}},{"type":"Feature","geometry":{"type":"Polygon","coordinates":[[[2.1765603038011743,41.43602655054752],[2.175032639608778,41.433854996133434],[2.1745439578908576,41.43407373766345],[2.175307371372125,41.435001314221545],[2.1741020361784176,41.43563757154591],[2.1749548994040975,41.43672639627848],[2.1765603038011743,41.43602655054752]]]},"properties":{"cusec":"0801908035","income":14874,"housing_vuln":0.77,"detail":"14.874 €/persona/año"}},{"type":"Feature","geometry":{"type":"Polygon","coordinates":[[[2.1741020361784176,41.43563757154591],[2.1753543918890306,41.43505847927546],[2.1745947818746734,41.434134767975195],[2.173321641843317,41.43462749039378],[2.1737210642596767,41.43513674617435],[2.1723714443599675,41.43576361877985],[2.1727489802227447,41.43626861274662],[2.1741020361784176,41.43563757154591]]]},"properties":{"cusec":"0801908036","income":12502,"housing_vuln":0.85,"detail":"12.502 €/persona/año"}},{"type":"Feature","geometry":{"type":"Polygon","coordinates":[[[2.1745439578908576,41.43407373766345],[2.1751700755590417,41.4337930449036],[2.173849941960226,41.4321376961952],[2.1720527041308495,41.43536234536567],[2.1723714443599675,41.43576361877985],[2.1737210642596767,41.43513674617435],[2.173321641843317,41.43462749039378],[2.1745439578908576,41.43407373766345]]]},"properties":{"cusec":"0801908037","income":14705,"housing_vuln":0.77,"detail":"14.705 €/persona/año"}},{"type":"Feature","geometry":{"type":"Polygon","coordinates":[[[2.173849941960226,41.4321376961952],[2.1746810524813247,41.43062070205561],[2.1746866912063383,41.43031008932665],[2.173995320814226,41.4303168750592],[2.1734746168513728,41.43150040911777],[2.1713504434625577,41.43355519018213],[2.171521887832837,41.433794828293856],[2.1729250158824556,41.433791395537035],[2.173849941960226,41.4321376961952]]]},"properties":{"cusec":"0801908038","income":13538,"housing_vuln":0.81,"detail":"13.538 €/persona/año"}},{"type":"Feature","geometry":{"type":"Polygon","coordinates":[[[2.1729250158824556,41.433791395537035],[2.171521887832837,41.433794828293856],[2.1713504434625577,41.43355519018213],[2.1694279544314465,41.43471119815346],[2.169599679076087,41.43486294428981],[2.171179274875054,41.43487481293231],[2.1720527041308495,41.43536234536567],[2.1729250158824556,41.433791395537035]]]},"properties":{"cusec":"0801908039","income":13982,"housing_vuln":0.8,"detail":"13.982 €/persona/año"}},{"type":"Feature","geometry":{"type":"Polygon","coordinates":[[[2.1713504434625577,41.43355519018213],[2.1723920580007965,41.432532754965806],[2.171731699248915,41.43175049686729],[2.1696103914858407,41.43325387759305],[2.169851858634236,41.43369927878359],[2.1690284484717575,41.43407057700845],[2.1694279544314465,41.43471119815346],[2.1713504434625577,41.43355519018213]]]},"properties":{"cusec":"0801908040","income":12395,"housing_vuln":0.85,"detail":"12.395 €/persona/año"}},{"type":"Feature","geometry":{"type":"Polygon","coordinates":[[[2.169525534827488,41.43329116004219],[2.1706917942046533,41.43248754095401],[2.1701209660455563,41.43164728790934],[2.1681605510414546,41.4325257020858],[2.16903444652291,41.433506934060546],[2.169525534827488,41.43329116004219]]]},"properties":{"cusec":"0801908041","income":10427,"housing_vuln":0.92,"detail":"10.427 €/persona/año"}},{"type":"Feature","geometry":{"type":"Polygon","coordinates":[[[2.173995320814226,41.4303168750592],[2.1725291148620185,41.43033127562733],[2.171810397955998,41.431392596990634],[2.169970133519478,41.43142228129204],[2.1706917942046533,41.43248754095401],[2.171731699248915,41.43175049686729],[2.1723920580007965,41.432532754965806],[2.1734746168513728,41.43150040911777],[2.173995320814226,41.4303168750592]]]},"properties":{"cusec":"0801908042","income":15953,"housing_vuln":0.73,"detail":"15.953 €/persona/año"}},{"type":"Feature","geometry":{"type":"Polygon","coordinates":[[[2.1725291148620185,41.43033127562733],[2.169291764444457,41.430410282363674],[2.169970133519478,41.43142228129204],[2.171810397955998,41.431392596990634],[2.1725291148620185,41.43033127562733]]]},"properties":{"cusec":"0801908043","income":14859,"housing_vuln":0.77,"detail":"14.859 €/persona/año"}},{"type":"Feature","geometry":{"type":"Polygon","coordinates":[[[2.1701209660455563,41.43164728790934],[2.169291764444457,41.430410282363674],[2.168997614697951,41.43041975139244],[2.16786155218905,41.43168058142195],[2.1687304629189788,41.43227034515291],[2.1701209660455563,41.43164728790934]]]},"properties":{"cusec":"0801908044","income":12353,"housing_vuln":0.85,"detail":"12.353 €/persona/año"}},{"type":"Feature","geometry":{"type":"Polygon","coordinates":[[[2.168997614697951,41.43041975139244],[2.166858529275418,41.43046124295081],[2.1672808740028797,41.4314986808923],[2.16786155218905,41.43168058142195],[2.168997614697951,41.43041975139244]]]},"properties":{"cusec":"0801908045","income":11916,"housing_vuln":0.87,"detail":"11.916 €/persona/año"}},{"type":"Feature","geometry":{"type":"Polygon","coordinates":[[[2.1670836084580647,41.43106930097288],[2.166858529275418,41.43046124295081],[2.165819339290112,41.43040380511346],[2.1638286259081077,41.43107998357759],[2.1632008921707118,41.43208064643216],[2.1631327881940963,41.43298669831616],[2.1634033850121703,41.43297245997566],[2.16376575192306,41.43213404176829],[2.164539586759955,41.43144883847278],[2.165900601789045,41.43110277326304],[2.1670836084580647,41.43106930097288]]]},"properties":{"cusec":"0801908046","income":13316,"housing_vuln":0.82,"detail":"13.316 €/persona/año"}},{"type":"Feature","geometry":{"type":"Polygon","coordinates":[[[2.165824187497714,41.43412419430387],[2.166660192040466,41.43393348673326],[2.1665818760156794,41.433748623789405],[2.16764774686321,41.43349369057722],[2.1686045092346813,41.433010176989995],[2.1681605510414546,41.4325257020858],[2.1687304629189788,41.43227034515291],[2.1680775772519514,41.431765607667046],[2.1672808740028797,41.4314986808923],[2.1670836084580647,41.43106930097288],[2.165900601789045,41.43110277326304],[2.164539586759955,41.43144883847278],[2.16376575192306,41.43213404176829],[2.1634033850121703,41.43297245997566],[2.1631327881940963,41.43298669831616],[2.163462716940063,41.4341253277746],[2.1639643334997563,41.43407570894767],[2.1637967024778555,41.43364550286765],[2.1640295224433244,41.43360549771139],[2.164457101653939,41.43371839637465],[2.1645021216227085,41.43399139153921],[2.1647445553583142,41.43392972936435],[2.16485612431999,41.43419905518636],[2.1657642905295136,41.433990979367195],[2.165824187497714,41.43412419430387]]]},"properties":{"cusec":"0801908047","income":11577,"housing_vuln":0.88,"detail":"11.577 €/persona/año"}},{"type":"Feature","geometry":{"type":"Polygon","coordinates":[[[2.168947353059485,41.43503660690173],[2.169599679076087,41.43486294428981],[2.1692593056183016,41.434562184635105],[2.1690284484717575,41.43407057700845],[2.169851858634236,41.43369927878359],[2.169525534827488,41.43329116004219],[2.16903444652291,41.433506934060546],[2.1686045092346813,41.433010176989995],[2.16764774686321,41.43349369057722],[2.1665818760156794,41.433748623789405],[2.1666434330705155,41.43390658507148],[2.165824187497714,41.43412419430387],[2.166423962968512,41.435709960410264],[2.168947353059485,41.43503660690173]]]},"properties":{"cusec":"0801908048","income":10544,"housing_vuln":0.92,"detail":"10.544 €/persona/año"}},{"type":"Feature","geometry":{"type":"Polygon","coordinates":[[[2.167763581025838,41.43601771269762],[2.168947353059485,41.43503660690173],[2.166423962968512,41.435709960410264],[2.1657642905295136,41.433990979367195],[2.16485612431999,41.43419905518636],[2.1647445553583142,41.43392972936435],[2.1645265782563197,41.43398549855671],[2.164391025174906,41.433660312851075],[2.1640613551437027,41.433612430593264],[2.1637967024778555,41.43364550286765],[2.1639643334997563,41.43407570894767],[2.1634844912042417,41.434187529895944],[2.164267519399732,41.43628072492461],[2.163156775907123,41.43657860162918],[2.163354982886363,41.43685684578701],[2.1642329692956004,41.43650130422756],[2.167332477724376,41.43588008574314],[2.1678036395993048,41.43583627419564],[2.167763581025838,41.43601771269762]]]},"properties":{"cusec":"0801908049","income":13671,"housing_vuln":0.81,"detail":"13.671 €/persona/año"}},{"type":"Feature","geometry":{"type":"Polygon","coordinates":[[[2.1720560773047506,41.435365366549604],[2.171179274875054,41.43487481293231],[2.16989020142548,41.434815605740084],[2.168947353059485,41.43503660690173],[2.167763581025838,41.43601771269762],[2.1680036665652973,41.43589518750005],[2.1680291194305568,41.436056020589305],[2.169803855360373,41.43592366154878],[2.1707591723425472,41.435756745392695],[2.170728159803985,41.43560569232292],[2.1718112558470932,41.43553305415919],[2.1720560773047506,41.435365366549604]]]},"properties":{"cusec":"0801908050","income":18660,"housing_vuln":0.63,"detail":"18.660 €/persona/año"}},{"type":"Feature","geometry":{"type":"Polygon","coordinates":[[[2.16630766078363,41.439253370264446],[2.1653340235595495,41.43793401701639],[2.1665659282244416,41.437456572617265],[2.167803476105933,41.43609250337667],[2.167701751781481,41.435965796113976],[2.1678900674111143,41.43579165244021],[2.1642329692956004,41.43650130422756],[2.163354982886363,41.43685684578701],[2.1635294994949152,41.437101806118335],[2.1631564875479214,41.437356228154584],[2.1636170825401586,41.43782366524257],[2.162328431298788,41.438668032492004],[2.161613654403637,41.4395884818541],[2.16630766078363,41.439253370264446]]]},"properties":{"cusec":"0801908051","income":17350,"housing_vuln":0.68,"detail":"17.350 €/persona/año"}},{"type":"Feature","geometry":{"type":"Polygon","coordinates":[[[2.1668641949499117,41.43919905414542],[2.1665659282244416,41.437456572617265],[2.1653340235595495,41.43793401701639],[2.16630766078363,41.439253370264446],[2.1668641949499117,41.43919905414542]]]},"properties":{"cusec":"0801908052","income":16342,"housing_vuln":0.71,"detail":"16.342 €/persona/año"}},{"type":"Feature","geometry":{"type":"Polygon","coordinates":[[[2.1681300963567236,41.439075495849565],[2.1678517300097195,41.43733172134917],[2.1665659282244416,41.437456572617265],[2.1668641949499117,41.43919905414542],[2.1681300963567236,41.439075495849565]]]},"properties":{"cusec":"0801908053","income":18019,"housing_vuln":0.66,"detail":"18.019 €/persona/año"}},{"type":"Feature","geometry":{"type":"Polygon","coordinates":[[[2.168606834074636,41.4390289556947],[2.17116964673183,41.438778749178304],[2.170965722874129,41.43758094819195],[2.169628376656162,41.437182580503716],[2.1678517300097195,41.43733172134917],[2.1681300963567236,41.439075495849565],[2.168606834074636,41.4390289556947]]]},"properties":{"cusec":"0801908054","income":16701,"housing_vuln":0.7,"detail":"16.701 €/persona/año"}},{"type":"Feature","geometry":{"type":"Polygon","coordinates":[[[2.172464414601971,41.43865232461505],[2.174298504019244,41.438424239078515],[2.1744436564978082,41.43818690304061],[2.173762142420982,41.43730725426806],[2.170965722874129,41.43758094819195],[2.17116964673183,41.438778749178304],[2.172464414601971,41.43865232461505]]]},"properties":{"cusec":"0801908055","income":20843,"housing_vuln":0.56,"detail":"20.843 €/persona/año"}},{"type":"Feature","geometry":{"type":"Polygon","coordinates":[[[2.172464414601971,41.43865232461505],[2.168606834074636,41.4390289556947],[2.1686894278768003,41.44068283233932],[2.170748934243261,41.440363992130344],[2.1726539519404238,41.43971680567052],[2.172464414601971,41.43865232461505]]]},"properties":{"cusec":"0801908056","income":15115,"housing_vuln":0.76,"detail":"15.115 €/persona/año"}},{"type":"Feature","geometry":{"type":"Polygon","coordinates":[[[2.172726286083705,41.44193159365311],[2.173190640525429,41.4407430187102],[2.1751111793140745,41.43900749208511],[2.174702645285789,41.438568500719526],[2.174871640848614,41.43842840900454],[2.1748188396728536,41.43822656797996],[2.1744436564978082,41.43818690304061],[2.174298504019244,41.438424239078515],[2.172464414601971,41.43865232461505],[2.1726539519404238,41.43971680567052],[2.170748934243261,41.440363992130344],[2.1686894278768003,41.44068283233932],[2.1689409363934176,41.44119919827287],[2.170220705991553,41.442132979384795],[2.1698730957058503,41.44258797140977],[2.1717577548837266,41.44331560239176],[2.172726286083705,41.44193159365311]]]},"properties":{"cusec":"0801908057","income":15940,"housing_vuln":0.73,"detail":"15.940 €/persona/año"}},{"type":"Feature","geometry":{"type":"Polygon","coordinates":[[[2.1686894278768003,41.44068283233932],[2.168606834074636,41.4390289556947],[2.16630766078363,41.439253370264446],[2.166965577016236,41.44101746785385],[2.166714337095884,41.44136935231549],[2.1698730957058503,41.44258797140977],[2.170220705991553,41.442132979384795],[2.1689409363934176,41.44119919827287],[2.1686894278768003,41.44068283233932]]]},"properties":{"cusec":"0801908058","income":14220,"housing_vuln":0.79,"detail":"14.220 €/persona/año"}},{"type":"Feature","geometry":{"type":"Polygon","coordinates":[[[2.16630766078363,41.439253370264446],[2.162921852087285,41.43957738851313],[2.1621222005674396,41.43949850404941],[2.161613654403637,41.4395884818541],[2.1615283719438265,41.4399291609141],[2.1632503731732005,41.440356529989934],[2.1632098771201806,41.439817606431625],[2.163587497424618,41.440153919855696],[2.166714337095884,41.44136935231549],[2.166965577016236,41.44101746785385],[2.16630766078363,41.439253370264446]]]},"properties":{"cusec":"0801908059","income":14883,"housing_vuln":0.77,"detail":"14.883 €/persona/año"}},{"type":"Feature","geometry":{"type":"Polygon","coordinates":[[[2.165511224334196,41.44090287613394],[2.163587497424618,41.440153919855696],[2.1632098771201806,41.439817606431625],[2.1632503731732005,41.440356529989934],[2.1615283719438265,41.4399291609141],[2.16152305571397,41.440207070160376],[2.1618080094069234,41.440683729327134],[2.1626307943419554,41.44083573692592],[2.1627922090221086,41.44121762543123],[2.162512274216639,41.44138291608047],[2.163238558530575,41.44166379218036],[2.162903680067401,41.44216017325916],[2.16447987484469,41.442770253653066],[2.165511224334196,41.44090287613394]]]},"properties":{"cusec":"0801908060","income":16680,"housing_vuln":0.7,"detail":"16.680 €/persona/año"}},{"type":"Feature","geometry":{"type":"Polygon","coordinates":[[[2.16546903405855,41.443746858824866],[2.1644249554414734,41.4433435674716],[2.16432629976204,41.44303348564997],[2.16447987484469,41.442770253653066],[2.162903680067401,41.44216017325916],[2.163238558530575,41.44166379218036],[2.162512274216639,41.44138291608047],[2.1615416571285677,41.44160839726424],[2.1599967731304766,41.442353224321764],[2.1602763710677344,41.44247092860921],[2.161310747879725,41.442371039708185],[2.161866840973199,41.442543872136916],[2.1620540022676953,41.4430059009019],[2.161813923914746,41.44361241585798],[2.1619899434048095,41.443663524998826],[2.1634841085219114,41.44372572673317],[2.1650799799972233,41.4443283610267],[2.16546903405855,41.443746858824866]]]},"properties":{"cusec":"0801908061","income":14904,"housing_vuln":0.76,"detail":"14.904 €/persona/año"}},{"type":"Feature","geometry":{"type":"Polygon","coordinates":[[[2.167711004428885,41.443371541966854],[2.1675406802577526,41.442663467641495],[2.1680670912176327,41.44189182458067],[2.165511224334196,41.44090287613394],[2.16494802916007,41.441726919067634],[2.164316944706667,41.44312716017235],[2.1644249554414734,41.4433435674716],[2.167038553454975,41.444353077303575],[2.167711004428885,41.443371541966854]]]},"properties":{"cusec":"0801908062","income":16597,"housing_vuln":0.71,"detail":"16.597 €/persona/año"}},{"type":"Feature","geometry":{"type":"Polygon","coordinates":[[[2.1704533651585747,41.44281197098408],[2.1680670912176327,41.44189182458067],[2.1675406802577526,41.442663467641495],[2.167666749824743,41.44335462178581],[2.1695929021855838,41.44408963854531],[2.1704533651585747,41.44281197098408]]]},"properties":{"cusec":"0801908063","income":18926,"housing_vuln":0.62,"detail":"18.926 €/persona/año"}},{"type":"Feature","geometry":{"type":"Polygon","coordinates":[[[2.1640835058019987,41.44982292778538],[2.163901456819784,41.44785730361992],[2.1655425710460117,41.44615176401258],[2.1660065526869072,41.4460659324221],[2.1663192292878506,41.446467828499294],[2.1663338044533234,41.44709153668094],[2.1665473456744504,41.447295838819024],[2.1678088363532138,41.447491916769096],[2.168262559233556,41.44684641474437],[2.168805367142289,41.44698040862037],[2.1699978797836605,41.44467704921545],[2.170540948203818,41.44480922744853],[2.1707349160332554,41.44443237403238],[2.171105862753389,41.44454410576004],[2.1717577548837266,41.44331560239176],[2.1704533651585747,41.44281197098408],[2.1695929021855838,41.44408963854531],[2.167711004428885,41.443371541966854],[2.167038553454975,41.444353077303575],[2.16546903405855,41.443746858824866],[2.1650799799972233,41.4443283610267],[2.1632362399788327,41.44366618822979],[2.1618861637349656,41.44364896173607],[2.1617898346921143,41.44355406106054],[2.162060114404913,41.44287520921082],[2.161866840973199,41.442543872136916],[2.161310747879725,41.442371039708185],[2.16012463663307,41.44245122235454],[2.1597023341264387,41.44215001705579],[2.1591981259271527,41.44237406864662],[2.1587037426020883,41.442984096525336],[2.158445046664894,41.44373477564895],[2.158041390488615,41.444140890739895],[2.157826026585777,41.444748236129065],[2.155670395992337,41.44568808232153],[2.157228416953114,41.44602882901747],[2.1575572793988598,41.44685355764386],[2.157048714370418,41.44741523500893],[2.157612295820096,41.44752260843607],[2.1580852669020456,41.447850135917385],[2.159428824071877,41.44950368405328],[2.159480831136937,41.44996320767063],[2.1591244263446168,41.45046244609178],[2.162112469117983,41.45020656586502],[2.1637246495072326,41.44977727200083],[2.1640835058019987,41.44982292778538]]]},"properties":{"cusec":"0801908064","income":14399,"housing_vuln":0.78,"detail":"14.399 €/persona/año"}},{"type":"Feature","geometry":{"type":"Polygon","coordinates":[[[2.1748361996157284,41.450579998987],[2.1740669803227535,41.449710403223165],[2.174149450157419,41.44938729405818],[2.174385283970649,41.449677844798984],[2.1748368140633767,41.44972627002039],[2.1750071624890306,41.449118316754195],[2.1748500282812135,41.44847662783776],[2.174005846374417,41.44803396956252],[2.1735663007059,41.44747463473017],[2.172612427316394,41.44737050809257],[2.1727053742022067,41.446686862176875],[2.1713855936413173,41.446597092853345],[2.171027772205741,41.44520794022232],[2.171105862753389,41.44454410576004],[2.1707349160332554,41.44443237403238],[2.170540948203818,41.44480922744853],[2.1699978797836605,41.44467704921545],[2.168805367142289,41.44698040862037],[2.168262559233556,41.44684641474437],[2.1678335517016225,41.44745675071713],[2.1679833125375967,41.447807230013105],[2.16758301875542,41.4490583448629],[2.1677746877960176,41.44933731993757],[2.168688047166195,41.449497401278755],[2.169474633588555,41.44871277148143],[2.1699610686199344,41.44867055563896],[2.1715225139585805,41.449514551480945],[2.1725244831484174,41.449257231312735],[2.1734366953699675,41.44971118764161],[2.1740791300369966,41.450367962063055],[2.1748361996157284,41.450579998987]]]},"properties":{"cusec":"0801908065","income":11429,"housing_vuln":0.89,"detail":"11.429 €/persona/año"}},{"type":"Feature","geometry":{"type":"Polygon","coordinates":[[[2.1758899836311127,41.44830491278743],[2.175278713317922,41.447972956360736],[2.175274904461129,41.44831690555878],[2.174919401577328,41.448487230817534],[2.1749155496014074,41.44967472530317],[2.1744707083642676,41.449705848209376],[2.174149450157419,41.44938729405818],[2.1740669803227535,41.449710403223165],[2.174309876690764,41.45001997373494],[2.1748361996157284,41.450579998987],[2.1758593268254014,41.45051271492975],[2.1767731191835464,41.45127652189808],[2.17845374041769,41.45151589393232],[2.1768474880109867,41.4507836255837],[2.176938784691631,41.45005516196366],[2.177411057782569,41.449834385660594],[2.1773073634527162,41.4495307516207],[2.177004880933601,41.44927432905908],[2.176542171307162,41.44931857323579],[2.176500091524326,41.44882362926287],[2.1758899836311127,41.44830491278743]]]},"properties":{"cusec":"0801908066","income":10307,"housing_vuln":0.92,"detail":"10.307 €/persona/año"}},{"type":"Feature","geometry":{"type":"Polygon","coordinates":[[[2.184367857481182,41.45449458958652],[2.184283929680828,41.4541440016636],[2.1837453528370574,41.45343741771952],[2.183297627109571,41.453150013918226],[2.1831354865906634,41.452834954885745],[2.183172338178592,41.45243923059585],[2.180150996654251,41.45015295579603],[2.1792601598448678,41.448778426599624],[2.1794269159076953,41.447943867453446],[2.1796438752184777,41.44789933953662],[2.180292687924032,41.44720473778522],[2.17678068299824,41.446953941289784],[2.177122077840526,41.44800823390704],[2.1762134786430347,41.44799694000389],[2.1758899836311127,41.44830491278743],[2.176500091524326,41.44882362926287],[2.176542171307162,41.44931857323579],[2.177004880933601,41.44927432905908],[2.1773073634527162,41.4495307516207],[2.177411057782569,41.449834385660594],[2.1769380858023224,41.44998728618912],[2.1767788082142645,41.45047578306955],[2.1769275189196655,41.45087288413328],[2.1784180117238994,41.45144883101564],[2.1782990226779986,41.4516143406844],[2.1788788699225203,41.45213013418247],[2.179010438077377,41.45204635732181],[2.1795765042671267,41.45238815058631],[2.180349153327853,41.45249307510092],[2.180796835936212,41.452724472248036],[2.1818041348305948,41.45283459467661],[2.1822803093048275,41.453309659663056],[2.1835895095083027,41.45390063669506],[2.184367857481182,41.45449458958652]]]},"properties":{"cusec":"0801908067","income":13077,"housing_vuln":0.83,"detail":"13.077 €/persona/año"}},{"type":"Feature","geometry":{"type":"Polygon","coordinates":[[[2.1758899836311127,41.44830491278743],[2.1762134786430347,41.44799694000389],[2.177122077840526,41.44800823390704],[2.17678068299824,41.446953941289784],[2.175604440643331,41.446868957834845],[2.174279374395287,41.448198118377476],[2.175052223780299,41.4484789313112],[2.175274904461129,41.44831690555878],[2.175278713317922,41.447972956360736],[2.1758899836311127,41.44830491278743]]]},"properties":{"cusec":"0801908068","income":11183,"housing_vuln":0.89,"detail":"11.183 €/persona/año"}},{"type":"Feature","geometry":{"type":"Polygon","coordinates":[[[2.175604440643331,41.446868957834845],[2.1727053742022067,41.446686862176875],[2.172612427316394,41.44737050809257],[2.1735663007059,41.44747463473017],[2.174279374395287,41.448198118377476],[2.175604440643331,41.446868957834845]]]},"properties":{"cusec":"0801908069","income":11811,"housing_vuln":0.87,"detail":"11.811 €/persona/año"}},{"type":"Feature","geometry":{"type":"Polygon","coordinates":[[[2.1765477381669753,41.44587958022001],[2.17614902721635,41.44628982033373],[2.1751123075980625,41.44616641290332],[2.1746194738668914,41.446257857460104],[2.173525823517519,41.4459947819688],[2.1726334658603497,41.4460481045829],[2.1727053742022067,41.446686862176875],[2.17678068299824,41.446953941289784],[2.1765477381669753,41.44587958022001]]]},"properties":{"cusec":"0801908070","income":11177,"housing_vuln":0.89,"detail":"11.177 €/persona/año"}},{"type":"Feature","geometry":{"type":"Polygon","coordinates":[[[2.1765477381669753,41.44587958022001],[2.1728884912813036,41.445355777843304],[2.171809036110032,41.444984537443915],[2.1722838909591284,41.44541482121973],[2.1726334658603497,41.4460481045829],[2.173525823517519,41.4459947819688],[2.1746194738668914,41.446257857460104],[2.1751123075980625,41.44616641290332],[2.17614902721635,41.44628982033373],[2.1765477381669753,41.44587958022001]]]},"properties":{"cusec":"0801908071","income":12076,"housing_vuln":0.86,"detail":"12.076 €/persona/año"}},{"type":"Feature","geometry":{"type":"Polygon","coordinates":[[[2.1726334658603497,41.4460481045829],[2.1721265600202466,41.44522985765067],[2.1712602588962198,41.444498558040934],[2.171105862753389,41.44454410576004],[2.171027772205741,41.44520794022232],[2.1713855936413173,41.446597092853345],[2.1727053742022067,41.446686862176875],[2.1726334658603497,41.4460481045829]]]},"properties":{"cusec":"0801908072","income":13752,"housing_vuln":0.8,"detail":"13.752 €/persona/año"}},{"type":"Feature","geometry":{"type":"Polygon","coordinates":[[[2.175349522121899,41.44468861102546],[2.1717577548837266,41.44331560239176],[2.171105862753389,41.44454410576004],[2.1712602588962198,41.444498558040934],[2.171809036110032,41.444984537443915],[2.17253613250101,41.44525971406616],[2.1753812263632257,41.44572173022751],[2.1751222833892965,41.44506105440795],[2.175349522121899,41.44468861102546]]]},"properties":{"cusec":"0801908073","income":10508,"housing_vuln":0.92,"detail":"10.508 €/persona/año"}},{"type":"Feature","geometry":{"type":"Polygon","coordinates":[[[2.1796117119380676,41.44608721727731],[2.1794330702657096,41.44605154679187],[2.179378725784269,41.44584597818443],[2.175349522121899,41.44468861102546],[2.1751222833892965,41.44506105440795],[2.1753812263632257,41.44572173022751],[2.1765477381669753,41.44587958022001],[2.17678068299824,41.446953941289784],[2.180292687924032,41.44720473778522],[2.180395487531876,41.44708779488737],[2.1796117119380676,41.44608721727731]]]},"properties":{"cusec":"0801908074","income":11128,"housing_vuln":0.9,"detail":"11.128 €/persona/año"}},{"type":"Feature","geometry":{"type":"Polygon","coordinates":[[[2.1792614004182926,41.445308461087464],[2.1783964036480508,41.443319792205095],[2.177029648384308,41.44386072567821],[2.1775022188176187,41.44438106483111],[2.17621513783134,41.4449909324348],[2.179378725784269,41.44584597818443],[2.179597039754508,41.446084915065704],[2.1792614004182926,41.445308461087464]]]},"properties":{"cusec":"0801908075","income":13235,"housing_vuln":0.82,"detail":"13.235 €/persona/año"}},{"type":"Feature","geometry":{"type":"Polygon","coordinates":[[[2.178362582077598,41.44324242000548],[2.1778382408361647,41.44210449391882],[2.1771255570156174,41.441243507216164],[2.1754342296599334,41.44268083715627],[2.177029648384308,41.44386072567821],[2.178362582077598,41.44324242000548]]]},"properties":{"cusec":"0801908076","income":13811,"housing_vuln":0.8,"detail":"13.811 €/persona/año"}},{"type":"Feature","geometry":{"type":"Polygon","coordinates":[[[2.177029648384308,41.44386072567821],[2.1754342296599334,41.44268083715627],[2.1742500336214565,41.444259151361145],[2.17621513783134,41.4449909324348],[2.1775022188176187,41.44438106483111],[2.177029648384308,41.44386072567821]]]},"properties":{"cusec":"0801908077","income":11894,"housing_vuln":0.87,"detail":"11.894 €/persona/año"}},{"type":"Feature","geometry":{"type":"Polygon","coordinates":[[[2.174911964425091,41.44329428699828],[2.172726286083705,41.44193159365311],[2.1717577548837266,41.44331560239176],[2.1742500336214565,41.444259151361145],[2.174911964425091,41.44329428699828]]]},"properties":{"cusec":"0801908078","income":11998,"housing_vuln":0.87,"detail":"11.998 €/persona/año"}},{"type":"Feature","geometry":{"type":"Polygon","coordinates":[[[2.175220057821444,41.442932398979124],[2.1739160956943766,41.44208250540119],[2.1741352100635294,41.44183022580373],[2.173805104349468,41.441614811443195],[2.1747178932894213,41.44089801073226],[2.173611914461084,41.44036958014903],[2.1730248025408345,41.44096821591756],[2.1727343287004515,41.44190057543528],[2.174911964425091,41.44329428699828],[2.175220057821444,41.442932398979124]]]},"properties":{"cusec":"0801908079","income":11949,"housing_vuln":0.87,"detail":"11.949 €/persona/año"}},{"type":"Feature","geometry":{"type":"Polygon","coordinates":[[[2.1754342296599334,41.44268083715627],[2.1760960562589715,41.44201779704226],[2.1754199024294594,41.44131669320353],[2.1747178932894213,41.44089801073226],[2.173805104349468,41.441614811443195],[2.1741352100635294,41.44183022580373],[2.1739160956943766,41.44208250540119],[2.175220057821444,41.442932398979124],[2.1754342296599334,41.44268083715627]]]},"properties":{"cusec":"0801908080","income":12751,"housing_vuln":0.84,"detail":"12.751 €/persona/año"}},{"type":"Feature","geometry":{"type":"Polygon","coordinates":[[[2.1765666432121242,41.44164685269868],[2.1755708598213674,41.44055069890073],[2.174301745140805,41.43983389249697],[2.173611914461084,41.44036958014903],[2.1754199024294594,41.44131669320353],[2.176161311677858,41.441966363372806],[2.1765666432121242,41.44164685269868]]]},"properties":{"cusec":"0801908081","income":11491,"housing_vuln":0.88,"detail":"11.491 €/persona/año"}},{"type":"Feature","geometry":{"type":"Polygon","coordinates":[[[2.1771255570156174,41.441243507216164],[2.1751111793140745,41.43900749208511],[2.174301745140805,41.43983389249697],[2.1755708598213674,41.44055069890073],[2.1765666432121242,41.44164685269868],[2.1771255570156174,41.441243507216164]]]},"properties":{"cusec":"0801908082","income":13244,"housing_vuln":0.82,"detail":"13.244 €/persona/año"}},{"type":"Feature","geometry":{"type":"Polygon","coordinates":[[[2.1773847631958962,41.43957810571151],[2.1783376529301473,41.43910230176222],[2.178396407241306,41.43885640886847],[2.1748839396831756,41.43839862891159],[2.174702645285789,41.438568500719526],[2.17618741582168,41.4401711816216],[2.1773847631958962,41.43957810571151]]]},"properties":{"cusec":"0801908083","income":13264,"housing_vuln":0.82,"detail":"13.264 €/persona/año"}},{"type":"Feature","geometry":{"type":"Polygon","coordinates":[[[2.1801106182805507,41.43907742859631],[2.178396407241306,41.43885640886847],[2.1783376529301473,41.43910230176222],[2.179919737062474,41.440548100189794],[2.1801106182805507,41.43907742859631]]]},"properties":{"cusec":"0801908084","income":14703,"housing_vuln":0.77,"detail":"14.703 €/persona/año"}},{"type":"Feature","geometry":{"type":"Polygon","coordinates":[[[2.179919737062474,41.440548100189794],[2.1783376529301473,41.43910230176222],[2.1773847631958962,41.43957810571151],[2.1788144705981347,41.441227609387916],[2.179919737062474,41.440548100189794]]]},"properties":{"cusec":"0801908085","income":13073,"housing_vuln":0.83,"detail":"13.073 €/persona/año"}},{"type":"Feature","geometry":{"type":"Polygon","coordinates":[[[2.1788144705981347,41.441227609387916],[2.1773847631958962,41.43957810571151],[2.17618741582168,41.4401711816216],[2.1776949864978,41.44192187041107],[2.1788144705981347,41.441227609387916]]]},"properties":{"cusec":"0801908086","income":14260,"housing_vuln":0.79,"detail":"14.260 €/persona/año"}},{"type":"Feature","geometry":{"type":"Polygon","coordinates":[[[2.180135454003204,41.44241671753933],[2.1788144705981347,41.441227609387916],[2.1776949864978,41.44192187041107],[2.178362582077598,41.44324242000548],[2.180135454003204,41.44241671753933]]]},"properties":{"cusec":"0801908087","income":13676,"housing_vuln":0.81,"detail":"13.676 €/persona/año"}},{"type":"Feature","geometry":{"type":"Polygon","coordinates":[[[2.180917830920132,41.44339885181794],[2.18055696689072,41.44294955832396],[2.180942417809456,41.44277126508875],[2.180518466894284,41.44224167939327],[2.178362582077598,41.44324242000548],[2.1788445731433033,41.44436577044304],[2.180917830920132,41.44339885181794]]]},"properties":{"cusec":"0801908088","income":13738,"housing_vuln":0.81,"detail":"13.738 €/persona/año"}},{"type":"Feature","geometry":{"type":"Polygon","coordinates":[[[2.1814375979401457,41.44403686918642],[2.180917830920132,41.44339885181794],[2.1788445731433033,41.44436577044304],[2.1792614004182926,41.445308461087464],[2.1814375979401457,41.44403686918642]]]},"properties":{"cusec":"0801908089","income":14133,"housing_vuln":0.79,"detail":"14.133 €/persona/año"}},{"type":"Feature","geometry":{"type":"Polygon","coordinates":[[[2.1818726547272003,41.443817051500794],[2.1829852604273925,41.4432793196203],[2.182484828745571,41.44267112210726],[2.1819854723471086,41.44290061963418],[2.18122096471781,41.44195877549065],[2.1806156708962083,41.442363099013406],[2.180942417809456,41.44277126508875],[2.18055696689072,41.44294955832396],[2.1814375979401457,41.44403686918642],[2.1818726547272003,41.443817051500794]]]},"properties":{"cusec":"0801908090","income":14063,"housing_vuln":0.79,"detail":"14.063 €/persona/año"}},{"type":"Feature","geometry":{"type":"Polygon","coordinates":[[[2.182484828745571,41.44267112210726],[2.18164548246995,41.4416470607806],[2.1814446299521912,41.44178607887773],[2.179919737062474,41.440548100189794],[2.1788144705981347,41.441227609387916],[2.180135454003204,41.44241671753933],[2.180518466894284,41.44224167939327],[2.1806156708962083,41.442363099013406],[2.18122096471781,41.44195877549065],[2.1819854723471086,41.44290061963418],[2.182484828745571,41.44267112210726]]]},"properties":{"cusec":"0801908091","income":14108,"housing_vuln":0.79,"detail":"14.108 €/persona/año"}},{"type":"Feature","geometry":{"type":"Polygon","coordinates":[[[2.1831807850371994,41.44048054781051],[2.184376807396364,41.43988551843519],[2.185443939478553,41.43970719119143],[2.1801106182805507,41.43907742859631],[2.179919737062474,41.440548100189794],[2.1806037026416787,41.44107980882684],[2.1814237665797367,41.44046523701455],[2.182234331731952,41.441157754656096],[2.1831807850371994,41.44048054781051]]]},"properties":{"cusec":"0801908092","income":14749,"housing_vuln":0.77,"detail":"14.749 €/persona/año"}},{"type":"Feature","geometry":{"type":"Polygon","coordinates":[[[2.183677388997622,41.442963378993845],[2.182234331731952,41.441157754656096],[2.1814237665797367,41.44046523701455],[2.1806037026416787,41.44107980882684],[2.1814446299521912,41.44178607887773],[2.18164548246995,41.4416470607806],[2.1829852604273925,41.4432793196203],[2.183677388997622,41.442963378993845]]]},"properties":{"cusec":"0801908093","income":13933,"housing_vuln":0.8,"detail":"13.933 €/persona/año"}},{"type":"Feature","geometry":{"type":"Polygon","coordinates":[[[2.184303747414295,41.44283807973959],[2.1856556418483213,41.442567644320725],[2.1831807850371994,41.44048054781051],[2.182234331731952,41.441157754656096],[2.183677388997622,41.442963378993845],[2.184303747414295,41.44283807973959]]]},"properties":{"cusec":"0801908094","income":14688,"housing_vuln":0.77,"detail":"14.688 €/persona/año"}},{"type":"Feature","geometry":{"type":"Polygon","coordinates":[[[2.1862775410279354,41.44244323116488],[2.185443939478553,41.43970719119143],[2.184376807396364,41.43988551843519],[2.1831807850371994,41.44048054781051],[2.1856556418483213,41.442567644320725],[2.1862775410279354,41.44244323116488]]]},"properties":{"cusec":"0801908095","income":17113,"housing_vuln":0.69,"detail":"17.113 €/persona/año"}},{"type":"Feature","geometry":{"type":"Polygon","coordinates":[[[2.1867466421676225,41.44390690076254],[2.1862775410279354,41.44244323116488],[2.184303747414295,41.44283807973959],[2.1849565091138228,41.44454130182987],[2.1867466421676225,41.44390690076254]]]},"properties":{"cusec":"0801908096","income":14515,"housing_vuln":0.78,"detail":"14.515 €/persona/año"}},{"type":"Feature","geometry":{"type":"Polygon","coordinates":[[[2.1867466421676225,41.44390690076254],[2.1849565091138228,41.44454130182987],[2.1853918084459933,41.44579910014418],[2.1846655420983665,41.44587806583262],[2.184802395940311,41.446730589637546],[2.1876921360721364,41.446964810491224],[2.1867466421676225,41.44390690076254]]]},"properties":{"cusec":"0801908097","income":13482,"housing_vuln":0.81,"detail":"13.482 €/persona/año"}},{"type":"Feature","geometry":{"type":"Polygon","coordinates":[[[2.1849565091138228,41.44454130182987],[2.183689577339407,41.44498544245264],[2.183943532866851,41.445878997763344],[2.1853918084459933,41.44579910014418],[2.1849565091138228,41.44454130182987]]]},"properties":{"cusec":"0801908098","income":13414,"housing_vuln":0.82,"detail":"13.414 €/persona/año"}},{"type":"Feature","geometry":{"type":"Polygon","coordinates":[[[2.1849565091138228,41.44454130182987],[2.184303747414295,41.44283807973959],[2.183677388997622,41.442963378993845],[2.1818726547272003,41.443817051500794],[2.1820444844747344,41.44401710145633],[2.183319936769653,41.443684012009726],[2.184231841767396,41.4447946139401],[2.1849565091138228,41.44454130182987]]]},"properties":{"cusec":"0801908099","income":12940,"housing_vuln":0.83,"detail":"12.940 €/persona/año"}},{"type":"Feature","geometry":{"type":"Polygon","coordinates":[[[2.183689577339407,41.44498544245264],[2.184231841767396,41.4447946139401],[2.183319936769653,41.443684012009726],[2.1820444844747344,41.44401710145633],[2.1830186436199948,41.44522793249418],[2.183689577339407,41.44498544245264]]]},"properties":{"cusec":"0801908100","income":13512,"housing_vuln":0.81,"detail":"13.512 €/persona/año"}},{"type":"Feature","geometry":{"type":"Polygon","coordinates":[[[2.1846655420983665,41.44587806583262],[2.183943532866851,41.445878997763344],[2.183689577339407,41.44498544245264],[2.1816593282034127,41.44552828516792],[2.1814073363931903,41.44634657951184],[2.184802395940311,41.446730589637546],[2.1846655420983665,41.44587806583262]]]},"properties":{"cusec":"0801908101","income":14626,"housing_vuln":0.77,"detail":"14.626 €/persona/año"}},{"type":"Feature","geometry":{"type":"Polygon","coordinates":[[[2.1830186436199948,41.44522793249418],[2.1818726547272003,41.443817051500794],[2.1792614004182926,41.445308461087464],[2.1796117119380676,41.44608721727731],[2.1814073363931903,41.44634657951184],[2.1816593282034127,41.44552828516792],[2.1830186436199948,41.44522793249418]]]},"properties":{"cusec":"0801908102","income":12039,"housing_vuln":0.86,"detail":"12.039 €/persona/año"}},{"type":"Feature","geometry":{"type":"Polygon","coordinates":[[[2.1835399961664854,41.44811071523177],[2.183383091927392,41.4476282814965],[2.182580571188551,41.44806813472191],[2.1823295163211345,41.447356241933655],[2.181443233071938,41.44729501195059],[2.182332441235717,41.446469857315556],[2.1796117119380676,41.44608721727731],[2.180395487531876,41.44708779488737],[2.1796438752184777,41.44789933953662],[2.1794269159076953,41.447943867453446],[2.1792601598448678,41.448778426599624],[2.17994234047164,41.44968139050679],[2.1801824835032804,41.449437357692304],[2.1810126489966986,41.4500292237681],[2.181812634689798,41.44988417827555],[2.182510607699277,41.450218084944154],[2.1835194705605723,41.45000802504407],[2.1818924302398703,41.44864702270372],[2.1835399961664854,41.44811071523177]]]},"properties":{"cusec":"0801908103","income":10455,"housing_vuln":0.92,"detail":"10.455 €/persona/año"}},{"type":"Feature","geometry":{"type":"Polygon","coordinates":[[[2.1854465580676252,41.448367593526605],[2.184802395940311,41.446730589637546],[2.182332441235717,41.446469857315556],[2.181443233071938,41.44729501195059],[2.1823295163211345,41.447356241933655],[2.182580571188551,41.44806813472191],[2.183383091927392,41.4476282814965],[2.183922165539491,41.44882581287128],[2.1854465580676252,41.448367593526605]]]},"properties":{"cusec":"0801908104","income":11557,"housing_vuln":0.88,"detail":"11.557 €/persona/año"}},{"type":"Feature","geometry":{"type":"Polygon","coordinates":[[[2.1882987531121625,41.448867938386606],[2.1877251258026433,41.44701392657327],[2.184802395940311,41.446730589637546],[2.185058443644062,41.44760416843535],[2.1865119483164754,41.45015143544854],[2.1876893081756403,41.44957080015321],[2.187374896029571,41.44866708932906],[2.1882987531121625,41.448867938386606]]]},"properties":{"cusec":"0801908105","income":11797,"housing_vuln":0.87,"detail":"11.797 €/persona/año"}},{"type":"Feature","geometry":{"type":"Polygon","coordinates":[[[2.188897417366951,41.452021834518526],[2.188778580136326,41.450796498585376],[2.1882987531121625,41.448867938386606],[2.187374896029571,41.44866708932906],[2.1876893081756403,41.44957080015321],[2.1865119483164754,41.45015143544854],[2.18741901947967,41.4512281476584],[2.1876574494240795,41.45191356564539],[2.1871249694461423,41.453045081040194],[2.188387938751861,41.45278634683047],[2.188677205256512,41.45325976397175],[2.188845759746529,41.453275866896675],[2.188897417366951,41.452021834518526]]]},"properties":{"cusec":"0801908106","income":10842,"housing_vuln":0.91,"detail":"10.842 €/persona/año"}},{"type":"Feature","geometry":{"type":"Polygon","coordinates":[[[2.1884237923114815,41.45493289487486],[2.188845759746529,41.453275866896675],[2.188677205256512,41.45325976397175],[2.188387938751861,41.45278634683047],[2.187212723171301,41.45307140786232],[2.1876574494240795,41.45191356564539],[2.187553160409481,41.45147234744865],[2.1865645329982693,41.45032243526506],[2.1854465580676252,41.448367593526605],[2.183922165539491,41.44882581287128],[2.1835399961664854,41.44811071523177],[2.1818924302398703,41.44864702270372],[2.1835194705605723,41.45000802504407],[2.1828931615512066,41.45021625015994],[2.1823645371424787,41.450190449385175],[2.181812634689798,41.44988417827555],[2.1810126489966986,41.4500292237681],[2.180236397691678,41.4494484432878],[2.1799714261238945,41.449512752362935],[2.180150996654251,41.45015295579603],[2.183133313566018,41.45237295773308],[2.1832556039205855,41.453064198992124],[2.1837453528370574,41.45343741771952],[2.184331941937829,41.454251881701616],[2.184492513099907,41.45479308692458],[2.184740481355997,41.454977665725956],[2.1848422155619165,41.454872566141205],[2.1861013364849704,41.45543786826473],[2.1869568838767104,41.45612843053956],[2.187138533108617,41.45608300877248],[2.1879889124925556,41.454856977315465],[2.188315662999058,41.45375930895],[2.18853640242056,41.45373350015846],[2.188111707700325,41.455029686941174],[2.1871767384576715,41.45628901756648],[2.187587122117114,41.45663681674492],[2.1884237923114815,41.45493289487486]]]},"properties":{"cusec":"0801908107","income":12253,"housing_vuln":0.86,"detail":"12.253 €/persona/año"}},{"type":"Feature","geometry":{"type":"Polygon","coordinates":[[[2.187587122117114,41.45663681674492],[2.1871767384576715,41.45628901756648],[2.188111707700325,41.455029686941174],[2.18853640242056,41.45373350015846],[2.1883217032710416,41.453716629135855],[2.1879889124925556,41.454856977315465],[2.187032746602457,41.456187703117166],[2.1861764221679945,41.45549708222648],[2.1848422155619165,41.454872566141205],[2.184740481355997,41.454977665725956],[2.183850469200049,41.45404943345131],[2.182777118979452,41.45361226811588],[2.181858199935972,41.45286718989392],[2.1795765042671267,41.45238815058631],[2.179010438077377,41.45204635732181],[2.178704082022744,41.45219771415848],[2.1777581596218485,41.451523748670944],[2.1773383068209684,41.45188517469507],[2.176753489197973,41.45336629487544],[2.1769673295581,41.45349618914187],[2.1765538251513408,41.45404713556191],[2.1775611339271914,41.4551263166063],[2.1777977573595706,41.4556208206568],[2.1776813348004436,41.45567536674947],[2.1781040190910748,41.456163469358756],[2.1774803592134826,41.456325628342185],[2.177326193937673,41.45611439319312],[2.1772685095200237,41.45644659813177],[2.1770256014739506,41.45652763187588],[2.1753242489196922,41.455835935373685],[2.174560564147201,41.455848632325974],[2.1747312763905464,41.456248884985364],[2.1761365702782998,41.457389521227554],[2.179243613775663,41.458455969072894],[2.1791550803128232,41.45873121848932],[2.1779628191997724,41.45866305018695],[2.1788597313153923,41.459661389951236],[2.1803577573916195,41.46020029141208],[2.1807542764529932,41.46051475186706],[2.1808311452918554,41.46081829881391],[2.179732320646435,41.46242538414113],[2.180074258969431,41.462539268027456],[2.179487161422236,41.463465400331465],[2.179269728699283,41.46434982133865],[2.1800945150807816,41.46347912979107],[2.18120265705233,41.46176799936385],[2.1821997582715955,41.46065854969946],[2.1838221246578664,41.45936358419864],[2.1865662613568846,41.45760773774789],[2.187587122117114,41.45663681674492]]]},"properties":{"cusec":"0801908108","income":10662,"housing_vuln":0.91,"detail":"10.662 €/persona/año"}},{"type":"Feature","geometry":{"type":"Polygon","coordinates":[[[2.1804900945043246,41.46118097973348],[2.1808489301378575,41.46071248028404],[2.180657979749471,41.46039985259127],[2.1788597313153923,41.459661389951236],[2.1779499256804993,41.45875856226874],[2.1783127633085675,41.45863519202114],[2.1791550803128232,41.45873121848932],[2.179243613775663,41.458455969072894],[2.1761365702782998,41.457389521227554],[2.1753824858012565,41.45685140767276],[2.1745404329016806,41.45592360078017],[2.1752795559376663,41.45582820167021],[2.1770256014739506,41.45652763187588],[2.1773097448865215,41.456375644880204],[2.1772672204375887,41.45613570706784],[2.1774803592134826,41.456325628342185],[2.1781040190910748,41.456163469358756],[2.1776813348004436,41.45567536674947],[2.1777977573595706,41.4556208206568],[2.1775611339271914,41.4551263166063],[2.1765216996001753,41.45406811886448],[2.1769612228107977,41.453547298576545],[2.176854484090415,41.45312265498186],[2.1773598870490405,41.45189608414153],[2.1776652576517903,41.45151872651304],[2.178704082022744,41.45219771415848],[2.1788788699225203,41.45213013418247],[2.178190642735585,41.45152680007436],[2.176643168894562,41.45122190814235],[2.175947674336975,41.450547331922714],[2.1742989531768924,41.450479923268745],[2.173705120960024,41.450097496755525],[2.1734366953699675,41.44971118764161],[2.1725244831484174,41.449257231312735],[2.1715225139585805,41.449514551480945],[2.17013416678867,41.44870446392399],[2.169474633588555,41.44871277148143],[2.168688047166195,41.449497401278755],[2.1677746877960176,41.44933731993757],[2.16758301875542,41.4490583448629],[2.167965094703627,41.44767405797485],[2.167710209419854,41.44745123804993],[2.1668186207206,41.44740328651165],[2.1664584681568892,41.44723141375086],[2.1663142310616004,41.44699256593361],[2.166352997857708,41.44654373432937],[2.1660065526869072,41.4460659324221],[2.1655425710460117,41.44615176401258],[2.163901456819784,41.44785730361992],[2.1640829901690313,41.44982046747624],[2.1656556653470256,41.451478685242684],[2.1650571654839394,41.45263536167678],[2.164986756430271,41.454564410435495],[2.1638076116186737,41.45589228695913],[2.164607865908071,41.45711520327224],[2.165004976959199,41.45806678655373],[2.166780581559875,41.45903870002518],[2.170771168444854,41.459131309290385],[2.171497265909226,41.45891409696221],[2.1718938658189386,41.45909307022511],[2.173396193028768,41.45914570077225],[2.17413486331385,41.45847129110792],[2.1761296703185944,41.45906595211658],[2.1762778483230165,41.45892855850763],[2.178878788175851,41.460597046158576],[2.17889036566321,41.46088545706365],[2.1799552070414667,41.46131342795507],[2.1804900945043246,41.46118097973348]]]},"properties":{"cusec":"0801908109","income":11395,"housing_vuln":0.89,"detail":"11.395 €/persona/año"}},{"type":"Feature","geometry":{"type":"Polygon","coordinates":[[[2.174406372820242,41.461578050268564],[2.1743221800168775,41.46133856187707],[2.1715589918473506,41.460436028846175],[2.173046093511375,41.459133432635035],[2.1718938658189386,41.45909307022511],[2.171497265909226,41.45891409696221],[2.170836392422675,41.45913109385911],[2.166855449850601,41.45908100269853],[2.1671844901627724,41.45956690989625],[2.167993125733756,41.45990305498093],[2.1682795715284207,41.46027836978312],[2.1705603958314144,41.460948815681036],[2.1715469921517556,41.460983287751525],[2.172053807262018,41.461527568523564],[2.1737216391814522,41.462493598977915],[2.1741109735171738,41.46217563742655],[2.1740241791927484,41.46180926017067],[2.174406372820242,41.461578050268564]]]},"properties":{"cusec":"0801908110","income":9054,"housing_vuln":0.97,"detail":"9054 €/persona/año"}},{"type":"Feature","geometry":{"type":"Polygon","coordinates":[[[2.175272080157888,41.46161280609371],[2.1750854318014006,41.4611027031813],[2.1745053177572413,41.46064085310656],[2.1752513075152398,41.46049361109954],[2.175722674206073,41.46068346575633],[2.175769995658606,41.46037639998373],[2.1745308173348827,41.459610091447516],[2.1746722382117376,41.459507348229785],[2.1758630440540574,41.45972347805835],[2.1763349883616243,41.45934540724606],[2.175939055001825,41.45894362729848],[2.1745105333757553,41.45868083887852],[2.17413486331385,41.45847129110792],[2.173396193028768,41.45914570077225],[2.173046093511375,41.459133432635035],[2.1715589918473506,41.460436028846175],[2.1743221800168775,41.46133856187707],[2.17447587098222,41.46177608040107],[2.175272080157888,41.46161280609371]]]},"properties":{"cusec":"0801908111","income":9347,"housing_vuln":0.96,"detail":"9347 €/persona/año"}},{"type":"Feature","geometry":{"type":"Polygon","coordinates":[[[2.1804900945043246,41.46118097973348],[2.1800193934651406,41.461326306945445],[2.178972495036408,41.46088736694497],[2.178878788175851,41.460597046158576],[2.1763457429922086,41.45895286865373],[2.176128312065883,41.4589973862906],[2.1763047591539983,41.45930255876299],[2.1758630440540574,41.45972347805835],[2.176425832291365,41.45990068863099],[2.1768923390965016,41.4605643040271],[2.1792173793760954,41.46189481713774],[2.1796150581624887,41.46226482038623],[2.1797917433041345,41.46232412303488],[2.1804900945043246,41.46118097973348]]]},"properties":{"cusec":"0801908112","income":10143,"housing_vuln":0.93,"detail":"10.143 €/persona/año"}},{"type":"Feature","geometry":{"type":"Polygon","coordinates":[[[2.1766435578650722,41.460139537395115],[2.1761294044172534,41.45977043018909],[2.1746722382117376,41.459507348229785],[2.174536201836685,41.459657626666534],[2.175695018671731,41.460290166456154],[2.1758057243523963,41.460553218311595],[2.175722674206073,41.46068346575633],[2.175299629691006,41.460492065412495],[2.1745053177572413,41.46064085310656],[2.1750854318014006,41.4611027031813],[2.1754208312874583,41.46200791835928],[2.1762372992694012,41.46192427139224],[2.1774981099234947,41.462710270866395],[2.176376127608366,41.46019481348837],[2.1766435578650722,41.460139537395115]]]},"properties":{"cusec":"0801908113","income":9742,"housing_vuln":0.94,"detail":"9742 €/persona/año"}},{"type":"Feature","geometry":{"type":"Polygon","coordinates":[[[2.1774981099234947,41.462710270866395],[2.176123123396815,41.46186107866051],[2.1754782560920125,41.4619959085965],[2.175272080157888,41.46161280609371],[2.1741179651050166,41.46173441430932],[2.1739786903033944,41.46194490073943],[2.1741109735171738,41.46217563742655],[2.1737216391814522,41.462493598977915],[2.1744529872986593,41.46320340304553],[2.1750016656977906,41.46348311500262],[2.1788410625271797,41.464478616541015],[2.1791178676021947,41.46362961242085],[2.178595287957002,41.463619149917285],[2.178710172600398,41.463501485343706],[2.1774981099234947,41.462710270866395]]]},"properties":{"cusec":"0801908114","income":10627,"housing_vuln":0.91,"detail":"10.627 €/persona/año"}},{"type":"Feature","geometry":{"type":"Polygon","coordinates":[[[2.179269728699283,41.46434982133865],[2.179487161422236,41.463465400331465],[2.180074258969431,41.462539268027456],[2.1770021904793273,41.46064364220358],[2.1766435578650722,41.460139537395115],[2.176376127608366,41.46019481348837],[2.1774773489589756,41.462654187747404],[2.178710172600398,41.463501485343706],[2.178496427461697,41.46361716539385],[2.1791178676021947,41.46362961242085],[2.178866312373195,41.46446387013711],[2.1790799425275345,41.46452276418191],[2.179269728699283,41.46434982133865]]]},"properties":{"cusec":"0801908115","income":10480,"housing_vuln":0.92,"detail":"10.480 €/persona/año"}},{"type":"Feature","geometry":{"type":"Polygon","coordinates":[[[2.1870535219400296,41.46743159813413],[2.187665199190039,41.45980194948824],[2.1880533854788036,41.45843345828443],[2.1888456276941888,41.45732824281534],[2.187769958023519,41.45698163158268],[2.188730251672347,41.454996160337515],[2.1884237923114815,41.45493289487486],[2.1879307941886084,41.456120437668126],[2.187250922232143,41.45701948545044],[2.183596281907254,41.45952627914187],[2.1821997582715955,41.46065854969946],[2.18120265705233,41.46176799936385],[2.179998864265939,41.463599597511795],[2.1790799425275345,41.46452276418191],[2.1803400462074793,41.46477699388145],[2.180404171545717,41.46488291483129],[2.1798756055275006,41.46565096578866],[2.18017049907907,41.46594042789386],[2.180469311980242,41.46662382714705],[2.1800481395542257,41.46624306896462],[2.179418162723578,41.46599194016425],[2.178910529248092,41.46672388334259],[2.17890148051823,41.46789087492602],[2.179676165161379,41.467550537898894],[2.183982329307329,41.46825298384449],[2.1845649200067534,41.46815915376027],[2.185463738347414,41.46769978732257],[2.18699220832864,41.467844018874544],[2.1870535219400296,41.46743159813413]]]},"properties":{"cusec":"0801908116","income":11362,"housing_vuln":0.89,"detail":"11.362 €/persona/año"}},{"type":"Feature","geometry":{"type":"Polygon","coordinates":[[[2.173762142420982,41.43730725426806],[2.172081557119456,41.435388189077564],[2.1718693094723496,41.43538751493488],[2.1718112558470932,41.43553305415919],[2.170728159803985,41.43560569232292],[2.1707591723425472,41.435756745392695],[2.1691059209785024,41.435983692049014],[2.1680291194305568,41.436056020589305],[2.1680036665652973,41.43589518750005],[2.1665659282244416,41.437456572617265],[2.1694533650758756,41.437180003881764],[2.170965722874129,41.43758094819195],[2.173762142420982,41.43730725426806]]]},"properties":{"cusec":"0801908215","income":16850,"housing_vuln":0.7,"detail":"16.850 €/persona/año"}},{"type":"Feature","geometry":{"type":"Polygon","coordinates":[[[2.1946262434283708,41.454347579369916],[2.1939551839448312,41.4538601134817],[2.194249041738881,41.45345415079206],[2.1940124883751086,41.45300359045315],[2.1927084489929243,41.452843486119164],[2.191976233103154,41.45239033070827],[2.1910781262281613,41.45289058866071],[2.1901050809938685,41.45293003185384],[2.1894436945693077,41.45202855267142],[2.188897417366951,41.452021834518526],[2.188845759746529,41.453275866896675],[2.1884237923114815,41.45493289487486],[2.188730251672347,41.454996160337515],[2.188286100341378,41.45612105100255],[2.1877215981185083,41.456947061784255],[2.1888456276941888,41.45732824281534],[2.18822534638038,41.45812098522072],[2.187766993583098,41.45924628688774],[2.187444071696324,41.46211925427482],[2.187657490746579,41.46206927313299],[2.1878494086205063,41.461164344249],[2.18832438204722,41.4600619395311],[2.1901623647629123,41.45770608234786],[2.1946262434283708,41.454347579369916]]]},"properties":{"cusec":"0801909001","income":9266,"housing_vuln":0.96,"detail":"9266 €/persona/año"}},{"type":"Feature","geometry":{"type":"Polygon","coordinates":[[[2.192232842253958,41.450404238850716],[2.1921724215679497,41.4514350431251],[2.191397151223226,41.45064932512622],[2.1910206466264173,41.451332525980014],[2.1907723109593813,41.45141292176221],[2.191397983063172,41.45275487596515],[2.191976233103154,41.45239033070827],[2.1927084489929243,41.452843486119164],[2.1940124883751086,41.45300359045315],[2.193693875706778,41.45208763643288],[2.193142520328096,41.45168525874626],[2.192232842253958,41.450404238850716]]]},"properties":{"cusec":"0801909002","income":10372,"housing_vuln":0.92,"detail":"10.372 €/persona/año"}},{"type":"Feature","geometry":{"type":"Polygon","coordinates":[[[2.191397983063172,41.45275487596515],[2.1907723109593813,41.45141292176221],[2.189620091351752,41.45067726280616],[2.189466688745645,41.450950523963456],[2.1894012886980256,41.451880532305196],[2.1901050809938685,41.45293003185384],[2.1908369941514168,41.45294005777198],[2.191397983063172,41.45275487596515]]]},"properties":{"cusec":"0801909003","income":10775,"housing_vuln":0.91,"detail":"10.775 €/persona/año"}},{"type":"Feature","geometry":{"type":"Polygon","coordinates":[[[2.192232842253958,41.450404238850716],[2.1922299676450456,41.4501439939598],[2.1929288272916936,41.44964942997725],[2.1929587923946063,41.44943226265392],[2.1908664723674365,41.4496885472339],[2.191079267088575,41.45008698224339],[2.1903390067854307,41.450188502829796],[2.190301063744462,41.45008479463757],[2.1897873567593678,41.450388597106034],[2.189620091351752,41.45067726280616],[2.1907723109593813,41.45141292176221],[2.1910206466264173,41.451332525980014],[2.191397151223226,41.45064932512622],[2.1921724215679497,41.4514350431251],[2.192232842253958,41.450404238850716]]]},"properties":{"cusec":"0801909004","income":12036,"housing_vuln":0.86,"detail":"12.036 €/persona/año"}},{"type":"Feature","geometry":{"type":"Polygon","coordinates":[[[2.1995555167846255,41.45088658057337],[2.201568087075808,41.44914639716533],[2.1962300955366296,41.44725212318624],[2.195778326492041,41.44757185203093],[2.1947430073472947,41.44761783593851],[2.1923887394816046,41.446922293197495],[2.187705443714772,41.44696513841225],[2.1886123576727745,41.44997181267341],[2.188897417366951,41.452021834518526],[2.18939075954458,41.45202791101981],[2.189466688745645,41.450950523963456],[2.1897873567593678,41.450388597106034],[2.190301063744462,41.45008479463757],[2.1903390067854307,41.450188502829796],[2.191079267088575,41.45008698224339],[2.1908664723674365,41.4496885472339],[2.1929587923946063,41.44943226265392],[2.1928257312397736,41.449736763044676],[2.1922299676450456,41.4501439939598],[2.192232842253958,41.450404238850716],[2.193142520328096,41.45168525874626],[2.193693875706778,41.45208763643288],[2.193826018783377,41.45272310008446],[2.194249041738881,41.45345415079206],[2.1939551839448312,41.4538601134817],[2.1946262434283708,41.454347579369916],[2.1974785184229497,41.45236800095029],[2.199415035545534,41.450814152079374],[2.1995555167846255,41.45088658057337]]]},"properties":{"cusec":"0801909005","income":14548,"housing_vuln":0.78,"detail":"14.548 €/persona/año"}},{"type":"Feature","geometry":{"type":"Polygon","coordinates":[[[2.2013275353107216,41.44900243106364],[2.2019876497208255,41.44836001851301],[2.20151171869004,41.44809515373459],[2.201850892896934,41.44774635665302],[2.1991907495752914,41.44681875485526],[2.19898293960568,41.44715519898573],[2.1981394107741066,41.4468640821069],[2.1981694755900305,41.44791798430091],[2.2013275353107216,41.44900243106364]]]},"properties":{"cusec":"0801909006","income":11508,"housing_vuln":0.88,"detail":"11.508 €/persona/año"}},{"type":"Feature","geometry":{"type":"Polygon","coordinates":[[[2.2033196617426607,41.446998418007574],[2.199302309553797,41.44503625018941],[2.199716441882927,41.44280978043936],[2.1956004277264163,41.44249139983517],[2.197205862666228,41.44761365852282],[2.1981694755900305,41.44791798430091],[2.1981394107741066,41.4468640821069],[2.19898293960568,41.44715519898573],[2.1991907495752914,41.44681875485526],[2.201850892896934,41.44774635665302],[2.20151171869004,41.44809515373459],[2.2019876497208255,41.44836001851301],[2.2033196617426607,41.446998418007574]]]},"properties":{"cusec":"0801909007","income":11273,"housing_vuln":0.89,"detail":"11.273 €/persona/año"}},{"type":"Feature","geometry":{"type":"Polygon","coordinates":[[[2.1958829442900103,41.4355097865199],[2.1946496813724408,41.43531049695177],[2.1939002825079235,41.434950141686855],[2.1936245913438426,41.43598079279068],[2.193708415837964,41.43703733590935],[2.1956004277264163,41.44249139983517],[2.199716441882927,41.44280978043936],[2.2003865949663615,41.43915368315388],[2.1963367219675756,41.43713891934154],[2.1958829442900103,41.4355097865199]]]},"properties":{"cusec":"0801909008","income":20769,"housing_vuln":0.56,"detail":"20.769 €/persona/año"}},{"type":"Feature","geometry":{"type":"Polygon","coordinates":[[[2.2047850834656355,41.44544362373415],[2.206246431328807,41.44387351318734],[2.207450022892548,41.442175824394994],[2.208057667605253,41.44094659806471],[2.20862643053749,41.43918333898924],[2.2027364368326525,41.43844805452455],[2.2027786863970733,41.43821990025272],[2.20060602733912,41.43798800488091],[2.2010041436050662,41.435811947978394],[2.200866360006793,41.43567088995058],[2.198426823156015,41.435420784978184],[2.1958829442900103,41.4355097865199],[2.1963367219675756,41.43713891934154],[2.2003865949663615,41.43915368315388],[2.199302309553797,41.44503625018941],[2.2033196617426607,41.446998418007574],[2.2047850834656355,41.44544362373415]]]},"properties":{"cusec":"0801909009","income":15588,"housing_vuln":0.74,"detail":"15.588 €/persona/año"}},{"type":"Feature","geometry":{"type":"Polygon","coordinates":[[[2.205221253265327,41.43621087631693],[2.2010041436050662,41.435811947978394],[2.20060602733912,41.43798800488091],[2.2027786863970733,41.43821990025272],[2.2027364368326525,41.43844805452455],[2.204701540144206,41.43869239602464],[2.205221253265327,41.43621087631693]]]},"properties":{"cusec":"0801909010","income":14280,"housing_vuln":0.79,"detail":"14.280 €/persona/año"}},{"type":"Feature","geometry":{"type":"Polygon","coordinates":[[[2.2097073526576216,41.4352283786827],[2.2086280627763824,41.435363489590266],[2.208857636230374,41.43560254992613],[2.208663892979778,41.43664218737244],[2.205221253265327,41.43621087631693],[2.204701540144206,41.43869239602464],[2.20862643053749,41.43918333898924],[2.2097073526576216,41.4352283786827]]]},"properties":{"cusec":"0801909011","income":12139,"housing_vuln":0.86,"detail":"12.139 €/persona/año"}},{"type":"Feature","geometry":{"type":"Polygon","coordinates":[[[2.2097073526576216,41.4352283786827],[2.210604071635499,41.43347722377283],[2.2080621052827483,41.433140306649875],[2.2063549082892737,41.43263299373781],[2.2074369056927976,41.43393736263523],[2.2072606238946815,41.43475073456259],[2.205562650802537,41.434565119651126],[2.2044839295548275,41.436119153604814],[2.208663892979778,41.43664218737244],[2.208857636230374,41.43560254992613],[2.2086280627763824,41.435363489590266],[2.2097073526576216,41.4352283786827]]]},"properties":{"cusec":"0801909013","income":10454,"housing_vuln":0.92,"detail":"10.454 €/persona/año"}},{"type":"Feature","geometry":{"type":"Polygon","coordinates":[[[2.2064501458790513,41.43275840294371],[2.204014973942237,41.43390090288193],[2.2030595356875207,41.43381848784295],[2.202893663566937,41.434787909069414],[2.204287508426384,41.43488146349286],[2.204200570371523,41.43537505508008],[2.2039698955829565,41.435359561916336],[2.203852530691108,41.43606214101404],[2.204420945975334,41.436111322592794],[2.205562650802537,41.434565119651126],[2.2072606238946815,41.43475073456259],[2.2074369056927976,41.43393736263523],[2.2064501458790513,41.43275840294371]]]},"properties":{"cusec":"0801909014","income":12470,"housing_vuln":0.85,"detail":"12.470 €/persona/año"}},{"type":"Feature","geometry":{"type":"Polygon","coordinates":[[[2.2064501458790513,41.43275840294371],[2.206205044147033,41.4324387661174],[2.2067391024649035,41.4300682278437],[2.2076094990083313,41.429642889065406],[2.2072367062502622,41.42909419853158],[2.2073398759640104,41.427992571663246],[2.207213274594372,41.42759404611691],[2.2018804789108053,41.42988133533397],[2.2008326390476483,41.43012978592284],[2.1996602872962017,41.43013371862786],[2.1985457385400538,41.42981936684136],[2.1975919235410597,41.42917172365228],[2.1965736598103054,41.42740332407708],[2.196349545418275,41.42671165924052],[2.195937660673983,41.42693272705821],[2.1962100415462262,41.42769196068798],[2.1963908131241014,41.429240014543886],[2.196294523607123,41.430889682622755],[2.1954763479277974,41.4326540263965],[2.1939002825079235,41.434950141686855],[2.19547043072505,41.43549927503161],[2.198426823156015,41.435420784978184],[2.203852530691108,41.43606214101404],[2.2039698955829565,41.435359561916336],[2.204200570371523,41.43537505508008],[2.204287508426384,41.43488146349286],[2.202893663566937,41.434787909069414],[2.2030595356875207,41.43381848784295],[2.204014973942237,41.43390090288193],[2.2064501458790513,41.43275840294371]]]},"properties":{"cusec":"0801909015","income":11916,"housing_vuln":0.87,"detail":"11.916 €/persona/año"}},{"type":"Feature","geometry":{"type":"Polygon","coordinates":[[[2.195937660673983,41.42693272705821],[2.1953381807488963,41.42722795379174],[2.1960931446766314,41.42844811476524],[2.1959783390849803,41.42987838528858],[2.195305878229602,41.43199963064469],[2.1951810734905592,41.43224294239],[2.193994819411799,41.43201449959847],[2.1929084031953856,41.4330336967384],[2.1946909760277467,41.433516739381965],[2.1935489064845215,41.43475752521877],[2.1939002825079235,41.434950141686855],[2.1954763479277974,41.4326540263965],[2.196294523607123,41.430889682622755],[2.1963908131241014,41.429240014543886],[2.1962100415462262,41.42769196068798],[2.195937660673983,41.42693272705821]]]},"properties":{"cusec":"0801909016","income":17497,"housing_vuln":0.67,"detail":"17.497 €/persona/año"}},{"type":"Feature","geometry":{"type":"Polygon","coordinates":[[[2.195615454744496,41.43129140193722],[2.194601153482472,41.431101817547145],[2.1949354183963283,41.43066195169247],[2.1928083102114626,41.43031254296678],[2.1932420590514763,41.431904351935145],[2.193149398728238,41.432474705403344],[2.1927914533251625,41.43302421058012],[2.193994819411799,41.43201449959847],[2.1951810734905592,41.43224294239],[2.195615454744496,41.43129140193722]]]},"properties":{"cusec":"0801909017","income":18278,"housing_vuln":0.65,"detail":"18.278 €/persona/año"}},{"type":"Feature","geometry":{"type":"Polygon","coordinates":[[[2.1959783390849803,41.42987838528858],[2.1937084751267726,41.43003181912577],[2.1937350149535195,41.430464995132326],[2.1949354183963283,41.43066195169247],[2.194601153482472,41.431101817547145],[2.195615454744496,41.43129140193722],[2.1959783390849803,41.42987838528858]]]},"properties":{"cusec":"0801909018","income":17136,"housing_vuln":0.69,"detail":"17.136 €/persona/año"}},{"type":"Feature","geometry":{"type":"Polygon","coordinates":[[[2.1959783390849803,41.42987838528858],[2.1960931446766314,41.42844811476524],[2.195271008325237,41.42725869478224],[2.193685613901106,41.42798407622802],[2.1937084751267726,41.43003181912577],[2.1959783390849803,41.42987838528858]]]},"properties":{"cusec":"0801909019","income":19432,"housing_vuln":0.61,"detail":"19.432 €/persona/año"}},{"type":"Feature","geometry":{"type":"Polygon","coordinates":[[[2.193685613901106,41.42798407622802],[2.19153873020357,41.427773506545265],[2.191178362044189,41.43008767787801],[2.1937084751267726,41.43003181912577],[2.193685613901106,41.42798407622802]]]},"properties":{"cusec":"0801909020","income":18788,"housing_vuln":0.63,"detail":"18.788 €/persona/año"}},{"type":"Feature","geometry":{"type":"Polygon","coordinates":[[[2.191178362044189,41.43008767787801],[2.19153873020357,41.427773506545265],[2.19087937397155,41.42771904274202],[2.189745552759307,41.430093633178565],[2.1893771015589767,41.43139502903755],[2.1900201407921855,41.43147571286572],[2.1901215372315637,41.43103726527157],[2.1903235943900965,41.43109657020197],[2.19065505206869,41.43034980959364],[2.1911234839635063,41.43043835874723],[2.191178362044189,41.43008767787801]]]},"properties":{"cusec":"0801909021","income":19274,"housing_vuln":0.61,"detail":"19.274 €/persona/año"}},{"type":"Feature","geometry":{"type":"Polygon","coordinates":[[[2.193091907448365,41.43120207536656],[2.1928083102114626,41.43031254296678],[2.1937350149535195,41.430464995132326],[2.1937084751267726,41.43003181912577],[2.191178362044189,41.43008767787801],[2.1911234839635063,41.43043835874723],[2.19065505206869,41.43034980959364],[2.1903235943900965,41.43109657020197],[2.1901215372315637,41.43103726527157],[2.1900201407921855,41.43147571286572],[2.1915133689664814,41.43166843268966],[2.191737254288119,41.43104129086661],[2.193091907448365,41.43120207536656]]]},"properties":{"cusec":"0801909022","income":20336,"housing_vuln":0.58,"detail":"20.336 €/persona/año"}},{"type":"Feature","geometry":{"type":"Polygon","coordinates":[[[2.193091907448365,41.43120207536656],[2.191737254288119,41.43104129086661],[2.1915133689664814,41.43166843268966],[2.1893771015589767,41.43139502903755],[2.1893246624042795,41.43188262262889],[2.191387325450641,41.432018191748384],[2.191217957985284,41.432492866986124],[2.192725403795575,41.43301884822287],[2.193078613280453,41.432649521371175],[2.1932284369984907,41.4321709867623],[2.193091907448365,41.43120207536656]]]},"properties":{"cusec":"0801909023","income":19930,"housing_vuln":0.59,"detail":"19.930 €/persona/año"}},{"type":"Feature","geometry":{"type":"Polygon","coordinates":[[[2.1929084031953856,41.4330336967384],[2.191217957985284,41.432492866986124],[2.191387325450641,41.432018191748384],[2.1893246624042795,41.43188262262889],[2.189434980012732,41.433971393785114],[2.1917548001822267,41.43385114985994],[2.192233579770808,41.43401361717042],[2.191919420051323,41.43474764061468],[2.192203516751511,41.43481634386882],[2.193164282015849,41.43454668521608],[2.1934734156613067,41.43471614618298],[2.1946909760277467,41.433516739381965],[2.1929084031953856,41.4330336967384]]]},"properties":{"cusec":"0801909024","income":18667,"housing_vuln":0.63,"detail":"18.667 €/persona/año"}},{"type":"Feature","geometry":{"type":"Polygon","coordinates":[[[2.1931316291535863,41.436243474498276],[2.193032989643801,41.435690418448715],[2.193190783215054,41.435687478769324],[2.1934734156613067,41.43471614618298],[2.193164282015849,41.43454668521608],[2.192203516751511,41.43481634386882],[2.191919420051323,41.43474764061468],[2.192233579770808,41.43401361717042],[2.1917548001822267,41.43385114985994],[2.189434980012732,41.433971393785114],[2.189716504836264,41.436011817878715],[2.190866749946873,41.43608654391216],[2.1913040058097217,41.436231032991195],[2.1912043413222144,41.43671496302675],[2.1923800294166145,41.43679872399109],[2.1923821206945906,41.43605953875606],[2.1931316291535863,41.436243474498276]]]},"properties":{"cusec":"0801909025","income":20500,"housing_vuln":0.57,"detail":"20.500 €/persona/año"}},{"type":"Feature","geometry":{"type":"Polygon","coordinates":[[[2.1912043413222144,41.43671496302675],[2.1913040058097217,41.436231032991195],[2.189716504836264,41.436011817878715],[2.1896990101461244,41.43696012997017],[2.1891627868883825,41.43765142903763],[2.1911329602914202,41.43770423995507],[2.1912043413222144,41.43671496302675]]]},"properties":{"cusec":"0801909026","income":19683,"housing_vuln":0.6,"detail":"19.683 €/persona/año"}},{"type":"Feature","geometry":{"type":"Polygon","coordinates":[[[2.1931316291535863,41.436243474498276],[2.1923821206945906,41.43605953875606],[2.1923800294166145,41.43679872399109],[2.1912043413222144,41.43671496302675],[2.1911329602914202,41.43770423995507],[2.1937420963729055,41.4377801573835],[2.1933188120076466,41.43638307863098],[2.1931316291535863,41.436243474498276]]]},"properties":{"cusec":"0801909027","income":19220,"housing_vuln":0.61,"detail":"19.220 €/persona/año"}},{"type":"Feature","geometry":{"type":"Polygon","coordinates":[[[2.1933366525492017,41.437768959349526],[2.1911329602914202,41.43770423995507],[2.1910774300338107,41.43850349927889],[2.1921435640877576,41.438543021929654],[2.192045562381811,41.43991682180029],[2.193153676505616,41.43995924199774],[2.1933366525492017,41.437768959349526]]]},"properties":{"cusec":"0801909028","income":22129,"housing_vuln":0.51,"detail":"22.129 €/persona/año"}},{"type":"Feature","geometry":{"type":"Polygon","coordinates":[[[2.1910774300338107,41.43850349927889],[2.1909836441215425,41.439853170576086],[2.192045562381811,41.43991682180029],[2.1921435640877576,41.438543021929654],[2.1910774300338107,41.43850349927889]]]},"properties":{"cusec":"0801909029","income":17818,"housing_vuln":0.66,"detail":"17.818 €/persona/año"}},{"type":"Feature","geometry":{"type":"Polygon","coordinates":[[[2.193153676505616,41.43995924199774],[2.1909836441215425,41.439853170576086],[2.190911972036589,41.44085180522351],[2.1930838145259473,41.44095070924184],[2.193153676505616,41.43995924199774]]]},"properties":{"cusec":"0801909030","income":18979,"housing_vuln":0.62,"detail":"18.979 €/persona/año"}},{"type":"Feature","geometry":{"type":"Polygon","coordinates":[[[2.1956004277264163,41.44249139983517],[2.193708415837964,41.43703733590935],[2.1936245913438426,41.43598079279068],[2.1939002825079235,41.434950141686855],[2.1935489064845215,41.43475752521877],[2.193032989643801,41.435690418448715],[2.1937420963729055,41.4377801573835],[2.1933366525492017,41.437768959349526],[2.1930838145259473,41.44095070924184],[2.190911972036589,41.44085180522351],[2.1908201965538914,41.442130610366334],[2.1929992668880622,41.4422629830113],[2.1927269677624883,41.44602762841876],[2.197205862666228,41.44761365852282],[2.1956004277264163,41.44249139983517]]]},"properties":{"cusec":"0801909031","income":19678,"housing_vuln":0.6,"detail":"19.678 €/persona/año"}},{"type":"Feature","geometry":{"type":"Polygon","coordinates":[[[2.1962300955366296,41.44725212318624],[2.1927269677624883,41.44602762841876],[2.1929992668880622,41.4422629830113],[2.1882629947739343,41.44198791219906],[2.188619263920693,41.444998324011884],[2.1896110641814865,41.44694834777794],[2.192512853416213,41.44693427881755],[2.1946519783646186,41.44761370565677],[2.195778326492041,41.44757185203093],[2.1962300955366296,41.44725212318624]]]},"properties":{"cusec":"0801909032","income":14904,"housing_vuln":0.76,"detail":"14.904 €/persona/año"}},{"type":"Feature","geometry":{"type":"Polygon","coordinates":[[[2.1882629947739343,41.44198791219906],[2.186298331636859,41.44221189498952],[2.1862775410279354,41.44244323116488],[2.1876921360721364,41.446964810491224],[2.1896110641814865,41.44694834777794],[2.1885825533682755,41.44486926791111],[2.1882629947739343,41.44198791219906]]]},"properties":{"cusec":"0801909033","income":17020,"housing_vuln":0.69,"detail":"17.020 €/persona/año"}},{"type":"Feature","geometry":{"type":"Polygon","coordinates":[[[2.1874918629677724,41.44205898556466],[2.1874277771553734,41.44153915978163],[2.1866812151705237,41.44043240929819],[2.1857975559002827,41.440721513915875],[2.186301301467197,41.44216199547661],[2.1874918629677724,41.44205898556466]]]},"properties":{"cusec":"0801909034","income":15297,"housing_vuln":0.75,"detail":"15.297 €/persona/año"}},{"type":"Feature","geometry":{"type":"Polygon","coordinates":[[[2.1866812151705237,41.44043240929819],[2.188566566949496,41.439814181400955],[2.1885974950463973,41.43964649946456],[2.1880528985919434,41.4396736836061],[2.187400619287723,41.438332306687684],[2.186722951796935,41.43900868944655],[2.1858438550700185,41.439218947254226],[2.18625401504895,41.43979935261895],[2.185443939478553,41.43970719119143],[2.1857975559002827,41.440721513915875],[2.1866812151705237,41.44043240929819]]]},"properties":{"cusec":"0801909035","income":17640,"housing_vuln":0.67,"detail":"17.640 €/persona/año"}},{"type":"Feature","geometry":{"type":"Polygon","coordinates":[[[2.188514930888637,41.440076836145906],[2.188566566949496,41.439814181400955],[2.1866812151705237,41.44043240929819],[2.1874277771553734,41.44153915978163],[2.1874918629677724,41.44205898556466],[2.189229757191128,41.4420418737957],[2.1893021910474535,41.44126189328405],[2.188321840713264,41.441241533456015],[2.188514930888637,41.440076836145906]]]},"properties":{"cusec":"0801909036","income":17551,"housing_vuln":0.67,"detail":"17.551 €/persona/año"}},{"type":"Feature","geometry":{"type":"Polygon","coordinates":[[[2.190911972036589,41.44085180522351],[2.1909836441215425,41.439853170576086],[2.188514930888637,41.440076836145906],[2.188321840713264,41.441241533456015],[2.1893021910474535,41.44126189328405],[2.189229757191128,41.4420418737957],[2.1908201965538914,41.442130610366334],[2.190911972036589,41.44085180522351]]]},"properties":{"cusec":"0801909037","income":15394,"housing_vuln":0.75,"detail":"15.394 €/persona/año"}},{"type":"Feature","geometry":{"type":"Polygon","coordinates":[[[2.1909836441215425,41.439853170576086],[2.1911329602914202,41.43770423995507],[2.190078735203228,41.43767732975437],[2.1899167743474064,41.43869909939533],[2.1887720296212585,41.43882288468146],[2.188514930888637,41.440076836145906],[2.1909836441215425,41.439853170576086]]]},"properties":{"cusec":"0801909038","income":18877,"housing_vuln":0.63,"detail":"18.877 €/persona/año"}},{"type":"Feature","geometry":{"type":"Polygon","coordinates":[[[2.1885974950463973,41.43964649946456],[2.1887720296212585,41.43882288468146],[2.1899167743474064,41.43869909939533],[2.190078735203228,41.43767732975437],[2.1891627868883825,41.43765142903763],[2.187400619287723,41.438332306687684],[2.1880528985919434,41.4396736836061],[2.1885974950463973,41.43964649946456]]]},"properties":{"cusec":"0801909039","income":18253,"housing_vuln":0.65,"detail":"18.253 €/persona/año"}},{"type":"Feature","geometry":{"type":"Polygon","coordinates":[[[2.187400619287723,41.438332306687684],[2.18908798237805,41.43774787649298],[2.1896990101461244,41.43696012997017],[2.189703048971641,41.43674156451052],[2.1847763223391907,41.43761089432783],[2.185443939478553,41.43970719119143],[2.18625401504895,41.43979935261895],[2.1858438550700185,41.439218947254226],[2.186722951796935,41.43900868944655],[2.187400619287723,41.438332306687684]]]},"properties":{"cusec":"0801909040","income":20194,"housing_vuln":0.58,"detail":"20.194 €/persona/año"}},{"type":"Feature","geometry":{"type":"Polygon","coordinates":[[[2.189703048971641,41.43674156451052],[2.189716504836264,41.436011817878715],[2.1845803611481616,41.43696356929395],[2.1847763223391907,41.43761089432783],[2.189703048971641,41.43674156451052]]]},"properties":{"cusec":"0801909041","income":17941,"housing_vuln":0.66,"detail":"17.941 €/persona/año"}},{"type":"Feature","geometry":{"type":"Polygon","coordinates":[[[2.189716504836264,41.436011817878715],[2.189465798515188,41.43404060836116],[2.1880730064812393,41.43419101044896],[2.188060005164148,41.435468940003695],[2.186904368365193,41.435455173635624],[2.1870256912342203,41.43646287268241],[2.189716504836264,41.436011817878715]]]},"properties":{"cusec":"0801909042","income":19444,"housing_vuln":0.61,"detail":"19.444 €/persona/año"}},{"type":"Feature","geometry":{"type":"Polygon","coordinates":[[[2.1870256912342203,41.43646287268241],[2.186904368365193,41.435455173635624],[2.184186541524232,41.43564855376488],[2.1845803611481616,41.43696356929395],[2.1870256912342203,41.43646287268241]]]},"properties":{"cusec":"0801909043","income":16720,"housing_vuln":0.7,"detail":"16.720 €/persona/año"}},{"type":"Feature","geometry":{"type":"Polygon","coordinates":[[[2.189434980012732,41.433971393785114],[2.1893541657731515,41.433465827664186],[2.1865848672630332,41.43377493419604],[2.186700959242162,41.43429755986694],[2.1851484413608033,41.435132091810566],[2.1845584332720795,41.43562161779358],[2.188060005164148,41.435468940003695],[2.1880730064812393,41.43419101044896],[2.189434980012732,41.433971393785114]]]},"properties":{"cusec":"0801909044","income":19022,"housing_vuln":0.62,"detail":"19.022 €/persona/año"}},{"type":"Feature","geometry":{"type":"Polygon","coordinates":[[[2.1845584332720795,41.43562161779358],[2.1851484413608033,41.435132091810566],[2.186700959242162,41.43429755986694],[2.1865848672630332,41.43377493419604],[2.183669065208184,41.43414128660905],[2.184186541524232,41.43564855376488],[2.1845584332720795,41.43562161779358]]]},"properties":{"cusec":"0801909045","income":18316,"housing_vuln":0.65,"detail":"18.316 €/persona/año"}},{"type":"Feature","geometry":{"type":"Polygon","coordinates":[[[2.1865848672630332,41.43377493419604],[2.186407396993825,41.43241123882807],[2.1842804738619273,41.432589497889815],[2.1842198609364405,41.43300021668848],[2.183305412808148,41.43304032997675],[2.183669065208184,41.43414128660905],[2.1865848672630332,41.43377493419604]]]},"properties":{"cusec":"0801909046","income":19562,"housing_vuln":0.6,"detail":"19.562 €/persona/año"}},{"type":"Feature","geometry":{"type":"Polygon","coordinates":[[[2.1893505231046877,41.433426790875146],[2.1893246624042795,41.43188262262889],[2.187601435872865,41.431765337590825],[2.186309101538827,41.43187386638244],[2.1865848672630332,41.43377493419604],[2.1893505231046877,41.433426790875146]]]},"properties":{"cusec":"0801909047","income":19645,"housing_vuln":0.6,"detail":"19.645 €/persona/año"}},{"type":"Feature","geometry":{"type":"Polygon","coordinates":[[[2.186407396993825,41.43241123882807],[2.186309101538827,41.43187386638244],[2.1843478816442263,41.43203853426468],[2.183170891890965,41.431895281838166],[2.182884290687769,41.43221726782189],[2.183305412808148,41.43304032997675],[2.1842198609364405,41.43300021668848],[2.1842804738619273,41.432589497889815],[2.186407396993825,41.43241123882807]]]},"properties":{"cusec":"0801909048","income":17827,"housing_vuln":0.66,"detail":"17.827 €/persona/año"}},{"type":"Feature","geometry":{"type":"Polygon","coordinates":[[[2.184354545346995,41.43199186783313],[2.184607059976728,41.43017323559875],[2.18450225712579,41.428652074168504],[2.184099051005456,41.428655928159],[2.1831202260106384,41.42998632520612],[2.1825944097355037,41.43101544138298],[2.182884290687769,41.43221726782189],[2.1830993401802896,41.43195358448308],[2.184354545346995,41.43199186783313]]]},"properties":{"cusec":"0801909049","income":17280,"housing_vuln":0.68,"detail":"17.280 €/persona/año"}},{"type":"Feature","geometry":{"type":"Polygon","coordinates":[[[2.186309101538827,41.43187386638244],[2.187601435872865,41.431765337590825],[2.18780531301815,41.43093173559262],[2.184607059976728,41.43017323559875],[2.184354545346995,41.43199186783313],[2.186309101538827,41.43187386638244]]]},"properties":{"cusec":"0801909050","income":19403,"housing_vuln":0.61,"detail":"19.403 €/persona/año"}},{"type":"Feature","geometry":{"type":"Polygon","coordinates":[[[2.1893771015589767,41.43139502903755],[2.189745552759307,41.430093633178565],[2.184607059976728,41.43017323559875],[2.18780531301815,41.43093173559262],[2.187601435872865,41.431765337590825],[2.1893246624042795,41.43188262262889],[2.1893771015589767,41.43139502903755]]]},"properties":{"cusec":"0801909051","income":18946,"housing_vuln":0.62,"detail":"18.946 €/persona/año"}},{"type":"Feature","geometry":{"type":"Polygon","coordinates":[[[2.19087937397155,41.42771904274202],[2.1892556421460574,41.42796448277169],[2.189057589677052,41.428694911239724],[2.1897103513765797,41.42877309084243],[2.189052598637345,41.43010691103176],[2.189745552759307,41.430093633178565],[2.19087937397155,41.42771904274202]]]},"properties":{"cusec":"0801909052","income":18543,"housing_vuln":0.64,"detail":"18.543 €/persona/año"}},{"type":"Feature","geometry":{"type":"Polygon","coordinates":[[[2.1892244867753567,41.427970369565294],[2.187924031671159,41.42851826067495],[2.1872942740294357,41.428625338029335],[2.1870673506055147,41.430140836426006],[2.189052598637345,41.43010691103176],[2.1897103513765797,41.42877309084243],[2.189057589677052,41.428694911239724],[2.1892244867753567,41.427970369565294]]]},"properties":{"cusec":"0801909053","income":19547,"housing_vuln":0.6,"detail":"19.547 €/persona/año"}},{"type":"Feature","geometry":{"type":"Polygon","coordinates":[[[2.1872942740294357,41.428625338029335],[2.18450225712579,41.428652074168504],[2.184607059976728,41.43017323559875],[2.1870673506055147,41.430140836426006],[2.1872942740294357,41.428625338029335]]]},"properties":{"cusec":"0801909054","income":19126,"housing_vuln":0.62,"detail":"19.126 €/persona/año"}},{"type":"Feature","geometry":{"type":"Polygon","coordinates":[[[2.186430650783289,41.42797828912046],[2.186067635288762,41.42781893466072],[2.1862663974268415,41.42729542970798],[2.1860428660414275,41.42719119525342],[2.186929329852007,41.42618585254578],[2.1862524780315167,41.42550612592374],[2.1841051388881527,41.428647647669536],[2.185996402479989,41.42863777425879],[2.186430650783289,41.42797828912046]]]},"properties":{"cusec":"0801909055","income":14554,"housing_vuln":0.78,"detail":"14.554 €/persona/año"}},{"type":"Feature","geometry":{"type":"Polygon","coordinates":[[[2.188104464584195,41.42530876709096],[2.186550636060838,41.4249584700702],[2.1862524780315167,41.42550612592374],[2.186641341650026,41.42575598013449],[2.187107168430493,41.42644109735219],[2.188517924973496,41.42616062484998],[2.188104464584195,41.42530876709096]]]},"properties":{"cusec":"0801909056","income":17810,"housing_vuln":0.66,"detail":"17.810 €/persona/año"}},{"type":"Feature","geometry":{"type":"Polygon","coordinates":[[[2.1887960128427326,41.424590962509214],[2.188824846068403,41.42399237305382],[2.1884041192067807,41.42398224431908],[2.1884720102826845,41.422761087365856],[2.186929832010251,41.42286334114126],[2.186890437291773,41.42383284984435],[2.186587051067511,41.424891612090704],[2.187021912021831,41.42516559546236],[2.188920997244829,41.425418122372555],[2.1887960128427326,41.424590962509214]]]},"properties":{"cusec":"0801909057","income":16641,"housing_vuln":0.7,"detail":"16.641 €/persona/año"}},{"type":"Feature","geometry":{"type":"Polygon","coordinates":[[[2.191059238251024,41.424534946798275],[2.19116230016692,41.422440343760535],[2.1884720102826845,41.422761087365856],[2.1884060326183317,41.423937229122956],[2.188824846068403,41.42399237305382],[2.1887960128427326,41.424590962509214],[2.190425604378825,41.42466655646336],[2.191059238251024,41.424534946798275]]]},"properties":{"cusec":"0801909058","income":18166,"housing_vuln":0.65,"detail":"18.166 €/persona/año"}},{"type":"Feature","geometry":{"type":"Polygon","coordinates":[[[2.19100549294588,41.42561238851035],[2.191059238251024,41.424534946798275],[2.1901635586239214,41.424659416510465],[2.1887960128427326,41.424590962509214],[2.1887755824582125,41.42511549761051],[2.189205672460048,41.42601054498151],[2.19100549294588,41.42561238851035]]]},"properties":{"cusec":"0801909059","income":18339,"housing_vuln":0.65,"detail":"18.339 €/persona/año"}},{"type":"Feature","geometry":{"type":"Polygon","coordinates":[[[2.1892244867753567,41.427970369565294],[2.19087937397155,41.42771904274202],[2.19100549294588,41.42561238851035],[2.189205672460048,41.42601054498151],[2.188920997244829,41.425418122372555],[2.188104464584195,41.42530876709096],[2.188517924973496,41.42616062484998],[2.187107168430493,41.42644109735219],[2.187279762644323,41.4266886989502],[2.185996402479989,41.42863777425879],[2.187615259148434,41.42859743732907],[2.1892244867753567,41.427970369565294]]]},"properties":{"cusec":"0801909060","income":17005,"housing_vuln":0.69,"detail":"17.005 €/persona/año"}},{"type":"Feature","geometry":{"type":"Polygon","coordinates":[[[2.195271008325237,41.42725869478224],[2.1938897838971787,41.42552534426901],[2.1935137455259968,41.42463919090577],[2.19172569027545,41.425113012115865],[2.1916923367272854,41.42581272494038],[2.1909840456684786,41.425970566104326],[2.19087937397155,41.42771904274202],[2.193685613901106,41.42798407622802],[2.195271008325237,41.42725869478224]]]},"properties":{"cusec":"0801909061","income":19593,"housing_vuln":0.6,"detail":"19.593 €/persona/año"}},{"type":"Feature","geometry":{"type":"Polygon","coordinates":[[[2.195937660673983,41.42693272705821],[2.196541997789809,41.4265916558005],[2.195898331532526,41.42445140239535],[2.195535863112031,41.42245588918063],[2.1924840192922126,41.42288686321856],[2.19116230016692,41.422440343760535],[2.1909840456684786,41.425970566104326],[2.1916923367272854,41.42581272494038],[2.19172569027545,41.425113012115865],[2.1935137455259968,41.42463919090577],[2.1938897838971787,41.42552534426901],[2.195271008325237,41.42725869478224],[2.195937660673983,41.42693272705821]]]},"properties":{"cusec":"0801909062","income":18363,"housing_vuln":0.64,"detail":"18.363 €/persona/año"}},{"type":"Feature","geometry":{"type":"Polygon","coordinates":[[[2.195535863112031,41.42245588918063],[2.1951916619328133,41.42236350576201],[2.1924033784274717,41.41465710614535],[2.1920729789642923,41.41477232289127],[2.1911292008419676,41.41551334711483],[2.191421582704019,41.416690795677106],[2.1913024984366922,41.41991989278116],[2.1898031931594986,41.42031371367436],[2.190375743388998,41.42122712736377],[2.189131871367907,41.42217337056218],[2.1891306451675354,41.422643562213715],[2.19116230016692,41.422440343760535],[2.1924840192922126,41.42288686321856],[2.1950277903603657,41.42242313318842],[2.195535863112031,41.42245588918063]]]},"properties":{"cusec":"0801909063","income":20159,"housing_vuln":0.58,"detail":"20.159 €/persona/año"}},{"type":"Feature","geometry":{"type":"Polygon","coordinates":[[[2.191413437679336,41.416947821913254],[2.1889956948556737,41.418799135805365],[2.1901533196263383,41.419659964846666],[2.1896650906592883,41.42002777043984],[2.1898031931594986,41.42031371367436],[2.1913024984366922,41.41991989278116],[2.191413437679336,41.416947821913254]]]},"properties":{"cusec":"0801909064","income":17983,"housing_vuln":0.66,"detail":"17.983 €/persona/año"}},{"type":"Feature","geometry":{"type":"Polygon","coordinates":[[[2.1896650906592883,41.42002777043984],[2.1901533196263383,41.419659964846666],[2.1889956948556737,41.418799135805365],[2.186818687053405,41.42046598318903],[2.187975052386039,41.421309709950734],[2.1896650906592883,41.42002777043984]]]},"properties":{"cusec":"0801909065","income":16714,"housing_vuln":0.7,"detail":"16.714 €/persona/año"}},{"type":"Feature","geometry":{"type":"Polygon","coordinates":[[[2.1898031931594986,41.42031371367436],[2.1896650906592883,41.42002777043984],[2.187975052386039,41.421309709950734],[2.189131871367907,41.42217337056218],[2.190375743388998,41.42122712736377],[2.1898031931594986,41.42031371367436]]]},"properties":{"cusec":"0801909066","income":19906,"housing_vuln":0.59,"detail":"19.906 €/persona/año"}},{"type":"Feature","geometry":{"type":"Polygon","coordinates":[[[2.1884740934758202,41.422709218783396],[2.1891306451675354,41.422643562213715],[2.189131871367907,41.42217337056218],[2.1869267067713825,41.42054482476725],[2.186929832010251,41.42286334114126],[2.1884740934758202,41.422709218783396]]]},"properties":{"cusec":"0801909067","income":16160,"housing_vuln":0.72,"detail":"16.160 €/persona/año"}},{"type":"Feature","geometry":{"type":"Polygon","coordinates":[[[2.1854790537246953,41.423006736765345],[2.186929832010251,41.42286334114126],[2.1869267067713825,41.42054482476725],[2.186818687053405,41.42046598318903],[2.1839365457705604,41.42267253245663],[2.1839406232236525,41.4231624366526],[2.1854790537246953,41.423006736765345]]]},"properties":{"cusec":"0801909068","income":18229,"housing_vuln":0.65,"detail":"18.229 €/persona/año"}},{"type":"Feature","geometry":{"type":"Polygon","coordinates":[[[2.186929832010251,41.42286334114126],[2.1854790537246953,41.423006736765345],[2.185964412574419,41.42466169455969],[2.186550636060838,41.4249584700702],[2.186890437291773,41.42383284984435],[2.186929832010251,41.42286334114126]]]},"properties":{"cusec":"0801909069","income":16996,"housing_vuln":0.69,"detail":"16.996 €/persona/año"}},{"type":"Feature","geometry":{"type":"Polygon","coordinates":[[[2.186550636060838,41.4249584700702],[2.185964412574419,41.42466169455969],[2.185741404008482,41.42389979109177],[2.1849918209893264,41.423975433675274],[2.185097682953976,41.42545920288048],[2.1862524780315167,41.42550612592374],[2.186550636060838,41.4249584700702]]]},"properties":{"cusec":"0801909070","income":13827,"housing_vuln":0.8,"detail":"13.827 €/persona/año"}},{"type":"Feature","geometry":{"type":"Polygon","coordinates":[[[2.1862524780315167,41.42550612592374],[2.1842076375603687,41.42544839204577],[2.184298432082769,41.42762898651656],[2.1846913740526674,41.427832602963164],[2.1862524780315167,41.42550612592374]]]},"properties":{"cusec":"0801909071","income":15971,"housing_vuln":0.73,"detail":"15.971 €/persona/año"}},{"type":"Feature","geometry":{"type":"Polygon","coordinates":[[[2.1849918209893264,41.423975433675274],[2.1841045226438434,41.424064074374016],[2.1842076375603687,41.42544839204577],[2.1850153640362895,41.42545585387943],[2.1849918209893264,41.423975433675274]]]},"properties":{"cusec":"0801909072","income":14244,"housing_vuln":0.79,"detail":"14.244 €/persona/año"}},{"type":"Feature","geometry":{"type":"Polygon","coordinates":[[[2.1849918209893264,41.423975433675274],[2.185741404008482,41.42389979109177],[2.1854790537246953,41.423006736765345],[2.1839406232236525,41.4231624366526],[2.1841045226438434,41.424064074374016],[2.1849918209893264,41.423975433675274]]]},"properties":{"cusec":"0801909073","income":18034,"housing_vuln":0.66,"detail":"18.034 €/persona/año"}},{"type":"Feature","geometry":{"type":"Polygon","coordinates":[[[2.1842076375603687,41.42544839204577],[2.1839365457705604,41.42267253245663],[2.1812357132581557,41.42472650239901],[2.1822825326351434,41.425503201275276],[2.1842076375603687,41.42544839204577]]]},"properties":{"cusec":"0801909074","income":16577,"housing_vuln":0.71,"detail":"16.577 €/persona/año"}},{"type":"Feature","geometry":{"type":"Polygon","coordinates":[[[2.179815540574343,41.427804152307196],[2.184298432082769,41.42762898651656],[2.1842076375603687,41.42544839204577],[2.1823401595606113,41.42554596431052],[2.1791829182051763,41.42787306160657],[2.179815540574343,41.427804152307196]]]},"properties":{"cusec":"0801909075","income":16366,"housing_vuln":0.71,"detail":"16.366 €/persona/año"}},{"type":"Feature","geometry":{"type":"Polygon","coordinates":[[[2.1791829182051763,41.42787306160657],[2.180612684896223,41.42678062695184],[2.1795641533303005,41.42600471997833],[2.178874797859344,41.42653097875233],[2.178433743919467,41.42620147722334],[2.1772370810615054,41.42711474410873],[2.1773248500580147,41.42816045748147],[2.1791829182051763,41.42787306160657]]]},"properties":{"cusec":"0801909076","income":16696,"housing_vuln":0.7,"detail":"16.696 €/persona/año"}},{"type":"Feature","geometry":{"type":"Polygon","coordinates":[[[2.1822825326351434,41.425503201275276],[2.1812357132581557,41.42472650239901],[2.1819115868133068,41.42420807896193],[2.1814690272969943,41.42387948778772],[2.178433743919467,41.42620147722334],[2.178874797859344,41.42653097875233],[2.1795641533303005,41.42600471997833],[2.180612684896223,41.42678062695184],[2.1822825326351434,41.425503201275276]]]},"properties":{"cusec":"0801909077","income":17187,"housing_vuln":0.69,"detail":"17.187 €/persona/año"}},{"type":"Feature","geometry":{"type":"Polygon","coordinates":[[[2.1814690272969943,41.42387948778772],[2.181388308278839,41.423415908321594],[2.178235927707398,41.42373287298305],[2.1781632405261577,41.42550462924739],[2.1793061041800836,41.42553502685881],[2.1814690272969943,41.42387948778772]]]},"properties":{"cusec":"0801909078","income":18119,"housing_vuln":0.65,"detail":"18.119 €/persona/año"}},{"type":"Feature","geometry":{"type":"Polygon","coordinates":[[[2.178433743919467,41.42620147722334],[2.1793061041800836,41.42553502685881],[2.1781632405261577,41.42550462924739],[2.1782590997501265,41.42313236866626],[2.176164244677248,41.42544009902292],[2.177367775155553,41.425486289907326],[2.177230730870757,41.427052717743834],[2.178433743919467,41.42620147722334]]]},"properties":{"cusec":"0801909079","income":18402,"housing_vuln":0.64,"detail":"18.402 €/persona/año"}},{"type":"Feature","geometry":{"type":"Polygon","coordinates":[[[2.1813255932955773,41.423422235384066],[2.181156673191242,41.42248531823094],[2.178619593673668,41.4227313506051],[2.1782590997501265,41.42313236866626],[2.178235927707398,41.42373287298305],[2.1813255932955773,41.423422235384066]]]},"properties":{"cusec":"0801909080","income":18083,"housing_vuln":0.65,"detail":"18.083 €/persona/año"}},{"type":"Feature","geometry":{"type":"Polygon","coordinates":[[[2.1839365457705604,41.42267253245663],[2.1839301928848873,41.42176539155059],[2.1833320622293746,41.42132300980875],[2.1818813126899252,41.42146707167],[2.1820438161281603,41.42239625774265],[2.181156673191242,41.42248531823094],[2.1814690272969943,41.42387948778772],[2.1819115868133068,41.42420807896193],[2.1839365457705604,41.42267253245663]]]},"properties":{"cusec":"0801909081","income":17156,"housing_vuln":0.69,"detail":"17.156 €/persona/año"}},{"type":"Feature","geometry":{"type":"Polygon","coordinates":[[[2.181156673191242,41.42248531823094],[2.1820438161281603,41.42239625774265],[2.1818813126899252,41.42146707167],[2.1833320622293746,41.42132300980875],[2.180719969792275,41.4193909828898],[2.180844003776808,41.41999197717742],[2.180756468342277,41.420364799397035],[2.178619593673668,41.4227313506051],[2.181156673191242,41.42248531823094]]]},"properties":{"cusec":"0801909082","income":17021,"housing_vuln":0.69,"detail":"17.021 €/persona/año"}},{"type":"Feature","geometry":{"type":"Polygon","coordinates":[[[2.186818687053405,41.42046598318903],[2.1856677969524134,41.41961922893803],[2.184523163617406,41.42047848160742],[2.1833532373172218,41.419649989698],[2.182222528767422,41.4205023750416],[2.1839301928848873,41.42176539155059],[2.1839365457705604,41.42267253245663],[2.186818687053405,41.42046598318903]]]},"properties":{"cusec":"0801909083","income":17895,"housing_vuln":0.66,"detail":"17.895 €/persona/año"}},{"type":"Feature","geometry":{"type":"Polygon","coordinates":[[[2.1833532373172218,41.419649989698],[2.181086077288011,41.4179441561107],[2.1805108455874094,41.418377276685135],[2.180719969792275,41.4193909828898],[2.182222528767422,41.4205023750416],[2.1833532373172218,41.419649989698]]]},"properties":{"cusec":"0801909084","income":19761,"housing_vuln":0.6,"detail":"19.761 €/persona/año"}},{"type":"Feature","geometry":{"type":"Polygon","coordinates":[[[2.1833528618214353,41.41795788105746],[2.1804518047136763,41.41586247304509],[2.1805108455874094,41.418377276685135],[2.181086077288011,41.4179441561107],[2.1822252614425257,41.418803242996155],[2.1833528618214353,41.41795788105746]]]},"properties":{"cusec":"0801909085","income":17859,"housing_vuln":0.66,"detail":"17.859 €/persona/año"}},{"type":"Feature","geometry":{"type":"Polygon","coordinates":[[[2.1856677969524134,41.41961922893803],[2.1833528618214353,41.41795788105746],[2.1822252614425257,41.418803242996155],[2.184523163617406,41.42047848160742],[2.1856677969524134,41.41961922893803]]]},"properties":{"cusec":"0801909086","income":17505,"housing_vuln":0.67,"detail":"17.505 €/persona/año"}},{"type":"Feature","geometry":{"type":"Polygon","coordinates":[[[2.1855656270636015,41.41797771802627],[2.184421816585368,41.41715404859708],[2.1833528618214353,41.41795788105746],[2.184506131559605,41.41877532190794],[2.1855656270636015,41.41797771802627]]]},"properties":{"cusec":"0801909087","income":18641,"housing_vuln":0.63,"detail":"18.641 €/persona/año"}},{"type":"Feature","geometry":{"type":"Polygon","coordinates":[[[2.186913702759333,41.41695216567593],[2.1868879462634885,41.415268941274626],[2.184421816585368,41.41715404859708],[2.1855656270636015,41.41797771802627],[2.186913702759333,41.41695216567593]]]},"properties":{"cusec":"0801909088","income":16406,"housing_vuln":0.71,"detail":"16.406 €/persona/año"}},{"type":"Feature","geometry":{"type":"Polygon","coordinates":[[[2.186926483989169,41.42038345207187],[2.186913702759333,41.41695216567593],[2.184506131559605,41.41877532190794],[2.186818687053405,41.42046598318903],[2.186926483989169,41.42038345207187]]]},"properties":{"cusec":"0801909089","income":16887,"housing_vuln":0.7,"detail":"16.887 €/persona/año"}},{"type":"Feature","geometry":{"type":"Polygon","coordinates":[[[2.1878905981729186,41.41794863655772],[2.1890145190524506,41.417105339711966],[2.1868915251515912,41.415502730663924],[2.1869229670848322,41.41868154352892],[2.1878905981729186,41.41794863655772]]]},"properties":{"cusec":"0801909090","income":16696,"housing_vuln":0.7,"detail":"16.696 €/persona/año"}},{"type":"Feature","geometry":{"type":"Polygon","coordinates":[[[2.1889956948556737,41.418799135805365],[2.1878905981729186,41.41794863655772],[2.1869229670848322,41.41868154352892],[2.186926483989169,41.42038345207187],[2.1889956948556737,41.418799135805365]]]},"properties":{"cusec":"0801909091","income":17565,"housing_vuln":0.67,"detail":"17.565 €/persona/año"}},{"type":"Feature","geometry":{"type":"Polygon","coordinates":[[[2.1912469627892,41.4170752958675],[2.1901476243074067,41.41624859426792],[2.1878905981729186,41.41794863655772],[2.1889956948556737,41.418799135805365],[2.1912469627892,41.4170752958675]]]},"properties":{"cusec":"0801909092","income":17771,"housing_vuln":0.67,"detail":"17.771 €/persona/año"}},{"type":"Feature","geometry":{"type":"Polygon","coordinates":[[[2.1901476243074067,41.41624859426792],[2.18901157706989,41.41539323877029],[2.187878499662677,41.4162458659135],[2.1890145190524506,41.417105339711966],[2.1901476243074067,41.41624859426792]]]},"properties":{"cusec":"0801909093","income":17804,"housing_vuln":0.66,"detail":"17.804 €/persona/año"}},{"type":"Feature","geometry":{"type":"Polygon","coordinates":[[[2.191413437679336,41.416947821913254],[2.1911913382084958,41.41538439137477],[2.1901269432929626,41.41455575363995],[2.18901157706989,41.41539323877029],[2.1912469627892,41.4170752958675],[2.191413437679336,41.416947821913254]]]},"properties":{"cusec":"0801909094","income":17778,"housing_vuln":0.66,"detail":"17.778 €/persona/año"}},{"type":"Feature","geometry":{"type":"Polygon","coordinates":[[[2.18901157706989,41.41539323877029],[2.1901269432929626,41.41455575363995],[2.1889701404807758,41.41366770571667],[2.1868879462634885,41.415268941274626],[2.1868915251515912,41.415502730663924],[2.187878499662677,41.4162458659135],[2.18901157706989,41.41539323877029]]]},"properties":{"cusec":"0801909095","income":18514,"housing_vuln":0.64,"detail":"18.514 €/persona/año"}},{"type":"Feature","geometry":{"type":"Polygon","coordinates":[[[2.187107168430493,41.42644109735219],[2.1868323073097296,41.42621698604412],[2.186311532379973,41.42698848811698],[2.1862072101277152,41.42695032709799],[2.1860428660414275,41.42719119525342],[2.1862663974268415,41.42729542970798],[2.1860842666979248,41.42755139421927],[2.1862287050158296,41.4276163264753],[2.186067635288762,41.42781893466072],[2.186430650783289,41.42797828912046],[2.187279762644323,41.4266886989502],[2.187107168430493,41.42644109735219]]]},"properties":{"cusec":"0801909156","income":16473,"housing_vuln":0.71,"detail":"16.473 €/persona/año"}},{"type":"Feature","geometry":{"type":"Polygon","coordinates":[[[2.1868879462634885,41.415268941274626],[2.186911717482548,41.41390286307452],[2.1861670123153654,41.414111549636466],[2.1843970500329912,41.41544950084806],[2.1851133864034695,41.416625857885016],[2.1868879462634885,41.415268941274626]]]},"properties":{"cusec":"0801910001","income":16050,"housing_vuln":0.72,"detail":"16.050 €/persona/año"}},{"type":"Feature","geometry":{"type":"Polygon","coordinates":[[[2.186911717482548,41.41390286307452],[2.1868963643760218,41.4121923384137],[2.183444872662739,41.413885765441265],[2.1843970500329912,41.41544950084806],[2.1861670123153654,41.414111549636466],[2.186911717482548,41.41390286307452]]]},"properties":{"cusec":"0801910002","income":17625,"housing_vuln":0.67,"detail":"17.625 €/persona/año"}},{"type":"Feature","geometry":{"type":"Polygon","coordinates":[[[2.1843970500329912,41.41544950084806],[2.183444872662739,41.413885765441265],[2.181965966329034,41.414605143511366],[2.1826655095936065,41.41592468390618],[2.1832381191118806,41.416325508889194],[2.1843970500329912,41.41544950084806]]]},"properties":{"cusec":"0801910003","income":18918,"housing_vuln":0.63,"detail":"18.918 €/persona/año"}},{"type":"Feature","geometry":{"type":"Polygon","coordinates":[[[2.184421816585368,41.41715404859708],[2.1851133864034695,41.416625857885016],[2.1843970500329912,41.41544950084806],[2.1821905298786803,41.41711733083846],[2.1833528618214353,41.41795788105746],[2.184421816585368,41.41715404859708]]]},"properties":{"cusec":"0801910004","income":17472,"housing_vuln":0.68,"detail":"17.472 €/persona/año"}},{"type":"Feature","geometry":{"type":"Polygon","coordinates":[[[2.1832381191118806,41.416325508889194],[2.1826655095936065,41.41592468390618],[2.1816565083917574,41.41387237311177],[2.1813654272902365,41.41343707138231],[2.1811634446918626,41.41351387278338],[2.1804518047136763,41.41586247304509],[2.1821905298786803,41.41711733083846],[2.1832381191118806,41.416325508889194]]]},"properties":{"cusec":"0801910005","income":18589,"housing_vuln":0.64,"detail":"18.589 €/persona/año"}},{"type":"Feature","geometry":{"type":"Polygon","coordinates":[[[2.1813654272902365,41.41343707138231],[2.1810690380436997,41.41294108440004],[2.178842347118029,41.41456032863664],[2.1804518047136763,41.41586247304509],[2.1811634446918626,41.41351387278338],[2.1813654272902365,41.41343707138231]]]},"properties":{"cusec":"0801910006","income":19095,"housing_vuln":0.62,"detail":"19.095 €/persona/año"}},{"type":"Feature","geometry":{"type":"Polygon","coordinates":[[[2.1798584342308494,41.41382144733706],[2.1777119808263565,41.412105994359926],[2.176645824314549,41.41295063345211],[2.178842347118029,41.41456032863664],[2.1798584342308494,41.41382144733706]]]},"properties":{"cusec":"0801910007","income":23486,"housing_vuln":0.47,"detail":"23.486 €/persona/año"}},{"type":"Feature","geometry":{"type":"Polygon","coordinates":[[[2.1777119808263565,41.412105994359926],[2.1783193704174866,41.41162477449617],[2.1771455121913403,41.41074906080758],[2.1754229935323384,41.412040818880016],[2.176645824314549,41.41295063345211],[2.1777119808263565,41.412105994359926]]]},"properties":{"cusec":"0801910008","income":19012,"housing_vuln":0.62,"detail":"19.012 €/persona/año"}},{"type":"Feature","geometry":{"type":"Polygon","coordinates":[[[2.1788798149502,41.41122779776359],[2.1777233472096307,41.4103023305632],[2.1771455121913403,41.41074906080758],[2.1783193704174866,41.41162477449617],[2.1777119808263565,41.412105994359926],[2.1787564547021225,41.41294076371786],[2.1799305204391315,41.41206860003652],[2.1788798149502,41.41122779776359]]]},"properties":{"cusec":"0801910009","income":18305,"housing_vuln":0.65,"detail":"18.305 €/persona/año"}},{"type":"Feature","geometry":{"type":"Polygon","coordinates":[[[2.1810690380436997,41.41294108440004],[2.1796971749592275,41.410620920923684],[2.1788798149502,41.41122779776359],[2.1799305204391315,41.41206860003652],[2.1787564547021225,41.41294076371786],[2.1798584342308494,41.41382144733706],[2.1810690380436997,41.41294108440004]]]},"properties":{"cusec":"0801910010","income":17887,"housing_vuln":0.66,"detail":"17.887 €/persona/año"}},{"type":"Feature","geometry":{"type":"Polygon","coordinates":[[[2.1796971749592275,41.410620920923684],[2.178839948616212,41.40947094180546],[2.1777233472096307,41.4103023305632],[2.1788798149502,41.41122779776359],[2.1796971749592275,41.410620920923684]]]},"properties":{"cusec":"0801910011","income":19659,"housing_vuln":0.6,"detail":"19.659 €/persona/año"}},{"type":"Feature","geometry":{"type":"Polygon","coordinates":[[[2.1820518317954614,41.41000833459581],[2.180016635637218,41.40857465922581],[2.178925958711405,41.40943426484423],[2.1796971749592275,41.410620920923684],[2.1801094846066804,41.41031478512386],[2.180906873270304,41.410895460362696],[2.1820518317954614,41.41000833459581]]]},"properties":{"cusec":"0801910012","income":19378,"housing_vuln":0.61,"detail":"19.378 €/persona/año"}},{"type":"Feature","geometry":{"type":"Polygon","coordinates":[[[2.181518239703218,41.41156898070701],[2.1828290586708627,41.41055582210621],[2.1820518317954614,41.41000833459581],[2.180906873270304,41.410895460362696],[2.1801094846066804,41.41031478512386],[2.1796971749592275,41.410620920923684],[2.1806678055220563,41.41226967419028],[2.181518239703218,41.41156898070701]]]},"properties":{"cusec":"0801910013","income":18182,"housing_vuln":0.65,"detail":"18.182 €/persona/año"}},{"type":"Feature","geometry":{"type":"Polygon","coordinates":[[[2.183806282867853,41.4098019066852],[2.1851381772103684,41.409066820350475],[2.1841754509237337,41.40836266765277],[2.183653633049913,41.40875682609853],[2.182864368749739,41.40817625436705],[2.1822681533024046,41.408626490586904],[2.1830599059359383,41.40922726108257],[2.1820518317954614,41.41000833459581],[2.1828290586708627,41.41055582210621],[2.183806282867853,41.4098019066852]]]},"properties":{"cusec":"0801910014","income":18838,"housing_vuln":0.63,"detail":"18.838 €/persona/año"}},{"type":"Feature","geometry":{"type":"Polygon","coordinates":[[[2.1822681533024046,41.408626490586904],[2.181114013995045,41.407750715595775],[2.180016635637218,41.40857465922581],[2.1820518317954614,41.41000833459581],[2.1830599059359383,41.40922726108257],[2.1822681533024046,41.408626490586904]]]},"properties":{"cusec":"0801910015","income":18703,"housing_vuln":0.63,"detail":"18.703 €/persona/año"}},{"type":"Feature","geometry":{"type":"Polygon","coordinates":[[[2.182864368749739,41.40817625436705],[2.1834028153377636,41.40776963465788],[2.182243928434144,41.406895620118036],[2.181114013995045,41.407750715595775],[2.1822681533024046,41.408626490586904],[2.182864368749739,41.40817625436705]]]},"properties":{"cusec":"0801910016","income":19732,"housing_vuln":0.6,"detail":"19.732 €/persona/año"}},{"type":"Feature","geometry":{"type":"Polygon","coordinates":[[[2.183090510639352,41.406245043779876],[2.182243928434144,41.406895620118036],[2.1834028153377636,41.40776963465788],[2.182864368749739,41.40817625436705],[2.183653633049913,41.40875682609853],[2.1841754509237337,41.40836266765277],[2.1851381772103684,41.409066820350475],[2.184952711036795,41.40857942935673],[2.183090510639352,41.406245043779876]]]},"properties":{"cusec":"0801910017","income":19243,"housing_vuln":0.61,"detail":"19.243 €/persona/año"}},{"type":"Feature","geometry":{"type":"Polygon","coordinates":[[[2.1868645667098963,41.408648983619535],[2.1833656313732086,41.40603362000838],[2.183090510639352,41.406245043779876],[2.184952711036795,41.40857942935673],[2.1851381772103684,41.409066820350475],[2.1865664221553316,41.408600357964964],[2.1868645667098963,41.408648983619535]]]},"properties":{"cusec":"0801910018","income":18152,"housing_vuln":0.65,"detail":"18.152 €/persona/año"}},{"type":"Feature","geometry":{"type":"Polygon","coordinates":[[[2.1851381772103684,41.409066820350475],[2.183806282867853,41.4098019066852],[2.1850452420026514,41.41072156137755],[2.186483074666636,41.41010445323956],[2.1851381772103684,41.409066820350475]]]},"properties":{"cusec":"0801910019","income":18979,"housing_vuln":0.62,"detail":"18.979 €/persona/año"}},{"type":"Feature","geometry":{"type":"Polygon","coordinates":[[[2.1850452420026514,41.41072156137755],[2.183806282867853,41.4098019066852],[2.1828290586708627,41.41055582210621],[2.1839105512211847,41.41131761128954],[2.1850452420026514,41.41072156137755]]]},"properties":{"cusec":"0801910020","income":16534,"housing_vuln":0.71,"detail":"16.534 €/persona/año"}},{"type":"Feature","geometry":{"type":"Polygon","coordinates":[[[2.1839105512211847,41.41131761128954],[2.1828290586708627,41.41055582210621],[2.181518239703218,41.41156898070701],[2.1820436202954596,41.412429475748844],[2.1839105512211847,41.41131761128954]]]},"properties":{"cusec":"0801910021","income":17160,"housing_vuln":0.69,"detail":"17.160 €/persona/año"}},{"type":"Feature","geometry":{"type":"Polygon","coordinates":[[[2.183444872662739,41.413885765441265],[2.1838429736573013,41.41369023742553],[2.1832295761335505,41.41268769783049],[2.182417983308622,41.413042600439326],[2.181518239703218,41.41156898070701],[2.1806678055220563,41.41226967419028],[2.181965966329034,41.414605143511366],[2.183444872662739,41.413885765441265]]]},"properties":{"cusec":"0801910022","income":18490,"housing_vuln":0.64,"detail":"18.490 €/persona/año"}},{"type":"Feature","geometry":{"type":"Polygon","coordinates":[[[2.1832295761335505,41.41268769783049],[2.186038917945751,41.411459134544444],[2.1850452420026514,41.41072156137755],[2.1820436202954596,41.412429475748844],[2.182417983308622,41.413042600439326],[2.1832295761335505,41.41268769783049]]]},"properties":{"cusec":"0801910023","income":17668,"housing_vuln":0.67,"detail":"17.668 €/persona/año"}},{"type":"Feature","geometry":{"type":"Polygon","coordinates":[[[2.1868963643760218,41.4121923384137],[2.186038917945751,41.411459134544444],[2.1832295761335505,41.41268769783049],[2.1838429736573013,41.41369023742553],[2.1868963643760218,41.4121923384137]]]},"properties":{"cusec":"0801910024","income":18677,"housing_vuln":0.63,"detail":"18.677 €/persona/año"}},{"type":"Feature","geometry":{"type":"Polygon","coordinates":[[[2.186893994620312,41.411928040170906],[2.1868645667098963,41.408648983619535],[2.1865664221553316,41.408600357964964],[2.1851381772103684,41.409066820350475],[2.186483074666636,41.41010445323956],[2.1850452420026514,41.41072156137755],[2.1868954885186187,41.4120949064282],[2.186893994620312,41.411928040170906]]]},"properties":{"cusec":"0801910025","income":18078,"housing_vuln":0.65,"detail":"18.078 €/persona/año"}},{"type":"Feature","geometry":{"type":"Polygon","coordinates":[[[2.188471698567292,41.41160056114963],[2.189608488711575,41.41136459507976],[2.189281398641869,41.4104556880389],[2.1868645667098963,41.408648983619535],[2.186893994620312,41.411928040170906],[2.188471698567292,41.41160056114963]]]},"properties":{"cusec":"0801910026","income":19634,"housing_vuln":0.6,"detail":"19.634 €/persona/año"}},{"type":"Feature","geometry":{"type":"Polygon","coordinates":[[[2.1901442071160813,41.412832888435545],[2.188471698567292,41.41160056114963],[2.186893994620312,41.411928040170906],[2.1868954885186187,41.4120949064282],[2.1889701404807758,41.41366770571667],[2.1901442071160813,41.412832888435545]]]},"properties":{"cusec":"0801910027","income":18566,"housing_vuln":0.64,"detail":"18.566 €/persona/año"}},{"type":"Feature","geometry":{"type":"Polygon","coordinates":[[[2.1889701404807758,41.41366770571667],[2.1868954885186187,41.4120949064282],[2.1868879462634885,41.415268941274626],[2.1889701404807758,41.41366770571667]]]},"properties":{"cusec":"0801910028","income":17680,"housing_vuln":0.67,"detail":"17.680 €/persona/año"}},{"type":"Feature","geometry":{"type":"Polygon","coordinates":[[[2.191271299048567,41.41366330042815],[2.1901442071160813,41.412832888435545],[2.1889991389964454,41.41365389497782],[2.190942440196076,41.41519073530749],[2.1905644560739814,41.414099306668696],[2.191271299048567,41.41366330042815]]]},"properties":{"cusec":"0801910029","income":16915,"housing_vuln":0.69,"detail":"16.915 €/persona/año"}},{"type":"Feature","geometry":{"type":"Polygon","coordinates":[[[2.192365536896141,41.41456789951104],[2.1935433998118476,41.41368820825837],[2.1924397566032297,41.412846038446276],[2.1905644560739814,41.414099306668696],[2.190942440196076,41.41519073530749],[2.1911913382084958,41.41538439137477],[2.192365536896141,41.41456789951104]]]},"properties":{"cusec":"0801910030","income":17681,"housing_vuln":0.67,"detail":"17.681 €/persona/año"}},{"type":"Feature","geometry":{"type":"Polygon","coordinates":[[[2.1924397566032297,41.412846038446276],[2.189281398641869,41.4104556880389],[2.189608488711575,41.41136459507976],[2.188471698567292,41.41160056114963],[2.191271299048567,41.41366330042815],[2.1924397566032297,41.412846038446276]]]},"properties":{"cusec":"0801910031","income":17974,"housing_vuln":0.66,"detail":"17.974 €/persona/año"}},{"type":"Feature","geometry":{"type":"Polygon","coordinates":[[[2.191769570282136,41.41065389509206],[2.1927924890826826,41.409846453327866],[2.191686325201376,41.4091130222069],[2.1902374288863724,41.409378470521226],[2.1903265597288817,41.409619455057324],[2.1901707963501686,41.40980384165091],[2.1906635177919362,41.41133049481439],[2.190514634610026,41.41137694298929],[2.1912896552230565,41.41196838341325],[2.1917657272893534,41.41160943264058],[2.1912058972042874,41.41079044838112],[2.191623984815604,41.410543790692245],[2.191769570282136,41.41065389509206]]]},"properties":{"cusec":"0801910032","income":19871,"housing_vuln":0.59,"detail":"19.871 €/persona/año"}},{"type":"Feature","geometry":{"type":"Polygon","coordinates":[[[2.1935416480970407,41.4119940525141],[2.191623984815604,41.410543790692245],[2.1912058972042874,41.41079044838112],[2.1917657272893534,41.41160943264058],[2.1912896552230565,41.41196838341325],[2.1924397566032297,41.412846038446276],[2.1935416480970407,41.4119940525141]]]},"properties":{"cusec":"0801910033","income":21270,"housing_vuln":0.54,"detail":"21.270 €/persona/año"}},{"type":"Feature","geometry":{"type":"Polygon","coordinates":[[[2.194669613191972,41.41284704630599],[2.1935416480970407,41.4119940525141],[2.1924397566032297,41.412846038446276],[2.1935433998118476,41.41368820825837],[2.194669613191972,41.41284704630599]]]},"properties":{"cusec":"0801910034","income":17846,"housing_vuln":0.66,"detail":"17.846 €/persona/año"}},{"type":"Feature","geometry":{"type":"Polygon","coordinates":[[[2.1970820847015333,41.41104511029527],[2.1947852874544833,41.40932067581747],[2.192404453710864,41.411134046215615],[2.194669613191972,41.41284704630599],[2.1970820847015333,41.41104511029527]]]},"properties":{"cusec":"0801910035","income":19388,"housing_vuln":0.61,"detail":"19.388 €/persona/año"}},{"type":"Feature","geometry":{"type":"Polygon","coordinates":[[[2.1947852874544833,41.40932067581747],[2.1925428409770205,41.4076369093709],[2.191466035835853,41.40845367093722],[2.191686325201376,41.4091130222069],[2.1927924890826826,41.409846453327866],[2.191769570282136,41.41065389509206],[2.192404453710864,41.411134046215615],[2.1947852874544833,41.40932067581747]]]},"properties":{"cusec":"0801910036","income":20320,"housing_vuln":0.58,"detail":"20.320 €/persona/año"}},{"type":"Feature","geometry":{"type":"Polygon","coordinates":[[[2.191686325201376,41.4091130222069],[2.191466035835853,41.40845367093722],[2.1925428409770205,41.4076369093709],[2.1914312297118483,41.406802188421004],[2.1908040574215053,41.40731260571187],[2.190671514594598,41.407237612092075],[2.189540849163925,41.40758252502658],[2.1901908287810086,41.40929840737278],[2.191686325201376,41.4091130222069]]]},"properties":{"cusec":"0801910037","income":14794,"housing_vuln":0.77,"detail":"14.794 €/persona/año"}},{"type":"Feature","geometry":{"type":"Polygon","coordinates":[[[2.1902374288863724,41.409378470521226],[2.1892573875726513,41.406702274280114],[2.1885068370679224,41.40688210709108],[2.188640062614457,41.40721120132179],[2.188436188164096,41.4072633295516],[2.1886572626572156,41.40786952290223],[2.188290208337172,41.407970247121234],[2.1891228397060223,41.41005786940844],[2.1888909584800538,41.41016401578948],[2.190514634610026,41.41137694298929],[2.1906635177919362,41.41133049481439],[2.1901707963501686,41.40980384165091],[2.1903265597288817,41.409619455057324],[2.1902374288863724,41.409378470521226]]]},"properties":{"cusec":"0801910038","income":18818,"housing_vuln":0.63,"detail":"18.818 €/persona/año"}},{"type":"Feature","geometry":{"type":"Polygon","coordinates":[[[2.1885068370679224,41.40688210709108],[2.1877036264229437,41.40699018764643],[2.1871677876441593,41.407273936569],[2.186447364837451,41.4072688382207],[2.185733109863481,41.407803961826616],[2.1888909584800538,41.41016401578948],[2.1891228397060223,41.41005786940844],[2.188290208337172,41.407970247121234],[2.1886572626572156,41.40786952290223],[2.188436188164096,41.4072633295516],[2.188640062614457,41.40721120132179],[2.1885068370679224,41.40688210709108]]]},"properties":{"cusec":"0801910039","income":17242,"housing_vuln":0.68,"detail":"17.242 €/persona/año"}},{"type":"Feature","geometry":{"type":"Polygon","coordinates":[[[2.1877036264229437,41.40699018764643],[2.186835878112992,41.405170133552645],[2.1845402953881847,41.40691185043476],[2.185733109863481,41.407803961826616],[2.186447364837451,41.4072688382207],[2.1871677876441593,41.407273936569],[2.1877036264229437,41.40699018764643]]]},"properties":{"cusec":"0801910040","income":18668,"housing_vuln":0.63,"detail":"18.668 €/persona/año"}},{"type":"Feature","geometry":{"type":"Polygon","coordinates":[[[2.1885068370679224,41.40688210709108],[2.1892573875726513,41.406702274280114],[2.188605932921867,41.40467919885077],[2.1879640650918066,41.404195533358845],[2.187001659503736,41.404430174517515],[2.185964302979939,41.404072658378],[2.1833656313732086,41.40603362000838],[2.1845402953881847,41.40691185043476],[2.186835878112992,41.405170133552645],[2.1877036264229437,41.40699018764643],[2.1885068370679224,41.40688210709108]]]},"properties":{"cusec":"0801910041","income":18944,"housing_vuln":0.62,"detail":"18.944 €/persona/año"}},{"type":"Feature","geometry":{"type":"Polygon","coordinates":[[[2.19266835448684,41.40585741717284],[2.1973316968746115,41.40232145223502],[2.193879345473573,41.398104968825265],[2.1926410367190403,41.399042329970776],[2.1915516623504185,41.398219904952974],[2.186820120764606,41.40176601031947],[2.1868231040696666,41.40228903781878],[2.1857530919886496,41.402545387259],[2.185428051874454,41.40320034734328],[2.185964302979939,41.404072658378],[2.187001659503736,41.404430174517515],[2.1879640650918066,41.404195533358845],[2.191424139309325,41.406796862976655],[2.19266835448684,41.40585741717284]]]},"properties":{"cusec":"0801910042","income":17604,"housing_vuln":0.67,"detail":"17.604 €/persona/año"}},{"type":"Feature","geometry":{"type":"Polygon","coordinates":[[[2.193879345473573,41.398104968825265],[2.1960376207072354,41.39646304161399],[2.1913949773002503,41.393111338441436],[2.1867581729425987,41.39669049016996],[2.186820120764606,41.40176601031947],[2.1915516623504185,41.398219904952974],[2.1926410367190403,41.399042329970776],[2.193879345473573,41.398104968825265]]]},"properties":{"cusec":"0801910043","income":19326,"housing_vuln":0.61,"detail":"19.326 €/persona/año"}},{"type":"Feature","geometry":{"type":"Polygon","coordinates":[[[2.1891654692578486,41.39483342195611],[2.186860367984263,41.39316367611083],[2.18582177448033,41.39393802649169],[2.186717919434729,41.39459445682249],[2.186738184529217,41.396632961815484],[2.1891654692578486,41.39483342195611]]]},"properties":{"cusec":"0801910044","income":19408,"housing_vuln":0.61,"detail":"19.408 €/persona/año"}},{"type":"Feature","geometry":{"type":"Polygon","coordinates":[[[2.186860367984263,41.39316367611083],[2.1845854213581783,41.39145445132706],[2.1835310193018573,41.39225995162601],[2.18582177448033,41.39393802649169],[2.186860367984263,41.39316367611083]]]},"properties":{"cusec":"0801910045","income":21242,"housing_vuln":0.54,"detail":"21.242 €/persona/año"}},{"type":"Feature","geometry":{"type":"Polygon","coordinates":[[[2.1845854213581783,41.39145445132706],[2.183464534089378,41.39061226020158],[2.1823940917153517,41.391427248345416],[2.1835310193018573,41.39225995162601],[2.1845854213581783,41.39145445132706]]]},"properties":{"cusec":"0801910046","income":20776,"housing_vuln":0.56,"detail":"20.776 €/persona/año"}},{"type":"Feature","geometry":{"type":"Polygon","coordinates":[[[2.1868702296894655,41.39140990622809],[2.1846047036957414,41.38975639533206],[2.183464534089378,41.39061226020158],[2.185717286039743,41.39230486814423],[2.1868702296894655,41.39140990622809]]]},"properties":{"cusec":"0801910047","income":20690,"housing_vuln":0.56,"detail":"20.690 €/persona/año"}},{"type":"Feature","geometry":{"type":"Polygon","coordinates":[[[2.18797805096245,41.39231550860334],[2.189120809513482,41.391448278175275],[2.187946944100793,41.39057096221347],[2.185717286039743,41.39230486814423],[2.186860367984263,41.39316367611083],[2.18797805096245,41.39231550860334]]]},"properties":{"cusec":"0801910048","income":21273,"housing_vuln":0.54,"detail":"21.273 €/persona/año"}},{"type":"Feature","geometry":{"type":"Polygon","coordinates":[[[2.18797805096245,41.39231550860334],[2.186860367984263,41.39316367611083],[2.1879710432049264,41.39397612334377],[2.189060307979102,41.393103703741126],[2.18797805096245,41.39231550860334]]]},"properties":{"cusec":"0801910049","income":19208,"housing_vuln":0.62,"detail":"19.208 €/persona/año"}},{"type":"Feature","geometry":{"type":"Polygon","coordinates":[[[2.1913949773002503,41.393111338441436],[2.189120809513482,41.391448278175275],[2.18797805096245,41.39231550860334],[2.189060307979102,41.393103703741126],[2.1879710432049264,41.39397612334377],[2.1891654692578486,41.39483342195611],[2.1913949773002503,41.393111338441436]]]},"properties":{"cusec":"0801910050","income":21067,"housing_vuln":0.55,"detail":"21.067 €/persona/año"}},{"type":"Feature","geometry":{"type":"Polygon","coordinates":[[[2.1926342292858356,41.39218748467212],[2.1891883996537915,41.389620047872626],[2.187946944100793,41.39057096221347],[2.1913949773002503,41.393111338441436],[2.1926342292858356,41.39218748467212]]]},"properties":{"cusec":"0801910051","income":21554,"housing_vuln":0.53,"detail":"21.554 €/persona/año"}},{"type":"Feature","geometry":{"type":"Polygon","coordinates":[[[2.1998124358541937,41.3936226018671],[2.1988454344851394,41.39278985808502],[2.1972600948582315,41.393957324263106],[2.1937829508537003,41.39133108792115],[2.1913949773002503,41.393111338441436],[2.1960376207072354,41.39646304161399],[2.1998124358541937,41.3936226018671]]]},"properties":{"cusec":"0801910052","income":27167,"housing_vuln":0.34,"detail":"27.167 €/persona/año"}},{"type":"Feature","geometry":{"type":"Polygon","coordinates":[[[2.1988454344851394,41.39278985808502],[2.194504863067163,41.38905160879412],[2.1938710630066685,41.390425789929836],[2.1933910688958442,41.39106087331456],[2.1926038985685707,41.39047175501033],[2.19147705367282,41.391325322482956],[2.1926342292858356,41.39218748467212],[2.1937829508537003,41.39133108792115],[2.1972600948582315,41.393957324263106],[2.1988454344851394,41.39278985808502]]]},"properties":{"cusec":"0801910053","income":31465,"housing_vuln":0.19,"detail":"31.465 €/persona/año"}},{"type":"Feature","geometry":{"type":"Polygon","coordinates":[[[2.194504863067163,41.38905160879412],[2.1959187601204193,41.38798969188195],[2.1936348141717783,41.3863347548026],[2.1891883996537915,41.389620047872626],[2.19147705367282,41.391325322482956],[2.1926038985685707,41.39047175501033],[2.1933910688958442,41.39106087331456],[2.1938710630066685,41.390425789929836],[2.194504863067163,41.38905160879412]]]},"properties":{"cusec":"0801910054","income":27958,"housing_vuln":0.31,"detail":"27.958 €/persona/año"}},{"type":"Feature","geometry":{"type":"Polygon","coordinates":[[[2.206309440959483,41.39074410101739],[2.2057576840338653,41.39032748625398],[2.2050026123083115,41.39090587352292],[2.202117814707183,41.3900049246098],[2.2014169356477935,41.38878536642454],[2.2027603643585403,41.38777336696976],[2.202989283839045,41.38794515384436],[2.2036896275025306,41.38741885135891],[2.203043727135133,41.38642172350555],[2.2017161725537626,41.38497176982458],[2.200793989930861,41.38422021718355],[2.19957282732016,41.383532317192106],[2.1991496426679125,41.383850321657796],[2.20003026383587,41.38415394881301],[2.2007117904890885,41.384608609096475],[2.2026804960449695,41.38659370333841],[2.20239969167031,41.38680527594802],[2.2012894674039227,41.38596972060404],[2.2014948231761644,41.38581431102426],[2.2008394635488644,41.38532036700624],[2.2001153405814784,41.38586607831304],[2.2018820347928783,41.387195558404414],[2.2004610401505884,41.38826725326361],[2.200224193936029,41.3882671076887],[2.1984000928864167,41.38689539753708],[2.19851791951234,41.386805435005634],[2.1984000326992774,41.386716878259385],[2.199529767475324,41.38586455241603],[2.2000674199526484,41.38518011593044],[2.199727581890766,41.384936675723864],[2.1964055023756393,41.38741620536571],[2.195909112214259,41.387535843105816],[2.19577870737771,41.38788821285842],[2.1959187601204193,41.38798969188195],[2.194504863067163,41.38905160879412],[2.2008490880987996,41.394517055530486],[2.2043383386984465,41.391800125999715],[2.2045927775194953,41.391991323916784],[2.204990830005048,41.39180476662126],[2.206309440959483,41.39074410101739]]]},"properties":{"cusec":"0801910055","income":29750,"housing_vuln":0.25,"detail":"29.750 €/persona/año"}},{"type":"Feature","geometry":{"type":"Polygon","coordinates":[[[2.1971748483310383,41.399029855729324],[2.2013140767511077,41.395860311389626],[2.200928082351628,41.39535588931778],[2.2012035615132937,41.39481313180476],[2.1998124358541937,41.3936226018671],[2.193879345473573,41.398104968825265],[2.1956146525489544,41.400224442161885],[2.1971748483310383,41.399029855729324]]]},"properties":{"cusec":"0801910056","income":17943,"housing_vuln":0.66,"detail":"17.943 €/persona/año"}},{"type":"Feature","geometry":{"type":"Polygon","coordinates":[[[2.202854774599958,41.39813351537592],[2.2035006713741008,41.397641441923554],[2.2013140767511077,41.395860311389626],[2.1971748483310383,41.399029855729324],[2.1983173113363588,41.39989509220028],[2.1994661398037447,41.3989904303182],[2.200609419377627,41.39982768956523],[2.202854774599958,41.39813351537592]]]},"properties":{"cusec":"0801910057","income":18146,"housing_vuln":0.65,"detail":"18.146 €/persona/año"}},{"type":"Feature","geometry":{"type":"Polygon","coordinates":[[[2.1983088492063674,41.40157603314146],[2.200609419377627,41.39982768956523],[2.1994661398037447,41.3989904303182],[2.1983173113363588,41.39989509220028],[2.1971748483310383,41.399029855729324],[2.1956146525489544,41.400224442161885],[2.1973316968746115,41.40232145223502],[2.1983088492063674,41.40157603314146]]]},"properties":{"cusec":"0801910058","income":17760,"housing_vuln":0.67,"detail":"17.760 €/persona/año"}},{"type":"Feature","geometry":{"type":"Polygon","coordinates":[[[2.211473363251097,41.39481921164019],[2.2112746136894432,41.394675214001786],[2.209723964303881,41.395888811754645],[2.206807562174403,41.39377574060637],[2.2053029397690564,41.39163371845563],[2.2063516806424355,41.39077599080728],[2.2046618678463243,41.39205489064684],[2.204407621264721,41.39184995841363],[2.2008490880987996,41.394517055530486],[2.2012035615132937,41.39481313180476],[2.2009321050074635,41.39517810826471],[2.2011501539746923,41.39572606710989],[2.2068539260228635,41.40040920176715],[2.2109546239037625,41.3975611264396],[2.210326485924506,41.3968927911858],[2.2099580464022712,41.39697091405649],[2.2092451721389064,41.39649779525231],[2.211473363251097,41.39481921164019]]]},"properties":{"cusec":"0801910059","income":20574,"housing_vuln":0.57,"detail":"20.574 €/persona/año"}},{"type":"Feature","geometry":{"type":"Polygon","coordinates":[[[2.2068539260228635,41.40040920176715],[2.2035006713741008,41.397641441923554],[2.202854774599958,41.39813351537592],[2.205345937630126,41.39984246885297],[2.203909592576268,41.400790530934614],[2.205035488851084,41.40172449975275],[2.2068539260228635,41.40040920176715]]]},"properties":{"cusec":"0801910060","income":18684,"housing_vuln":0.63,"detail":"18.684 €/persona/año"}},{"type":"Feature","geometry":{"type":"Polygon","coordinates":[[[2.202854774599958,41.39813351537592],[2.200609419377627,41.39982768956523],[2.201746388286666,41.40068444740407],[2.2028409980367716,41.39987497276224],[2.203909592576268,41.400790530934614],[2.205345937630126,41.39984246885297],[2.202854774599958,41.39813351537592]]]},"properties":{"cusec":"0801910061","income":21066,"housing_vuln":0.55,"detail":"21.066 €/persona/año"}},{"type":"Feature","geometry":{"type":"Polygon","coordinates":[[[2.205035488851084,41.40172449975275],[2.2028409980367716,41.39987497276224],[2.201746388286666,41.40068444740407],[2.2040716854844296,41.40244051810516],[2.205035488851084,41.40172449975275]]]},"properties":{"cusec":"0801910062","income":19208,"housing_vuln":0.62,"detail":"19.208 €/persona/año"}},{"type":"Feature","geometry":{"type":"Polygon","coordinates":[[[2.203455613676053,41.40290255535797],[2.2040716854844296,41.40244051810516],[2.2022979314132414,41.40110077814417],[2.2011109640721185,41.40200069057259],[2.202876669238381,41.40332657478984],[2.203455613676053,41.40290255535797]]]},"properties":{"cusec":"0801910063","income":22296,"housing_vuln":0.51,"detail":"22.296 €/persona/año"}},{"type":"Feature","geometry":{"type":"Polygon","coordinates":[[[2.2015476728609684,41.40232861822705],[2.2011109640721185,41.40200069057259],[2.2022979314132414,41.40110077814417],[2.200609419377627,41.39982768956523],[2.1983088492063674,41.40157603314146],[2.200364328425407,41.40309262568579],[2.2015476728609684,41.40232861822705]]]},"properties":{"cusec":"0801910064","income":20983,"housing_vuln":0.55,"detail":"20.983 €/persona/año"}},{"type":"Feature","geometry":{"type":"Polygon","coordinates":[[[2.200918952773393,41.40475043299711],[2.202876669238381,41.40332657478984],[2.2015476728609684,41.40232861822705],[2.1988261746054367,41.40415424130553],[2.1999330283928806,41.40550915313623],[2.200918952773393,41.40475043299711]]]},"properties":{"cusec":"0801910065","income":20237,"housing_vuln":0.58,"detail":"20.237 €/persona/año"}},{"type":"Feature","geometry":{"type":"Polygon","coordinates":[[[2.200364328425407,41.40309262568579],[2.1983088492063674,41.40157603314146],[2.196077659517766,41.40327352298766],[2.197164696470007,41.40404835058078],[2.198129231963629,41.40330107745292],[2.1988261746054367,41.40415424130553],[2.200364328425407,41.40309262568579]]]},"properties":{"cusec":"0801910066","income":20208,"housing_vuln":0.58,"detail":"20.208 €/persona/año"}},{"type":"Feature","geometry":{"type":"Polygon","coordinates":[[[2.1988261746054367,41.40415424130553],[2.198129231963629,41.40330107745292],[2.197164696470007,41.40404835058078],[2.196077659517766,41.40327352298766],[2.1937853843898045,41.40501372685497],[2.1956857640851526,41.40549256469234],[2.1969839805876847,41.404467017360844],[2.19754781356565,41.404892814810964],[2.1988261746054367,41.40415424130553]]]},"properties":{"cusec":"0801910067","income":26718,"housing_vuln":0.35,"detail":"26.718 €/persona/año"}},{"type":"Feature","geometry":{"type":"Polygon","coordinates":[[[2.1999330283928806,41.40550915313623],[2.1988261746054367,41.40415424130553],[2.197615806151193,41.40494401979407],[2.1969839805876847,41.404467017360844],[2.1956857640851526,41.40549256469234],[2.1988699692721654,41.406292477275045],[2.1999330283928806,41.40550915313623]]]},"properties":{"cusec":"0801910068","income":22180,"housing_vuln":0.51,"detail":"22.180 €/persona/año"}},{"type":"Feature","geometry":{"type":"Polygon","coordinates":[[[2.205106589607517,41.40669145358534],[2.2028332572539826,41.40498485788853],[2.20191153816175,41.405678115157514],[2.200918952773393,41.40475043299711],[2.1988699692721654,41.406292477275045],[2.2039535228885914,41.40756780139977],[2.205106589607517,41.40669145358534]]]},"properties":{"cusec":"0801910069","income":22515,"housing_vuln":0.5,"detail":"22.515 €/persona/año"}},{"type":"Feature","geometry":{"type":"Polygon","coordinates":[[[2.2028332572539826,41.40498485788853],[2.204524614254071,41.403716844305876],[2.203455613676053,41.40290255535797],[2.200918952773393,41.40475043299711],[2.20191153816175,41.405678115157514],[2.2028332572539826,41.40498485788853]]]},"properties":{"cusec":"0801910070","income":19476,"housing_vuln":0.61,"detail":"19.476 €/persona/año"}},{"type":"Feature","geometry":{"type":"Polygon","coordinates":[[[2.2051380324390886,41.403256940037245],[2.207845717300486,41.40122673879195],[2.2068539260228635,41.40040920176715],[2.203455613676053,41.40290255535797],[2.204524614254071,41.403716844305876],[2.2051380324390886,41.403256940037245]]]},"properties":{"cusec":"0801910071","income":21299,"housing_vuln":0.54,"detail":"21.299 €/persona/año"}},{"type":"Feature","geometry":{"type":"Polygon","coordinates":[[[2.2099807504227793,41.40298655467266],[2.207845717300486,41.40122673879195],[2.2062622991700027,41.40241399487996],[2.2084967227936216,41.4041146512285],[2.2099807504227793,41.40298655467266]]]},"properties":{"cusec":"0801910072","income":19505,"housing_vuln":0.6,"detail":"19.505 €/persona/año"}},{"type":"Feature","geometry":{"type":"Polygon","coordinates":[[[2.2084967227936216,41.4041146512285],[2.2062622991700027,41.40241399487996],[2.2051380324390886,41.403256940037245],[2.2073751617883652,41.404967166325186],[2.2084967227936216,41.4041146512285]]]},"properties":{"cusec":"0801910073","income":17477,"housing_vuln":0.68,"detail":"17.477 €/persona/año"}},{"type":"Feature","geometry":{"type":"Polygon","coordinates":[[[2.206708666644778,41.40547376287862],[2.2073751617883652,41.404967166325186],[2.2051380324390886,41.403256940037245],[2.2028332572539826,41.40498485788853],[2.2039548505986013,41.40582686346794],[2.2055822412622383,41.40461252752159],[2.206708666644778,41.40547376287862]]]},"properties":{"cusec":"0801910074","income":17406,"housing_vuln":0.68,"detail":"17.406 €/persona/año"}},{"type":"Feature","geometry":{"type":"Polygon","coordinates":[[[2.206708666644778,41.40547376287862],[2.2055822412622383,41.40461252752159],[2.2039548505986013,41.40582686346794],[2.205106589607517,41.40669145358534],[2.206708666644778,41.40547376287862]]]},"properties":{"cusec":"0801910075","income":18450,"housing_vuln":0.64,"detail":"18.450 €/persona/año"}},{"type":"Feature","geometry":{"type":"Polygon","coordinates":[[[2.2107844479546515,41.4075306018753],[2.2073751617883652,41.404967166325186],[2.2039535228885914,41.40756780139977],[2.2090510363245457,41.40887880894276],[2.2107844479546515,41.4075306018753]]]},"properties":{"cusec":"0801910076","income":21569,"housing_vuln":0.53,"detail":"21.569 €/persona/año"}},{"type":"Feature","geometry":{"type":"Polygon","coordinates":[[[2.2099807504227793,41.40298655467266],[2.2073751617883652,41.404967166325186],[2.209646262726743,41.40667484455646],[2.2121743563965506,41.404755171740774],[2.2099807504227793,41.40298655467266]]]},"properties":{"cusec":"0801910077","income":23898,"housing_vuln":0.45,"detail":"23.898 €/persona/año"}},{"type":"Feature","geometry":{"type":"Polygon","coordinates":[[[2.2170944426823898,41.40304173997479],[2.218475297902841,41.402119481440415],[2.2182564620114213,41.401934529269376],[2.2168331425291767,41.40288514959535],[2.215895020199878,41.40217027286587],[2.214257301605378,41.399989010905124],[2.2157057550509793,41.39891686777935],[2.2153049034150047,41.3986207401176],[2.214194826472342,41.399442109543514],[2.211641094884306,41.39749580227047],[2.2107086346362452,41.396253639987016],[2.2120250662777887,41.39521888173835],[2.211473363251097,41.39481921164019],[2.2092451721389064,41.39649779525231],[2.2099580464022712,41.39697091405649],[2.210326485924506,41.3968927911858],[2.2109546239037625,41.3975611264396],[2.2068539260228635,41.40040920176715],[2.2099807504227793,41.40298655467266],[2.210361560644743,41.402716695100956],[2.2126134106865885,41.4044206424054],[2.2138395652353267,41.40348262439165],[2.214970570229202,41.40434463139197],[2.2170944426823898,41.40304173997479]]]},"properties":{"cusec":"0801910078","income":24838,"housing_vuln":0.42,"detail":"24.838 €/persona/año"}},{"type":"Feature","geometry":{"type":"Polygon","coordinates":[[[2.214970570229202,41.40434463139197],[2.2138395652353267,41.40348262439165],[2.2126134106865885,41.4044206424054],[2.210361560644743,41.402716695100956],[2.2099807504227793,41.40298655467266],[2.2121743563965506,41.404755171740774],[2.209646262726743,41.40667484455646],[2.2107792673703903,41.40752672574453],[2.214970570229202,41.40434463139197]]]},"properties":{"cusec":"0801910079","income":21460,"housing_vuln":0.54,"detail":"21.460 €/persona/año"}},{"type":"Feature","geometry":{"type":"Polygon","coordinates":[[[2.221667424434025,41.40462908856487],[2.222264292956583,41.404187067826385],[2.222714245607674,41.404923724039875],[2.2232802039996056,41.405428959222796],[2.2235930413989626,41.4051824294107],[2.222099002045988,41.40340386654213],[2.2218893190889943,41.40357314870201],[2.222018756439969,41.40380509355204],[2.2200402251115365,41.405273582012576],[2.2178536484548528,41.40405282659587],[2.2170944426823898,41.40304173997479],[2.2160608941170894,41.403742353607946],[2.215939908116307,41.403650859263635],[2.2107792673703903,41.40752672574453],[2.214132749292919,41.410113750733025],[2.219220934622947,41.41138695713681],[2.219557581868939,41.411125134910186],[2.2191999041638315,41.41073598919815],[2.220774099291315,41.409915963789],[2.2206651803597435,41.40979746205791],[2.220930779849898,41.40931459666487],[2.22160817784609,41.40908013484288],[2.220935839161584,41.40884262145949],[2.219982491286547,41.407723681809664],[2.2188220359243953,41.40673620516437],[2.221667424434025,41.40462908856487]]]},"properties":{"cusec":"0801910080","income":27765,"housing_vuln":0.32,"detail":"27.765 €/persona/año"}},{"type":"Feature","geometry":{"type":"Polygon","coordinates":[[[2.2225399975953533,41.412425539950384],[2.223254568776335,41.411989447693344],[2.229206826510158,41.40957122965517],[2.2261332398672256,41.40528341248474],[2.2246914519210543,41.40635072407734],[2.224403028934478,41.40591432961711],[2.2236399720843583,41.406200419879234],[2.221667424434025,41.40462908856487],[2.2188220359243953,41.40673620516437],[2.219982491286547,41.407723681809664],[2.220935839161584,41.40884262145949],[2.2215876145109323,41.40907473547361],[2.2208829292896746,41.40937599992029],[2.2206651803597435,41.40979746205791],[2.220774099291315,41.409915963789],[2.2191999041638315,41.41073598919815],[2.219557581868939,41.411125134910186],[2.2160001302746233,41.413807642020444],[2.2164938569312094,41.41420732603842],[2.2172164509659686,41.413658694378306],[2.2176946691074644,41.41403311861053],[2.2175045272028653,41.41416846832415],[2.219427790581741,41.41560246689407],[2.2203247152738204,41.41445621858214],[2.2213762768571854,41.413635566438565],[2.221100871357382,41.41302941880444],[2.2225399975953533,41.412425539950384]]]},"properties":{"cusec":"0801910081","income":13733,"housing_vuln":0.81,"detail":"13.733 €/persona/año"}},{"type":"Feature","geometry":{"type":"Polygon","coordinates":[[[2.2184133455892816,41.416290826484776],[2.219427790581741,41.41560246689407],[2.2175045272028653,41.41416846832415],[2.2176946691074644,41.41403311861053],[2.2172164509659686,41.413658694378306],[2.2164938569312094,41.41420732603842],[2.216943339763385,41.41457118103141],[2.2157262096899886,41.415468181207935],[2.2177289200726293,41.41694182094536],[2.2184133455892816,41.416290826484776]]]},"properties":{"cusec":"0801910082","income":8752,"housing_vuln":0.98,"detail":"8752 €/persona/año"}},{"type":"Feature","geometry":{"type":"Polygon","coordinates":[[[2.2166789413207497,41.41817144662193],[2.2165348596340255,41.418011077156045],[2.217744572318122,41.41695336142317],[2.2157262096899886,41.415468181207935],[2.2140370454775145,41.41671298074827],[2.2163358567474574,41.41845265287531],[2.2166789413207497,41.41817144662193]]]},"properties":{"cusec":"0801910083","income":8127,"housing_vuln":1,"detail":"8127 €/persona/año"}},{"type":"Feature","geometry":{"type":"Polygon","coordinates":[[[2.2157262096899886,41.415468181207935],[2.216943339763385,41.41457118103141],[2.2160001302746233,41.413807642020444],[2.21308858264096,41.415995176138026],[2.2140370454775145,41.41671298074827],[2.2157262096899886,41.415468181207935]]]},"properties":{"cusec":"0801910084","income":10769,"housing_vuln":0.91,"detail":"10.769 €/persona/año"}},{"type":"Feature","geometry":{"type":"Polygon","coordinates":[[[2.2163358567474574,41.41845265287531],[2.21308858264096,41.415995176138026],[2.2119248735808883,41.41688025912053],[2.212879957899381,41.417606478662535],[2.213312386215895,41.41728669179041],[2.215348781625063,41.418822612873555],[2.2148807378024595,41.41917432125634],[2.215118790454421,41.4193474572875],[2.2163358567474574,41.41845265287531]]]},"properties":{"cusec":"0801910085","income":10025,"housing_vuln":0.93,"detail":"10.025 €/persona/año"}},{"type":"Feature","geometry":{"type":"Polygon","coordinates":[[[2.214775630422639,41.41960938379425],[2.215118790454421,41.4193474572875],[2.2148807378024595,41.41917432125634],[2.215348781625063,41.418822612873555],[2.213312386215895,41.41728669179041],[2.212879957899381,41.417606478662535],[2.2119248735808883,41.41688025912053],[2.2109073644349624,41.41765410191658],[2.2117117374999524,41.418280430618154],[2.2115668437361853,41.41838270694255],[2.2139309661205675,41.420143442461764],[2.214775630422639,41.41960938379425]]]},"properties":{"cusec":"0801910086","income":11243,"housing_vuln":0.89,"detail":"11.243 €/persona/año"}},{"type":"Feature","geometry":{"type":"Polygon","coordinates":[[[2.211910620910573,41.42116208228687],[2.213915995696339,41.420189175005895],[2.2115668437361853,41.41838270694255],[2.2117117374999524,41.418280430618154],[2.2109073644349624,41.41765410191658],[2.209829212719179,41.41847404109667],[2.2109404035728097,41.41990966842935],[2.2110800637517203,41.42093364833232],[2.210668069412949,41.421215339754525],[2.2114807950134505,41.421821252699566],[2.2116215376622637,41.42138047386717],[2.211910620910573,41.42116208228687]]]},"properties":{"cusec":"0801910087","income":11238,"housing_vuln":0.89,"detail":"11.238 €/persona/año"}},{"type":"Feature","geometry":{"type":"Polygon","coordinates":[[[2.209829212719179,41.41847404109667],[2.208416176251976,41.41953643470134],[2.210668069412949,41.421215339754525],[2.2110800637517203,41.42093364833232],[2.2109404035728097,41.41990966842935],[2.209829212719179,41.41847404109667]]]},"properties":{"cusec":"0801910088","income":15977,"housing_vuln":0.73,"detail":"15.977 €/persona/año"}},{"type":"Feature","geometry":{"type":"Polygon","coordinates":[[[2.2109073644349624,41.41765410191658],[2.21308858264096,41.415995176138026],[2.2096566212002733,41.413491226484986],[2.207264188409731,41.41529621983441],[2.209829212719179,41.41847404109667],[2.2109073644349624,41.41765410191658]]]},"properties":{"cusec":"0801910089","income":11536,"housing_vuln":0.88,"detail":"11.536 €/persona/año"}},{"type":"Feature","geometry":{"type":"Polygon","coordinates":[[[2.2152484892151514,41.414374641179656],[2.214125594211705,41.41351999129112],[2.211922657437082,41.41518618460764],[2.21308858264096,41.415995176138026],[2.2152484892151514,41.414374641179656]]]},"properties":{"cusec":"0801910090","income":12728,"housing_vuln":0.84,"detail":"12.728 €/persona/año"}},{"type":"Feature","geometry":{"type":"Polygon","coordinates":[[[2.2160001302746233,41.413807642020444],[2.217548135918328,41.41263851467612],[2.216406552363666,41.41179464899154],[2.214125594211705,41.41351999129112],[2.2152484892151514,41.414374641179656],[2.2160001302746233,41.413807642020444]]]},"properties":{"cusec":"0801910091","income":14370,"housing_vuln":0.78,"detail":"14.370 €/persona/año"}},{"type":"Feature","geometry":{"type":"Polygon","coordinates":[[[2.219220934622947,41.41138695713681],[2.214132749292919,41.410113750733025],[2.217548135918328,41.41263851467612],[2.219220934622947,41.41138695713681]]]},"properties":{"cusec":"0801910092","income":17954,"housing_vuln":0.66,"detail":"17.954 €/persona/año"}},{"type":"Feature","geometry":{"type":"Polygon","coordinates":[[[2.214125594211705,41.41351999129112],[2.216406552363666,41.41179464899154],[2.214132749292919,41.410113750733025],[2.2096566212002733,41.413491226484986],[2.211922657437082,41.41518618460764],[2.214125594211705,41.41351999129112]]]},"properties":{"cusec":"0801910093","income":18306,"housing_vuln":0.65,"detail":"18.306 €/persona/año"}},{"type":"Feature","geometry":{"type":"Polygon","coordinates":[[[2.2096566212002733,41.413491226484986],[2.211870991731819,41.41182043538714],[2.2073376247858842,41.40841662553471],[2.2039535228885914,41.40756780139977],[2.2029328265200645,41.408356399086905],[2.204035058475375,41.409162175017094],[2.205121259096085,41.40837906806159],[2.2060183391966954,41.40906726704155],[2.2064071803573104,41.409063646350766],[2.2066949457771114,41.40884103142238],[2.2073934245380893,41.40938095392306],[2.2067899435167306,41.40969550369294],[2.2073426355885606,41.41011610879278],[2.2046783842711246,41.41211301577249],[2.2072526127190004,41.41528186915224],[2.2096566212002733,41.413491226484986]]]},"properties":{"cusec":"0801910094","income":19741,"housing_vuln":0.6,"detail":"19.741 €/persona/año"}},{"type":"Feature","geometry":{"type":"Polygon","coordinates":[[[2.2029328265200645,41.408356399086905],[2.2022735098139163,41.40883132006748],[2.2046783842711246,41.41211301577249],[2.2073426355885606,41.41011610879278],[2.2067899435167306,41.40969550369294],[2.2073934245380893,41.40938095392306],[2.2066949457771114,41.40884103142238],[2.2064071803573104,41.409063646350766],[2.2060183391966954,41.40906726704155],[2.205121259096085,41.40837906806159],[2.204035058475375,41.409162175017094],[2.2029328265200645,41.408356399086905]]]},"properties":{"cusec":"0801910095","income":16298,"housing_vuln":0.72,"detail":"16.298 €/persona/año"}},{"type":"Feature","geometry":{"type":"Polygon","coordinates":[[[2.2022735098139163,41.40883132006748],[2.2039535228885914,41.40756780139977],[2.1956857640851526,41.40549256469234],[2.1950954676372265,41.4059221063267],[2.1973011101374738,41.4074658516633],[2.1983863926800167,41.406665663806315],[2.201694096455659,41.40926617632554],[2.2022735098139163,41.40883132006748]]]},"properties":{"cusec":"0801910096","income":20379,"housing_vuln":0.57,"detail":"20.379 €/persona/año"}},{"type":"Feature","geometry":{"type":"Polygon","coordinates":[[[2.1973011101374738,41.4074658516633],[2.1950954676372265,41.4059221063267],[2.1956857640851526,41.40549256469234],[2.1937853843898045,41.40501372685497],[2.19266835448684,41.40585741717284],[2.1960557801506937,41.408384008665415],[2.1973011101374738,41.4074658516633]]]},"properties":{"cusec":"0801910097","income":20590,"housing_vuln":0.57,"detail":"20.590 €/persona/año"}},{"type":"Feature","geometry":{"type":"Polygon","coordinates":[[[2.1960557801506937,41.408384008665415],[2.19266835448684,41.40585741717284],[2.191424139309325,41.406796862976655],[2.1947852874544833,41.40932067581747],[2.1960557801506937,41.408384008665415]]]},"properties":{"cusec":"0801910098","income":19751,"housing_vuln":0.6,"detail":"19.751 €/persona/año"}},{"type":"Feature","geometry":{"type":"Polygon","coordinates":[[[2.1960557801506937,41.408384008665415],[2.1947852874544833,41.40932067581747],[2.1970820847015333,41.41104511029527],[2.198337304241293,41.41008556719646],[2.1960557801506937,41.408384008665415]]]},"properties":{"cusec":"0801910099","income":13668,"housing_vuln":0.81,"detail":"13.668 €/persona/año"}},{"type":"Feature","geometry":{"type":"Polygon","coordinates":[[[2.201694096455659,41.40926617632554],[2.1983863926800167,41.406665663806315],[2.1960557801506937,41.408384008665415],[2.198337304241293,41.41008556719646],[2.1970820847015333,41.41104511029527],[2.1982118985293244,41.4118933352071],[2.201694096455659,41.40926617632554]]]},"properties":{"cusec":"0801910100","income":15415,"housing_vuln":0.75,"detail":"15.415 €/persona/año"}},{"type":"Feature","geometry":{"type":"Polygon","coordinates":[[[2.2072526127190004,41.41528186915224],[2.2037258116421827,41.41093386459822],[2.2022735098139163,41.40883132006748],[2.1982118985293244,41.4118933352071],[2.1993450226489197,41.41274400065287],[2.2005657549666107,41.411841481524945],[2.2062429225093108,41.4160852538878],[2.2072526127190004,41.41528186915224]]]},"properties":{"cusec":"0801910101","income":15585,"housing_vuln":0.74,"detail":"15.585 €/persona/año"}},{"type":"Feature","geometry":{"type":"Polygon","coordinates":[[[2.2062555510255732,41.41609469199589],[2.205019801571271,41.41700369798466],[2.20727958822864,41.41868900209829],[2.2085096738050756,41.41777945382861],[2.2062555510255732,41.41609469199589]]]},"properties":{"cusec":"0801910102","income":15239,"housing_vuln":0.75,"detail":"15.239 €/persona/año"}},{"type":"Feature","geometry":{"type":"Polygon","coordinates":[[[2.2062429225093108,41.4160852538878],[2.2028347179146297,41.41353767446232],[2.2016180253207525,41.414450298900135],[2.205019801571271,41.41700369798466],[2.2062429225093108,41.4160852538878]]]},"properties":{"cusec":"0801910103","income":16746,"housing_vuln":0.7,"detail":"16.746 €/persona/año"}},{"type":"Feature","geometry":{"type":"Polygon","coordinates":[[[2.2028347179146297,41.41353767446232],[2.2005657549666107,41.411841481524945],[2.1993450226489197,41.41274400065287],[2.2016180253207525,41.414450298900135],[2.2028347179146297,41.41353767446232]]]},"properties":{"cusec":"0801910104","income":19025,"housing_vuln":0.62,"detail":"19.025 €/persona/año"}},{"type":"Feature","geometry":{"type":"Polygon","coordinates":[[[2.2016180253207525,41.414450298900135],[2.1993450226489197,41.41274400065287],[2.198107301392589,41.413683610294626],[2.198766380943503,41.414154974325804],[2.1989750074817094,41.414000724184326],[2.199987308195597,41.4147496211159],[2.199735718830608,41.41493561335224],[2.200366222972352,41.41540234485641],[2.2016180253207525,41.414450298900135]]]},"properties":{"cusec":"0801910105","income":17569,"housing_vuln":0.67,"detail":"17.569 €/persona/año"}},{"type":"Feature","geometry":{"type":"Polygon","coordinates":[[[2.1993450226489197,41.41274400065287],[2.1982118985293244,41.4118933352071],[2.1969381952542886,41.4128474707389],[2.198107301392589,41.413683610294626],[2.1993450226489197,41.41274400065287]]]},"properties":{"cusec":"0801910106","income":16341,"housing_vuln":0.71,"detail":"16.341 €/persona/año"}},{"type":"Feature","geometry":{"type":"Polygon","coordinates":[[[2.1969381952542886,41.4128474707389],[2.1982118985293244,41.4118933352071],[2.1970820847015333,41.41104511029527],[2.194669613191972,41.41284704630599],[2.1958159299698408,41.41368813078352],[2.1969381952542886,41.4128474707389]]]},"properties":{"cusec":"0801910107","income":20309,"housing_vuln":0.58,"detail":"20.309 €/persona/año"}},{"type":"Feature","geometry":{"type":"Polygon","coordinates":[[[2.198107301392589,41.413683610294626],[2.1969381952542886,41.4128474707389],[2.1956076349099627,41.41384414269993],[2.19674230682679,41.41471980590786],[2.198107301392589,41.413683610294626]]]},"properties":{"cusec":"0801910108","income":16443,"housing_vuln":0.71,"detail":"16.443 €/persona/año"}},{"type":"Feature","geometry":{"type":"Polygon","coordinates":[[[2.200366222972352,41.41540234485641],[2.199735718830608,41.41493561335224],[2.199987308195597,41.4147496211159],[2.1989750074817094,41.414000724184326],[2.198766380943503,41.414154974325804],[2.198107301392589,41.413683610294626],[2.19674230682679,41.41471980590786],[2.1988946882138625,41.41638076235456],[2.1993317410574673,41.416546300833026],[2.2000968703209245,41.41596657343529],[2.2001774635749527,41.415541656968514],[2.200366222972352,41.41540234485641]]]},"properties":{"cusec":"0801910109","income":15314,"housing_vuln":0.75,"detail":"15.314 €/persona/año"}},{"type":"Feature","geometry":{"type":"Polygon","coordinates":[[[2.1993317410574673,41.416546300833026],[2.1988946882138625,41.41638076235456],[2.1956076349099627,41.41384414269993],[2.1958159299698408,41.41368813078352],[2.194669613191972,41.41284704630599],[2.1935433998118476,41.41368820825837],[2.1981523626838575,41.41714415120787],[2.198960184381204,41.416534822933684],[2.1993317410574673,41.416546300833026]]]},"properties":{"cusec":"0801910110","income":15444,"housing_vuln":0.75,"detail":"15.444 €/persona/año"}},{"type":"Feature","geometry":{"type":"Polygon","coordinates":[[[2.1975525854164317,41.41669397132514],[2.195834753268287,41.41540456125214],[2.194717394581919,41.416282132807666],[2.196409647202347,41.41755186082211],[2.1975525854164317,41.41669397132514]]]},"properties":{"cusec":"0801910111","income":16283,"housing_vuln":0.72,"detail":"16.283 €/persona/año"}},{"type":"Feature","geometry":{"type":"Polygon","coordinates":[[[2.195834753268287,41.41540456125214],[2.1946691200168655,41.41453145582784],[2.193541073175265,41.4153994749944],[2.194717394581919,41.416282132807666],[2.195834753268287,41.41540456125214]]]},"properties":{"cusec":"0801910112","income":19683,"housing_vuln":0.6,"detail":"19.683 €/persona/año"}},{"type":"Feature","geometry":{"type":"Polygon","coordinates":[[[2.195838959180464,41.41712367131407],[2.193541073175265,41.4153994749944],[2.1946691200168655,41.41453145582784],[2.1935433998118476,41.41368820825837],[2.192365536896141,41.41456789951104],[2.193321097321729,41.41717140270746],[2.19357544810793,41.4171066210111],[2.1947206069573726,41.417969756832385],[2.195838959180464,41.41712367131407]]]},"properties":{"cusec":"0801910113","income":16381,"housing_vuln":0.71,"detail":"16.381 €/persona/año"}},{"type":"Feature","geometry":{"type":"Polygon","coordinates":[[[2.1970002481791555,41.41798236553613],[2.1981523626838575,41.41714415120787],[2.1975525854164317,41.41669397132514],[2.196409647202347,41.41755186082211],[2.195838959180464,41.41712367131407],[2.1947206069573726,41.417969756832385],[2.19584859181524,41.41881991359382],[2.1970002481791555,41.41798236553613]]]},"properties":{"cusec":"0801910114","income":13578,"housing_vuln":0.81,"detail":"13.578 €/persona/año"}},{"type":"Feature","geometry":{"type":"Polygon","coordinates":[[[2.1981106610917664,41.42054501405535],[2.1992399314387803,41.41965581055579],[2.2003938596420554,41.42051794584965],[2.201517899099204,41.41966330741035],[2.2003451502924065,41.41878551477715],[2.1994166282585548,41.41951667702376],[2.1990444724059945,41.419509779686464],[2.1970002481791555,41.41798236553613],[2.19584859181524,41.41881991359382],[2.19357544810793,41.4171066210111],[2.193321097321729,41.41717140270746],[2.194987174831432,41.421735126896614],[2.196288848051161,41.42116037264749],[2.1967035669801622,41.42071337247752],[2.196636671237576,41.42049720363286],[2.197436842881974,41.420062539767684],[2.1981106610917664,41.42054501405535]]]},"properties":{"cusec":"0801910115","income":15090,"housing_vuln":0.76,"detail":"15.090 €/persona/año"}},{"type":"Feature","geometry":{"type":"Polygon","coordinates":[[[2.19545255245425,41.42233369674348],[2.198834600802811,41.42170342272148],[2.1992681699797387,41.42137379632617],[2.197436842881974,41.420062539767684],[2.19659751008111,41.420442551847735],[2.1966923551071225,41.42062701213196],[2.196288848051161,41.42116037264749],[2.194987174831432,41.421735126896614],[2.1951916619328133,41.42236350576201],[2.19545255245425,41.42233369674348]]]},"properties":{"cusec":"0801910116","income":14463,"housing_vuln":0.78,"detail":"14.463 €/persona/año"}},{"type":"Feature","geometry":{"type":"Polygon","coordinates":[[[2.2003938596420554,41.42051794584965],[2.1992399314387803,41.41965581055579],[2.1981106610917664,41.42054501405535],[2.1992681699797387,41.42137379632617],[2.2003938596420554,41.42051794584965]]]},"properties":{"cusec":"0801910117","income":15777,"housing_vuln":0.73,"detail":"15.777 €/persona/año"}},{"type":"Feature","geometry":{"type":"Polygon","coordinates":[[[2.2003451502924065,41.41878551477715],[2.199237940772112,41.417956751346395],[2.1981170400285888,41.41881682899133],[2.1990444724059945,41.419509779686464],[2.1994166282585548,41.41951667702376],[2.2003451502924065,41.41878551477715]]]},"properties":{"cusec":"0801910118","income":19274,"housing_vuln":0.61,"detail":"19.274 €/persona/año"}},{"type":"Feature","geometry":{"type":"Polygon","coordinates":[[[2.199237940772112,41.417956751346395],[2.1981523626838575,41.41714415120787],[2.1970002481791555,41.41798236553613],[2.1981170400285888,41.41881682899133],[2.199237940772112,41.417956751346395]]]},"properties":{"cusec":"0801910119","income":14876,"housing_vuln":0.77,"detail":"14.876 €/persona/año"}},{"type":"Feature","geometry":{"type":"Polygon","coordinates":[[[2.202631668117704,41.41881647061427],[2.2000674046812976,41.41686772834756],[2.1993317410574673,41.416546300833026],[2.198960184381204,41.416534822933684],[2.1981523626838575,41.41714415120787],[2.201517899099204,41.41966330741035],[2.202631668117704,41.41881647061427]]]},"properties":{"cusec":"0801910120","income":14756,"housing_vuln":0.77,"detail":"14.756 €/persona/año"}},{"type":"Feature","geometry":{"type":"Polygon","coordinates":[[[2.2027660848302903,41.415312075508886],[2.2016180253207525,41.414450298900135],[2.2001774635749527,41.415541656968514],[2.2000968703209245,41.41596657343529],[2.1993317410574673,41.416546300833026],[2.2000674046812976,41.41686772834756],[2.201516166249003,41.41796875578867],[2.202617243869177,41.41708890917044],[2.2014898860353838,41.41625112927957],[2.2027660848302903,41.415312075508886]]]},"properties":{"cusec":"0801910121","income":15036,"housing_vuln":0.76,"detail":"15.036 €/persona/año"}},{"type":"Feature","geometry":{"type":"Polygon","coordinates":[[[2.2037672212818173,41.41795301124133],[2.205019801571271,41.41700369798466],[2.2027660848302903,41.415312075508886],[2.2014898860353838,41.41625112927957],[2.202617243869177,41.41708890917044],[2.201516166249003,41.41796875578867],[2.202631668117704,41.41881647061427],[2.2037672212818173,41.41795301124133]]]},"properties":{"cusec":"0801910122","income":18921,"housing_vuln":0.63,"detail":"18.921 €/persona/año"}},{"type":"Feature","geometry":{"type":"Polygon","coordinates":[[[2.206143470922515,41.417841885832175],[2.205019801571271,41.41700369798466],[2.2037672212818173,41.41795301124133],[2.2049042970903776,41.418801040189265],[2.206143470922515,41.417841885832175]]]},"properties":{"cusec":"0801910123","income":16121,"housing_vuln":0.72,"detail":"16.121 €/persona/año"}},{"type":"Feature","geometry":{"type":"Polygon","coordinates":[[[2.20727958822864,41.41868900209829],[2.206143470922515,41.417841885832175],[2.2049042970903776,41.418801040189265],[2.2060276430481007,41.41963880335637],[2.20727958822864,41.41868900209829]]]},"properties":{"cusec":"0801910124","income":17406,"housing_vuln":0.68,"detail":"17.406 €/persona/año"}},{"type":"Feature","geometry":{"type":"Polygon","coordinates":[[[2.208416176251976,41.41953643470134],[2.20727958822864,41.41868900209829],[2.2054505168005534,41.42007663206769],[2.2060421023309145,41.42048787327071],[2.206600055835344,41.420081515197126],[2.2071541358042888,41.4205014373575],[2.208416176251976,41.41953643470134]]]},"properties":{"cusec":"0801910125","income":15300,"housing_vuln":0.75,"detail":"15.300 €/persona/año"}},{"type":"Feature","geometry":{"type":"Polygon","coordinates":[[[2.2071541358042888,41.4205014373575],[2.206600055835344,41.420081515197126],[2.2060421023309145,41.42048787327071],[2.2054505168005534,41.42007663206769],[2.2049211449935067,41.42047822765124],[2.2060765320608016,41.421316778868736],[2.2071541358042888,41.4205014373575]]]},"properties":{"cusec":"0801910126","income":16358,"housing_vuln":0.71,"detail":"16.358 €/persona/año"}},{"type":"Feature","geometry":{"type":"Polygon","coordinates":[[[2.2054505168005534,41.42007663206769],[2.2060276430481007,41.41963880335637],[2.2037672212818173,41.41795301124133],[2.202631668117704,41.41881647061427],[2.2049211449935067,41.42047822765124],[2.2054505168005534,41.42007663206769]]]},"properties":{"cusec":"0801910127","income":17394,"housing_vuln":0.68,"detail":"17.394 €/persona/año"}},{"type":"Feature","geometry":{"type":"Polygon","coordinates":[[[2.2049211449935067,41.42047822765124],[2.202631668117704,41.41881647061427],[2.201517899099204,41.41966330741035],[2.203767989341402,41.421353015986696],[2.2049211449935067,41.42047822765124]]]},"properties":{"cusec":"0801910128","income":17881,"housing_vuln":0.66,"detail":"17.881 €/persona/año"}},{"type":"Feature","geometry":{"type":"Polygon","coordinates":[[[2.2060765320608016,41.421316778868736],[2.2049211449935067,41.42047822765124],[2.203767989341402,41.421353015986696],[2.204902562443549,41.42220498087668],[2.2060765320608016,41.421316778868736]]]},"properties":{"cusec":"0801910129","income":17617,"housing_vuln":0.67,"detail":"17.617 €/persona/año"}},{"type":"Feature","geometry":{"type":"Polygon","coordinates":[[[2.204902562443549,41.42220498087668],[2.2026453503577956,41.42050997621005],[2.2022144213294705,41.420834851231696],[2.2030416026194977,41.42146173934446],[2.2025109004075167,41.42184630155387],[2.202139185627798,41.42288286069385],[2.20365648416012,41.42314462744484],[2.204902562443549,41.42220498087668]]]},"properties":{"cusec":"0801910130","income":16833,"housing_vuln":0.7,"detail":"16.833 €/persona/año"}},{"type":"Feature","geometry":{"type":"Polygon","coordinates":[[[2.2022144213294705,41.420834851231696],[2.2026453503577956,41.42050997621005],[2.201517899099204,41.41966330741035],[2.1992681699797387,41.42137379632617],[2.199699628115754,41.42169052912899],[2.2008199305813108,41.42086983838024],[2.2014959361888016,41.42137651031927],[2.2022144213294705,41.420834851231696]]]},"properties":{"cusec":"0801910131","income":19356,"housing_vuln":0.61,"detail":"19.356 €/persona/año"}},{"type":"Feature","geometry":{"type":"Polygon","coordinates":[[[2.2022144213294705,41.420834851231696],[2.2014959361888016,41.42137651031927],[2.2008199305813108,41.42086983838024],[2.199699628115754,41.42169052912899],[2.201073394730309,41.42269898880837],[2.202139185627798,41.42288286069385],[2.2025109004075167,41.42184630155387],[2.2030416026194977,41.42146173934446],[2.2022144213294705,41.420834851231696]]]},"properties":{"cusec":"0801910132","income":14575,"housing_vuln":0.78,"detail":"14.575 €/persona/año"}},{"type":"Feature","geometry":{"type":"Polygon","coordinates":[[[2.201073394730309,41.42269898880837],[2.1992681699797387,41.42137379632617],[2.198834600802811,41.42170342272148],[2.1985623259317584,41.422173274910115],[2.1984238641054428,41.423025740972804],[2.198538437931743,41.42337067044694],[2.1997549814052686,41.42478698848983],[2.2003483626678606,41.423099007451846],[2.200876280102473,41.42320720787062],[2.201073394730309,41.42269898880837]]]},"properties":{"cusec":"0801910133","income":14771,"housing_vuln":0.77,"detail":"14.771 €/persona/año"}},{"type":"Feature","geometry":{"type":"Polygon","coordinates":[[[2.1987727580836975,41.423640725790825],[2.198458216580246,41.42320493179115],[2.198426661459237,41.42279863719755],[2.198834600802811,41.42170342272148],[2.195905889059007,41.42225491661431],[2.198227021667127,41.424027973486204],[2.1987727580836975,41.423640725790825]]]},"properties":{"cusec":"0801910134","income":14173,"housing_vuln":0.79,"detail":"14.173 €/persona/año"}},{"type":"Feature","geometry":{"type":"Polygon","coordinates":[[[2.2002373856959716,41.42572306549747],[2.20365648416012,41.42314462744484],[2.201073394730309,41.42269898880837],[2.200876280102473,41.42320720787062],[2.2003483626678606,41.423099007451846],[2.1997549814052686,41.42478698848983],[2.1987727580836975,41.423640725790825],[2.198227021667127,41.424027973486204],[2.195905889059007,41.42225491661431],[2.19545255245425,41.42233369674348],[2.196541997789809,41.4265916558005],[2.196349545418275,41.42671165924052],[2.1964271993847007,41.427072700116824],[2.1971296792419173,41.42847798698383],[2.197484318844741,41.427803331925894],[2.2002373856959716,41.42572306549747]]]},"properties":{"cusec":"0801910135","income":15016,"housing_vuln":0.76,"detail":"15.016 €/persona/año"}},{"type":"Feature","geometry":{"type":"Polygon","coordinates":[[[2.2031937377027675,41.42434600817894],[2.2026254697422316,41.4239220713707],[2.2002373856959716,41.42572306549747],[2.2008090708478325,41.426149380356165],[2.2031937377027675,41.42434600817894]]]},"properties":{"cusec":"0801910136","income":14701,"housing_vuln":0.77,"detail":"14.701 €/persona/año"}},{"type":"Feature","geometry":{"type":"Polygon","coordinates":[[[2.205204532922952,41.428481013876485],[2.20456307831789,41.42770884790723],[2.2059448093957443,41.42703216553646],[2.204712271418599,41.425619062921164],[2.2031937377027675,41.42434600817894],[2.2008090708478325,41.426149380356165],[2.2002373856959716,41.42572306549747],[2.197484318844741,41.427803331925894],[2.1971296792419173,41.42847798698383],[2.1979981435091553,41.429524747291964],[2.1992643251903283,41.43005885979234],[2.200144943663361,41.43016811008626],[2.2018804789108053,41.42988133533397],[2.205204532922952,41.428481013876485]]]},"properties":{"cusec":"0801910137","income":13430,"housing_vuln":0.82,"detail":"13.430 €/persona/año"}},{"type":"Feature","geometry":{"type":"Polygon","coordinates":[[[2.2071972773957937,41.42756225724079],[2.207009126157863,41.427026457823644],[2.206456898515033,41.42639320909598],[2.20605447213238,41.425568466303055],[2.207450309455122,41.42500989566321],[2.208438287384399,41.42517753795034],[2.2087498949901634,41.42508503244505],[2.205466469981674,41.422627138462126],[2.2031937377027675,41.42434600817894],[2.204712271418599,41.425619062921164],[2.2059448093957443,41.42703216553646],[2.20456307831789,41.42770884790723],[2.205204532922952,41.428481013876485],[2.2071972773957937,41.42756225724079]]]},"properties":{"cusec":"0801910138","income":12229,"housing_vuln":0.86,"detail":"12.229 €/persona/año"}},{"type":"Feature","geometry":{"type":"Polygon","coordinates":[[[2.205466469981674,41.422627138462126],[2.204902562443549,41.42220498087668],[2.2026254697422316,41.4239220713707],[2.2031937377027675,41.42434600817894],[2.205466469981674,41.422627138462126]]]},"properties":{"cusec":"0801910139","income":13114,"housing_vuln":0.83,"detail":"13.114 €/persona/año"}},{"type":"Feature","geometry":{"type":"Polygon","coordinates":[[[2.2081623123527025,41.42311557119217],[2.207316631157717,41.42247726934761],[2.207488999894409,41.42234186824065],[2.2060765320608016,41.421316778868736],[2.204902562443549,41.42220498087668],[2.2071457985401275,41.42388427161372],[2.2081623123527025,41.42311557119217]]]},"properties":{"cusec":"0801910140","income":13308,"housing_vuln":0.82,"detail":"13.308 €/persona/año"}},{"type":"Feature","geometry":{"type":"Polygon","coordinates":[[[2.2096582678121863,41.42046251402535],[2.208416176251976,41.41953643470134],[2.2060765320608016,41.421316778868736],[2.2071979762851024,41.422130674013786],[2.2078823919202866,41.421617849124154],[2.2082093068184583,41.42158311633046],[2.2096582678121863,41.42046251402535]]]},"properties":{"cusec":"0801910141","income":13344,"housing_vuln":0.82,"detail":"13.344 €/persona/año"}},{"type":"Feature","geometry":{"type":"Polygon","coordinates":[[[2.211349978748498,41.42217332206255],[2.2114716393840665,41.42184992422661],[2.2096582678121863,41.42046251402535],[2.2082093068184583,41.42158311633046],[2.2078823919202866,41.421617849124154],[2.2071979762851024,41.422130674013786],[2.207488999894409,41.42234186824065],[2.207316631157717,41.42247726934761],[2.2086603581091664,41.423491467269685],[2.208878975709957,41.42332981966048],[2.2095126886338674,41.42379730521291],[2.209963129968479,41.42245986613469],[2.211349978748498,41.42217332206255]]]},"properties":{"cusec":"0801910142","income":12453,"housing_vuln":0.85,"detail":"12.453 €/persona/año"}},{"type":"Feature","geometry":{"type":"Polygon","coordinates":[[[2.211349978748498,41.42217332206255],[2.209963129968479,41.42245986613469],[2.2095126886338674,41.42379730521291],[2.208878975709957,41.42332981966048],[2.2086603581091664,41.423491467269685],[2.2081623123527025,41.42311557119217],[2.2071457985401275,41.42388427161372],[2.2087498949901634,41.42508503244505],[2.2090014304562273,41.42502177486364],[2.209415596921347,41.424251513066935],[2.2103980960256933,41.423756477596925],[2.2109713963484356,41.423267948648345],[2.211349978748498,41.42217332206255]]]},"properties":{"cusec":"0801910143","income":13596,"housing_vuln":0.81,"detail":"13.596 €/persona/año"}},{"type":"Feature","geometry":{"type":"Polygon","coordinates":[[[2.1914312297118483,41.406802188421004],[2.188605932921867,41.40467919885077],[2.189540849163925,41.40758252502658],[2.1904640953921235,41.40741373774491],[2.190671514594598,41.407237612092075],[2.1908040574215053,41.40731260571187],[2.1914312297118483,41.406802188421004]]]},"properties":{"cusec":"0801910234","income":17761,"housing_vuln":0.67,"detail":"17.761 €/persona/año"}},{"type":"Feature","geometry":{"type":"Polygon","coordinates":[[[2.214132749292919,41.410113750733025],[2.2107844479546515,41.4075306018753],[2.2090510363245457,41.40887880894276],[2.212350018357069,41.40967549306578],[2.210784398547311,41.41100463510372],[2.211870991731819,41.41182043538714],[2.214132749292919,41.410113750733025]]]},"properties":{"cusec":"0801910235","income":15845,"housing_vuln":0.73,"detail":"15.845 €/persona/año"}},{"type":"Feature","geometry":{"type":"Polygon","coordinates":[[[2.2090510363245457,41.40887880894276],[2.2074325668299504,41.40848791622102],[2.210784398547311,41.41100463510372],[2.212350018357069,41.40967549306578],[2.2090510363245457,41.40887880894276]]]},"properties":{"cusec":"0801910236","income":15948,"housing_vuln":0.73,"detail":"15.948 €/persona/año"}},{"type":"Feature","geometry":{"type":"Polygon","coordinates":[[[2.209829212719179,41.41847404109667],[2.207264188409731,41.41529621983441],[2.2062555510255732,41.41609469199589],[2.2085096738050756,41.41777945382861],[2.20727958822864,41.41868900209829],[2.208416176251976,41.41953643470134],[2.209829212719179,41.41847404109667]]]},"properties":{"cusec":"0801910237","income":14572,"housing_vuln":0.78,"detail":"14.572 €/persona/año"}}]}
