{"type":"FeatureCollection","name":"Alquiler €/m²·mes por sección (real · SERPAVI/Mitma 2024)","_generated":{"source":"ingest-rent.mjs","col":"ALQM2_LV_M_VC_24","prefix":"14021","sections":208,"range":[3.789473684210526,10.606643356643357]},"features":[{"type":"Feature","geometry":{"type":"Polygon","coordinates":[[[-4.772398005184756,37.88886527253478],[-4.774117097669228,37.88821289274217],[-4.774462005822561,37.88879426158909],[-4.774904900410458,37.889153755082354],[-4.776222189044798,37.888798706022826],[-4.776704234907727,37.88920155039906],[-4.777239771852553,37.89020207733587],[-4.77549958333191,37.890497286010465],[-4.77508510335477,37.88999859903661],[-4.774379590785152,37.890429308768624],[-4.773815711993101,37.89057325149289],[-4.773353201792652,37.88960499021295],[-4.772987118551438,37.88926953302812],[-4.772753039147971,37.88929451924454],[-4.772398005184756,37.88886527253478]]]},"properties":{"cusec":"1402101001","rent_m2":6.632320954389254,"rent_norm":0.42,"detail":"6,63 €/m²·mes"}},{"type":"Feature","geometry":{"type":"Polygon","coordinates":[[[-4.780494587315849,37.89756469229261],[-4.780593201672783,37.896698376057905],[-4.781771769765977,37.896544739331134],[-4.781699734761663,37.89750353169424],[-4.781949837414856,37.89876587362114],[-4.78257404256982,37.899281391053535],[-4.781195389120121,37.90000857020252],[-4.7808013565954806,37.89918145827721],[-4.780494587315849,37.89756469229261]]]},"properties":{"cusec":"1402101002","rent_m2":6.8493150684931505,"rent_norm":0.45,"detail":"6,85 €/m²·mes"}},{"type":"Feature","geometry":{"type":"Polygon","coordinates":[[[-4.771568875448857,37.89180919492469],[-4.771844783106904,37.89043960964374],[-4.7712751290459146,37.88926789251868],[-4.772398005184756,37.88886527253478],[-4.772753039147971,37.88929451924454],[-4.772922129033891,37.88919421134538],[-4.773353201792652,37.88960499021295],[-4.773789533289087,37.890485421935324],[-4.774379590785152,37.890429308768624],[-4.77508510335477,37.88999859903661],[-4.775643473677519,37.89072079816468],[-4.775849213030388,37.89130760667935],[-4.775816703898595,37.89147553499125],[-4.77536876616866,37.891601080429965],[-4.775292286300341,37.89187557226766],[-4.774060557705247,37.89185745144544],[-4.772039872033786,37.892535605698114],[-4.771568875448857,37.89180919492469]]]},"properties":{"cusec":"1402101003","rent_m2":8.189655172413794,"rent_norm":0.65,"detail":"8,19 €/m²·mes"}},{"type":"Feature","geometry":{"type":"Polygon","coordinates":[[[-4.778183641603047,37.89733855895131],[-4.779253633921095,37.898146146077714],[-4.778135655397196,37.898425545060284],[-4.777104087617095,37.89819791653484],[-4.77750757311346,37.897122011019185],[-4.778183641603047,37.89733855895131]]]},"properties":{"cusec":"1402101004","rent_m2":6.604838128199582,"rent_norm":0.41,"detail":"6,60 €/m²·mes"}},{"type":"Feature","geometry":{"type":"Polygon","coordinates":[[[-4.747874801022131,37.99958909969077],[-4.7480847175411025,37.998283388671254],[-4.748466329958641,37.99750900502127],[-4.747915771385618,37.99597977446511],[-4.74784149238972,37.99525738505154],[-4.747205672018154,37.99495030936373],[-4.746543071969648,37.993513170185395],[-4.74398279525646,37.991561563647984],[-4.743522362859263,37.99095688382413],[-4.743724266405892,37.99025726584927],[-4.744430854258936,37.98916653412825],[-4.7458071658006675,37.98964671672343],[-4.74882809859153,37.98928565845156],[-4.749565250723784,37.98948547717892],[-4.750360822095613,37.989341898675264],[-4.757149691633325,37.990235111148664],[-4.769016547029319,37.98951458167035],[-4.7672781874786345,37.98850070221733],[-4.76612616460207,37.98811104515021],[-4.76304421374553,37.98824772877057],[-4.7625819056660275,37.988028567718885],[-4.7625193811256175,37.98780341067033],[-4.762909441300094,37.98739060030319],[-4.7636573166219,37.98760548197428],[-4.764510760159238,37.98745702448181],[-4.765127086190826,37.98695037779485],[-4.765692798444387,37.98671579028073],[-4.765157158193294,37.98605912760095],[-4.764467492803572,37.985888604424716],[-4.762524324554611,37.98490485526178],[-4.762520000963148,37.98472404739885],[-4.763323357135223,37.98391616496976],[-4.7633025916791185,37.98304828803851],[-4.764548939457144,37.981654961235805],[-4.763856721055404,37.98137594999867],[-4.762024941206703,37.98122253549584],[-4.7613171747640335,37.98029260101648],[-4.761255071533496,37.97960621164526],[-4.761473128585565,37.97916885123922],[-4.761842064876128,37.97930802484721],[-4.761712791018525,37.97963553389529],[-4.762092967928234,37.98024480187279],[-4.762687746071113,37.98027206762525],[-4.763811720849538,37.979495549448764],[-4.765122735649917,37.978897087013166],[-4.766357088223932,37.97891472896764],[-4.767397433442706,37.97846500614838],[-4.768905022085102,37.97844234160263],[-4.77000893029673,37.97683405654144],[-4.769931117328518,37.97549676770178],[-4.770268793145487,37.97433410287655],[-4.768893091559817,37.96842217012927],[-4.767943114163724,37.96691712176582],[-4.767535218837607,37.96515069415094],[-4.767547092769042,37.96373970564955],[-4.766565391368651,37.96281391456162],[-4.766034392712627,37.961628124869584],[-4.76520014168131,37.96113420431872],[-4.7650053303338655,37.960630679247316],[-4.764265036793062,37.960243863085864],[-4.763933217093404,37.959742396518614],[-4.764460531758464,37.95886629748593],[-4.763689998230236,37.957213818015816],[-4.763993267673508,37.95652194945777],[-4.764799777830559,37.95585870844637],[-4.765844142111879,37.95558981370556],[-4.765928556799127,37.95529914655559],[-4.765268402863118,37.95444086406234],[-4.764648575198543,37.95144766600073],[-4.765212846554393,37.950209260532816],[-4.764918949234471,37.949381651935504],[-4.763922776873171,37.947841077438056],[-4.764148358214062,37.94581191377419],[-4.763620123674174,37.94473458786967],[-4.762635271882096,37.94366410656333],[-4.762285408621673,37.9424032321519],[-4.761677988487775,37.941833531258105],[-4.759504286485792,37.94070847021005],[-4.7588038520924325,37.940067793294205],[-4.757975145463067,37.93898983552917],[-4.757191114747716,37.937559656072985],[-4.757179923535909,37.93708955249835],[-4.757618435243534,37.936323329769074],[-4.758707350573038,37.93601766115025],[-4.762075055521478,37.93563985082133],[-4.762859909991935,37.93541960315263],[-4.763523820682472,37.93496884591191],[-4.764913974364412,37.93198167002479],[-4.763327747202038,37.92828795361351],[-4.763801739668421,37.92544815833239],[-4.763201307529144,37.923851830597876],[-4.75903825488942,37.915084819739114],[-4.7580049183265345,37.91335620118478],[-4.756998493492895,37.912757122559626],[-4.754978035095232,37.91254163063851],[-4.753636291623907,37.91214173615662],[-4.753245855953677,37.911857389852436],[-4.752936370168624,37.911309302614775],[-4.753612598558296,37.908204130436765],[-4.754693947378182,37.90684932916955],[-4.757469888031505,37.90741883195445],[-4.759120711249362,37.90635801305919],[-4.7593157759217215,37.905837537594586],[-4.760517246563082,37.90502553187158],[-4.762525203106973,37.90556187373612],[-4.763005209794189,37.905554683742345],[-4.765653959783078,37.90422135232608],[-4.769341111036421,37.905334390612616],[-4.7708900176903475,37.90515388867827],[-4.771237943284698,37.90524297585812],[-4.770029642752239,37.905916923456985],[-4.769382684169461,37.906833947926145],[-4.769315235962993,37.90780514015964],[-4.769783342667626,37.908686266376186],[-4.7702915735227815,37.90914707616924],[-4.773761396257767,37.91094734884643],[-4.774603170679576,37.912425189783725],[-4.775761643459868,37.91198184806133],[-4.776540007602428,37.91193816187695],[-4.777625916270681,37.91127231714638],[-4.777906492473278,37.91092075192389],[-4.778178593969457,37.91148182042547],[-4.778298267531613,37.91145047941754],[-4.7785327969910245,37.9125472423267],[-4.779294077871816,37.91316521995969],[-4.780727270737359,37.91569734532479],[-4.781248237906595,37.91632123318352],[-4.782032270418607,37.91688161984689],[-4.781184158382442,37.91765747697223],[-4.782875377041978,37.91889083251489],[-4.787142481541067,37.92307988593584],[-4.788155853046796,37.92330206117638],[-4.790343818498858,37.926498145361144],[-4.792510138145861,37.92772970874068],[-4.792911117342624,37.92814704437424],[-4.793549479946443,37.9277618732667],[-4.7944694491204976,37.928711586680265],[-4.7953233741548456,37.92836241050686],[-4.795340132226466,37.92722594054742],[-4.795623308153496,37.92795710985911],[-4.797446312360152,37.927367427629626],[-4.798415793977692,37.92722336342736],[-4.799274017450686,37.92899644601998],[-4.799419703528526,37.92951103387018],[-4.799270705362254,37.92970005174562],[-4.799542344226062,37.92987177109847],[-4.8007040698060095,37.92964118029306],[-4.8015926509457145,37.9297245721742],[-4.802322702793943,37.92931217001423],[-4.802266377527336,37.92959157748301],[-4.803130113961217,37.93010512950994],[-4.803516218853472,37.93009921235644],[-4.803647316291084,37.929881080848006],[-4.805497776606093,37.928736794042315],[-4.806557973694324,37.9277762935531],[-4.8065067814012306,37.926996583595525],[-4.807302967220674,37.92722120649758],[-4.808079242780184,37.927943674530304],[-4.808810545981636,37.928304399608734],[-4.8112025700387315,37.92911644314965],[-4.812469447914255,37.92779314992971],[-4.811988698320271,37.9268506394923],[-4.8105989893043954,37.92615961380891],[-4.809629697231342,37.92518377877548],[-4.809494403763022,37.924867562995814],[-4.809700747682104,37.92454339454558],[-4.810567771051631,37.92420294073842],[-4.811341961621377,37.92426830531024],[-4.811265846469012,37.923456269167225],[-4.811608696582029,37.92318651037866],[-4.812542119824112,37.9233331732104],[-4.812532101812047,37.92298174924795],[-4.812692058526478,37.92287386457135],[-4.813353924651421,37.92297477708724],[-4.813568330950153,37.92341737794769],[-4.813305056299953,37.92373260648154],[-4.812256783448829,37.92387377999107],[-4.812210588483655,37.924027049285634],[-4.8125836884655655,37.92465077649508],[-4.812501511481688,37.92520067826267],[-4.813865001369381,37.92588109109032],[-4.815715997080295,37.92708609852813],[-4.81532773533304,37.9273106077834],[-4.813585067462209,37.92739587225684],[-4.813447804886819,37.927530837232304],[-4.81338764111898,37.9282252433916],[-4.81348958283573,37.92836080700603],[-4.81449099776499,37.92853499106388],[-4.81571660613806,37.92948567372414],[-4.816864454543479,37.93005708442059],[-4.816760991080646,37.930246200798344],[-4.815051713588928,37.930503018904176],[-4.814515247786102,37.93074506071945],[-4.814491732586916,37.930916477915495],[-4.815875587282108,37.93214711916834],[-4.8165692115472725,37.93240158042607],[-4.81748134292045,37.933321314308],[-4.818330051437954,37.93342580470395],[-4.818828257094535,37.93409471798391],[-4.820148359252319,37.934305823392926],[-4.820250069203717,37.934477444131964],[-4.819871067290411,37.9352071632809],[-4.819437651725386,37.93532323861201],[-4.819208930772573,37.93556618773733],[-4.81927575105667,37.93589105647375],[-4.8209469777095695,37.93658120709787],[-4.822660442248793,37.93914694226235],[-4.822682329700705,37.939570876905165],[-4.823294513600511,37.94083425257626],[-4.8235356079480445,37.94378991149929],[-4.824981661095201,37.94759097662911],[-4.82609086218046,37.94831722485626],[-4.826357194695913,37.94894355610301],[-4.826213890950209,37.94976623798638],[-4.825040725325125,37.95039763015936],[-4.8251339911128746,37.95108113478168],[-4.825616419658099,37.951380801223856],[-4.825516099400444,37.952426444756625],[-4.825877992899162,37.953342039304324],[-4.8266404820140165,37.95377208709236],[-4.826817908265768,37.95423512750161],[-4.8279189939707825,37.954856836105556],[-4.828548454270133,37.954745694609386],[-4.828869856207451,37.95485435203558],[-4.829294045176187,37.955695159952626],[-4.829299252709861,37.95812735410798],[-4.829720863513761,37.95877119609851],[-4.830160401995734,37.960956373494085],[-4.829899869003776,37.96234851878405],[-4.830164597128112,37.96309815587332],[-4.830729374235461,37.964308845738444],[-4.832223003058362,37.965122436941066],[-4.833088150745549,37.966323857703],[-4.833248791976235,37.96729975486245],[-4.832981156005327,37.967693687323134],[-4.833944821929726,37.96829510430964],[-4.834052054723512,37.969009088222705],[-4.834665375890476,37.969913661548595],[-4.834594021809162,37.970289734132855],[-4.834863403206664,37.97058068328848],[-4.835580002783525,37.97222956695064],[-4.8359072689230285,37.97241596102102],[-4.837996371184828,37.97249507176375],[-4.839241286149949,37.97309895269873],[-4.8401563083017205,37.97324853614879],[-4.842259358704953,37.97285491250273],[-4.842621916058694,37.97290386435997],[-4.843645799649856,37.973511271998696],[-4.845335592683031,37.97353161608427],[-4.845971784058833,37.97456023952397],[-4.848895203827302,37.977579153399304],[-4.851468842980315,37.97916990203459],[-4.851732132003568,37.9797378625154],[-4.854025335989496,37.98169323890326],[-4.854630571420585,37.981723968647785],[-4.855254936475665,37.98091593423345],[-4.85546468411135,37.980877304959456],[-4.85655929386149,37.98126902337831],[-4.8567678862637065,37.98145029291376],[-4.856983154945151,37.98218521206989],[-4.85755523086415,37.982643103518264],[-4.857887558111933,37.98258044180888],[-4.858177807373509,37.982247005335225],[-4.859104289333352,37.9824800118974],[-4.859510087991576,37.9824243944557],[-4.859918547459702,37.98214921601026],[-4.859932980691368,37.981628193054874],[-4.860191015468531,37.98142135869837],[-4.86039312742432,37.98065079196437],[-4.860710754640768,37.980430017893575],[-4.861731525569488,37.98042885594912],[-4.861962902840585,37.980299729179904],[-4.862670980100349,37.979219729118995],[-4.863326113352214,37.978846104821024],[-4.863402425235609,37.977968929416384],[-4.863860694489595,37.97751182099288],[-4.863504904144923,37.97692961392181],[-4.863606109243119,37.97672991890872],[-4.864201077828849,37.976488021484364],[-4.864843764024132,37.975776874085966],[-4.864774753647378,37.97468378148482],[-4.865216123794234,37.974382185580836],[-4.865083463288039,37.973646669929444],[-4.8646458400142105,37.97316094127198],[-4.864727404347068,37.971920503403545],[-4.864998878819207,37.97164039434193],[-4.866816944088422,37.97156258002095],[-4.867179637986088,37.97286226162128],[-4.867057738398658,37.97456134703554],[-4.868769170948713,37.97701460272756],[-4.871442158382256,37.978617110079405],[-4.869785540132522,37.97969507620324],[-4.867808360768588,37.97992484434058],[-4.866976786716821,37.98089894418113],[-4.865455927262704,37.98138470943114],[-4.86477062678698,37.982180822134794],[-4.864184979120632,37.98243343061125],[-4.863529899767693,37.982642061977316],[-4.861769005978085,37.982796105091424],[-4.860895656672331,37.983080415605244],[-4.860638533685187,37.983288350541294],[-4.860370165587312,37.98438301851759],[-4.860128193585782,37.98472027076922],[-4.857897807889316,37.98612528960302],[-4.856293867746174,37.98691989308596],[-4.855691325464282,37.987407009705514],[-4.854695587887611,37.98765706696208],[-4.8531173368666325,37.98773512476417],[-4.851569716600182,37.988496042914655],[-4.850952119452468,37.98838859992196],[-4.847982659229059,37.98666897095984],[-4.847101731735592,37.98650256346096],[-4.846283602768683,37.98656948334369],[-4.843790314324548,37.987491739284565],[-4.84181375210322,37.98904572601652],[-4.841193120446476,37.989271711843614],[-4.840183272133298,37.98941368052841],[-4.83808645154657,37.98934736007111],[-4.835975492375591,37.988713434716274],[-4.833871576894721,37.98881834687695],[-4.833166710213782,37.98840580276227],[-4.832349783192723,37.98714785867435],[-4.831837341933839,37.98668720506678],[-4.830949730974666,37.98625043486638],[-4.823753027196274,37.9862270675421],[-4.823351763233565,37.98611616681611],[-4.822828672446991,37.985682690466916],[-4.82241732669189,37.98562598156051],[-4.82174000235756,37.98586174645381],[-4.820822673332109,37.98698439544974],[-4.820218974918486,37.98743532276572],[-4.819149872830863,37.987947521059745],[-4.815564659701014,37.988471556968],[-4.815217490488086,37.98917079408389],[-4.815288818518284,37.989510322442676],[-4.815451330939724,37.989879114288385],[-4.816379435256958,37.990576714606554],[-4.8167150359656326,37.99125644346676],[-4.816157911606224,37.99359912453465],[-4.816832248143908,37.99508464336599],[-4.816469145512829,37.99652313431385],[-4.81687037084793,37.99709367460024],[-4.816972368260266,37.99753369961516],[-4.8165895664732705,37.99909864131061],[-4.8166589451593005,37.99960223522351],[-4.816906897245709,37.99995888994696],[-4.817636770329216,38.00046128447092],[-4.817753199176556,38.0010272318851],[-4.817418107812636,38.00129374811117],[-4.814632193164741,38.00239113246854],[-4.812398328293216,38.0027860650659],[-4.811382150450556,38.003144154693125],[-4.809776473863925,38.00453865468954],[-4.80695486106494,38.004194570149465],[-4.806071152387325,38.00391974800457],[-4.804195032594557,38.00265085397829],[-4.8035051444226555,38.00238208319826],[-4.802847714178612,38.00250928961709],[-4.8019010839052365,38.00431714627133],[-4.80164277154867,38.00446531906667],[-4.800733976518445,38.00456033577322],[-4.79961861927851,38.00412679923858],[-4.798547638813655,38.00457577725938],[-4.798417603184681,38.004848111027904],[-4.798503903435735,38.005117136082724],[-4.799298942106585,38.00549248252641],[-4.800642391478599,38.005471920796474],[-4.800803799870539,38.006019182626176],[-4.800533512971196,38.00660908360498],[-4.798410448103466,38.007353497998594],[-4.798245613537029,38.0075993465764],[-4.798437932957893,38.00801091214016],[-4.799071206605622,38.008758243997846],[-4.8002208435567955,38.00965984159654],[-4.802024436068473,38.01029010645617],[-4.802478301780954,38.01067966126958],[-4.802646524792642,38.01150620871664],[-4.80253885721426,38.011760152273546],[-4.801612128217681,38.01199051571862],[-4.800025327031829,38.01136607770544],[-4.7995811020389985,38.01144496597211],[-4.799347449335287,38.011673854708505],[-4.79879397752581,38.01372794968469],[-4.79884378821,38.01436704405437],[-4.799486595677858,38.01550171143257],[-4.799709411105986,38.0162282794062],[-4.79965363830326,38.016742804603076],[-4.79949539467606,38.017258898023876],[-4.798519517053686,38.01834620349369],[-4.798309926623161,38.01955699319909],[-4.798741655152068,38.020442561964],[-4.800382649004086,38.02093111969094],[-4.800572498956228,38.02124362627327],[-4.799798868935238,38.021751126582394],[-4.797490580439051,38.022390210435226],[-4.794482707355758,38.022373072179846],[-4.791834367896977,38.02027768397395],[-4.788806125514633,38.01942261839796],[-4.78813061847213,38.01834246610357],[-4.7867707236422214,38.0186334858584],[-4.785865992590331,38.01702504934882],[-4.783471908696291,38.01365496509696],[-4.783192337708513,38.012929298776335],[-4.78105783459224,38.01133049444052],[-4.780587366216705,38.01071579125551],[-4.7789004235379196,38.01255273413086],[-4.776936805141502,38.01095126388154],[-4.776161369506779,38.011386585407195],[-4.774639198512367,38.01013882551955],[-4.774122551341305,38.009497775465334],[-4.774048363973579,38.00830935104387],[-4.772767431057136,38.0076167041682],[-4.772531538853394,38.00727786055579],[-4.772552427378701,38.00672781011991],[-4.771882936353661,38.0049355562414],[-4.769695268243937,38.0039501414154],[-4.768411589177633,38.00314035919192],[-4.7645856095853585,38.002215559153534],[-4.758219278811214,38.00174317244511],[-4.753827599541773,38.00097065305501],[-4.7519115846689095,38.000854997884964],[-4.750261565443254,37.999951363739804],[-4.749081240245337,37.99964450378892],[-4.747874801022131,37.99958909969077]]]},"properties":{"cusec":"1402101005","rent_m2":3.789473684210526,"rent_norm":0,"detail":"3,79 €/m²·mes"}},{"type":"Feature","geometry":{"type":"Polygon","coordinates":[[[-4.778502679174505,37.89098110540674],[-4.779730583641422,37.89068782839584],[-4.78079049147212,37.892291986980936],[-4.777861959391369,37.89359924325279],[-4.777615008926524,37.8920497300073],[-4.778959023338845,37.89188635359118],[-4.778502679174505,37.89098110540674]]]},"properties":{"cusec":"1402101006","rent_m2":5.981308411214953,"rent_norm":0.32,"detail":"5,98 €/m²·mes"}},{"type":"Feature","geometry":{"type":"Polygon","coordinates":[[[-4.771979085733459,37.892557771439456],[-4.772358365226202,37.89314334527436],[-4.7723214435697,37.893313779651734],[-4.771035224067805,37.894512072821534],[-4.7710313774817665,37.894665541528674],[-4.77180997788123,37.89547436663909],[-4.772900718587404,37.8958179583813],[-4.76814576421034,37.898206968014236],[-4.763869080077071,37.89998236060916],[-4.76957605911078,37.89340067361871],[-4.771979085733459,37.892557771439456]]]},"properties":{"cusec":"1402101007","rent_m2":6.387598670544246,"rent_norm":0.38,"detail":"6,39 €/m²·mes"}},{"type":"Feature","geometry":{"type":"Polygon","coordinates":[[[-4.77865062541361,37.89649498022179],[-4.778205191288385,37.89668863252791],[-4.778303527167585,37.89714531453974],[-4.778144574769643,37.89731703405215],[-4.774326944119592,37.896230231477965],[-4.774207637070085,37.89596824643396],[-4.776719087652636,37.894900522299075],[-4.777657841497561,37.89625367563956],[-4.778518573066816,37.89588539047647],[-4.77865062541361,37.89649498022179]]]},"properties":{"cusec":"1402101009","rent_m2":6.359166666666667,"rent_norm":0.38,"detail":"6,36 €/m²·mes"}},{"type":"Feature","geometry":{"type":"Polygon","coordinates":[[[-4.77865062541361,37.89649498022179],[-4.780541897090287,37.896225951244716],[-4.780446337005317,37.893628044758756],[-4.78146765680463,37.893184604669045],[-4.782335740186199,37.89429309780324],[-4.783110836257719,37.8946744835633],[-4.78177964260114,37.895194889109476],[-4.781771769765977,37.896544739331134],[-4.778340950084035,37.897212924763835],[-4.778205191288385,37.89668863252791],[-4.77865062541361,37.89649498022179]]]},"properties":{"cusec":"1402101010","rent_m2":7.351368393076189,"rent_norm":0.52,"detail":"7,35 €/m²·mes"}},{"type":"Feature","geometry":{"type":"Polygon","coordinates":[[[-4.78086226596501,37.899347094628695],[-4.78091407989226,37.899604469336154],[-4.778183641603047,37.89733855895131],[-4.77824794390938,37.897255194856776],[-4.780500778504779,37.89668969938957],[-4.780494587315849,37.89756469229261],[-4.78086226596501,37.899347094628695]]]},"properties":{"cusec":"1402101011","rent_m2":6.172839506172839,"rent_norm":0.35,"detail":"6,17 €/m²·mes"}},{"type":"Feature","geometry":{"type":"Polygon","coordinates":[[[-4.770595828417936,37.89693018449969],[-4.7733591989454744,37.897695509126265],[-4.772834298951945,37.898577066167405],[-4.7772044339259,37.8997426999384],[-4.778777057001629,37.89979360731311],[-4.779022128190913,37.900582875162215],[-4.780918458280979,37.89961096523822],[-4.781195389120121,37.90000857020252],[-4.77948942281857,37.90105439234564],[-4.773513075862082,37.9034452088973],[-4.77169728782211,37.902402762120964],[-4.771325246055614,37.90243523188472],[-4.770835492647524,37.90274252012044],[-4.7705923600226425,37.903793570579104],[-4.769046903797735,37.905190977871385],[-4.767457322326065,37.90486569990027],[-4.765518333039801,37.90421892183152],[-4.763005209794189,37.905554683742345],[-4.762525203106973,37.90556187373612],[-4.7608771287339,37.90503140922345],[-4.760251110778694,37.90511341496066],[-4.7593157759217215,37.905837537594586],[-4.759120711249362,37.90635801305919],[-4.757469888031505,37.90741883195445],[-4.754693947378182,37.90684932916955],[-4.759156043786099,37.9051782904166],[-4.763869080077071,37.89998236060916],[-4.76814576421034,37.898206968014236],[-4.770595828417936,37.89693018449969]]]},"properties":{"cusec":"1402101012","rent_m2":8.259740556247406,"rent_norm":0.66,"detail":"8,26 €/m²·mes"}},{"type":"Feature","geometry":{"type":"Polygon","coordinates":[[[-4.775485384560554,37.899279934360166],[-4.775624259611902,37.898903669851414],[-4.775303120880967,37.89881313814281],[-4.776229641468386,37.89672763499529],[-4.77750757311346,37.897122011019185],[-4.776465920845976,37.899522473763625],[-4.775485384560554,37.899279934360166]]]},"properties":{"cusec":"1402101013","rent_m2":7.64285714285714,"rent_norm":0.57,"detail":"7,64 €/m²·mes"}},{"type":"Feature","geometry":{"type":"Polygon","coordinates":[[[-4.773368374337794,37.897680099741464],[-4.775090389940222,37.89844273636635],[-4.77532467505789,37.89792416564383],[-4.775658487220842,37.898017372995035],[-4.775303120880967,37.89881313814281],[-4.775624259611902,37.898903669851414],[-4.775485384560554,37.899279934360166],[-4.772899972985713,37.89859250726312],[-4.773368374337794,37.897680099741464]]]},"properties":{"cusec":"1402101014","rent_m2":6.189896413110699,"rent_norm":0.35,"detail":"6,19 €/m²·mes"}},{"type":"Feature","geometry":{"type":"Polygon","coordinates":[[[-4.781771769765977,37.896544739331134],[-4.78177964260114,37.895194889109476],[-4.783110836257719,37.8946744835633],[-4.784050075192943,37.89502919733595],[-4.784981683838122,37.89635616436403],[-4.783380572489774,37.89702685596367],[-4.781764756618571,37.89743924350644],[-4.781771769765977,37.896544739331134]]]},"properties":{"cusec":"1402101015","rent_m2":5.913978494623656,"rent_norm":0.31,"detail":"5,91 €/m²·mes"}},{"type":"Feature","geometry":{"type":"Polygon","coordinates":[[[-4.778298267531613,37.91145047941754],[-4.778791070720049,37.911312204894216],[-4.78090252037121,37.911341025692096],[-4.78231896324994,37.91073501899624],[-4.780040852757411,37.90889321484966],[-4.780434831383126,37.90829981253873],[-4.782533635450013,37.90963695969304],[-4.784767161656698,37.910652244867414],[-4.785427815954291,37.910692551109946],[-4.785200663459976,37.913012223565495],[-4.785429577550566,37.91750099047084],[-4.785159500857044,37.918530386535444],[-4.78577543971475,37.91910760552299],[-4.786284318255213,37.91998688284651],[-4.787117656598179,37.920715779227265],[-4.787847136219623,37.92162984917083],[-4.788155853046796,37.92330206117638],[-4.787142481541067,37.92307988593584],[-4.782875377041978,37.91889083251489],[-4.781184158382442,37.91765747697223],[-4.782032270418607,37.91688161984689],[-4.781248237906595,37.91632123318352],[-4.780727270737359,37.91569734532479],[-4.779294077871816,37.91316521995969],[-4.7785327969910245,37.9125472423267],[-4.778298267531613,37.91145047941754]]]},"properties":{"cusec":"1402101016","rent_m2":6.149193548387096,"rent_norm":0.35,"detail":"6,15 €/m²·mes"}},{"type":"Feature","geometry":{"type":"Polygon","coordinates":[[[-4.776980163227007,37.9066673736954],[-4.778482185907921,37.90711117129174],[-4.780434831383126,37.90829981253873],[-4.779482630656717,37.909394812963036],[-4.778998469261291,37.909285297352554],[-4.778667881151888,37.90974865135873],[-4.777595954761023,37.910006130730125],[-4.777354929583766,37.90939597532252],[-4.777116148398092,37.90947826678511],[-4.776603836496625,37.90794805166712],[-4.777027296931648,37.907786670290804],[-4.776980163227007,37.9066673736954]]]},"properties":{"cusec":"1402101017","rent_m2":6.461538461538461,"rent_norm":0.39,"detail":"6,46 €/m²·mes"}},{"type":"Feature","geometry":{"type":"Polygon","coordinates":[[[-4.785939390338943,37.90832813271029],[-4.78539789037725,37.90897002745202],[-4.785520883214381,37.910198520642474],[-4.785427815954291,37.910692551109946],[-4.784767161656698,37.910652244867414],[-4.781717143213548,37.90922489990346],[-4.778482185907921,37.90711117129174],[-4.776980163227007,37.9066673736954],[-4.776257903365535,37.90502655395811],[-4.774477077756396,37.90419695948491],[-4.773918989504668,37.90336116984043],[-4.77948942281857,37.90105439234564],[-4.780384637118344,37.90123405656942],[-4.7812208060527635,37.902163684189304],[-4.781543002999113,37.9021083085975],[-4.781534188729525,37.90238431286963],[-4.782564542885681,37.901618360064255],[-4.7833015234397225,37.90140516899669],[-4.783258644156271,37.901297148475436],[-4.786211050762314,37.90057077879501],[-4.7874308685950595,37.90004005360022],[-4.789542473654717,37.90308196538091],[-4.78884750101831,37.90514786674164],[-4.788026049183171,37.90651947128241],[-4.7869844166786235,37.90756358064429],[-4.785939390338943,37.90832813271029]]]},"properties":{"cusec":"1402101018","rent_m2":9.114195402298849,"rent_norm":0.78,"detail":"9,11 €/m²·mes"}},{"type":"Feature","geometry":{"type":"Polygon","coordinates":[[[-4.773826922967845,37.89191191243925],[-4.77564366322204,37.891890303718],[-4.775322555932137,37.89399164047215],[-4.774756527471632,37.89507409371646],[-4.7730813069089715,37.895757543498604],[-4.7722377610094195,37.894014453713325],[-4.771824747981141,37.893752477797065],[-4.772356154472279,37.89321120942004],[-4.771979085733459,37.892557771439456],[-4.773826922967845,37.89191191243925]]]},"properties":{"cusec":"1402101020","rent_m2":7.018192219679634,"rent_norm":0.47,"detail":"7,02 €/m²·mes"}},{"type":"Feature","geometry":{"type":"Polygon","coordinates":[[[-4.776465920845976,37.899522473763625],[-4.777079047976867,37.89816278807943],[-4.777777017393058,37.898402349692],[-4.7784698062249875,37.89839913713081],[-4.778777057001629,37.89979360731311],[-4.777488450676013,37.89979086832324],[-4.776465920845976,37.899522473763625]]]},"properties":{"cusec":"1402101021","rent_m2":6.191861866203972,"rent_norm":0.35,"detail":"6,19 €/m²·mes"}},{"type":"Feature","geometry":{"type":"Polygon","coordinates":[[[-4.773976216679862,37.89803272559999],[-4.7740249493857005,37.8979318455008],[-4.773422546342693,37.897707807284675],[-4.770595828417936,37.89693018449969],[-4.773954017512556,37.895401481381214],[-4.774325147489031,37.89623084324365],[-4.776214000900955,37.89672296916143],[-4.775659261568607,37.898017589907866],[-4.77532467505789,37.89792416564383],[-4.775090389940222,37.89844273636635],[-4.773976216679862,37.89803272559999]]]},"properties":{"cusec":"1402101022","rent_m2":6.618808567603748,"rent_norm":0.42,"detail":"6,62 €/m²·mes"}},{"type":"Feature","geometry":{"type":"Polygon","coordinates":[[[-4.781764756618571,37.89743924350644],[-4.783380572489774,37.89702685596367],[-4.784981683838122,37.89635616436403],[-4.785902357291333,37.89767254674577],[-4.78257404256982,37.899281391053535],[-4.781949837414856,37.89876587362114],[-4.781764756618571,37.89743924350644]]]},"properties":{"cusec":"1402101023","rent_m2":6.9926236044657095,"rent_norm":0.47,"detail":"6,99 €/m²·mes"}},{"type":"Feature","geometry":{"type":"Polygon","coordinates":[[[-4.77948942281857,37.90105439234564],[-4.781404865464616,37.89988014984006],[-4.7857473035817275,37.897745805454946],[-4.787434423228641,37.90003850618959],[-4.786211050762314,37.90057077879501],[-4.783258644156271,37.901297148475436],[-4.783376473477151,37.90138779479486],[-4.782625381288306,37.90159042078779],[-4.781534188729525,37.90238431286963],[-4.781543002999113,37.9021083085975],[-4.781040622871386,37.90199587311574],[-4.780384637118344,37.90123405656942],[-4.77948942281857,37.90105439234564]]]},"properties":{"cusec":"1402101024","rent_m2":6.711289173789173,"rent_norm":0.43,"detail":"6,71 €/m²·mes"}},{"type":"Feature","geometry":{"type":"Polygon","coordinates":[[[-4.7722377610094195,37.894014453713325],[-4.7730813069089715,37.895757543498604],[-4.772918399228843,37.8958240044746],[-4.77180997788123,37.89547436663909],[-4.7710313774817665,37.894665541528674],[-4.771824747981141,37.893752477797065],[-4.7722377610094195,37.894014453713325]]]},"properties":{"cusec":"1402101025","rent_m2":6.735932130584192,"rent_norm":0.43,"detail":"6,74 €/m²·mes"}},{"type":"Feature","geometry":{"type":"Polygon","coordinates":[[[-4.775322555932137,37.89399164047215],[-4.77564366322204,37.891890303718],[-4.777650414226792,37.8919552269852],[-4.777940274517858,37.89157444532217],[-4.777877830825819,37.89094653498263],[-4.778502679174505,37.89098110540674],[-4.778959023338845,37.89188635359118],[-4.777615008926524,37.8920497300073],[-4.777978616410805,37.89427121968944],[-4.774207637070085,37.89596824643396],[-4.773954017512556,37.895401481381214],[-4.774756527471632,37.89507409371646],[-4.775322555932137,37.89399164047215]]]},"properties":{"cusec":"1402101026","rent_m2":6.962025316455697,"rent_norm":0.47,"detail":"6,96 €/m²·mes"}},{"type":"Feature","geometry":{"type":"Polygon","coordinates":[[[-4.780010398970978,37.908875604272076],[-4.78231896324994,37.91073501899624],[-4.78090252037121,37.911341025692096],[-4.778791070720049,37.911312204894216],[-4.778178593969457,37.91148182042547],[-4.777595954761023,37.910006130730125],[-4.778667881151888,37.90974865135873],[-4.778998469261291,37.909285297352554],[-4.779482630656717,37.909394812963036],[-4.780010398970978,37.908875604272076]]]},"properties":{"cusec":"1402101027","rent_m2":6.122448979591837,"rent_norm":0.34,"detail":"6,12 €/m²·mes"}},{"type":"Feature","geometry":{"type":"Polygon","coordinates":[[[-4.77549958333191,37.890497286010465],[-4.777239771852553,37.89020207733587],[-4.776893027542785,37.88942045194333],[-4.7763003577458605,37.888921516631854],[-4.776231939358894,37.888764343715565],[-4.776431394098036,37.88870570748412],[-4.7784304905582875,37.889140106361396],[-4.77950643780836,37.88919394548898],[-4.779278665476515,37.88953049479675],[-4.779730583641422,37.89068782839584],[-4.7782083650362965,37.89106147356906],[-4.777877830825819,37.89094653498263],[-4.777940274517858,37.89157444532217],[-4.777650414226792,37.8919552269852],[-4.775292286300341,37.89187557226766],[-4.77536876616866,37.891601080429965],[-4.775888614037079,37.89138209108137],[-4.77549958333191,37.890497286010465]]]},"properties":{"cusec":"1402101028","rent_m2":8.015523774599682,"rent_norm":0.62,"detail":"8,02 €/m²·mes"}},{"type":"Feature","geometry":{"type":"Polygon","coordinates":[[[-4.779246159937944,37.898152215372264],[-4.780920320488562,37.89960990338083],[-4.779022128190913,37.900582875162215],[-4.778473086872421,37.89839867424409],[-4.779246159937944,37.898152215372264]]]},"properties":{"cusec":"1402101029","rent_m2":6.840610047846891,"rent_norm":0.45,"detail":"6,84 €/m²·mes"}},{"type":"Feature","geometry":{"type":"Polygon","coordinates":[[[-4.77865062541361,37.89649498022179],[-4.778518573066816,37.89588539047647],[-4.777657841497561,37.89625367563956],[-4.776724935685106,37.894897599523226],[-4.777978616410805,37.89427121968944],[-4.777858620353458,37.89360073266837],[-4.78079049147212,37.892291986980936],[-4.78146765680463,37.893184604669045],[-4.780446337005317,37.893628044758756],[-4.780541897090287,37.896225951244716],[-4.77865062541361,37.89649498022179]]]},"properties":{"cusec":"1402101030","rent_m2":7.071428571428572,"rent_norm":0.48,"detail":"7,07 €/m²·mes"}},{"type":"Feature","geometry":{"type":"Polygon","coordinates":[[[-4.768643403928284,37.90516883507178],[-4.769198086666781,37.905134997827425],[-4.7705923600226425,37.903793570579104],[-4.770835492647524,37.90274252012044],[-4.771325246055614,37.90243523188472],[-4.77169728782211,37.902402762120964],[-4.773252238341241,37.90340436282163],[-4.773875639504003,37.90330667407958],[-4.774477077756396,37.90419695948491],[-4.776394035860311,37.905201385835475],[-4.776627198083907,37.90603420531202],[-4.776991079554335,37.906518103330214],[-4.777027296931648,37.907786670290804],[-4.776603836496625,37.90794805166712],[-4.777116148398092,37.90947826678511],[-4.777354929583766,37.90939597532252],[-4.777907825573137,37.910919080003616],[-4.77680585772254,37.91181703392805],[-4.775761643459868,37.91198184806133],[-4.774684026241657,37.91243461726449],[-4.773761396257767,37.91094734884643],[-4.7702915735227815,37.90914707616924],[-4.769406132893328,37.90808507799304],[-4.769286625519503,37.90732048158368],[-4.769598711927287,37.90638603487096],[-4.770486569024865,37.90558665737829],[-4.771237943284698,37.90524297585812],[-4.7708900176903475,37.90515388867827],[-4.769341111036421,37.905334390612616],[-4.768643403928284,37.90516883507178]]]},"properties":{"cusec":"1402101031","rent_m2":8.055555555555555,"rent_norm":0.63,"detail":"8,06 €/m²·mes"}},{"type":"Feature","geometry":{"type":"Polygon","coordinates":[[[-4.768161753324078,37.89032812191264],[-4.767326046123698,37.88931708297322],[-4.769414979502245,37.888062495274156],[-4.770062619007989,37.88809801209732],[-4.771147070608884,37.88756495238661],[-4.771474069948716,37.88787146612655],[-4.7711738170481635,37.88805335818098],[-4.771575355895317,37.88911553837369],[-4.771322107341989,37.88936896456419],[-4.769532722584838,37.890118637101054],[-4.768161753324078,37.89032812191264]]]},"properties":{"cusec":"1402102001","rent_m2":7.529021156330749,"rent_norm":0.55,"detail":"7,53 €/m²·mes"}},{"type":"Feature","geometry":{"type":"Polygon","coordinates":[[[-4.765572128650583,37.89428957881729],[-4.76678801635396,37.89378762253538],[-4.767075464668453,37.89421139121711],[-4.7672954764545725,37.894141940760335],[-4.7682332960516165,37.894961573763794],[-4.767376810818706,37.89595034779135],[-4.76627525709147,37.89546148965332],[-4.765572128650583,37.89428957881729]]]},"properties":{"cusec":"1402102002","rent_m2":6.992647058823529,"rent_norm":0.47,"detail":"6,99 €/m²·mes"}},{"type":"Feature","geometry":{"type":"Polygon","coordinates":[[[-4.763423421373039,37.89100281293649],[-4.763053528376701,37.889672866836655],[-4.764559368897578,37.88940796807388],[-4.764804580224076,37.89026097468345],[-4.766022480153652,37.889629359532435],[-4.766268414623946,37.88995703655558],[-4.765088574516295,37.89068280487538],[-4.765173375479128,37.890842033151],[-4.764067121766278,37.891324534508016],[-4.763423421373039,37.89100281293649]]]},"properties":{"cusec":"1402102003","rent_m2":6.587323782829856,"rent_norm":0.41,"detail":"6,59 €/m²·mes"}},{"type":"Feature","geometry":{"type":"Polygon","coordinates":[[[-4.768369884890584,37.89036419770484],[-4.769532722584838,37.890118637101054],[-4.771345850713272,37.889392659042805],[-4.771884017925267,37.890570163362945],[-4.771568875448857,37.89180919492469],[-4.771193989616184,37.89190568241322],[-4.770534400720482,37.8924149654483],[-4.769549996289425,37.89110030391171],[-4.767589632489291,37.89157585396093],[-4.768099441684413,37.89046255939279],[-4.768369884890584,37.89036419770484]]]},"properties":{"cusec":"1402102004","rent_m2":8.100343053173242,"rent_norm":0.63,"detail":"8,10 €/m²·mes"}},{"type":"Feature","geometry":{"type":"Polygon","coordinates":[[[-4.753771048797993,37.894716106473034],[-4.7532152234024885,37.89390534480966],[-4.752867883509678,37.893961863655946],[-4.752552278400897,37.89349994361563],[-4.754107184902604,37.892757598837434],[-4.755080590361299,37.89415897285485],[-4.753771048797993,37.894716106473034]]]},"properties":{"cusec":"1402102005","rent_m2":5.623894916616436,"rent_norm":0.27,"detail":"5,62 €/m²·mes"}},{"type":"Feature","geometry":{"type":"Polygon","coordinates":[[[-4.771568875448857,37.89180919492469],[-4.771979474703969,37.89255762965588],[-4.769695674282425,37.89332390502235],[-4.768604259839795,37.892647119152],[-4.765804359321222,37.8915993293798],[-4.7651238657305655,37.89074067317308],[-4.767326046123698,37.88931708297322],[-4.768369884890584,37.89036419770484],[-4.768099441684413,37.89046255939279],[-4.767559708708879,37.89154604568367],[-4.769549996289425,37.89110030391171],[-4.770452855252263,37.89237048712658],[-4.771568875448857,37.89180919492469]]]},"properties":{"cusec":"1402102006","rent_m2":6.631578947368421,"rent_norm":0.42,"detail":"6,63 €/m²·mes"}},{"type":"Feature","geometry":{"type":"Polygon","coordinates":[[[-4.765958459019977,37.895027701569276],[-4.763492292510943,37.89594084376559],[-4.763576032563404,37.89541209843472],[-4.764491390685089,37.89510197379284],[-4.764383317966516,37.894860382503595],[-4.764809960234293,37.89458215951996],[-4.764510551750111,37.894079440326394],[-4.7652389776476936,37.8937662731155],[-4.765958459019977,37.895027701569276]]]},"properties":{"cusec":"1402102007","rent_m2":6.8083250249252245,"rent_norm":0.44,"detail":"6,81 €/m²·mes"}},{"type":"Feature","geometry":{"type":"Polygon","coordinates":[[[-4.7567780271592435,37.8988714905787],[-4.756935839595102,37.89800230960398],[-4.7603258910345385,37.898380365761405],[-4.758594435935111,37.89983763174015],[-4.757778020953763,37.89914105924883],[-4.7567780271592435,37.8988714905787]]]},"properties":{"cusec":"1402102008","rent_m2":5.294117647058823,"rent_norm":0.22,"detail":"5,29 €/m²·mes"}},{"type":"Feature","geometry":{"type":"Polygon","coordinates":[[[-4.76678801635396,37.89378762253538],[-4.765802987593753,37.89236086992036],[-4.766657449820667,37.891950234743874],[-4.768604259839795,37.892647119152],[-4.769695674282425,37.89332390502235],[-4.7682332960516165,37.894961573763794],[-4.7672954764545725,37.894141940760335],[-4.767075464668453,37.89421139121711],[-4.76678801635396,37.89378762253538]]]},"properties":{"cusec":"1402102009","rent_m2":7.397600129420927,"rent_norm":0.53,"detail":"7,40 €/m²·mes"}},{"type":"Feature","geometry":{"type":"Polygon","coordinates":[[[-4.765996318517649,37.895084373383796],[-4.76627525709147,37.89546148965332],[-4.767349827224226,37.89598139979621],[-4.766049412544198,37.89753122087325],[-4.763303906812702,37.897228319360124],[-4.763476920539778,37.89602966208869],[-4.765996318517649,37.895084373383796]]]},"properties":{"cusec":"1402102010","rent_m2":5.6818181818181825,"rent_norm":0.28,"detail":"5,68 €/m²·mes"}},{"type":"Feature","geometry":{"type":"Polygon","coordinates":[[[-4.761473094449575,37.89519468140398],[-4.760069522632223,37.893015577894964],[-4.765173375479128,37.890842033151],[-4.765670743905847,37.89150443586911],[-4.766657449820667,37.891950234743874],[-4.764260608098705,37.89300904950972],[-4.763763867594356,37.89414858743184],[-4.762732099489936,37.89439135428709],[-4.762852117106847,37.89466492833216],[-4.761473094449575,37.89519468140398]]]},"properties":{"cusec":"1402102011","rent_m2":6.494252873563219,"rent_norm":0.4,"detail":"6,49 €/m²·mes"}},{"type":"Feature","geometry":{"type":"Polygon","coordinates":[[[-4.761088515794987,37.896966136547825],[-4.761473094449575,37.89519468140398],[-4.762852117106847,37.89466492833216],[-4.762732099489936,37.89439135428709],[-4.763763867594356,37.89414858743184],[-4.763303906812702,37.897228319360124],[-4.761088515794987,37.896966136547825]]]},"properties":{"cusec":"1402102012","rent_m2":6.825396825396825,"rent_norm":0.45,"detail":"6,83 €/m²·mes"}},{"type":"Feature","geometry":{"type":"Polygon","coordinates":[[[-4.763350686581119,37.88717551914664],[-4.7648393971278455,37.8858454854804],[-4.76534082234639,37.88738776525368],[-4.765419291084783,37.88822521942522],[-4.764309508789501,37.88853743964498],[-4.763849120409763,37.88734829629971],[-4.763350686581119,37.88717551914664]]]},"properties":{"cusec":"1402102013","rent_m2":6.060606060606061,"rent_norm":0.33,"detail":"6,06 €/m²·mes"}},{"type":"Feature","geometry":{"type":"Polygon","coordinates":[[[-4.762673426027183,37.890876176136885],[-4.762280062747413,37.889287117812565],[-4.761419671639623,37.890129179768664],[-4.760879580236312,37.88957979496264],[-4.762595232173268,37.88795942428862],[-4.763423421373039,37.89100281293649],[-4.762673426027183,37.890876176136885]]]},"properties":{"cusec":"1402102014","rent_m2":7.563559322033899,"rent_norm":0.55,"detail":"7,56 €/m²·mes"}},{"type":"Feature","geometry":{"type":"Polygon","coordinates":[[[-4.761335357563683,37.89247101684349],[-4.760893245408426,37.89073553409973],[-4.763187904665117,37.89094443724842],[-4.764067121766278,37.891324534508016],[-4.761335357563683,37.89247101684349]]]},"properties":{"cusec":"1402102015","rent_m2":7.261764903329753,"rent_norm":0.51,"detail":"7,26 €/m²·mes"}},{"type":"Feature","geometry":{"type":"Polygon","coordinates":[[[-4.7593381700234305,37.891748796601945],[-4.758635847371372,37.891808503013735],[-4.757299488401883,37.892295815151655],[-4.757835524810029,37.89320890829269],[-4.756838433472198,37.893399980304864],[-4.755780713937563,37.89202188209437],[-4.758979290372474,37.89061169217785],[-4.7593381700234305,37.891748796601945]]]},"properties":{"cusec":"1402102016","rent_m2":7.142857142857142,"rent_norm":0.49,"detail":"7,14 €/m²·mes"}},{"type":"Feature","geometry":{"type":"Polygon","coordinates":[[[-4.753551207691789,37.89609403940921],[-4.749286256454443,37.89569333743462],[-4.7488399922859,37.89494368905429],[-4.750680445368644,37.89424220718241],[-4.750995842966597,37.89475579974214],[-4.753074937097834,37.895006208603476],[-4.754071240613143,37.89459202384155],[-4.757566196413123,37.895006692778345],[-4.757283740934965,37.89657964597072],[-4.753551207691789,37.89609403940921]]]},"properties":{"cusec":"1402102017","rent_m2":6.45521275802966,"rent_norm":0.39,"detail":"6,46 €/m²·mes"}},{"type":"Feature","geometry":{"type":"Polygon","coordinates":[[[-4.75754736772476,37.895107025367494],[-4.757633985979421,37.894619159048545],[-4.756782030950474,37.89343264331919],[-4.760069522632223,37.893015577894964],[-4.761473094449575,37.89519468140398],[-4.7613938154308,37.89548432866787],[-4.75754736772476,37.895107025367494]]]},"properties":{"cusec":"1402102018","rent_m2":7.317191213122356,"rent_norm":0.52,"detail":"7,32 €/m²·mes"}},{"type":"Feature","geometry":{"type":"Polygon","coordinates":[[[-4.750758183776697,37.90297942577219],[-4.754025676265299,37.900497826990595],[-4.754711296541258,37.90083204216326],[-4.755444953328773,37.900609397140315],[-4.756280319169355,37.900053282081366],[-4.756621323244469,37.89971437150065],[-4.756779050340371,37.89887153736327],[-4.757778020953763,37.89914105924883],[-4.75855794277499,37.89979887689104],[-4.75164348606563,37.90510052123253],[-4.751451233120084,37.904763911270216],[-4.751363440767384,37.90381827968306],[-4.750758183776697,37.90297942577219]]]},"properties":{"cusec":"1402102019","rent_m2":7.018466573165031,"rent_norm":0.47,"detail":"7,02 €/m²·mes"}},{"type":"Feature","geometry":{"type":"Polygon","coordinates":[[[-4.762961729537812,37.89721459061568],[-4.762307773977275,37.89850870225974],[-4.757012957267294,37.89801020140358],[-4.757283740934965,37.89657964597072],[-4.762961729537812,37.89721459061568]]]},"properties":{"cusec":"1402102020","rent_m2":6.25,"rent_norm":0.36,"detail":"6,25 €/m²·mes"}},{"type":"Feature","geometry":{"type":"Polygon","coordinates":[[[-4.756935839595102,37.89800230960398],[-4.7567780271592435,37.8988714905787],[-4.754885164566207,37.89869889074583],[-4.755039349604919,37.8978410893037],[-4.756935839595102,37.89800230960398]]]},"properties":{"cusec":"1402102022","rent_m2":7.117404351087772,"rent_norm":0.49,"detail":"7,12 €/m²·mes"}},{"type":"Feature","geometry":{"type":"Polygon","coordinates":[[[-4.754107184902604,37.892757598837434],[-4.755780713937563,37.89202188209437],[-4.756782030950474,37.89343264331919],[-4.755080590361299,37.89415897285485],[-4.754107184902604,37.892757598837434]]]},"properties":{"cusec":"1402102023","rent_m2":5.939560439560439,"rent_norm":0.32,"detail":"5,94 €/m²·mes"}},{"type":"Feature","geometry":{"type":"Polygon","coordinates":[[[-4.760942569205723,37.89073921843748],[-4.758979290372474,37.89061169217785],[-4.760126631229766,37.89010319139208],[-4.760879580236312,37.88957979496264],[-4.761419671639623,37.890129179768664],[-4.762280062747413,37.889287117812565],[-4.762673426027183,37.890876176136885],[-4.760942569205723,37.89073921843748]]]},"properties":{"cusec":"1402102024","rent_m2":7.142857142857142,"rent_norm":0.49,"detail":"7,14 €/m²·mes"}},{"type":"Feature","geometry":{"type":"Polygon","coordinates":[[[-4.763053528376701,37.889672866836655],[-4.7628012041898184,37.88879608076556],[-4.765179608888887,37.88838318539861],[-4.766022480153652,37.889629359532435],[-4.7648521900358105,37.890326594857115],[-4.764559368897578,37.88940796807388],[-4.763053528376701,37.889672866836655]]]},"properties":{"cusec":"1402102025","rent_m2":6.708724419141407,"rent_norm":0.43,"detail":"6,71 €/m²·mes"}},{"type":"Feature","geometry":{"type":"Polygon","coordinates":[[[-4.754897951185958,37.898627013134764],[-4.75254807338705,37.89836590781283],[-4.749514285704457,37.90105743183496],[-4.74926541284489,37.90058919305892],[-4.749827470751859,37.89965701070473],[-4.749159310131752,37.897205861551576],[-4.755049056799888,37.89778797670924],[-4.754897951185958,37.898627013134764]]]},"properties":{"cusec":"1402102026","rent_m2":6.951764349538089,"rent_norm":0.46,"detail":"6,95 €/m²·mes"}},{"type":"Feature","geometry":{"type":"Polygon","coordinates":[[[-4.749159310131752,37.897205861551576],[-4.748746603428983,37.89685592829827],[-4.747446812179739,37.89640229976795],[-4.749224352649893,37.89571721560639],[-4.753551207691789,37.89609403940921],[-4.753229771618515,37.89758781703794],[-4.749159310131752,37.897205861551576]]]},"properties":{"cusec":"1402102027","rent_m2":5.515068493150686,"rent_norm":0.25,"detail":"5,52 €/m²·mes"}},{"type":"Feature","geometry":{"type":"Polygon","coordinates":[[[-4.755049056799888,37.89778797670924],[-4.753229771618515,37.89758781703794],[-4.753502507325278,37.89614110857696],[-4.757283740934965,37.89657964597072],[-4.757012957267294,37.89801020140358],[-4.755049056799888,37.89778797670924]]]},"properties":{"cusec":"1402102028","rent_m2":6.608823529411765,"rent_norm":0.41,"detail":"6,61 €/m²·mes"}},{"type":"Feature","geometry":{"type":"Polygon","coordinates":[[[-4.7593381700234305,37.891748796601945],[-4.759730465206318,37.89294286955797],[-4.757835524810029,37.89320890829269],[-4.757299488401883,37.892295815151655],[-4.758635847371372,37.891808503013735],[-4.7593381700234305,37.891748796601945]]]},"properties":{"cusec":"1402102029","rent_m2":7.632818052594172,"rent_norm":0.56,"detail":"7,63 €/m²·mes"}},{"type":"Feature","geometry":{"type":"Polygon","coordinates":[[[-4.754145694780508,37.89456234155167],[-4.7567117557458065,37.89347325957118],[-4.757633985979421,37.894619159048545],[-4.757566196413123,37.895006692778345],[-4.754145694780508,37.89456234155167]]]},"properties":{"cusec":"1402102030","rent_m2":6.395348837209302,"rent_norm":0.38,"detail":"6,40 €/m²·mes"}},{"type":"Feature","geometry":{"type":"Polygon","coordinates":[[[-4.761331313348284,37.895478765300645],[-4.761088515794987,37.896966136547825],[-4.757283740934965,37.89657964597072],[-4.75754736772476,37.895107025367494],[-4.761331313348284,37.895478765300645]]]},"properties":{"cusec":"1402102031","rent_m2":6.7073170731707314,"rent_norm":0.43,"detail":"6,71 €/m²·mes"}},{"type":"Feature","geometry":{"type":"Polygon","coordinates":[[[-4.754719797298791,37.90031531567277],[-4.753832326476799,37.89948057074003],[-4.753574485735742,37.89846014599761],[-4.754897951185958,37.898627013134764],[-4.754731154698928,37.89943650073287],[-4.754958810249817,37.89946296712481],[-4.754719797298791,37.90031531567277]]]},"properties":{"cusec":"1402102032","rent_m2":5.713799737237237,"rent_norm":0.28,"detail":"5,71 €/m²·mes"}},{"type":"Feature","geometry":{"type":"Polygon","coordinates":[[[-4.760646537488664,37.90155682857133],[-4.758594435935111,37.89983763174015],[-4.7603258910345385,37.898380365761405],[-4.762307773977275,37.89850870225974],[-4.762961729537812,37.89721459061568],[-4.766049412544198,37.89753122087325],[-4.763665911702528,37.90022091186728],[-4.760646537488664,37.90155682857133]]]},"properties":{"cusec":"1402102033","rent_m2":6,"rent_norm":0.32,"detail":"6,00 €/m²·mes"}},{"type":"Feature","geometry":{"type":"Polygon","coordinates":[[[-4.7652389776476936,37.8937662731155],[-4.764672664421209,37.89282912063311],[-4.765802987593753,37.89236086992036],[-4.76678801635396,37.89378762253538],[-4.765572128650583,37.89428957881729],[-4.7652389776476936,37.8937662731155]]]},"properties":{"cusec":"1402102034","rent_m2":7.152556885430228,"rent_norm":0.49,"detail":"7,15 €/m²·mes"}},{"type":"Feature","geometry":{"type":"Polygon","coordinates":[[[-4.762595232173268,37.88795942428862],[-4.763350686581119,37.88717551914664],[-4.763754718253185,37.887222730847746],[-4.764223603797203,37.88855144791858],[-4.7628012041898184,37.88879608076556],[-4.762595232173268,37.88795942428862]]]},"properties":{"cusec":"1402102035","rent_m2":6.773582855155625,"rent_norm":0.44,"detail":"6,77 €/m²·mes"}},{"type":"Feature","geometry":{"type":"Polygon","coordinates":[[[-4.760893245408426,37.89073553409973],[-4.761335357563683,37.89247101684349],[-4.759837892934542,37.893117823008346],[-4.758979290372474,37.89061169217785],[-4.760893245408426,37.89073553409973]]]},"properties":{"cusec":"1402102036","rent_m2":6.781850862097495,"rent_norm":0.44,"detail":"6,78 €/m²·mes"}},{"type":"Feature","geometry":{"type":"Polygon","coordinates":[[[-4.754718716625517,37.90032156837888],[-4.754958810249817,37.89946296712481],[-4.754731154698928,37.89943650073287],[-4.754885164566207,37.89869889074583],[-4.756750778561719,37.89887024369896],[-4.756621323244469,37.89971437150065],[-4.756280319169355,37.900053282081366],[-4.755444953328773,37.900609397140315],[-4.754711296541258,37.90083204216326],[-4.754718716625517,37.90032156837888]]]},"properties":{"cusec":"1402102037","rent_m2":5.894736842105264,"rent_norm":0.31,"detail":"5,89 €/m²·mes"}},{"type":"Feature","geometry":{"type":"Polygon","coordinates":[[[-4.752516624267265,37.89344901558321],[-4.752867883509678,37.893961863655946],[-4.75316283185847,37.89383824763085],[-4.7537507226180695,37.89468637035697],[-4.753074937097834,37.895006208603476],[-4.750995842966597,37.89475579974214],[-4.750680445368644,37.89424220718241],[-4.752516624267265,37.89344901558321]]]},"properties":{"cusec":"1402102038","rent_m2":5.264778325123153,"rent_norm":0.22,"detail":"5,26 €/m²·mes"}},{"type":"Feature","geometry":{"type":"Polygon","coordinates":[[[-4.7652389776476936,37.8937662731155],[-4.764510551750111,37.894079440326394],[-4.764809960234293,37.89458215951996],[-4.7643451754995585,37.89477511505064],[-4.764459489712731,37.89502615050879],[-4.763576032563404,37.89541209843472],[-4.763820904326698,37.893855676073784],[-4.764195262848308,37.89303472564762],[-4.764672664421209,37.89282912063311],[-4.7652389776476936,37.8937662731155]]]},"properties":{"cusec":"1402102039","rent_m2":6.30390787063521,"rent_norm":0.37,"detail":"6,30 €/m²·mes"}},{"type":"Feature","geometry":{"type":"Polygon","coordinates":[[[-4.75644588945598,37.90141034914634],[-4.75855794277499,37.89979887689104],[-4.759829790130657,37.9008449146653],[-4.757864104710784,37.902414010434676],[-4.75644588945598,37.90141034914634]]]},"properties":{"cusec":"1402102040","rent_m2":7.246376811594203,"rent_norm":0.51,"detail":"7,25 €/m²·mes"}},{"type":"Feature","geometry":{"type":"Polygon","coordinates":[[[-4.749514285704457,37.90105743183496],[-4.752028806728653,37.898734802233996],[-4.752659087189853,37.898352330977104],[-4.753574485735742,37.89846014599761],[-4.753832326476799,37.89948057074003],[-4.754719797298791,37.90031531567277],[-4.754631278209039,37.90081276175951],[-4.754025676265299,37.900497826990595],[-4.750758183776697,37.90297942577219],[-4.749514285704457,37.90105743183496]]]},"properties":{"cusec":"1402102041","rent_m2":5.537911985018726,"rent_norm":0.26,"detail":"5,54 €/m²·mes"}},{"type":"Feature","geometry":{"type":"Polygon","coordinates":[[[-4.754517916210056,37.902881279278056],[-4.75644588945598,37.90141034914634],[-4.757864104710784,37.902414010434676],[-4.759829790130657,37.9008449146653],[-4.760646537488664,37.90155682857133],[-4.7579477935592775,37.90275077361868],[-4.752185895122384,37.90472861158375],[-4.751652131451928,37.90513591997213],[-4.754517916210056,37.902881279278056]]]},"properties":{"cusec":"1402102042","rent_m2":6.395348837209302,"rent_norm":0.38,"detail":"6,40 €/m²·mes"}},{"type":"Feature","geometry":{"type":"Polygon","coordinates":[[[-4.772891640213137,37.884301295270234],[-4.775449651375179,37.88431809779917],[-4.7759996655691275,37.884528966056656],[-4.775971922898201,37.88494354916548],[-4.776316915493195,37.88602521660299],[-4.776280885863777,37.88767141773992],[-4.775458734240998,37.88782784219681],[-4.7755735595955855,37.888224309121],[-4.775257649059591,37.88831356709206],[-4.774840106725645,37.8873745940497],[-4.7745858969749895,37.887235029337795],[-4.774486325912247,37.886674137548944],[-4.773277960701097,37.88684495415031],[-4.77332395444362,37.88700640271661],[-4.7726195521916805,37.887241151286716],[-4.772278087280822,37.88642605060598],[-4.772034359971196,37.88649617903312],[-4.77201357834541,37.88631081197525],[-4.772891640213137,37.884301295270234]]]},"properties":{"cusec":"1402103001","rent_m2":7.232789855072464,"rent_norm":0.51,"detail":"7,23 €/m²·mes"}},{"type":"Feature","geometry":{"type":"Polygon","coordinates":[[[-4.775382299288434,37.88784380379954],[-4.776283579012974,37.88769390681574],[-4.776259990151926,37.888460310789775],[-4.776431394098036,37.88870570748412],[-4.7749710514496835,37.889197713559994],[-4.774462005822561,37.88879426158909],[-4.7741566522878225,37.88823137177708],[-4.7735039777248796,37.88833909740419],[-4.771605853699209,37.88912918213657],[-4.7711738170481635,37.88805335818098],[-4.771444283610526,37.88792868580628],[-4.771147070608884,37.88756495238661],[-4.77014173722835,37.88807319704347],[-4.769473913476456,37.88805270026488],[-4.771767142615202,37.88659185319989],[-4.772278087280822,37.88642605060598],[-4.7726195521916805,37.887241151286716],[-4.7733527364653225,37.88707750188101],[-4.773394566516532,37.88681458457776],[-4.774609401394378,37.88669037093899],[-4.774552133795015,37.88715956874255],[-4.774808943270138,37.887329759616726],[-4.775204945800214,37.888284711753016],[-4.775483962527449,37.88825188977471],[-4.775382299288434,37.88784380379954]]]},"properties":{"cusec":"1402103002","rent_m2":6.911757352205808,"rent_norm":0.46,"detail":"6,91 €/m²·mes"}},{"type":"Feature","geometry":{"type":"Polygon","coordinates":[[[-4.772589931143523,37.88484134020266],[-4.771857227468529,37.88480858971573],[-4.7717826214858885,37.88456988641637],[-4.7711138778591335,37.88448992096772],[-4.771284998835924,37.884691364080446],[-4.771380323562286,37.885311974144344],[-4.770396789598751,37.88550774737567],[-4.770179601217575,37.88577230922338],[-4.769606851562087,37.88576948037998],[-4.769005197714025,37.88598778311277],[-4.768696978553511,37.88594069894555],[-4.768571674351182,37.88549412633831],[-4.7672563269761685,37.88466173806343],[-4.768146994003967,37.884486498645664],[-4.770257362981819,37.883317892915805],[-4.770432344917701,37.88319658740212],[-4.770277164545638,37.88302496824673],[-4.770609935561154,37.88285066721033],[-4.771018035703175,37.88295075615869],[-4.7711022877953475,37.88348742478596],[-4.771890716662322,37.88359172435458],[-4.772307394816993,37.8838838051846],[-4.772496852205337,37.88350421119351],[-4.772868247184823,37.883560612530566],[-4.773014417454598,37.88388507784224],[-4.772589931143523,37.88484134020266]]]},"properties":{"cusec":"1402104001","rent_m2":7.069722335647203,"rent_norm":0.48,"detail":"7,07 €/m²·mes"}},{"type":"Feature","geometry":{"type":"Polygon","coordinates":[[[-4.767997747004365,37.88724907118076],[-4.768861042365438,37.886832739962905],[-4.769013521503463,37.885882235584084],[-4.769569979312925,37.88572164029639],[-4.770179601217575,37.88577230922338],[-4.770396789598751,37.88550774737567],[-4.771380323562286,37.885311974144344],[-4.771284998835924,37.884691364080446],[-4.7711138778591335,37.88448992096772],[-4.7717826214858885,37.88456988641637],[-4.771757925900416,37.88480770063904],[-4.772589931143523,37.88484134020266],[-4.772007468903184,37.8864325093862],[-4.768899635786672,37.88834771621324],[-4.767997747004365,37.88724907118076]]]},"properties":{"cusec":"1402104002","rent_m2":6.949910554561718,"rent_norm":0.46,"detail":"6,95 €/m²·mes"}},{"type":"Feature","geometry":{"type":"Polygon","coordinates":[[[-4.767495148586045,37.8870837869063],[-4.765329470336136,37.88734798293578],[-4.7648393971278455,37.8858454854804],[-4.76605661972771,37.885096900983655],[-4.766630256918697,37.884156973732196],[-4.768571674351182,37.88549412633831],[-4.768696978553511,37.88594069894555],[-4.769005197714025,37.88598778311277],[-4.768861042365438,37.886832739962905],[-4.767699916860118,37.88737380496846],[-4.767495148586045,37.8870837869063]]]},"properties":{"cusec":"1402104003","rent_m2":7.394599156118144,"rent_norm":0.53,"detail":"7,39 €/m²·mes"}},{"type":"Feature","geometry":{"type":"Polygon","coordinates":[[[-4.765419291084783,37.88822521942522],[-4.76534082234639,37.88738776525368],[-4.767447142617257,37.88702004048957],[-4.767699916860118,37.88737380496846],[-4.767997747004365,37.88724907118076],[-4.768889313245725,37.888334732346],[-4.766268414623946,37.88995703655558],[-4.765179608888887,37.88838318539861],[-4.765419291084783,37.88822521942522]]]},"properties":{"cusec":"1402104004","rent_m2":6.860250494396834,"rent_norm":0.45,"detail":"6,86 €/m²·mes"}},{"type":"Feature","geometry":{"type":"Polygon","coordinates":[[[-4.768239762125058,37.880762615258526],[-4.769694396878085,37.88081347336372],[-4.769599691090956,37.881995543413375],[-4.771556790413338,37.882201948673945],[-4.771560123163036,37.88232848411358],[-4.770754478083623,37.882982020677574],[-4.770609935561154,37.88285066721033],[-4.770277164545638,37.88302496824673],[-4.770432344917701,37.88319658740212],[-4.770257362981819,37.883317892915805],[-4.767980699675213,37.884566476859945],[-4.767847155226742,37.88436210383056],[-4.768176127266934,37.88285149179058],[-4.768021898210764,37.88281804204216],[-4.768239762125058,37.880762615258526]]]},"properties":{"cusec":"1402105001","rent_m2":7.255384615384615,"rent_norm":0.51,"detail":"7,26 €/m²·mes"}},{"type":"Feature","geometry":{"type":"Polygon","coordinates":[[[-4.7633002120419405,37.88249191789753],[-4.7628423623012,37.88170582181131],[-4.765048245549935,37.881561288151914],[-4.766944961915553,37.88174375521171],[-4.7667820353707855,37.88254830582961],[-4.766639074781539,37.88261822595456],[-4.7633002120419405,37.88249191789753]]]},"properties":{"cusec":"1402105002","rent_m2":6.024096385542169,"rent_norm":0.33,"detail":"6,02 €/m²·mes"}},{"type":"Feature","geometry":{"type":"Polygon","coordinates":[[[-4.768239762125058,37.880762615258526],[-4.768021898210764,37.88281804204216],[-4.768176127266934,37.88285149179058],[-4.767847155226742,37.88436210383056],[-4.767916594099913,37.88458988432318],[-4.7672563269761685,37.88466173806343],[-4.766507379964258,37.88415150947783],[-4.767009456461365,37.88135073400365],[-4.767166126240182,37.880891712061455],[-4.767368468164662,37.88074772063166],[-4.768239762125058,37.880762615258526]]]},"properties":{"cusec":"1402105003","rent_m2":7.624697938877044,"rent_norm":0.56,"detail":"7,62 €/m²·mes"}},{"type":"Feature","geometry":{"type":"Polygon","coordinates":[[[-4.678818518557867,37.92707786334875],[-4.679173287518072,37.92658148624575],[-4.6866782481862215,37.92244186083815],[-4.689684657015545,37.92018949163655],[-4.691781336566796,37.91784356305923],[-4.692091578733306,37.916721141088516],[-4.691277634119009,37.91492294162533],[-4.691277688017903,37.913458950996436],[-4.6913708720589815,37.91312624250413],[-4.692767023792075,37.91143649392873],[-4.6944083868516655,37.91066692153025],[-4.695398419227971,37.91083028815402],[-4.6968971891092615,37.90970740833665],[-4.699245750876255,37.90850121672662],[-4.7001664665502965,37.90759978123896],[-4.702683652875915,37.9059295221858],[-4.702700538508322,37.90472135913413],[-4.699789396014849,37.899000956137044],[-4.698121897370406,37.89756381045866],[-4.696783577378652,37.89585629991919],[-4.696171915399994,37.894769152521],[-4.695558737963466,37.89178924860334],[-4.695706543167058,37.89002279737066],[-4.697246098358867,37.887850870745915],[-4.698986674951689,37.88626580886664],[-4.702958939798101,37.88462301847331],[-4.70451673977336,37.883266801149674],[-4.705241633495222,37.88137880362342],[-4.70421289271332,37.87968284095046],[-4.704630680287339,37.877957762158374],[-4.705801355782469,37.87673731341089],[-4.709637222232765,37.87506074799663],[-4.710156188853865,37.873291232075935],[-4.71004207047346,37.873155901685195],[-4.70947385641185,37.87376169376813],[-4.708961661291337,37.87390680433798],[-4.707754090190887,37.873836310791845],[-4.707468811307786,37.8735658290395],[-4.7072607803526205,37.87215764277645],[-4.706448352992789,37.87046137843754],[-4.7055891674241375,37.870519771071855],[-4.705529442034149,37.872141989784325],[-4.70615927872765,37.873730201969096],[-4.705670102037996,37.87402881935748],[-4.704554553456912,37.874292095726176],[-4.704554254317912,37.87416585919104],[-4.702378322697366,37.874015293343334],[-4.7011248494825315,37.87368277314294],[-4.698432960597096,37.87330264013139],[-4.694885521624928,37.87220314592191],[-4.690978250787614,37.872034465253954],[-4.6885994948472804,37.87237577525002],[-4.686936404235927,37.872317486198924],[-4.685126297141799,37.872503474912186],[-4.6827184681256036,37.871499490941304],[-4.68092875189009,37.87116164804749],[-4.679051935004675,37.87166374367628],[-4.675613044858174,37.87180016388563],[-4.673827701621499,37.87241921687267],[-4.672598758702104,37.87265748657669],[-4.669413542012059,37.872466243027915],[-4.6660605649427325,37.87118104613058],[-4.6621127666114,37.87086663912971],[-4.660884823516907,37.87056684595121],[-4.654215913205629,37.86801019765424],[-4.650382525207158,37.86703876902443],[-4.648038634679637,37.86549271865077],[-4.646622482855033,37.86496782185414],[-4.644573691593284,37.863909447147925],[-4.6420982661486,37.863514923739],[-4.640982596294975,37.863035652155425],[-4.63789521242759,37.86085963392667],[-4.637258213466364,37.86113148998462],[-4.635916938017327,37.86213561309933],[-4.635664521303944,37.86301375766332],[-4.635678724566919,37.86423266007014],[-4.63543801469831,37.86507411988294],[-4.635016470369796,37.86558774496379],[-4.633832953457691,37.865927046656644],[-4.632911514639819,37.86575395260156],[-4.631284140145863,37.864739758706136],[-4.629977401326235,37.86426461761159],[-4.6272428586344505,37.864024698133356],[-4.624807410914861,37.86446286795495],[-4.623108207130759,37.86352998638409],[-4.621217581342761,37.86352546312294],[-4.618309917126084,37.86323059809485],[-4.616544849763661,37.863261371706926],[-4.611899472783276,37.86217907778054],[-4.6082171463813095,37.860978195365085],[-4.605577133406891,37.86075468018168],[-4.604779523757715,37.860960150628756],[-4.603860261557776,37.860271964364024],[-4.602381100102529,37.860105659254856],[-4.601302064444503,37.859534169153584],[-4.59968496308412,37.8597013826628],[-4.598730705215656,37.85923859877679],[-4.5980241101761035,37.85945339849402],[-4.594574424076553,37.863797552601454],[-4.593476007266281,37.86407008857564],[-4.592632747030973,37.86455996642342],[-4.591502245093673,37.86618873293767],[-4.59113214907809,37.866271701737745],[-4.589637762975402,37.86582459997107],[-4.589212334331571,37.865890443323764],[-4.584806662004943,37.868480842700045],[-4.580831924994884,37.86966599118014],[-4.579271200105077,37.8704846925235],[-4.57900892438145,37.87098476253898],[-4.579248028960645,37.87235464511976],[-4.579122710385229,37.87322502163867],[-4.578033205760895,37.8737653321546],[-4.577744870809201,37.87428704343257],[-4.577066069644542,37.87494579152575],[-4.575443823632516,37.87928876361124],[-4.574053198335032,37.880515863363975],[-4.573392108354514,37.88093081223536],[-4.572583194305797,37.88113808053078],[-4.570931660520536,37.8812184601457],[-4.569427812462987,37.88158771133865],[-4.566500096950831,37.88196523848876],[-4.568595309553188,37.88260748723282],[-4.570246097736758,37.8835743764355],[-4.572750120150177,37.88570629575871],[-4.574206514702886,37.88765713989211],[-4.5762676901391535,37.888497801866464],[-4.580899172877033,37.88929929189168],[-4.583593953439392,37.891078393656095],[-4.585028970783274,37.89229048619617],[-4.585532321989795,37.893107626718134],[-4.586212000808485,37.89374191012771],[-4.587221763781706,37.89408628478752],[-4.591134094829003,37.894909156644566],[-4.594203021012227,37.8963719369732],[-4.594835831129286,37.89682838064062],[-4.596366523542499,37.89903262852137],[-4.597488186955725,37.90034508779237],[-4.598408142655022,37.901811139790276],[-4.598687512420184,37.902927720345524],[-4.600042516821694,37.90528492734286],[-4.600395996699466,37.90662714179625],[-4.601207013704287,37.90775914657004],[-4.601845463444692,37.90828965449869],[-4.602655795933259,37.90978259988177],[-4.601087583585578,37.91029560488761],[-4.596814865514294,37.91309743445381],[-4.588340937963241,37.914803490423004],[-4.587047001933045,37.914899911623806],[-4.585559256176935,37.91525178879317],[-4.583362914833135,37.91603965063234],[-4.581616299764991,37.917342797845635],[-4.580209530843536,37.919303366116054],[-4.579275343135157,37.9211464636865],[-4.5787988524539465,37.923863882037935],[-4.578202030643805,37.92513552497502],[-4.578253210360504,37.92196196859131],[-4.578433625307199,37.9208239852517],[-4.579575297795073,37.91622151276772],[-4.5805694696082035,37.911116250101024],[-4.58082375481735,37.91077036328701],[-4.583481349618527,37.908986296324784],[-4.584626296465588,37.90774523125675],[-4.584697563410317,37.90735674821407],[-4.5738030022570415,37.908521320117615],[-4.567998768017407,37.90890523046769],[-4.562506051552027,37.9089602791678],[-4.560963687328328,37.909178995796104],[-4.554098946081698,37.90944112376133],[-4.551390424888769,37.90991846610991],[-4.546838793396482,37.90983416582904],[-4.536504946270516,37.910113777714386],[-4.536000600628975,37.907741145896566],[-4.534026268026175,37.904134966588536],[-4.533553697592865,37.903834701380134],[-4.531778317570996,37.903235974057544],[-4.526879282405506,37.90173153472322],[-4.522589661633802,37.9016429288413],[-4.521431511348703,37.900080751267964],[-4.5199974111847245,37.900027195134356],[-4.519177644589073,37.899433938233834],[-4.517051839859696,37.89615389470678],[-4.515318456077333,37.89703237455476],[-4.511306047317497,37.89769681131768],[-4.511533073149353,37.89934314773741],[-4.505585113854176,37.898797530511814],[-4.50592675573313,37.89714391096964],[-4.503177085411991,37.89671043903541],[-4.489563015771521,37.90005581762272],[-4.489869096941642,37.898312588609244],[-4.481289805092632,37.8969789374207],[-4.475483064553361,37.89664629689279],[-4.475058951043115,37.89648040777313],[-4.474929364571789,37.89625670752939],[-4.475147861798368,37.894667801494364],[-4.463932463748082,37.893410959191],[-4.463726641750181,37.9013983663284],[-4.46214951901319,37.901589216483956],[-4.461561950748782,37.900875505987266],[-4.461542436645867,37.901630975832084],[-4.460070931531782,37.90173218188468],[-4.4589035357857885,37.90160655165257],[-4.412709624339035,37.84545462790291],[-4.3688146139937665,37.86681867550828],[-4.368457120443331,37.86654346124174],[-4.3597393658696735,37.86416603867178],[-4.354265665840517,37.86199404455573],[-4.352765140651164,37.86199322257884],[-4.351691704192313,37.86172619803365],[-4.351268577930543,37.860965037878245],[-4.350763471415959,37.8582040002127],[-4.356541907837249,37.851594623601585],[-4.358026807730555,37.84951364449068],[-4.357868493136452,37.846460254892136],[-4.351397277764667,37.84559742562706],[-4.350282410106584,37.84491621808264],[-4.349217828341488,37.84387398272821],[-4.350659993580074,37.8369539715182],[-4.351064466324948,37.83607511355901],[-4.352099368651374,37.83487362004876],[-4.354812837764916,37.832255904588344],[-4.357304643090475,37.830804001466156],[-4.357162611359227,37.82964220651646],[-4.356100093922662,37.82746447186702],[-4.357725227119992,37.82375965070624],[-4.357742725403421,37.820992601065136],[-4.357415498789822,37.81863511138052],[-4.359761143727107,37.81833604747776],[-4.359626000277436,37.81736262878989],[-4.366961633006102,37.81655675769435],[-4.371218017908893,37.816345064778744],[-4.379392874742274,37.8160873913876],[-4.386667524439549,37.816290354197086],[-4.387951430779585,37.81750996014197],[-4.389552988590624,37.818707734088775],[-4.3912644723446475,37.82151743910406],[-4.395602855466594,37.822637694815235],[-4.396883967147794,37.823694991624635],[-4.399723727712141,37.824177679388356],[-4.394595738930189,37.80752111378885],[-4.392085635820584,37.80148542655493],[-4.392053298267005,37.80097206480469],[-4.3921743678111165,37.800159542082724],[-4.39428477541651,37.79955049553298],[-4.394383696098954,37.7988864060344],[-4.395497836121656,37.79853628839004],[-4.39506756555847,37.79395180579322],[-4.393892818898495,37.78522361941999],[-4.39414115276887,37.78272426246306],[-4.394412985668817,37.782081124472455],[-4.394070414033534,37.780165561663075],[-4.394614685297872,37.7789153772515],[-4.394948646581143,37.77855995630618],[-4.3966588933550295,37.7780200594587],[-4.3971573235904176,37.777286776094975],[-4.39770898529461,37.777036869764416],[-4.405596037182318,37.77560020385546],[-4.408834535646803,37.77573278930547],[-4.413255068803149,37.775328279001165],[-4.4154700430025775,37.775373858217655],[-4.41672303112718,37.7755840667126],[-4.416889181725497,37.775960595815235],[-4.416900011814538,37.777717880226994],[-4.417065945918887,37.778085403233376],[-4.418860341478715,37.77988431850128],[-4.419411166851343,37.78196856408125],[-4.419787723550483,37.78265802893059],[-4.420886033461233,37.78368117099421],[-4.422094900830661,37.78420700123364],[-4.423276791792086,37.783733763771046],[-4.424745460026505,37.78272480914327],[-4.425177703290083,37.78164086852479],[-4.4255566117786245,37.781266765274566],[-4.426397131253989,37.7806888396361],[-4.427322386115163,37.78052653912266],[-4.427764817172357,37.779993035283645],[-4.428514539430396,37.77946470353511],[-4.4288980589712725,37.77788267766023],[-4.430315656185173,37.77661272779521],[-4.430589945079085,37.77552793567112],[-4.430612119093538,37.77431999424986],[-4.431825796941289,37.77307956173877],[-4.43228923420311,37.771794156151394],[-4.432544739324447,37.77150267371206],[-4.434386052993211,37.77082803371997],[-4.4347525386796915,37.770228799627255],[-4.435949264419718,37.76988074465943],[-4.438131671995139,37.768835731999374],[-4.439107652923779,37.76881479234079],[-4.441583802410591,37.76946042956054],[-4.442783180875679,37.76924745981455],[-4.4474872205390525,37.76944214230936],[-4.450251018664676,37.769110710040394],[-4.4555425574222145,37.76683742502797],[-4.456257672982238,37.76625179243223],[-4.457416843753506,37.76573275760372],[-4.460605529737141,37.76488359659515],[-4.461064818578999,37.76339268405327],[-4.462509000535403,37.76459474713169],[-4.463271875027478,37.762118305234154],[-4.464818924863704,37.763432927386795],[-4.468784179257668,37.76244626557685],[-4.471617444104203,37.76105902398016],[-4.47346775799382,37.761053929131705],[-4.475026856932947,37.76125073817099],[-4.480180630058488,37.76238470525774],[-4.482483323847119,37.76229265798354],[-4.48963300171869,37.76117714141659],[-4.489992215542933,37.76063303051536],[-4.491145199616826,37.76059129142532],[-4.4914478995282385,37.76041309254549],[-4.49198680425705,37.75955008483157],[-4.492538045549701,37.75929979541351],[-4.4935846610091135,37.75941270777611],[-4.493363847027453,37.75972187911974],[-4.4924613482890505,37.76000373872374],[-4.4924413311295615,37.760139173729065],[-4.492717556791215,37.760324916190854],[-4.49343400634946,37.760387931270564],[-4.494512558713849,37.76096007207471],[-4.494576406472684,37.76187849531945],[-4.494967570676627,37.762134887042826],[-4.496278500137048,37.76183887254324],[-4.497129665546847,37.76182805799938],[-4.499892639917365,37.76035997255231],[-4.502685536271669,37.76093720416848],[-4.503025836965923,37.76092383709279],[-4.503899397375761,37.760335895008176],[-4.504157274947733,37.76073814726822],[-4.505152138463629,37.76109495706853],[-4.505286492294151,37.76100314752087],[-4.5053626568538565,37.760281155726744],[-4.507078743575407,37.76093516168059],[-4.511778502766446,37.75982049320871],[-4.514005815326308,37.759936096408595],[-4.5146676697731225,37.75954906356849],[-4.515310187983482,37.75988324026488],[-4.515936597604123,37.75998336116771],[-4.516549461528631,37.76053424919519],[-4.516866495856994,37.760494081695],[-4.519656346922504,37.759250459985495],[-4.520271169174318,37.75878292195396],[-4.520967841423234,37.757881698562926],[-4.52308631949315,37.75767406895987],[-4.523594297023391,37.756982585624314],[-4.5248167630895795,37.756813534958575],[-4.527877052869676,37.75548509755472],[-4.528582679525359,37.75502532422145],[-4.530163814138387,37.75463527911286],[-4.530389903925734,37.75403755662655],[-4.5308618823692575,37.75380611498407],[-4.531672379249527,37.75402985538789],[-4.531987704982245,37.75390860711685],[-4.532042848065972,37.75272728334776],[-4.532473257868041,37.752443553592514],[-4.536525590454047,37.752482939911154],[-4.537883226919353,37.75226690122443],[-4.539142809576448,37.75280021802171],[-4.540414642559094,37.752278914675585],[-4.54099148673562,37.75182081115318],[-4.544872608513324,37.752505090932935],[-4.546536015331655,37.75302631668778],[-4.547991700215291,37.75326441872073],[-4.550211966390054,37.752565809998124],[-4.55084184710098,37.75178374991071],[-4.55210365308839,37.75161755331749],[-4.555270113853604,37.75200931542952],[-4.556970483650938,37.7525211542727],[-4.557959148791395,37.75245304415387],[-4.55912028687314,37.75202483125948],[-4.559483746135401,37.752035299914894],[-4.560062332145264,37.75214582194922],[-4.561421217268836,37.75277350720701],[-4.562582696710378,37.75231823147575],[-4.564572659999106,37.751956414557476],[-4.565473200410204,37.7514639715371],[-4.567844752760279,37.750893957737745],[-4.568402221174442,37.75104574795838],[-4.569891055688701,37.751041458586435],[-4.5705601559466045,37.75075080919906],[-4.572536948136657,37.75062772089497],[-4.573298964737638,37.75076084618377],[-4.575060254684299,37.750683486573884],[-4.576990350649231,37.751436961924604],[-4.578783309802899,37.75169652071747],[-4.583678380703033,37.7519779513537],[-4.584274680592028,37.75246019368083],[-4.585684500192159,37.75428284310951],[-4.587184534901362,37.75517734389691],[-4.591013605596549,37.7579912750946],[-4.591573773448157,37.75865362561239],[-4.59956658668924,37.7628859157223],[-4.605111274287062,37.76671242838866],[-4.605359622530524,37.767859405589064],[-4.604632721073982,37.77087486759615],[-4.605139238841873,37.77329500354462],[-4.605461566942232,37.773919403551254],[-4.606257565013781,37.774853813820734],[-4.607787703166483,37.77616304264437],[-4.608814570961004,37.77778430421185],[-4.609757122882991,37.77972333895727],[-4.611150294005981,37.78066911387418],[-4.613043478195912,37.7812589639227],[-4.613686040423695,37.782037318663775],[-4.614691146530464,37.7826994793859],[-4.617614112649699,37.78403010027368],[-4.619931872982248,37.78406669453354],[-4.6241972140884355,37.78513900891535],[-4.6277753188494515,37.78630706591256],[-4.631916527156424,37.78807360170667],[-4.633035862136406,37.78897982979003],[-4.6340939625567446,37.790562133531374],[-4.63471091381578,37.79184511932032],[-4.635233731514503,37.7936327002628],[-4.635819225568913,37.794509804139786],[-4.63597400529237,37.7952047406707],[-4.636594924410018,37.79585643027794],[-4.637957393811543,37.79787278460997],[-4.6404992784175905,37.79881476893418],[-4.64166061233207,37.799868023858274],[-4.644174264685373,37.80100050147585],[-4.644618486983245,37.80148673470534],[-4.644676154332917,37.80190143283693],[-4.645016970660139,37.80187382128893],[-4.645506928884067,37.802477200926475],[-4.647589439308333,37.803826709001456],[-4.648068601579211,37.80467349070692],[-4.648012572756613,37.804989111885234],[-4.648762749562183,37.805042141612866],[-4.651765893015457,37.80640820734737],[-4.652613722082303,37.80729583186896],[-4.652656243836278,37.80837961971215],[-4.656752617227416,37.81033618556441],[-4.660720849536524,37.81248448528854],[-4.66240208072673,37.81411173374628],[-4.663094175160969,37.81454583216159],[-4.666263640790807,37.815754964006004],[-4.6692240208433216,37.817713651386725],[-4.67586202641389,37.819754852368995],[-4.677439535426466,37.82038109012162],[-4.679579323331564,37.822550884853186],[-4.681562734308596,37.82401673320133],[-4.682263619656231,37.825001364008436],[-4.683917454925223,37.82646645129329],[-4.6870713105303645,37.82811553196529],[-4.68793092279877,37.82922679217798],[-4.689784547878522,37.83222524645316],[-4.693947232208969,37.83464988240899],[-4.696524774541904,37.83712888838353],[-4.7011996063821515,37.83929682148096],[-4.7040101061227775,37.84018725358534],[-4.708965268925514,37.841476476283724],[-4.711208838297082,37.84159479080757],[-4.714758433225916,37.8414773651739],[-4.718920972927598,37.84308811236283],[-4.72058564008229,37.84424864993648],[-4.723664938213802,37.84567816039348],[-4.727242930685381,37.847852715080414],[-4.72832682982236,37.849041518521474],[-4.7292247570343005,37.84955516666142],[-4.733292935901905,37.850973945117424],[-4.733613413472776,37.8512524626422],[-4.733879634597123,37.85199146712594],[-4.733392993851508,37.85428549729789],[-4.733645654906635,37.854663650926604],[-4.733919469490079,37.85477980793689],[-4.737758619282766,37.855333634912505],[-4.740940870634025,37.856422131172444],[-4.744099882568905,37.855615609280186],[-4.7449893530407365,37.8558918360567],[-4.746657688016745,37.856932123429615],[-4.749129395334476,37.85722920313595],[-4.751747429228845,37.85721870611643],[-4.7525907002439185,37.85738677811399],[-4.7534136855032365,37.85792508552683],[-4.754112101382152,37.860349822036426],[-4.753774602533277,37.86098282303821],[-4.7530279345472035,37.86169876631106],[-4.752636734410644,37.86253436580136],[-4.753384022234249,37.86221167024634],[-4.7539531426959964,37.86220040940775],[-4.755211389558241,37.8630152328042],[-4.758242556855167,37.86381532218475],[-4.759447717775704,37.86395301999876],[-4.764068657885415,37.8637829885751],[-4.764695602003695,37.86399861969709],[-4.765339348211019,37.86462000053794],[-4.765668446015338,37.86703613519066],[-4.76540642002337,37.86738688386303],[-4.767256209296882,37.86835405512525],[-4.769941041915784,37.87058190857307],[-4.770395027104179,37.87119648375328],[-4.770707224004739,37.87239898023606],[-4.770748178198545,37.87361967246242],[-4.77023010360453,37.87813816628177],[-4.767613503421362,37.878383661189005],[-4.767113736492826,37.87747449889397],[-4.76639660690991,37.8766697864899],[-4.764011812494254,37.87850562837723],[-4.762509410724266,37.87653001854981],[-4.758390619875228,37.878563151009416],[-4.7577636263496395,37.87813031205924],[-4.754635304458129,37.882543484531936],[-4.753307278261215,37.88407721628105],[-4.752104451163771,37.885140507388584],[-4.747903035071537,37.88826699628062],[-4.746526728021356,37.889693268165466],[-4.745269529493025,37.892020990977976],[-4.743973666576555,37.89519012251569],[-4.7424070963492015,37.897223846371446],[-4.738896384099133,37.899472149586146],[-4.736477491431885,37.90082102185367],[-4.733238843847081,37.90340999434472],[-4.729365630837156,37.904739495927245],[-4.729722241343679,37.90468106096129],[-4.724337571545723,37.90836401327548],[-4.705956222642511,37.917920319544116],[-4.704012760644432,37.918659433409196],[-4.696445453302331,37.92079913233454],[-4.695131980711327,37.92130244354841],[-4.69013355504451,37.92350680157382],[-4.686872590613082,37.92513279401462],[-4.680740529685255,37.92894018861808],[-4.678818518557867,37.92707786334875]]]},"properties":{"cusec":"1402105004","rent_m2":7.407407407407407,"rent_norm":0.53,"detail":"7,41 €/m²·mes"}},{"type":"Feature","geometry":{"type":"Polygon","coordinates":[[[-4.762233723153473,37.88571045536734],[-4.762297714642744,37.883935690603806],[-4.76497180880071,37.88401009738342],[-4.766494182814399,37.88422021711166],[-4.76605661972771,37.885096900983655],[-4.764706144631864,37.885921642933525],[-4.763775788238173,37.88673829972391],[-4.76264107050726,37.88579477902767],[-4.762233723153473,37.88571045536734]]]},"properties":{"cusec":"1402105005","rent_m2":6.199369047619047,"rent_norm":0.35,"detail":"6,20 €/m²·mes"}},{"type":"Feature","geometry":{"type":"Polygon","coordinates":[[[-4.753888295112259,37.8913727374678],[-4.753783939622342,37.89007989344055],[-4.756784630674907,37.88987614824078],[-4.759039160391227,37.88906021747986],[-4.759833372612015,37.89023610577015],[-4.758304480422653,37.89090818592497],[-4.757073109357036,37.89114429029339],[-4.753888295112259,37.8913727374678]]]},"properties":{"cusec":"1402105006","rent_m2":4.747474747474747,"rent_norm":0.14,"detail":"4,75 €/m²·mes"}},{"type":"Feature","geometry":{"type":"Polygon","coordinates":[[[-4.760608594447695,37.885681896072505],[-4.760633075335828,37.88499553522373],[-4.760314430328136,37.884988526849554],[-4.760326981589281,37.88425753238882],[-4.76224765063364,37.88430055294989],[-4.762233723153473,37.88571045536734],[-4.760608594447695,37.885681896072505]]]},"properties":{"cusec":"1402105010","rent_m2":5.449438202247191,"rent_norm":0.24,"detail":"5,45 €/m²·mes"}},{"type":"Feature","geometry":{"type":"Polygon","coordinates":[[[-4.743973666576555,37.89519012251569],[-4.745416096818151,37.89172938195867],[-4.750304671102142,37.891568673943674],[-4.750387496669657,37.89232951864172],[-4.750601928121242,37.892751570924105],[-4.751537430064873,37.892332644270695],[-4.752325413367454,37.89353340339879],[-4.7488399922859,37.89494368905429],[-4.749224352649893,37.89571721560639],[-4.747446812179739,37.89640229976795],[-4.743973666576555,37.89519012251569]]]},"properties":{"cusec":"1402105011","rent_m2":5.412371134020618,"rent_norm":0.24,"detail":"5,41 €/m²·mes"}},{"type":"Feature","geometry":{"type":"Polygon","coordinates":[[[-4.756786465034714,37.88325799244088],[-4.754805677138272,37.88230239726646],[-4.756083802819485,37.880493837222375],[-4.757531535816215,37.881137796919624],[-4.7576905295366565,37.88137770179762],[-4.757921113595349,37.881334741214346],[-4.7589114621786335,37.881755174011516],[-4.759182388678443,37.882619307200414],[-4.756786465034714,37.88325799244088]]]},"properties":{"cusec":"1402105012","rent_m2":5.783132530120482,"rent_norm":0.29,"detail":"5,78 €/m²·mes"}},{"type":"Feature","geometry":{"type":"Polygon","coordinates":[[[-4.769694396878085,37.88081347336372],[-4.767368468164662,37.88074772063166],[-4.766052513528544,37.88043000781623],[-4.76519133369997,37.880014564759456],[-4.764796066890116,37.87953964199481],[-4.767248399343783,37.87981969655067],[-4.767613503421362,37.878383661189005],[-4.77023010360453,37.87813816628177],[-4.770877972180701,37.87926281749666],[-4.7716248638472525,37.879848616184276],[-4.770971749109832,37.880760801555894],[-4.769694396878085,37.88081347336372]]]},"properties":{"cusec":"1402105013","rent_m2":6.15405701754386,"rent_norm":0.35,"detail":"6,15 €/m²·mes"}},{"type":"Feature","geometry":{"type":"Polygon","coordinates":[[[-4.760326981589281,37.88425753238882],[-4.759433472291933,37.88419761849819],[-4.756851584807971,37.88334653253623],[-4.757124259429299,37.88313325806245],[-4.759182388678443,37.882619307200414],[-4.7589114621786335,37.881755174011516],[-4.759443261233571,37.88104391943619],[-4.760405709940769,37.88145735369153],[-4.760402043916113,37.881585167362026],[-4.7607752543908,37.88106193018417],[-4.7609672728760355,37.881157653952855],[-4.761377545144371,37.8804515482883],[-4.762189505380245,37.881874749052606],[-4.7628423623012,37.88170582181131],[-4.7634115088140625,37.88264281029034],[-4.763418103346556,37.883964242067876],[-4.762297714642744,37.883935690603806],[-4.76224765063364,37.88430055294989],[-4.760326981589281,37.88425753238882]]]},"properties":{"cusec":"1402105014","rent_m2":5.578837087480356,"rent_norm":0.26,"detail":"5,58 €/m²·mes"}},{"type":"Feature","geometry":{"type":"Polygon","coordinates":[[[-4.666404877513058,37.93775327893673],[-4.666273263544149,37.936733543032794],[-4.666954927639623,37.935456186092125],[-4.6693008510546425,37.934020867011085],[-4.677603473474233,37.93055500325087],[-4.676780450485669,37.92727662341757],[-4.679107479635304,37.92660873720297],[-4.678818518557867,37.92707786334875],[-4.680740529685255,37.92894018861808],[-4.680914040180691,37.92883278175566],[-4.680937138561592,37.9291506697031],[-4.67949769701494,37.931775040166556],[-4.67809335983296,37.932902544224184],[-4.673195726039309,37.934461518858605],[-4.6685987799308375,37.93692304890891],[-4.667216219707996,37.9375602228605],[-4.666404877513058,37.93775327893673]]]},"properties":{"cusec":"1402105015","rent_m2":5.651787066484931,"rent_norm":0.27,"detail":"5,65 €/m²·mes"}},{"type":"Feature","geometry":{"type":"Polygon","coordinates":[[[-4.752639106861312,37.88466788787704],[-4.754805677138272,37.88230239726646],[-4.756786465034714,37.88325799244088],[-4.75659126112347,37.88369455968371],[-4.756509220683518,37.8856319573375],[-4.754534986895399,37.885561993280895],[-4.752639106861312,37.88466788787704]]]},"properties":{"cusec":"1402105017","rent_m2":6.3194444444444455,"rent_norm":0.37,"detail":"6,32 €/m²·mes"}},{"type":"Feature","geometry":{"type":"Polygon","coordinates":[[[-4.756083802819485,37.880493837222375],[-4.7577636263496395,37.87813031205924],[-4.758976811022318,37.878967892071394],[-4.759133750295698,37.87889718569029],[-4.760530329626876,37.879550231555804],[-4.761377545144371,37.8804515482883],[-4.7609672728760355,37.881157653952855],[-4.7607752543908,37.88106193018417],[-4.760402043916113,37.881585167362026],[-4.760405709940769,37.88145735369153],[-4.759443261233571,37.88104391943619],[-4.7589114621786335,37.881755174011516],[-4.757987410161638,37.8813630625444],[-4.7576905295366565,37.88137770179762],[-4.757531535816215,37.881137796919624],[-4.756083802819485,37.880493837222375]]]},"properties":{"cusec":"1402105018","rent_m2":5.532927163198248,"rent_norm":0.26,"detail":"5,53 €/m²·mes"}},{"type":"Feature","geometry":{"type":"Polygon","coordinates":[[[-4.756509220683518,37.8856319573375],[-4.75659126112347,37.88369455968371],[-4.756786465034714,37.88325799244088],[-4.759310624083568,37.8841579989445],[-4.758789525760289,37.88497156424155],[-4.758769476261471,37.885663062614555],[-4.756509220683518,37.8856319573375]]]},"properties":{"cusec":"1402105019","rent_m2":5.696202531645569,"rent_norm":0.28,"detail":"5,70 €/m²·mes"}},{"type":"Feature","geometry":{"type":"Polygon","coordinates":[[[-4.758769476261471,37.885663062614555],[-4.758789525760289,37.88497156424155],[-4.759310624083568,37.8841579989445],[-4.760326981589281,37.88425753238882],[-4.760314430328136,37.884988526849554],[-4.760633075335828,37.88499553522373],[-4.760608594447695,37.885681896072505],[-4.758769476261471,37.885663062614555]]]},"properties":{"cusec":"1402105020","rent_m2":6.123595505617978,"rent_norm":0.34,"detail":"6,12 €/m²·mes"}},{"type":"Feature","geometry":{"type":"Polygon","coordinates":[[[-4.763418103346556,37.883964242067876],[-4.763435178523483,37.882801441239344],[-4.7633002120419405,37.88249191789753],[-4.766770369848511,37.882622567954144],[-4.766507379964258,37.88415150947783],[-4.763418103346556,37.883964242067876]]]},"properties":{"cusec":"1402105021","rent_m2":5.1205166361416365,"rent_norm":0.2,"detail":"5,12 €/m²·mes"}},{"type":"Feature","geometry":{"type":"Polygon","coordinates":[[[-4.75906455127272,37.88909531624945],[-4.75741025965957,37.88679995278607],[-4.756795564070213,37.886962246545515],[-4.7564640417129285,37.88676435593174],[-4.756509220683518,37.8856319573375],[-4.762581119640134,37.885730709616475],[-4.763725469107559,37.88669741389095],[-4.761822574129405,37.888727754565146],[-4.760126631229766,37.89010319139208],[-4.759833372612015,37.89023610577015],[-4.75906455127272,37.88909531624945]]]},"properties":{"cusec":"1402105022","rent_m2":5.555555555555556,"rent_norm":0.26,"detail":"5,56 €/m²·mes"}},{"type":"Feature","geometry":{"type":"Polygon","coordinates":[[[-4.750948101102488,37.88597888965174],[-4.752639106861312,37.88466788787704],[-4.754534986895399,37.885561993280895],[-4.756509220683518,37.8856319573375],[-4.7564640417129285,37.88676435593174],[-4.75621414297731,37.88685687552991],[-4.756128185882713,37.88709206059357],[-4.7550804448342365,37.88720618846437],[-4.752575288746915,37.88731381704472],[-4.751224603445248,37.88639719169128],[-4.750948101102488,37.88597888965174]]]},"properties":{"cusec":"1402105024","rent_m2":6.25,"rent_norm":0.36,"detail":"6,25 €/m²·mes"}},{"type":"Feature","geometry":{"type":"Polygon","coordinates":[[[-4.7646681000812565,37.87799984264312],[-4.76639660690991,37.8766697864899],[-4.767113736492826,37.87747449889397],[-4.767613503421362,37.878383661189005],[-4.767248399343783,37.87981969655067],[-4.7648920545731706,37.87951736739605],[-4.764300645112607,37.878949981496305],[-4.764769342908731,37.878625390211454],[-4.764894746824071,37.87820417731276],[-4.7646681000812565,37.87799984264312]]]},"properties":{"cusec":"1402105025","rent_m2":6.5,"rent_norm":0.4,"detail":"6,50 €/m²·mes"}},{"type":"Feature","geometry":{"type":"Polygon","coordinates":[[[-4.6644640619517945,37.937466439304316],[-4.660864226045761,37.93643954928764],[-4.660177682301685,37.93339887794356],[-4.660817475921748,37.93149584363909],[-4.663571634226052,37.92894077672906],[-4.672975066567882,37.928368694840934],[-4.676780450485669,37.92727662341757],[-4.677603473474233,37.93055500325087],[-4.669295143159318,37.93402044827668],[-4.666954927639623,37.935456186092125],[-4.666271342047757,37.93673380021549],[-4.666404877513058,37.93775327893673],[-4.665542417585185,37.937756385632596],[-4.6644640619517945,37.937466439304316]]]},"properties":{"cusec":"1402105026","rent_m2":5.9250958479484455,"rent_norm":0.31,"detail":"5,93 €/m²·mes"}},{"type":"Feature","geometry":{"type":"Polygon","coordinates":[[[-4.752575288746915,37.88731381704472],[-4.752412299320049,37.887368955628],[-4.752462557365261,37.88790785719293],[-4.75204539232373,37.888078595073445],[-4.750498992867769,37.890240447320565],[-4.752518574509764,37.89014362444727],[-4.752541186902068,37.89046280184962],[-4.753761404485122,37.89040647314832],[-4.753888295112259,37.8913727374678],[-4.745416096818151,37.89172938195867],[-4.746526728021356,37.889693268165466],[-4.747903035071537,37.88826699628062],[-4.750948101102488,37.88597888965174],[-4.751224603445248,37.88639719169128],[-4.752575288746915,37.88731381704472]]]},"properties":{"cusec":"1402105027","rent_m2":7.803030303030304,"rent_norm":0.59,"detail":"7,80 €/m²·mes"}},{"type":"Feature","geometry":{"type":"Polygon","coordinates":[[[-4.761744366800767,37.880977443699834],[-4.762844194864378,37.880601443706794],[-4.764796066890116,37.87953964199481],[-4.76519133369997,37.880014564759456],[-4.765979694294997,37.88040359981286],[-4.767368468164662,37.88074772063166],[-4.767114719249751,37.88098751475364],[-4.766944961915553,37.88174375521171],[-4.764540494395164,37.881562406991506],[-4.763322423785639,37.88161653668703],[-4.762189505380245,37.881874749052606],[-4.761744366800767,37.880977443699834]]]},"properties":{"cusec":"1402105028","rent_m2":6.124558436325816,"rent_norm":0.34,"detail":"6,12 €/m²·mes"}},{"type":"Feature","geometry":{"type":"Polygon","coordinates":[[[-4.759701355299542,37.879151673748055],[-4.759133750295698,37.87889718569029],[-4.758976811022318,37.878967892071394],[-4.758390619875228,37.878563151009416],[-4.760532585296555,37.877527143980394],[-4.761760626307397,37.879105945163154],[-4.763677815278367,37.87805073243638],[-4.763935738664424,37.8785662162442],[-4.762961874166578,37.87934200583512],[-4.763153235983369,37.88042891873887],[-4.761744366800767,37.880977443699834],[-4.760758027398595,37.87973167123363],[-4.759701355299542,37.879151673748055]]]},"properties":{"cusec":"1402105029","rent_m2":4.925106124924196,"rent_norm":0.17,"detail":"4,93 €/m²·mes"}},{"type":"Feature","geometry":{"type":"Polygon","coordinates":[[[-4.762961874166578,37.87934200583512],[-4.7646681000812565,37.87799984264312],[-4.764875468079763,37.87815452138404],[-4.764717313385777,37.87871278508594],[-4.764300645112607,37.878949981496305],[-4.764796066890116,37.87953964199481],[-4.763153235983369,37.88042891873887],[-4.762961874166578,37.87934200583512]]]},"properties":{"cusec":"1402105030","rent_m2":5.258331863868807,"rent_norm":0.22,"detail":"5,26 €/m²·mes"}},{"type":"Feature","geometry":{"type":"Polygon","coordinates":[[[-4.750304671102142,37.891568673943674],[-4.755984846204391,37.89125487715577],[-4.75821706715896,37.89094695892485],[-4.752325413367454,37.89353340339879],[-4.751537430064873,37.892332644270695],[-4.750601928121242,37.892751570924105],[-4.750387496669657,37.89232951864172],[-4.750304671102142,37.891568673943674]]]},"properties":{"cusec":"1402105031","rent_m2":5.912108333333333,"rent_norm":0.31,"detail":"5,91 €/m²·mes"}},{"type":"Feature","geometry":{"type":"Polygon","coordinates":[[[-4.760532585296555,37.877527143980394],[-4.762509410724266,37.87653001854981],[-4.763677815278367,37.87805073243638],[-4.761760626307397,37.879105945163154],[-4.760532585296555,37.877527143980394]]]},"properties":{"cusec":"1402105032","rent_m2":6.83662995307612,"rent_norm":0.45,"detail":"6,84 €/m²·mes"}},{"type":"Feature","geometry":{"type":"Polygon","coordinates":[[[-4.779914192098965,37.88447388986538],[-4.782128443154596,37.884698786535175],[-4.782534492442811,37.88756617960678],[-4.781153637222359,37.88831884812624],[-4.779914192098965,37.88447388986538]]]},"properties":{"cusec":"1402106001","rent_m2":7.646103896103896,"rent_norm":0.57,"detail":"7,65 €/m²·mes"}},{"type":"Feature","geometry":{"type":"Polygon","coordinates":[[[-4.78212829133932,37.88469775991238],[-4.782958708360993,37.88468622954782],[-4.784567855139544,37.88504334883737],[-4.78602966383846,37.88512258767971],[-4.7859088610939855,37.88628379635922],[-4.785715376558221,37.886424970833986],[-4.784575496209355,37.886399252688236],[-4.782534492442811,37.88756617960678],[-4.78212829133932,37.88469775991238]]]},"properties":{"cusec":"1402106002","rent_m2":7.384290814670561,"rent_norm":0.53,"detail":"7,38 €/m²·mes"}},{"type":"Feature","geometry":{"type":"Polygon","coordinates":[[[-4.779438819820307,37.88991085741143],[-4.782739042426256,37.888724354417654],[-4.783160654128452,37.89123386941497],[-4.78079049147212,37.892291986980936],[-4.779913506684412,37.891063570590994],[-4.779438819820307,37.88991085741143]]]},"properties":{"cusec":"1402106003","rent_m2":7.46987951807229,"rent_norm":0.54,"detail":"7,47 €/m²·mes"}},{"type":"Feature","geometry":{"type":"Polygon","coordinates":[[[-4.78146765680463,37.893184604669045],[-4.78079049147212,37.892291986980936],[-4.783160654128452,37.89123386941497],[-4.782738944509905,37.888723778037345],[-4.784913130703823,37.88850661774698],[-4.785169810821565,37.88948264935834],[-4.786529664328974,37.8913934998795],[-4.785048188813538,37.89241972087909],[-4.7821265333363,37.89405201214322],[-4.78146765680463,37.893184604669045]]]},"properties":{"cusec":"1402106004","rent_m2":7.872767206182561,"rent_norm":0.6,"detail":"7,87 €/m²·mes"}},{"type":"Feature","geometry":{"type":"Polygon","coordinates":[[[-4.785784787583579,37.886435230439666],[-4.786079473624352,37.884643816820095],[-4.786237334569221,37.88483949540481],[-4.786873365146576,37.884970073233454],[-4.789947065875539,37.885126621121216],[-4.789649116255378,37.88837684164071],[-4.788962179947505,37.88866634487091],[-4.787897035837026,37.88709740126888],[-4.786297518099996,37.8870167756767],[-4.785784787583579,37.886435230439666]]]},"properties":{"cusec":"1402106005","rent_m2":8.504390161725068,"rent_norm":0.69,"detail":"8,50 €/m²·mes"}},{"type":"Feature","geometry":{"type":"Polygon","coordinates":[[[-4.788054448522577,37.88904889835709],[-4.790208247451135,37.88814116795307],[-4.791464584495118,37.88999268007455],[-4.791781405922769,37.890774716246106],[-4.791704187639269,37.8909404175954],[-4.790823343689097,37.89157053629615],[-4.790052522699997,37.891276505913524],[-4.789775602640621,37.892013995324156],[-4.788185962778474,37.892846696769325],[-4.787963673763112,37.89070956082481],[-4.788054448522577,37.88904889835709]]]},"properties":{"cusec":"1402106006","rent_m2":7.2017723710588655,"rent_norm":0.5,"detail":"7,20 €/m²·mes"}},{"type":"Feature","geometry":{"type":"Polygon","coordinates":[[[-4.809987749533906,37.885608643791514],[-4.811149629624087,37.88535314717743],[-4.811378504188804,37.885720230836625],[-4.812552506145419,37.88599305367901],[-4.816256145077488,37.88616413134683],[-4.816184547552694,37.88670295452566],[-4.815993722928467,37.88694980337966],[-4.812685403806846,37.88675044444752],[-4.8105494481147675,37.8863875113148],[-4.809858392133006,37.88568758354328],[-4.809987749533906,37.885608643791514]]]},"properties":{"cusec":"1402106007","rent_m2":5.188397129186603,"rent_norm":0.21,"detail":"5,19 €/m²·mes"}},{"type":"Feature","geometry":{"type":"Polygon","coordinates":[[[-4.786539833257985,37.89143681827512],[-4.785632154833651,37.89013044522894],[-4.788054448522577,37.88904889835709],[-4.787963673763112,37.89070956082481],[-4.7881935328813805,37.893660040590085],[-4.7880205038829216,37.894670912137165],[-4.786999266728575,37.89339405452719],[-4.786539833257985,37.89143681827512]]]},"properties":{"cusec":"1402106008","rent_m2":7.419206762495331,"rent_norm":0.53,"detail":"7,42 €/m²·mes"}},{"type":"Feature","geometry":{"type":"Polygon","coordinates":[[[-4.784517768672578,37.89270858791063],[-4.786539833257985,37.89143681827512],[-4.786999266728575,37.89339405452719],[-4.7880005954195815,37.894755542412575],[-4.787187649731857,37.89618666141384],[-4.784517768672578,37.89270858791063]]]},"properties":{"cusec":"1402106009","rent_m2":8,"rent_norm":0.62,"detail":"8,00 €/m²·mes"}},{"type":"Feature","geometry":{"type":"Polygon","coordinates":[[[-4.784981683838122,37.89635616436403],[-4.784124877906648,37.89508889825168],[-4.783860475870758,37.89487788442972],[-4.782703763788411,37.89456422863987],[-4.7821265333363,37.89405201214322],[-4.784517768672578,37.89270858791063],[-4.787134410178246,37.89623307197046],[-4.785774080563709,37.89748900410411],[-4.784981683838122,37.89635616436403]]]},"properties":{"cusec":"1402106010","rent_m2":8.08637454981993,"rent_norm":0.63,"detail":"8,09 €/m²·mes"}},{"type":"Feature","geometry":{"type":"Polygon","coordinates":[[[-4.793151836194371,37.892188853150834],[-4.791145257666128,37.891762393796654],[-4.790823343689097,37.89157053629615],[-4.791781405922769,37.890774716246106],[-4.791464584495118,37.88999268007455],[-4.790208247451135,37.88814116795307],[-4.793086853863334,37.88692788763505],[-4.794084731227026,37.89029494850223],[-4.793151836194371,37.892188853150834]]]},"properties":{"cusec":"1402106011","rent_m2":5.322549019607843,"rent_norm":0.22,"detail":"5,32 €/m²·mes"}},{"type":"Feature","geometry":{"type":"Polygon","coordinates":[[[-4.785790250238829,37.89772551481438],[-4.785923386852152,37.89737651265333],[-4.787386556498703,37.8959102262905],[-4.7880205038829216,37.894670912137165],[-4.790117035212118,37.89413436967897],[-4.790629151280886,37.89538125389462],[-4.79044446574329,37.899060973525216],[-4.789620654033909,37.89901141459649],[-4.787434423228641,37.90003850618959],[-4.785790250238829,37.89772551481438]]]},"properties":{"cusec":"1402106012","rent_m2":8.638870863075924,"rent_norm":0.71,"detail":"8,64 €/m²·mes"}},{"type":"Feature","geometry":{"type":"Polygon","coordinates":[[[-4.782729504114575,37.888668366811785],[-4.782534492442811,37.88756617960678],[-4.784419445369771,37.88650431028225],[-4.784913130703823,37.88850661774698],[-4.782729504114575,37.888668366811785]]]},"properties":{"cusec":"1402106015","rent_m2":6.557377049180328,"rent_norm":0.41,"detail":"6,56 €/m²·mes"}},{"type":"Feature","geometry":{"type":"Polygon","coordinates":[[[-4.782159534744903,37.88777118819205],[-4.782534492442811,37.88756617960678],[-4.782729504114575,37.888668366811785],[-4.779438819820307,37.88991085741143],[-4.779278665476515,37.88953049479675],[-4.77950643780836,37.88919394548898],[-4.782159534744903,37.88777118819205]]]},"properties":{"cusec":"1402106016","rent_m2":7.13980463980464,"rent_norm":0.49,"detail":"7,14 €/m²·mes"}},{"type":"Feature","geometry":{"type":"Polygon","coordinates":[[[-4.79861529722591,37.893233783999875],[-4.798154035683694,37.893138801855116],[-4.7981100954899025,37.89324246462013],[-4.793151836194371,37.892188853150834],[-4.793996459173942,37.89046888808331],[-4.79492185237567,37.890679169451374],[-4.795762078101949,37.89058766489114],[-4.79617023483782,37.8917831844555],[-4.797600922302025,37.89209277295488],[-4.798313767819316,37.89194164825814],[-4.798969326872639,37.89330826078186],[-4.79861529722591,37.893233783999875]]]},"properties":{"cusec":"1402106017","rent_m2":6.856575763685856,"rent_norm":0.45,"detail":"6,86 €/m²·mes"}},{"type":"Feature","geometry":{"type":"Polygon","coordinates":[[[-4.7949910918228165,37.88612517362043],[-4.795350666769794,37.8869040484418],[-4.796121900983959,37.88657569919342],[-4.79830009635899,37.891893413060295],[-4.797600922302025,37.89209277295488],[-4.79617023483782,37.8917831844555],[-4.795762078101949,37.89058766489114],[-4.79492185237567,37.890679169451374],[-4.793996459173942,37.89046888808331],[-4.794084731227026,37.89029494850223],[-4.793086853863334,37.88692788763505],[-4.7949910918228165,37.88612517362043]]]},"properties":{"cusec":"1402106018","rent_m2":7.206496960486322,"rent_norm":0.5,"detail":"7,21 €/m²·mes"}},{"type":"Feature","geometry":{"type":"Polygon","coordinates":[[[-4.803957129961245,37.891603193741815],[-4.806655007016365,37.891009491793426],[-4.806304399950846,37.889113213014],[-4.8064295721008685,37.88902096707064],[-4.8076699227260375,37.88935643460429],[-4.808276984432127,37.89341905564879],[-4.805916615209017,37.89477045618201],[-4.800084679620955,37.89354287654341],[-4.801506647138702,37.893339311065596],[-4.804316802824572,37.89259523774439],[-4.803957129961245,37.891603193741815]]]},"properties":{"cusec":"1402106019","rent_m2":7.677363945011225,"rent_norm":0.57,"detail":"7,68 €/m²·mes"}},{"type":"Feature","geometry":{"type":"Polygon","coordinates":[[[-4.803909286587498,37.89161897871218],[-4.804316802824572,37.89259523774439],[-4.803029866467093,37.89286217522178],[-4.802198437942389,37.890995026725605],[-4.802520077933238,37.890814176274056],[-4.802848718495101,37.891864261375844],[-4.803909286587498,37.89161897871218]]]},"properties":{"cusec":"1402106020","rent_m2":7.930583333333334,"rent_norm":0.61,"detail":"7,93 €/m²·mes"}},{"type":"Feature","geometry":{"type":"Polygon","coordinates":[[[-4.802498049445847,37.890895445673664],[-4.804050094813365,37.8905439574982],[-4.803712754966278,37.889589041753055],[-4.806247736917697,37.88904645034661],[-4.806344929241525,37.88921450788221],[-4.806655007016365,37.891009491793426],[-4.802848718495101,37.891864261375844],[-4.802498049445847,37.890895445673664]]]},"properties":{"cusec":"1402106021","rent_m2":7.75,"rent_norm":0.58,"detail":"7,75 €/m²·mes"}},{"type":"Feature","geometry":{"type":"Polygon","coordinates":[[[-4.803309042196148,37.88840334887493],[-4.806193078025904,37.889058150176865],[-4.803712754966278,37.889589041753055],[-4.804050094813365,37.8905439574982],[-4.8022499060182575,37.89087652564142],[-4.80202343534524,37.888810511526586],[-4.803309042196148,37.88840334887493]]]},"properties":{"cusec":"1402106022","rent_m2":7.916666666666667,"rent_norm":0.61,"detail":"7,92 €/m²·mes"}},{"type":"Feature","geometry":{"type":"Polygon","coordinates":[[[-4.85714057751217,37.98237928659074],[-4.8567678862637065,37.98145029291376],[-4.855466619082498,37.980877274512544],[-4.855254936475665,37.98091593423345],[-4.854630571420585,37.981723968647785],[-4.854025335989496,37.98169323890326],[-4.851732132003568,37.9797378625154],[-4.851468842980315,37.97916990203459],[-4.848895203827302,37.977579153399304],[-4.845971784058833,37.97456023952397],[-4.845335592683031,37.97353161608427],[-4.843645799649856,37.973511271998696],[-4.842621916058694,37.97290386435997],[-4.842261316133962,37.97285488276071],[-4.8401563083017205,37.97324853614879],[-4.839241286149949,37.97309895269873],[-4.837996371184828,37.97249507176375],[-4.8359072689230285,37.97241596102102],[-4.835580002783525,37.97222956695064],[-4.834863403206664,37.97058068328848],[-4.834594021809162,37.970289734132855],[-4.834665375890476,37.969913661548595],[-4.834052054723512,37.969009088222705],[-4.833944821929726,37.96829510430964],[-4.832981156005327,37.967693687323134],[-4.833248791976235,37.96729975486245],[-4.833088150745549,37.966323857703],[-4.832223003058362,37.965122436941066],[-4.830729374235461,37.964308845738444],[-4.830164597128112,37.96309815587332],[-4.829899869003776,37.96234851878405],[-4.830160401995734,37.960956373494085],[-4.829720863513761,37.95877119609851],[-4.829299252709861,37.95812735410798],[-4.829294045176187,37.955695159952626],[-4.828869856207451,37.95485435203558],[-4.828550388342951,37.95474566486002],[-4.8279189939707825,37.954856836105556],[-4.826817908265768,37.95423512750161],[-4.8266404820140165,37.95377208709236],[-4.825877992899162,37.953342039304324],[-4.825516099400444,37.952426444756625],[-4.825695430978905,37.951441032297865],[-4.8251339911128746,37.95108113478168],[-4.825040725325125,37.95039763015936],[-4.826213890950209,37.94976623798638],[-4.826357194695913,37.94894355610301],[-4.82609086218046,37.94831722485626],[-4.825141289924558,37.94784829092509],[-4.824981661095201,37.94759097662911],[-4.8235356079480445,37.94378991149929],[-4.823294513600511,37.94083425257626],[-4.822682329700705,37.939570876905165],[-4.822660442248793,37.93914694226235],[-4.8209469777095695,37.93658120709787],[-4.81927575105667,37.93589105647375],[-4.819208930772573,37.93556618773733],[-4.819437651725386,37.93532323861201],[-4.819871067290411,37.9352071632809],[-4.820250069203717,37.934477444131964],[-4.820148359252319,37.934305823392926],[-4.818828257094535,37.93409471798391],[-4.818330051437954,37.93342580470395],[-4.81748134292045,37.933321314308],[-4.8165692115472725,37.93240158042607],[-4.815875587282108,37.93214711916834],[-4.814491732586916,37.930916477915495],[-4.814515247786102,37.93074506071945],[-4.815051713588928,37.930503018904176],[-4.816760991080646,37.930246200798344],[-4.816864454543479,37.93005708442059],[-4.81571660613806,37.92948567372414],[-4.81449099776499,37.92853499106388],[-4.81348958283573,37.92836080700603],[-4.81338764111898,37.9282252433916],[-4.813447804886819,37.927530837232304],[-4.813585067462209,37.92739587225684],[-4.815325778802329,37.9273106198293],[-4.815715997080295,37.92708609852813],[-4.813865001369381,37.92588109109032],[-4.812501511481688,37.92520067826267],[-4.8125836884655655,37.92465077649508],[-4.812210588483655,37.924027049285634],[-4.812256783448829,37.92387377999107],[-4.813305056299953,37.92373260648154],[-4.813568330950153,37.92341737794769],[-4.813353924651421,37.92297477708724],[-4.812693991700964,37.92287383480903],[-4.812532101812047,37.92298174924795],[-4.812542119824112,37.9233331732104],[-4.81161065221441,37.92318647990788],[-4.811265846469012,37.923456269167225],[-4.811341961621377,37.92426830531024],[-4.810569726684012,37.92420291097663],[-4.809700747682104,37.92454339454558],[-4.809494403763022,37.924867562995814],[-4.809629697231342,37.92518377877548],[-4.8105989893043954,37.92615961380891],[-4.811988698320271,37.9268506394923],[-4.812469447914255,37.92779314992971],[-4.8112025700387315,37.92911644314965],[-4.808810545981636,37.928304399608734],[-4.808079242780184,37.927943674530304],[-4.807302967220674,37.92722120649758],[-4.8065067814012306,37.926996583595525],[-4.806318329227672,37.92232473481884],[-4.806143807229204,37.92214624385988],[-4.806647664187224,37.92145974469228],[-4.806987316297841,37.92143704412901],[-4.807310923599166,37.92162282586004],[-4.808424950434134,37.92077593338912],[-4.806745858132617,37.91968821302853],[-4.807019408611347,37.91930489115309],[-4.80772787933324,37.91910563969393],[-4.808057974267537,37.91881920706895],[-4.808313687798001,37.91893688150769],[-4.80883902796604,37.918511534552515],[-4.808724791007985,37.91790288191784],[-4.808913907934862,37.91751370060446],[-4.808519201673765,37.91696242604111],[-4.809791220607644,37.91745013644971],[-4.810334504623471,37.91665253890978],[-4.811490698377893,37.91617932089441],[-4.812011843413555,37.916443118390255],[-4.812253146170248,37.91634164059128],[-4.812528487889657,37.91652338362921],[-4.813037829062491,37.916551300935865],[-4.813992774142134,37.91609546646758],[-4.814834899805241,37.91607055738338],[-4.815278519333562,37.9157513563747],[-4.815754544687443,37.9156486338607],[-4.815916208200925,37.91549115303576],[-4.815848768977594,37.91519652722977],[-4.816146246982247,37.91493203498714],[-4.817154509768948,37.914687564124534],[-4.816655844174954,37.9143590638274],[-4.817216719899007,37.914035660531084],[-4.81684779528654,37.91359785861991],[-4.816915472563401,37.91344180430382],[-4.819720938145193,37.9132529359912],[-4.820190597138644,37.913073807847006],[-4.820550724549536,37.91268789088063],[-4.822529658323202,37.913273152896195],[-4.823070158459991,37.91319793231742],[-4.822503278396572,37.91269107659526],[-4.822161011290171,37.91200891590612],[-4.822410290188259,37.911365282213794],[-4.82237122784644,37.910606997947696],[-4.8218535071886475,37.91029014186456],[-4.821420821055633,37.9093610988593],[-4.821701513140889,37.9090129825416],[-4.822143486955627,37.90885339808397],[-4.823798178319086,37.908512648386925],[-4.8240896915102445,37.90811663519134],[-4.823840748582071,37.90779584320833],[-4.822679903351111,37.90715020438361],[-4.822076060308723,37.906118756604684],[-4.823270003966305,37.90420011012693],[-4.822970495769112,37.902805899931515],[-4.823329452675186,37.89863112451983],[-4.810995962913267,37.89601778685405],[-4.8110122394879085,37.89584513283402],[-4.805916615209017,37.89477045618201],[-4.808276984432127,37.89341905564879],[-4.8073789862532825,37.887225198769954],[-4.807591695634463,37.88716973040807],[-4.806827913843919,37.88549169238941],[-4.809389506588989,37.885126377937816],[-4.8105494481147675,37.8863875113148],[-4.812685403806846,37.88675044444752],[-4.815993722928467,37.88694980337966],[-4.816024416565093,37.88677352154375],[-4.818335505110033,37.886831283732185],[-4.819059956860824,37.885457195958416],[-4.81939231195635,37.88520525936046],[-4.821363279470122,37.88472810483418],[-4.82205809220638,37.88434132242012],[-4.823117292164631,37.88175243080544],[-4.822966817168031,37.880443127793775],[-4.837225480127122,37.87837099818483],[-4.84880625983439,37.87568840025766],[-4.8535054045777795,37.88307982572876],[-4.857921585396588,37.887268083602166],[-4.858562004244098,37.88767850313592],[-4.85928391735589,37.88869214729947],[-4.862411918548837,37.890429965245666],[-4.863754572911818,37.88975164342771],[-4.863924959066717,37.88993292894465],[-4.863508562983068,37.8905177445348],[-4.863519818873565,37.89096438025403],[-4.863931541921113,37.89150980529039],[-4.863375906968426,37.89183399808555],[-4.862477495564583,37.8917167949775],[-4.861825041987194,37.89214763856906],[-4.861910526567951,37.89290849429766],[-4.86164795709524,37.89301777836263],[-4.860712412930777,37.89274345454323],[-4.8604829876988065,37.892852207875706],[-4.862557634271081,37.89358162263501],[-4.862795661770223,37.89381440145923],[-4.862768467071626,37.89405138051016],[-4.861829597344008,37.893645697266265],[-4.860612196877685,37.89403290435376],[-4.860065776843189,37.89472489467083],[-4.859606919192705,37.89494240737215],[-4.859614188359984,37.89523140273894],[-4.859952996054229,37.89551516678472],[-4.860233425831399,37.896115244250595],[-4.859483440367011,37.89662647026474],[-4.85935941177236,37.89697010554172],[-4.85883687255137,37.897293753978765],[-4.858840835918397,37.89745139000927],[-4.859764428896309,37.89856697270918],[-4.860270346589571,37.898900662171776],[-4.861507675282137,37.899301633063196],[-4.862215849559955,37.89976353158317],[-4.863416072441414,37.90000737012585],[-4.864510313882243,37.899990048757516],[-4.8558752824681655,37.908167404942674],[-4.8573470480936765,37.90925054061681],[-4.857395959564272,37.911195433947626],[-4.863261365481487,37.94326329671066],[-4.874700028117517,37.96116462962088],[-4.875330405596804,37.963214673706354],[-4.875683102143639,37.96381944756857],[-4.8761764263549585,37.96426937697424],[-4.877083847861122,37.96394969825349],[-4.87772071297338,37.96435917937729],[-4.878348840172871,37.96442544876213],[-4.878600371147349,37.964841079551995],[-4.880051252739171,37.96504679277792],[-4.881193189331692,37.96636377649058],[-4.882157545162261,37.96638649575676],[-4.8874808456532755,37.97117036082246],[-4.883267149591085,37.9714093638258],[-4.880780258050115,37.97286915115374],[-4.878800402604927,37.97382089181543],[-4.877984417916622,37.97501030846552],[-4.877046850746163,37.97574620062492],[-4.875441383466989,37.97655706845219],[-4.874841024989575,37.977028264175146],[-4.87092817830931,37.97888389041773],[-4.869787475103637,37.97969504575589],[-4.869312248352043,37.97981074703534],[-4.869785540132522,37.97969507620324],[-4.871442158382256,37.978617110079405],[-4.868769170948713,37.97701460272756],[-4.867057738398658,37.97456134703554],[-4.867179637986088,37.97286226162128],[-4.866816944088422,37.97156258002095],[-4.864998878819207,37.97164039434193],[-4.864727404347068,37.971920503403545],[-4.8646458400142105,37.97316094127198],[-4.865083463288039,37.973646669929444],[-4.865216123794234,37.974382185580836],[-4.864774753647378,37.97468378148482],[-4.864843764024132,37.975776874085966],[-4.864201077828849,37.976488021484364],[-4.863606109243119,37.97672991890872],[-4.863504904144923,37.97692961392181],[-4.863860694489595,37.97751182099288],[-4.863402425235609,37.977968929416384],[-4.863326113352214,37.978846104821024],[-4.862670980100349,37.979219729118995],[-4.861962902840585,37.980299729179904],[-4.861731525569488,37.98042885594912],[-4.860712712968107,37.98042998673846],[-4.86039312742432,37.98065079196437],[-4.860191015468531,37.98142135869837],[-4.859932980691368,37.981628193054874],[-4.859918547459702,37.98214921601026],[-4.859510087991576,37.9824243944557],[-4.859104289333352,37.9824800118974],[-4.858179698327167,37.98224701099964],[-4.857887558111933,37.98258044180888],[-4.85755523086415,37.982643103518264],[-4.85714057751217,37.98237928659074]]]},"properties":{"cusec":"1402106025","rent_m2":9.308510638297873,"rent_norm":0.81,"detail":"9,31 €/m²·mes"}},{"type":"Feature","geometry":{"type":"Polygon","coordinates":[[[-4.784913130703823,37.88850661774698],[-4.784451114576811,37.88648259504536],[-4.784575496209355,37.886399252688236],[-4.785715376558221,37.886424970833986],[-4.786297518099996,37.8870167756767],[-4.787897035837026,37.88709740126888],[-4.78892192913456,37.88868330875465],[-4.785632154833651,37.89013044522894],[-4.785169810821565,37.88948264935834],[-4.784913130703823,37.88850661774698]]]},"properties":{"cusec":"1402106027","rent_m2":6.890103567318757,"rent_norm":0.45,"detail":"6,89 €/m²·mes"}},{"type":"Feature","geometry":{"type":"Polygon","coordinates":[[[-4.791154304599362,37.88518348418546],[-4.794582196671798,37.88533811664434],[-4.795254020621668,37.8852071112391],[-4.795190053386886,37.885116006838366],[-4.795776744895592,37.88491446350149],[-4.796827661488608,37.885350947898694],[-4.791814611248946,37.88746411040588],[-4.791500207187717,37.88689432488464],[-4.791154304599362,37.88518348418546]]]},"properties":{"cusec":"1402106028","rent_m2":5.799361119561911,"rent_norm":0.29,"detail":"5,80 €/m²·mes"}},{"type":"Feature","geometry":{"type":"Polygon","coordinates":[[[-4.814491463990651,37.8836097167544],[-4.814753864580075,37.88442150143798],[-4.811126721686039,37.88522185182255],[-4.8107316462173335,37.884476048048604],[-4.814491463990651,37.8836097167544]]]},"properties":{"cusec":"1402106029","rent_m2":5.272067098524971,"rent_norm":0.22,"detail":"5,27 €/m²·mes"}},{"type":"Feature","geometry":{"type":"Polygon","coordinates":[[[-4.789947065875539,37.885126621121216],[-4.791154304599362,37.88518348418546],[-4.791500207187717,37.88689432488464],[-4.791814611248946,37.88746411040588],[-4.789649116255378,37.88837684164071],[-4.789947065875539,37.885126621121216]]]},"properties":{"cusec":"1402106032","rent_m2":7.910783055198974,"rent_norm":0.6,"detail":"7,91 €/m²·mes"}},{"type":"Feature","geometry":{"type":"Polygon","coordinates":[[[-4.816256145077488,37.88616413134683],[-4.812552506145419,37.88599305367901],[-4.811378504188804,37.885720230836625],[-4.811149629624087,37.88535314717743],[-4.809877423840612,37.88567597605443],[-4.809346507829589,37.885033793065226],[-4.810811849602522,37.884627453941896],[-4.8111225750626705,37.88521402458802],[-4.814726302470531,37.884424152375146],[-4.819020181256643,37.883794075320296],[-4.819389254989462,37.88437683607521],[-4.819964599877797,37.88449573685876],[-4.820016333855007,37.885015001980996],[-4.819552586674421,37.885116926397885],[-4.819059956860824,37.885457195958416],[-4.818335505110033,37.886831283732185],[-4.816040652715566,37.886766355946655],[-4.816184547552694,37.88670295452566],[-4.816256145077488,37.88616413134683]]]},"properties":{"cusec":"1402106034","rent_m2":5.187074829931973,"rent_norm":0.21,"detail":"5,19 €/m²·mes"}},{"type":"Feature","geometry":{"type":"Polygon","coordinates":[[[-4.795603734761773,37.89423157436439],[-4.798115247328056,37.89360258008239],[-4.798154035683694,37.893138801855116],[-4.79929614295613,37.89337701162203],[-4.7993344444249075,37.8955621944982],[-4.796452037240755,37.89626773348454],[-4.795603734761773,37.89423157436439]]]},"properties":{"cusec":"1402106038","rent_m2":7.868421052631579,"rent_norm":0.6,"detail":"7,87 €/m²·mes"}},{"type":"Feature","geometry":{"type":"Polygon","coordinates":[[[-4.800232882778229,37.88930786450663],[-4.80202343534524,37.888810511526586],[-4.802181598124067,37.89090713457607],[-4.803001503060305,37.89278343953148],[-4.802871656975884,37.8928999086326],[-4.800405028732742,37.89357076712444],[-4.798969326872639,37.89330826078186],[-4.797546594888563,37.890053958217216],[-4.800232882778229,37.88930786450663]]]},"properties":{"cusec":"1402106039","rent_m2":7.741111111111111,"rent_norm":0.58,"detail":"7,74 €/m²·mes"}},{"type":"Feature","geometry":{"type":"Polygon","coordinates":[[[-4.79044446574329,37.899060973525216],[-4.790490455892591,37.89777861682089],[-4.7993344444249075,37.8955621944982],[-4.799399221041741,37.89925885447986],[-4.798458570853209,37.89905352061983],[-4.793924765529424,37.89965753738002],[-4.793629685128292,37.89959226860719],[-4.792817317955599,37.89876753234929],[-4.792580999950434,37.89870136608082],[-4.7907137653941225,37.899148347691124],[-4.79044446574329,37.899060973525216]]]},"properties":{"cusec":"1402106040","rent_m2":8.031438976197041,"rent_norm":0.62,"detail":"8,03 €/m²·mes"}},{"type":"Feature","geometry":{"type":"Polygon","coordinates":[[[-4.806533239481276,37.88910509906787],[-4.803309042196148,37.88840334887493],[-4.80455781003552,37.88804811257586],[-4.803855034632559,37.8865012673561],[-4.8069002228344155,37.885658858337216],[-4.807591695634463,37.88716973040807],[-4.8073789862532825,37.887225198769954],[-4.8076699227260375,37.88935643460429],[-4.806533239481276,37.88910509906787]]]},"properties":{"cusec":"1402106043","rent_m2":7.589581950895819,"rent_norm":0.56,"detail":"7,59 €/m²·mes"}},{"type":"Feature","geometry":{"type":"Polygon","coordinates":[[[-4.797546594888563,37.890053958217216],[-4.796121900983959,37.88657569919342],[-4.795350666769794,37.8869040484418],[-4.7949910918228165,37.88612517362043],[-4.796813510327932,37.885356913318056],[-4.797713301544049,37.88561669715027],[-4.799280130486201,37.88552690417078],[-4.800232882778229,37.88930786450663],[-4.797546594888563,37.890053958217216]]]},"properties":{"cusec":"1402106044","rent_m2":7.8217821782178225,"rent_norm":0.59,"detail":"7,82 €/m²·mes"}},{"type":"Feature","geometry":{"type":"Polygon","coordinates":[[[-4.799835564216272,37.88763667702802],[-4.799280130486201,37.88552690417078],[-4.8016002794391,37.884880276629524],[-4.803958779268082,37.88370115554114],[-4.806260417536223,37.884633328668656],[-4.806597696297875,37.88495876624376],[-4.8069002228344155,37.885658858337216],[-4.799835564216272,37.88763667702802]]]},"properties":{"cusec":"1402106046","rent_m2":7.476569858712716,"rent_norm":0.54,"detail":"7,48 €/m²·mes"}},{"type":"Feature","geometry":{"type":"Polygon","coordinates":[[[-4.791145257666128,37.891762393796654],[-4.7981100954899025,37.89324246462013],[-4.798115247328056,37.89360258008239],[-4.795603734761773,37.89423157436439],[-4.7955344072797095,37.893616757530175],[-4.7957167185699765,37.893078570508784],[-4.794692145072677,37.892860843170425],[-4.794532048221066,37.89333063045675],[-4.790915665347497,37.892596479059094],[-4.790823732659641,37.89246061062368],[-4.791145257666128,37.891762393796654]]]},"properties":{"cusec":"1402106047","rent_m2":9.230769230769232,"rent_norm":0.8,"detail":"9,23 €/m²·mes"}},{"type":"Feature","geometry":{"type":"Polygon","coordinates":[[[-4.790627591805558,37.89545159354818],[-4.795605066065004,37.89423477080272],[-4.796452037240755,37.89626773348454],[-4.790490455892591,37.89777861682089],[-4.790627591805558,37.89545159354818]]]},"properties":{"cusec":"1402106048","rent_m2":7.746478873239436,"rent_norm":0.58,"detail":"7,75 €/m²·mes"}},{"type":"Feature","geometry":{"type":"Polygon","coordinates":[[[-4.799835564216272,37.88763667702802],[-4.803855034632559,37.8865012673561],[-4.80455781003552,37.88804811257586],[-4.800232882778229,37.88930786450663],[-4.799835564216272,37.88763667702802]]]},"properties":{"cusec":"1402106049","rent_m2":8.633540372670808,"rent_norm":0.71,"detail":"8,63 €/m²·mes"}},{"type":"Feature","geometry":{"type":"Polygon","coordinates":[[[-4.799399221041741,37.89925885447986],[-4.79929614295613,37.89337701162203],[-4.805714225673825,37.89472777491969],[-4.8051376339238505,37.89626697143617],[-4.806375694743385,37.89880259317456],[-4.8015028203156,37.89853659025037],[-4.800463792925369,37.89945981060918],[-4.799399221041741,37.89925885447986]]]},"properties":{"cusec":"1402106050","rent_m2":9.227330779054917,"rent_norm":0.8,"detail":"9,23 €/m²·mes"}},{"type":"Feature","geometry":{"type":"Polygon","coordinates":[[[-4.798860972083044,37.904034487532726],[-4.79891924040564,37.90261881393582],[-4.797273525906843,37.901890486757836],[-4.796944814378076,37.90149015586912],[-4.796702154267002,37.9005448628621],[-4.795282944577178,37.899476625982444],[-4.798458570853209,37.89905352061983],[-4.800463792925369,37.89945981060918],[-4.8015028203156,37.89853659025037],[-4.806324912082069,37.89880007814694],[-4.807116550629571,37.90032872698595],[-4.807035594456149,37.90292421240472],[-4.806027767352373,37.90428926438033],[-4.804536686151607,37.9038591014295],[-4.800174879458643,37.90417389281186],[-4.798860972083044,37.904034487532726]]]},"properties":{"cusec":"1402106052","rent_m2":10.606643356643357,"rent_norm":1,"detail":"10,61 €/m²·mes"}},{"type":"Feature","geometry":{"type":"Polygon","coordinates":[[[-4.776204891983987,37.885417948591446],[-4.775984777789931,37.884998062775814],[-4.7759996655691275,37.884528966056656],[-4.779148133977509,37.884465105406875],[-4.779277951315856,37.885630135246934],[-4.779724007075238,37.88578791607113],[-4.779690476558946,37.88601971349333],[-4.779910537752405,37.886037844969124],[-4.7797193888363605,37.88669853477947],[-4.778915228672116,37.88668476720464],[-4.778730412878808,37.88714618055294],[-4.778371201749522,37.88733201697174],[-4.777450956792693,37.88734830409834],[-4.777473149671785,37.88689492751127],[-4.776845434799029,37.88634535692585],[-4.776863078609519,37.88542102488472],[-4.776204891983987,37.885417948591446]]]},"properties":{"cusec":"1402107001","rent_m2":8.258264952294804,"rent_norm":0.66,"detail":"8,26 €/m²·mes"}},{"type":"Feature","geometry":{"type":"Polygon","coordinates":[[[-4.776621342864859,37.88398615585852],[-4.777047126343243,37.88406627358012],[-4.777189954880149,37.882745372556705],[-4.776977605723404,37.88205009536593],[-4.77799853565391,37.88146956593443],[-4.7784448177887615,37.881512895840686],[-4.778312986427554,37.881660338007045],[-4.778551569085537,37.88182364352284],[-4.778330781154992,37.882024886895245],[-4.778526490817733,37.882281832943015],[-4.7797512152485595,37.8822943158936],[-4.779925326716921,37.88460104389863],[-4.779145373454629,37.884586704481954],[-4.779148133977509,37.884465105406875],[-4.7759996655691275,37.884528966056656],[-4.776621342864859,37.88398615585852]]]},"properties":{"cusec":"1402107002","rent_m2":8.5,"rent_norm":0.69,"detail":"8,50 €/m²·mes"}},{"type":"Feature","geometry":{"type":"Polygon","coordinates":[[[-4.782268209334698,37.88148878050199],[-4.782484234397599,37.882544840167405],[-4.782097361445758,37.883572711692985],[-4.782123175433783,37.88466332124696],[-4.779914192098965,37.88447388986538],[-4.779742438708217,37.88255852910667],[-4.7804126888097045,37.880838282355676],[-4.781026641492329,37.88035074407173],[-4.781593683252494,37.88066167604253],[-4.781953379472045,37.881481242861696],[-4.782268209334698,37.88148878050199]]]},"properties":{"cusec":"1402107003","rent_m2":7.597183723564953,"rent_norm":0.56,"detail":"7,60 €/m²·mes"}},{"type":"Feature","geometry":{"type":"Polygon","coordinates":[[[-4.7797193888363605,37.88669853477947],[-4.779910537752405,37.886037844969124],[-4.779690476558946,37.88601971349333],[-4.779724007075238,37.88578791607113],[-4.779321949001829,37.88570815613249],[-4.779299888175076,37.88529055349484],[-4.779120143371583,37.88529002104492],[-4.779145373454629,37.884586704481954],[-4.779925326716921,37.88460104389863],[-4.781153637222359,37.88831884812624],[-4.77950643780836,37.88919394548898],[-4.779397069719139,37.88913875013833],[-4.779430169942422,37.88818478460755],[-4.7797193888363605,37.88669853477947]]]},"properties":{"cusec":"1402107004","rent_m2":7.113702623906707,"rent_norm":0.49,"detail":"7,11 €/m²·mes"}},{"type":"Feature","geometry":{"type":"Polygon","coordinates":[[[-4.776204891983987,37.885417948591446],[-4.776864594965721,37.88535900624852],[-4.776845434799029,37.88634535692585],[-4.777361230367175,37.88668739820903],[-4.777450956792693,37.88734830409834],[-4.778371201749522,37.88733201697174],[-4.778730412878808,37.88714618055294],[-4.778915228672116,37.88668476720464],[-4.7797193888363605,37.88669853477947],[-4.779397069719139,37.88913875013833],[-4.7784304905582875,37.889140106361396],[-4.776431394098036,37.88870570748412],[-4.776259990151926,37.888460310789775],[-4.776327555139416,37.88611741099908],[-4.776204891983987,37.885417948591446]]]},"properties":{"cusec":"1402107005","rent_m2":6.727673237753883,"rent_norm":0.43,"detail":"6,73 €/m²·mes"}},{"type":"Feature","geometry":{"type":"Polygon","coordinates":[[[-4.772924602095867,37.88189252987469],[-4.7736239216799286,37.881530856842296],[-4.773851593400498,37.882289199628275],[-4.775772550804058,37.8828563385925],[-4.776656681689842,37.882966984697475],[-4.776772399071481,37.88344036738027],[-4.776621342864859,37.88398615585852],[-4.7758941144215745,37.884535527807586],[-4.775449651375179,37.88431809779917],[-4.7736944214634365,37.88413950328937],[-4.773393759829405,37.88364568806971],[-4.773439385262685,37.883197536054944],[-4.773161300986702,37.88311030886499],[-4.772924602095867,37.88189252987469]]]},"properties":{"cusec":"1402108001","rent_m2":8.482142857142858,"rent_norm":0.69,"detail":"8,48 €/m²·mes"}},{"type":"Feature","geometry":{"type":"Polygon","coordinates":[[[-4.776621342864859,37.88398615585852],[-4.776772399071481,37.88344036738027],[-4.776710311112294,37.88294574416359],[-4.775538649266984,37.88006892461195],[-4.776630198456946,37.88004760666606],[-4.778192940962867,37.88073218149182],[-4.778332989213957,37.88055123422096],[-4.7779231598150576,37.87964657273795],[-4.779174077322917,37.87974927531278],[-4.779394472689664,37.88003207517791],[-4.779882723216277,37.87981963060988],[-4.780365956652002,37.88077324647657],[-4.780245385672878,37.88141514755763],[-4.779817838801592,37.88227991505223],[-4.778526490817733,37.882281832943015],[-4.778330781154992,37.882024886895245],[-4.778551569085537,37.88182364352284],[-4.778312986427554,37.881660338007045],[-4.7784448177887615,37.881512895840686],[-4.77799853565391,37.88146956593443],[-4.77703695022769,37.88201581711882],[-4.777202590582922,37.883048313098136],[-4.77706026510259,37.884038000792614],[-4.776621342864859,37.88398615585852]]]},"properties":{"cusec":"1402108002","rent_m2":6.6644840230487175,"rent_norm":0.42,"detail":"6,66 €/m²·mes"}},{"type":"Feature","geometry":{"type":"Polygon","coordinates":[[[-4.772924602095867,37.88189252987469],[-4.77116539174912,37.88117201389001],[-4.770993376050287,37.8808287104392],[-4.7716248638472525,37.879848616184276],[-4.772251872644224,37.88006217102268],[-4.773387569538806,37.880023564587525],[-4.774784445314027,37.87931173810711],[-4.775636853093844,37.88023878586369],[-4.776710311112294,37.88294574416359],[-4.775772550804058,37.8828563385925],[-4.773851593400498,37.882289199628275],[-4.7736239216799286,37.881530856842296],[-4.772924602095867,37.88189252987469]]]},"properties":{"cusec":"1402108003","rent_m2":8.189655172413794,"rent_norm":0.65,"detail":"8,19 €/m²·mes"}},{"type":"Feature","geometry":{"type":"Polygon","coordinates":[[[-4.770971749109832,37.880760801555894],[-4.771110061815796,37.881122774034544],[-4.772879388989288,37.88189253483781],[-4.773161300986702,37.88311030886499],[-4.773439385262685,37.883197536054944],[-4.773456161300612,37.883864115501815],[-4.77387860214783,37.88424353251524],[-4.7729135474279865,37.88432056440075],[-4.773029815476878,37.883789981540644],[-4.772835358065657,37.883694636256045],[-4.772868247184823,37.883560612530566],[-4.772425983214255,37.88358004776194],[-4.772307394816993,37.8838838051846],[-4.771890716662322,37.88359172435458],[-4.7711022877953475,37.88348742478596],[-4.770986510226571,37.88284100976499],[-4.7714698658332,37.88245383244422],[-4.771556790413338,37.882201948673945],[-4.769698848030337,37.882005775984425],[-4.769702362239715,37.88088046967632],[-4.770971749109832,37.880760801555894]]]},"properties":{"cusec":"1402108004","rent_m2":8.166666666666666,"rent_norm":0.64,"detail":"8,17 €/m²·mes"}},{"type":"Feature","geometry":{"type":"Polygon","coordinates":[[[-4.78044021049508,37.88077430293337],[-4.779882723216277,37.87981963060988],[-4.779394472689664,37.88003207517791],[-4.779174077322917,37.87974927531278],[-4.7779231598150576,37.87964657273795],[-4.778305949923924,37.88042765169378],[-4.778192940962867,37.88073218149182],[-4.7767051502910025,37.880036937764224],[-4.775538649266984,37.88006892461195],[-4.774784445314027,37.87931173810711],[-4.776485036995243,37.87817935396146],[-4.778511645259369,37.876526589476214],[-4.779668526224969,37.8752891245239],[-4.780713977467777,37.87639713828542],[-4.781203719197773,37.87718232528399],[-4.782949457510217,37.87786081110332],[-4.783284931556433,37.8782040028849],[-4.783125381778821,37.878484210002334],[-4.784230979721489,37.88061933828157],[-4.78293637624305,37.88132567348],[-4.7820501873169485,37.881503621093124],[-4.7817560303838995,37.88128155431703],[-4.781593683252494,37.88066167604253],[-4.781026641492329,37.88035074407173],[-4.78044021049508,37.88077430293337]]]},"properties":{"cusec":"1402109001","rent_m2":8.259547676119915,"rent_norm":0.66,"detail":"8,26 €/m²·mes"}},{"type":"Feature","geometry":{"type":"Polygon","coordinates":[[[-4.77851842125154,37.8691710549199],[-4.777265893064386,37.8666327617996],[-4.776686431197085,37.866801266905426],[-4.776364943021546,37.8662127313078],[-4.776913164178189,37.865991170880704],[-4.776775077847659,37.865713406162094],[-4.778950820821981,37.86346621958173],[-4.779398533973075,37.86366863363556],[-4.77818540499595,37.864926087808215],[-4.77906348752491,37.866563356249245],[-4.777991594371705,37.86689191385532],[-4.778218020128967,37.86742737690386],[-4.7793172544061635,37.86707466333278],[-4.779773445856897,37.86790318690474],[-4.778840561604007,37.86917529914127],[-4.77851842125154,37.8691710549199]]]},"properties":{"cusec":"1402109002","rent_m2":6.2745098039215685,"rent_norm":0.36,"detail":"6,27 €/m²·mes"}},{"type":"Feature","geometry":{"type":"Polygon","coordinates":[[[-4.783284931556433,37.8782040028849],[-4.782949457510217,37.87786081110332],[-4.783750691861581,37.877349530656076],[-4.784481821688161,37.8773551386461],[-4.784660130983859,37.876292140725724],[-4.785438020815918,37.87576738184226],[-4.786273827729309,37.87567362727561],[-4.786141743043188,37.87794111488026],[-4.784602814875453,37.87789191682647],[-4.783712324815783,37.87813909018278],[-4.7843677554100195,37.87884776776051],[-4.784057683923392,37.878987480960205],[-4.783284931556433,37.8782040028849]]]},"properties":{"cusec":"1402109005","rent_m2":6.490384615384616,"rent_norm":0.4,"detail":"6,49 €/m²·mes"}},{"type":"Feature","geometry":{"type":"Polygon","coordinates":[[[-4.783284931556433,37.8782040028849],[-4.784057683923392,37.878987480960205],[-4.7843677554100195,37.87884776776051],[-4.783712324815783,37.87813909018278],[-4.784602814875453,37.87789191682647],[-4.786141743043188,37.87794111488026],[-4.786000401218077,37.88004439046771],[-4.7850589200879305,37.88011614441442],[-4.785113703845519,37.88020154512628],[-4.784627039743746,37.880440221460844],[-4.7841902132755765,37.880504759183125],[-4.783125381778821,37.878484210002334],[-4.783284931556433,37.8782040028849]]]},"properties":{"cusec":"1402109006","rent_m2":6.189646192528735,"rent_norm":0.35,"detail":"6,19 €/m²·mes"}},{"type":"Feature","geometry":{"type":"Polygon","coordinates":[[[-4.786367773541726,37.87567722089557],[-4.785710997271203,37.8756687105111],[-4.785645224422722,37.87582814923131],[-4.78531762770322,37.87584027235455],[-4.785071941167958,37.876130130481634],[-4.784700264117484,37.87624260617799],[-4.784481821688161,37.8773551386461],[-4.783750691861581,37.877349530656076],[-4.782949457510217,37.87786081110332],[-4.78129795426769,37.87718723060238],[-4.779668526224969,37.8752891245239],[-4.7817155451106785,37.873141265052475],[-4.782540887549313,37.87197996048538],[-4.785511336817827,37.8736803494402],[-4.786224252403724,37.87468195163938],[-4.786367773541726,37.87567722089557]]]},"properties":{"cusec":"1402109007","rent_m2":7.521929824561404,"rent_norm":0.55,"detail":"7,52 €/m²·mes"}},{"type":"Feature","geometry":{"type":"Polygon","coordinates":[[[-4.779773445856897,37.86790318690474],[-4.780552861028328,37.86671013122813],[-4.780039973306753,37.865759596933046],[-4.7818677089400214,37.865231569584886],[-4.782121246750849,37.86487700304233],[-4.782395588645356,37.864997891940156],[-4.782611081905609,37.86488704438404],[-4.786151644274262,37.86029105112559],[-4.786049910966639,37.860280504186875],[-4.78858441860759,37.858421139912345],[-4.790168389201988,37.85002765748256],[-4.791226028786582,37.845288101382295],[-4.7920573315471255,37.844942530979836],[-4.7932467935097876,37.8440454270605],[-4.7939094339824955,37.84375396578338],[-4.795058951457689,37.84366013005167],[-4.796248017263298,37.843947381495035],[-4.796864806825589,37.843722676815055],[-4.79900796431133,37.844329911122294],[-4.799248665196735,37.84473222687446],[-4.799732352281693,37.84493780369648],[-4.803699505714154,37.84783497498824],[-4.80105098659232,37.85224676380783],[-4.799424289428043,37.854293101556436],[-4.792514581213272,37.85906381307708],[-4.789906323684148,37.86044247836092],[-4.7881629317712235,37.861985641100205],[-4.786683066036785,37.86424709564407],[-4.785354312204489,37.867470133559486],[-4.785205888061662,37.868150186703716],[-4.782848926148444,37.8721435640185],[-4.779722302072814,37.87043445061293],[-4.778986194681251,37.87034712888536],[-4.778590517341291,37.87047540007729],[-4.778628723588643,37.87013636823402],[-4.778290027285505,37.869714860014675],[-4.779773445856897,37.86790318690474]]]},"properties":{"cusec":"1402109008","rent_m2":6.29520972489528,"rent_norm":0.37,"detail":"6,30 €/m²·mes"}},{"type":"Feature","geometry":{"type":"Polygon","coordinates":[[[-4.7716248638472525,37.879848616184276],[-4.771181412303889,37.87957530331917],[-4.770563636391419,37.87883560897071],[-4.77023010360453,37.87813816628177],[-4.770213691384293,37.87776284170986],[-4.770748178198545,37.87361967246242],[-4.77217730798405,37.872954773065395],[-4.772593606151348,37.87284361483495],[-4.773182207478318,37.8739316078562],[-4.77431488783018,37.874788427108484],[-4.776504038160116,37.875869782794936],[-4.776784618854298,37.875757426363755],[-4.778147281393598,37.876823798662315],[-4.776485036995243,37.87817935396146],[-4.7738039162151145,37.8798884472231],[-4.772536466112741,37.880079388597096],[-4.7716248638472525,37.879848616184276]]]},"properties":{"cusec":"1402109009","rent_m2":6.888491785673499,"rent_norm":0.45,"detail":"6,89 €/m²·mes"}},{"type":"Feature","geometry":{"type":"Polygon","coordinates":[[[-4.781249042797095,37.86039139767927],[-4.782445402922801,37.85875066647442],[-4.7856262286477325,37.86022263039577],[-4.786151644274262,37.86029105112559],[-4.784858010976321,37.861878557063505],[-4.781249042797095,37.86039139767927]]]},"properties":{"cusec":"1402109010","rent_m2":5.495472837022132,"rent_norm":0.25,"detail":"5,50 €/m²·mes"}},{"type":"Feature","geometry":{"type":"Polygon","coordinates":[[[-4.780049994912072,37.86200736426843],[-4.781249042797095,37.86039139767927],[-4.784858010976321,37.861878557063505],[-4.78362158149735,37.86352440783714],[-4.780049994912072,37.86200736426843]]]},"properties":{"cusec":"1402109011","rent_m2":6.172839506172839,"rent_norm":0.35,"detail":"6,17 €/m²·mes"}},{"type":"Feature","geometry":{"type":"Polygon","coordinates":[[[-4.776976660695724,37.863152578221815],[-4.772975848287886,37.862613923887984],[-4.772851424434512,37.862350911458044],[-4.772965412559238,37.86220934687405],[-4.773322602479121,37.862223253064485],[-4.775292302470023,37.86162774548487],[-4.7787470415930455,37.863397531594806],[-4.776976660695724,37.863152578221815]]]},"properties":{"cusec":"1402109014","rent_m2":5.438596491228069,"rent_norm":0.24,"detail":"5,44 €/m²·mes"}},{"type":"Feature","geometry":{"type":"Polygon","coordinates":[[[-4.770459907925575,37.871333301936325],[-4.770057530051933,37.870697877397596],[-4.768527438611645,37.869350908993745],[-4.77254271479385,37.868588690115224],[-4.774010837750897,37.87125939930081],[-4.772219614142354,37.87190708246315],[-4.772593606151348,37.87284361483495],[-4.770748178198545,37.87361967246242],[-4.770707224004739,37.87239898023606],[-4.770459907925575,37.871333301936325]]]},"properties":{"cusec":"1402109016","rent_m2":6.953205128205128,"rent_norm":0.46,"detail":"6,95 €/m²·mes"}},{"type":"Feature","geometry":{"type":"Polygon","coordinates":[[[-4.776786900575091,37.86342320883743],[-4.776976660695724,37.863152578221815],[-4.778881978430185,37.863426869010446],[-4.776775077847659,37.865713406162094],[-4.776484648923031,37.86501130543133],[-4.776232840369117,37.86479573755324],[-4.777092450840895,37.86351901013513],[-4.776786900575091,37.86342320883743]]]},"properties":{"cusec":"1402109022","rent_m2":6.481481481481481,"rent_norm":0.39,"detail":"6,48 €/m²·mes"}},{"type":"Feature","geometry":{"type":"Polygon","coordinates":[[[-4.775245765246722,37.875322314621535],[-4.778717877787343,37.87040397074022],[-4.779722302072814,37.87043445061293],[-4.782469662825382,37.87194218869895],[-4.7817155451106785,37.873141265052475],[-4.778147281393598,37.876823798662315],[-4.776784618854298,37.875757426363755],[-4.776504038160116,37.875869782794936],[-4.775245765246722,37.875322314621535]]]},"properties":{"cusec":"1402109023","rent_m2":6.451612903225807,"rent_norm":0.39,"detail":"6,45 €/m²·mes"}},{"type":"Feature","geometry":{"type":"Polygon","coordinates":[[[-4.776364943021546,37.8662127313078],[-4.77558381476285,37.86760476949094],[-4.778700044432332,37.86928630476767],[-4.778290027285505,37.869714860014675],[-4.778628723588643,37.87013636823402],[-4.778590517341291,37.87047540007729],[-4.7750824982404545,37.868621078348106],[-4.7742289639732425,37.866780586915304],[-4.776364943021546,37.8662127313078]]]},"properties":{"cusec":"1402109024","rent_m2":6.25,"rent_norm":0.36,"detail":"6,25 €/m²·mes"}},{"type":"Feature","geometry":{"type":"Polygon","coordinates":[[[-4.775973062860317,37.870597234278875],[-4.7750824982404545,37.868621078348106],[-4.778590517341291,37.87047540007729],[-4.776996504480341,37.87284645055686],[-4.775973062860317,37.870597234278875]]]},"properties":{"cusec":"1402109025","rent_m2":6.47887323943662,"rent_norm":0.39,"detail":"6,48 €/m²·mes"}},{"type":"Feature","geometry":{"type":"Polygon","coordinates":[[[-4.779773445856897,37.86790318690474],[-4.7793172544061635,37.86707466333278],[-4.778218020128967,37.86742737690386],[-4.778015762646115,37.86695145390996],[-4.77906348752491,37.866563356249245],[-4.778673072515914,37.86585116141855],[-4.779975619796419,37.865770203367646],[-4.780530828049352,37.866631313679484],[-4.779773445856897,37.86790318690474]]]},"properties":{"cusec":"1402109028","rent_m2":6.428571428571428,"rent_norm":0.39,"detail":"6,43 €/m²·mes"}},{"type":"Feature","geometry":{"type":"Polygon","coordinates":[[[-4.776364943021546,37.8662127313078],[-4.776686431197085,37.866801266905426],[-4.777265893064386,37.8666327617996],[-4.77851842125154,37.8691710549199],[-4.77558381476285,37.86760476949094],[-4.776364943021546,37.8662127313078]]]},"properties":{"cusec":"1402109029","rent_m2":6.415094339622641,"rent_norm":0.39,"detail":"6,42 €/m²·mes"}},{"type":"Feature","geometry":{"type":"Polygon","coordinates":[[[-4.77818540499595,37.864926087808215],[-4.779398533973075,37.86366863363556],[-4.782121246750849,37.86487700304233],[-4.7818677089400214,37.865231569584886],[-4.780301312985838,37.865707638430294],[-4.778673072515914,37.86585116141855],[-4.77818540499595,37.864926087808215]]]},"properties":{"cusec":"1402109030","rent_m2":7.543859649122807,"rent_norm":0.55,"detail":"7,54 €/m²·mes"}},{"type":"Feature","geometry":{"type":"Polygon","coordinates":[[[-4.776786900575091,37.86342320883743],[-4.777092450840895,37.86351901013513],[-4.776232840369117,37.86479573755324],[-4.7766165368780875,37.86524298952597],[-4.776913164178189,37.865991170880704],[-4.774845798451288,37.86660206334886],[-4.774992072925627,37.8659828281607],[-4.776786900575091,37.86342320883743]]]},"properties":{"cusec":"1402109031","rent_m2":6.541017101284957,"rent_norm":0.4,"detail":"6,54 €/m²·mes"}},{"type":"Feature","geometry":{"type":"Polygon","coordinates":[[[-4.782121246750849,37.86487700304233],[-4.778952228482033,37.863467023812305],[-4.780049994912072,37.86200736426843],[-4.78362158149735,37.86352440783714],[-4.782680464184894,37.86485140999001],[-4.782395588645356,37.864997891940156],[-4.782121246750849,37.86487700304233]]]},"properties":{"cusec":"1402109033","rent_m2":5.823736902168274,"rent_norm":0.3,"detail":"5,82 €/m²·mes"}},{"type":"Feature","geometry":{"type":"Polygon","coordinates":[[[-4.7759437131033495,37.860088260413896],[-4.778377007561196,37.856850889607934],[-4.780420677527526,37.85780961506421],[-4.780429789139452,37.85799739579227],[-4.778116421568643,37.861098752360085],[-4.7759437131033495,37.860088260413896]]]},"properties":{"cusec":"1402109036","rent_m2":5.404324140279196,"rent_norm":0.24,"detail":"5,40 €/m²·mes"}},{"type":"Feature","geometry":{"type":"Polygon","coordinates":[[[-4.78212829133932,37.88469775991238],[-4.782097361445758,37.883572711692985],[-4.782484234397599,37.882544840167405],[-4.782288119594666,37.88158155417756],[-4.784230979721489,37.88061933828157],[-4.784183491182295,37.88050902544066],[-4.785113703845519,37.88020154512628],[-4.7850589200879305,37.88011614441442],[-4.786000401218077,37.88004439046771],[-4.78648096935238,37.88102376599817],[-4.78602966383846,37.88512258767971],[-4.784567855139544,37.88504334883737],[-4.782958708360993,37.88468622954782],[-4.78212829133932,37.88469775991238]]]},"properties":{"cusec":"1402110001","rent_m2":7.127128053293856,"rent_norm":0.49,"detail":"7,13 €/m²·mes"}},{"type":"Feature","geometry":{"type":"Polygon","coordinates":[[[-4.792650137887975,37.87932995419276],[-4.791811202142427,37.877753629596455],[-4.796145424267986,37.87601818783953],[-4.797123953717059,37.877594329056585],[-4.792650137887975,37.87932995419276]]]},"properties":{"cusec":"1402110002","rent_m2":6.964285714285714,"rent_norm":0.47,"detail":"6,96 €/m²·mes"}},{"type":"Feature","geometry":{"type":"Polygon","coordinates":[[[-4.789947065875539,37.885126621121216],[-4.786404947624813,37.88494230275878],[-4.786079473624352,37.884643816820095],[-4.786251594426046,37.88331859341467],[-4.78977265347155,37.882342839568324],[-4.789638846715026,37.88423106974702],[-4.7910766847688935,37.884390496314026],[-4.791011926118402,37.88517655878091],[-4.789947065875539,37.885126621121216]]]},"properties":{"cusec":"1402110003","rent_m2":7.737451550387597,"rent_norm":0.58,"detail":"7,74 €/m²·mes"}},{"type":"Feature","geometry":{"type":"Polygon","coordinates":[[[-4.788673906979544,37.88139689370032],[-4.789706706349898,37.8813956195816],[-4.790522484425737,37.88177515283004],[-4.789772675929444,37.88234599965403],[-4.788966199908383,37.882612369501445],[-4.788272797527102,37.88141474057712],[-4.788673906979544,37.88139689370032]]]},"properties":{"cusec":"1402110004","rent_m2":7.324561403508771,"rent_norm":0.52,"detail":"7,32 €/m²·mes"}},{"type":"Feature","geometry":{"type":"Polygon","coordinates":[[[-4.786444296529206,37.88146843929414],[-4.78643091612304,37.88077468226521],[-4.785992242718671,37.880227308687786],[-4.7860225887072865,37.87954661401729],[-4.786840075378771,37.87959874782098],[-4.787445052095064,37.87934804264578],[-4.788644213167854,37.88132914983494],[-4.786444296529206,37.88146843929414]]]},"properties":{"cusec":"1402110005","rent_m2":6.181318681318682,"rent_norm":0.35,"detail":"6,18 €/m²·mes"}},{"type":"Feature","geometry":{"type":"Polygon","coordinates":[[[-4.787894840354453,37.88007940206878],[-4.7874829825596406,37.879409721039366],[-4.790302213026489,37.87825073605269],[-4.790582147831959,37.87819583526655],[-4.79115921299407,37.879432318285865],[-4.78969027077347,37.87996379898678],[-4.78946512960709,37.8796075243514],[-4.787894840354453,37.88007940206878]]]},"properties":{"cusec":"1402110006","rent_m2":6.761621376811594,"rent_norm":0.44,"detail":"6,76 €/m²·mes"}},{"type":"Feature","geometry":{"type":"Polygon","coordinates":[[[-4.787930355249201,37.88013710427647],[-4.789436191278527,37.879559276110356],[-4.790570755397535,37.88145953039779],[-4.790455206000854,37.88157481207142],[-4.789706706349898,37.8813956195816],[-4.788673906979544,37.88139689370032],[-4.787930355249201,37.88013710427647]]]},"properties":{"cusec":"1402110007","rent_m2":6.880715752146323,"rent_norm":0.45,"detail":"6,88 €/m²·mes"}},{"type":"Feature","geometry":{"type":"Polygon","coordinates":[[[-4.790570755397535,37.88145953039779],[-4.790906247410061,37.88158882663277],[-4.791579535613798,37.881375965393865],[-4.792141168617639,37.88257041076639],[-4.7912010843677795,37.88298806498898],[-4.7897337806742515,37.88292153074155],[-4.789772926559401,37.88238446874071],[-4.790580986310278,37.88183671858377],[-4.790455206000854,37.88157481207142],[-4.790570755397535,37.88145953039779]]]},"properties":{"cusec":"1402110008","rent_m2":7.888641209536732,"rent_norm":0.6,"detail":"7,89 €/m²·mes"}},{"type":"Feature","geometry":{"type":"Polygon","coordinates":[[[-4.791154304599362,37.88518348418546],[-4.791011926118402,37.88517655878091],[-4.791200591192673,37.88299504944722],[-4.792606576783192,37.88251396116693],[-4.79308614329593,37.88356383779242],[-4.792668778828411,37.883903282161775],[-4.792526742605577,37.88525273465054],[-4.791154304599362,37.88518348418546]]]},"properties":{"cusec":"1402110009","rent_m2":8.045070422535211,"rent_norm":0.62,"detail":"8,05 €/m²·mes"}},{"type":"Feature","geometry":{"type":"Polygon","coordinates":[[[-4.792526742605577,37.88525273465054],[-4.792668778828411,37.883903282161775],[-4.79438837347116,37.883250630106595],[-4.794999558444394,37.88459590723273],[-4.795034040276546,37.88498714077243],[-4.795254020621668,37.8852071112391],[-4.794366777971738,37.88534724911155],[-4.792526742605577,37.88525273465054]]]},"properties":{"cusec":"1402110010","rent_m2":6.764705882352941,"rent_norm":0.44,"detail":"6,76 €/m²·mes"}},{"type":"Feature","geometry":{"type":"Polygon","coordinates":[[[-4.791600165424308,37.8803900827686],[-4.792887001170512,37.88001037008619],[-4.793290432767951,37.88087565394175],[-4.7920456184141385,37.88122866233656],[-4.791600165424308,37.8803900827686]]]},"properties":{"cusec":"1402110011","rent_m2":8.567331681000416,"rent_norm":0.7,"detail":"8,57 €/m²·mes"}},{"type":"Feature","geometry":{"type":"Polygon","coordinates":[[[-4.7920456184141385,37.88122866233656],[-4.793305586448487,37.880908026846576],[-4.793847118749542,37.88206083062391],[-4.792167637477516,37.882644843031834],[-4.791579535613798,37.881375965393865],[-4.7920456184141385,37.88122866233656]]]},"properties":{"cusec":"1402110012","rent_m2":7.681159420289855,"rent_norm":0.57,"detail":"7,68 €/m²·mes"}},{"type":"Feature","geometry":{"type":"Polygon","coordinates":[[[-4.79311555054508,37.88364353553423],[-4.792608247649626,37.882517591321964],[-4.793880338448739,37.882131567291815],[-4.794349428808628,37.883164809652264],[-4.79311555054508,37.88364353553423]]]},"properties":{"cusec":"1402110013","rent_m2":7.444703733766233,"rent_norm":0.54,"detail":"7,44 €/m²·mes"}},{"type":"Feature","geometry":{"type":"Polygon","coordinates":[[[-4.789953245386372,37.88038867958811],[-4.791397211747105,37.87994930551467],[-4.792006174288319,37.88124112774],[-4.790906247410061,37.88158882663277],[-4.790570755397535,37.88145953039779],[-4.789953245386372,37.88038867958811]]]},"properties":{"cusec":"1402110014","rent_m2":7.142857142857142,"rent_norm":0.49,"detail":"7,14 €/m²·mes"}},{"type":"Feature","geometry":{"type":"Polygon","coordinates":[[[-4.78969027077347,37.87996379898678],[-4.792459889083821,37.879097345125786],[-4.792887001170512,37.88001037008619],[-4.791600165424308,37.8803900827686],[-4.791397211747105,37.87994930551467],[-4.789953245386372,37.88038867958811],[-4.78969027077347,37.87996379898678]]]},"properties":{"cusec":"1402110015","rent_m2":7.552083333333333,"rent_norm":0.55,"detail":"7,55 €/m²·mes"}},{"type":"Feature","geometry":{"type":"Polygon","coordinates":[[[-4.788435609087508,37.87542773901335],[-4.788346203360554,37.87646159587967],[-4.788783409816062,37.87655734406309],[-4.789930804572282,37.8783475036584],[-4.786840075378771,37.87959874782098],[-4.7860225887072865,37.87954661401729],[-4.7863442520543265,37.87530580572831],[-4.788435609087508,37.87542773901335]]]},"properties":{"cusec":"1402110016","rent_m2":6.398484848484848,"rent_norm":0.38,"detail":"6,40 €/m²·mes"}},{"type":"Feature","geometry":{"type":"Polygon","coordinates":[[[-4.788435609087508,37.87542773901335],[-4.7863442520543265,37.87530580572831],[-4.786224252403724,37.87468195163938],[-4.785511336817827,37.8736803494402],[-4.782848926148444,37.8721435640185],[-4.784844308973294,37.86871750332058],[-4.786273639981414,37.86918391097418],[-4.788055857080925,37.86910990052031],[-4.789022553921097,37.86878523467377],[-4.789795748259195,37.86877926152988],[-4.790947730711557,37.870281993683456],[-4.791483759933159,37.87005923641751],[-4.79241446307653,37.870731783655756],[-4.7933811536285225,37.870967801669686],[-4.792606393526884,37.872693630590824],[-4.790680206131722,37.87587993609118],[-4.790384233703506,37.876079961910456],[-4.788435609087508,37.87542773901335]]]},"properties":{"cusec":"1402110017","rent_m2":7.38489893765496,"rent_norm":0.53,"detail":"7,38 €/m²·mes"}},{"type":"Feature","geometry":{"type":"Polygon","coordinates":[[[-4.7939065441021995,37.87024170289598],[-4.794601460144756,37.86962546462178],[-4.797244340541577,37.87238638356871],[-4.79184822351194,37.87381672266041],[-4.7939065441021995,37.87024170289598]]]},"properties":{"cusec":"1402110018","rent_m2":6.973958333333333,"rent_norm":0.47,"detail":"6,97 €/m²·mes"}},{"type":"Feature","geometry":{"type":"Polygon","coordinates":[[[-4.796813510327932,37.885356913318056],[-4.795776744895592,37.88491446350149],[-4.799548752807288,37.881873524573614],[-4.800583291316057,37.88134834742248],[-4.80218899844539,37.881295412239396],[-4.805768969007243,37.88249421935984],[-4.805166980087564,37.883126248802014],[-4.801375780568112,37.88495443785276],[-4.7990975281417745,37.88562892642804],[-4.797713301544049,37.88561669715027],[-4.796813510327932,37.885356913318056]]]},"properties":{"cusec":"1402110019","rent_m2":7.954545454545454,"rent_norm":0.61,"detail":"7,95 €/m²·mes"}},{"type":"Feature","geometry":{"type":"Polygon","coordinates":[[[-4.815291655397951,37.87987433023638],[-4.815677216809464,37.87980365521419],[-4.816188259391467,37.881465827246956],[-4.813099404981967,37.88192447337526],[-4.813047995296576,37.881031628420494],[-4.812808163081998,37.880329534689864],[-4.815291655397951,37.87987433023638]]]},"properties":{"cusec":"1402110020","rent_m2":6.428571428571428,"rent_norm":0.39,"detail":"6,43 €/m²·mes"}},{"type":"Feature","geometry":{"type":"Polygon","coordinates":[[[-4.790582147831959,37.87819583526655],[-4.7917608407909835,37.877681827259224],[-4.792428521710739,37.879032295655556],[-4.791188852008536,37.87949498997917],[-4.790582147831959,37.87819583526655]]]},"properties":{"cusec":"1402110021","rent_m2":6.9868421052631575,"rent_norm":0.47,"detail":"6,99 €/m²·mes"}},{"type":"Feature","geometry":{"type":"Polygon","coordinates":[[[-4.8041754798640675,37.878874505320766],[-4.803623303425239,37.8769563541129],[-4.803595862588269,37.87583132661439],[-4.80403206472729,37.872009560402546],[-4.803735373646829,37.87069790434451],[-4.799095467406499,37.87275675830151],[-4.798781559215302,37.87314963178069],[-4.797881437419152,37.87248061387801],[-4.797580532341708,37.87262093764314],[-4.797084576964923,37.872274917434666],[-4.794601460144756,37.86962546462178],[-4.7933811536285225,37.870967801669686],[-4.79241446307653,37.870731783655756],[-4.791483759933159,37.87005923641751],[-4.790947730711557,37.870281993683456],[-4.789795748259195,37.86877926152988],[-4.789022553921097,37.86878523467377],[-4.788055857080925,37.86910990052031],[-4.786273639981414,37.86918391097418],[-4.784844308973294,37.86871750332058],[-4.785205888061662,37.868150186703716],[-4.785354312204489,37.867470133559486],[-4.786683066036785,37.86424709564407],[-4.7881629317712235,37.861985641100205],[-4.789906323684148,37.86044247836092],[-4.792514581213272,37.85906381307708],[-4.799424289428043,37.854293101556436],[-4.80105098659232,37.85224676380783],[-4.803576364655003,37.84805798811535],[-4.803934513975653,37.84713340479588],[-4.805228585651443,37.84702973033891],[-4.8039464256362985,37.847133222491586],[-4.803804235801561,37.84790988427001],[-4.80584638941169,37.849407777993875],[-4.805862475543481,37.85031361655971],[-4.805376705265387,37.850616736567034],[-4.805339272467469,37.850808065192965],[-4.808418023524982,37.86013877604931],[-4.8109359752152265,37.862746779367995],[-4.811702586698927,37.86555814388505],[-4.8126285126016,37.86701269449149],[-4.814039229618732,37.8666476039655],[-4.8157176077595905,37.867384740780594],[-4.818018737581275,37.86408732832679],[-4.818702978943322,37.86451549255363],[-4.818854793328027,37.864818352757126],[-4.819262275429112,37.86475482961103],[-4.819246194687204,37.86507935932331],[-4.818944296971332,37.86552275873714],[-4.819233497000664,37.86605102440851],[-4.819782286790869,37.86648141678175],[-4.819796828718682,37.86707252875128],[-4.819454626291007,37.86734487461442],[-4.819520856381944,37.867591830189575],[-4.819975458712944,37.8679758476312],[-4.819979916153375,37.868156994571564],[-4.820379611657586,37.86826526582443],[-4.820229069287337,37.86899245772081],[-4.819751514102499,37.86914290831543],[-4.819671547872544,37.86931582208832],[-4.820230529049653,37.870518465563315],[-4.821076071005789,37.87163083274163],[-4.821367906692139,37.872732687606316],[-4.822627365381734,37.87403892752528],[-4.823468086978044,37.874464639322845],[-4.823729367368321,37.87481348489273],[-4.823728891261227,37.875253248399],[-4.820430304487393,37.875911944598336],[-4.818838631737747,37.876997619741786],[-4.8089401064018125,37.879759095533934],[-4.805528216917838,37.88128926143509],[-4.8041754798640675,37.878874505320766]]]},"properties":{"cusec":"1402110022","rent_m2":6.345098039215686,"rent_norm":0.37,"detail":"6,35 €/m²·mes"}},{"type":"Feature","geometry":{"type":"Polygon","coordinates":[[[-4.793309941480983,37.873444133058186],[-4.797244340541577,37.87238638356871],[-4.797580532341708,37.87262093764314],[-4.797881437419152,37.87248061387801],[-4.798781559215302,37.87314963178069],[-4.796602321794537,37.875729034097475],[-4.7951830725788405,37.87640356390969],[-4.793309941480983,37.873444133058186]]]},"properties":{"cusec":"1402110023","rent_m2":6.944444444444444,"rent_norm":0.46,"detail":"6,94 €/m²·mes"}},{"type":"Feature","geometry":{"type":"Polygon","coordinates":[[[-4.795521024178618,37.88153292435662],[-4.793459540620213,37.881235787349],[-4.793305586448487,37.880908026846576],[-4.800870869886261,37.87797764699321],[-4.8012519298399186,37.880797600993105],[-4.801943342452828,37.8812518858047],[-4.800918435680572,37.88126834160636],[-4.799775401346731,37.88170903013783],[-4.796784012348944,37.88170982495194],[-4.795521024178618,37.88153292435662]]]},"properties":{"cusec":"1402110025","rent_m2":7.792539601430762,"rent_norm":0.59,"detail":"7,79 €/m²·mes"}},{"type":"Feature","geometry":{"type":"Polygon","coordinates":[[[-4.795738165847412,37.881627071354615],[-4.7997726740615425,37.88171097215023],[-4.797303484721542,37.88368533058709],[-4.795976248143778,37.88288575475956],[-4.795667410942362,37.88241017836238],[-4.795738165847412,37.881627071354615]]]},"properties":{"cusec":"1402110026","rent_m2":6.38,"rent_norm":0.38,"detail":"6,38 €/m²·mes"}},{"type":"Feature","geometry":{"type":"Polygon","coordinates":[[[-4.823744026077124,37.87525184724788],[-4.842657898975696,37.86937852295381],[-4.84805534551197,37.86790436764834],[-4.850741958591752,37.872190045041],[-4.85463891587129,37.87094764972953],[-4.853232545801814,37.86817009262389],[-4.853599606410038,37.867851347633355],[-4.85380413573225,37.86737124404053],[-4.853816242327332,37.866894170418455],[-4.853413952488604,37.86596384924927],[-4.877549354841355,37.85871540714024],[-4.891530777042538,37.85473785604653],[-4.893805111915934,37.86011814667256],[-4.890532264569933,37.862051505613145],[-4.885293563819103,37.864133455580564],[-4.885212828631266,37.863696812826504],[-4.876833663461226,37.86635811913906],[-4.865097718653279,37.87042171816568],[-4.862453582411716,37.87148888320404],[-4.848814221602731,37.87569941440234],[-4.837225480127122,37.87837099818483],[-4.823131794566573,37.88041439699684],[-4.823017945680729,37.879876802659126],[-4.8222939475791735,37.87906300594432],[-4.823140700464297,37.878511014345584],[-4.823035718848636,37.87742534590856],[-4.823669233244887,37.87701018016727],[-4.823748374821406,37.8768038943711],[-4.823744026077124,37.87525184724788]]]},"properties":{"cusec":"1402110027","rent_m2":5.210088506975229,"rent_norm":0.21,"detail":"5,21 €/m²·mes"}},{"type":"Feature","geometry":{"type":"Polygon","coordinates":[[[-4.795738165847412,37.881627071354615],[-4.795667410942362,37.88241017836238],[-4.795976248143778,37.88288575475956],[-4.797253838429055,37.88373038277594],[-4.795902107488433,37.884871394378585],[-4.795190053386886,37.885116006838366],[-4.793459540620213,37.881235787349],[-4.795738165847412,37.881627071354615]]]},"properties":{"cusec":"1402110029","rent_m2":6.338028169014084,"rent_norm":0.37,"detail":"6,34 €/m²·mes"}},{"type":"Feature","geometry":{"type":"Polygon","coordinates":[[[-4.906874859088065,37.85018059325795],[-4.906949271034632,37.84972625092323],[-4.906016713768518,37.847459549969464],[-4.90626563154384,37.845101519756206],[-4.905057123500551,37.843431385934906],[-4.904749560110186,37.84138563065704],[-4.905119216849621,37.84018098797026],[-4.9048932007241355,37.839704332152415],[-4.908107740221668,37.83938510225441],[-4.913708040722133,37.83969477972245],[-4.915136618043723,37.83959524779772],[-4.916942718651696,37.839212962487466],[-4.922889304422812,37.838963382700534],[-4.921289022219486,37.843336267212614],[-4.9195069263925495,37.843255656154234],[-4.920053542259779,37.844391252787815],[-4.923853215587285,37.84458673325104],[-4.92470129438579,37.84574106651392],[-4.921821513875518,37.84640520699026],[-4.9206416117841005,37.846858194343774],[-4.918109436169648,37.84796469270796],[-4.918203699985672,37.848232949581906],[-4.913230475655827,37.85054341820794],[-4.912689394309049,37.84984264695396],[-4.912127867306433,37.84859280701125],[-4.906874859088065,37.85018059325795]]]},"properties":{"cusec":"1402110030","rent_m2":5.223880597014925,"rent_norm":0.21,"detail":"5,22 €/m²·mes"}},{"type":"Feature","geometry":{"type":"Polygon","coordinates":[[[-4.7897337806742515,37.88292153074155],[-4.791200591192673,37.88299504944722],[-4.791082940636547,37.88431582049981],[-4.789635974801072,37.88430705941939],[-4.7897337806742515,37.88292153074155]]]},"properties":{"cusec":"1402110031","rent_m2":6.5400843881856545,"rent_norm":0.4,"detail":"6,54 €/m²·mes"}},{"type":"Feature","geometry":{"type":"Polygon","coordinates":[[[-4.786444296529206,37.88146843929414],[-4.788270473585444,37.88141076719954],[-4.788936515978127,37.8825495033548],[-4.786251594426046,37.88331859341467],[-4.786444296529206,37.88146843929414]]]},"properties":{"cusec":"1402110032","rent_m2":8.17769157295271,"rent_norm":0.64,"detail":"8,18 €/m²·mes"}},{"type":"Feature","geometry":{"type":"Polygon","coordinates":[[[-4.788435609087508,37.87542773901335],[-4.790384233703506,37.876079961910456],[-4.790884579147073,37.87562407671218],[-4.791019301286872,37.8752702267179],[-4.791981304429676,37.876689914174605],[-4.791737258218148,37.8770465255481],[-4.792076823192178,37.87764726406347],[-4.789954905473008,37.878383995862706],[-4.788783409816062,37.87655734406309],[-4.788346203360554,37.87646159587967],[-4.788435609087508,37.87542773901335]]]},"properties":{"cusec":"1402110033","rent_m2":6.9411764705882355,"rent_norm":0.46,"detail":"6,94 €/m²·mes"}},{"type":"Feature","geometry":{"type":"Polygon","coordinates":[[[-4.805768969007243,37.88249421935984],[-4.804036057738721,37.881958415589416],[-4.8089401064018125,37.879759095533934],[-4.814751563096311,37.878209374694194],[-4.815291655397951,37.87987433023638],[-4.812808163081998,37.880329534689864],[-4.813047995296576,37.881031628420494],[-4.813099404981967,37.88192447337526],[-4.808567818496913,37.88213816754336],[-4.805768969007243,37.88249421935984]]]},"properties":{"cusec":"1402110034","rent_m2":5.3803562831006255,"rent_norm":0.23,"detail":"5,38 €/m²·mes"}},{"type":"Feature","geometry":{"type":"Polygon","coordinates":[[[-4.796142624219233,37.877978128443786],[-4.798374580170792,37.87709789745643],[-4.799751247445375,37.87554362008388],[-4.8006910496242785,37.87699195996256],[-4.80086479727495,37.87791661193498],[-4.797023371151351,37.879486505561374],[-4.796142624219233,37.877978128443786]]]},"properties":{"cusec":"1402110035","rent_m2":8.3130081300813,"rent_norm":0.66,"detail":"8,31 €/m²·mes"}},{"type":"Feature","geometry":{"type":"Polygon","coordinates":[[[-4.797123953717059,37.877594329056585],[-4.796145424267986,37.87601818783953],[-4.796713527836819,37.87562754340908],[-4.798246382494911,37.87386786210975],[-4.798280155556321,37.874204645970025],[-4.799296326212471,37.874923519083175],[-4.799751247445375,37.87554362008388],[-4.798611203603137,37.87693214013992],[-4.797123953717059,37.877594329056585]]]},"properties":{"cusec":"1402110036","rent_m2":7.66121212121212,"rent_norm":0.57,"detail":"7,66 €/m²·mes"}},{"type":"Feature","geometry":{"type":"Polygon","coordinates":[[[-4.814755490530755,37.87822091387246],[-4.818838631737747,37.876997619741786],[-4.820430304487393,37.875911944598336],[-4.823728891261227,37.875253248399],[-4.823748374821406,37.8768038943711],[-4.823680909546926,37.8769956932046],[-4.823035718848636,37.87742534590856],[-4.823133393567805,37.87845866989207],[-4.822316830364404,37.879014964388666],[-4.823017945680729,37.879876802659126],[-4.823131794566573,37.88041439699684],[-4.816188259391467,37.881465827246956],[-4.815677216809464,37.87980365521419],[-4.815291655397951,37.87987433023638],[-4.814755490530755,37.87822091387246]]]},"properties":{"cusec":"1402110037","rent_m2":5.065406380710243,"rent_norm":0.19,"detail":"5,07 €/m²·mes"}},{"type":"Feature","geometry":{"type":"Polygon","coordinates":[[[-4.79184822351194,37.87381672266041],[-4.793312146845024,37.873447820388414],[-4.795099616393997,37.87643697969958],[-4.792076823192178,37.87764726406347],[-4.791737258218148,37.8770465255481],[-4.791981304429676,37.876689914174605],[-4.791019301286872,37.8752702267179],[-4.79184822351194,37.87381672266041]]]},"properties":{"cusec":"1402110038","rent_m2":6.916666666666667,"rent_norm":0.46,"detail":"6,92 €/m²·mes"}},{"type":"Feature","geometry":{"type":"Polygon","coordinates":[[[-4.792650137887975,37.87932995419276],[-4.796145043382283,37.877982272180624],[-4.797023371151351,37.879486505561374],[-4.793290432767951,37.88087565394175],[-4.792650137887975,37.87932995419276]]]},"properties":{"cusec":"1402110042","rent_m2":7.142857142857142,"rent_norm":0.49,"detail":"7,14 €/m²·mes"}},{"type":"Feature","geometry":{"type":"Polygon","coordinates":[[[-4.79824588662488,37.87386292536995],[-4.799095467406499,37.87275675830151],[-4.803735373646829,37.87069790434451],[-4.80403206472729,37.872009560402546],[-4.803595862588269,37.87583132661439],[-4.803623303425239,37.8769563541129],[-4.8041754798640675,37.878874505320766],[-4.805528216917838,37.88128926143509],[-4.804036057738721,37.881958415589416],[-4.801943342452828,37.8812518858047],[-4.8012519298399186,37.880797600993105],[-4.8006910496242785,37.87699195996256],[-4.799296326212471,37.874923519083175],[-4.798280155556321,37.874204645970025],[-4.79824588662488,37.87386292536995]]]},"properties":{"cusec":"1402110047","rent_m2":9.133234908228005,"rent_norm":0.78,"detail":"9,13 €/m²·mes"}}]}
