{"type":"FeatureCollection","name":"Alquiler €/m²·mes por sección (real · SERPAVI/Mitma 2024)","_generated":{"source":"ingest-rent.mjs","col":"ALQM2_LV_M_VC_24","prefix":"29067","sections":406,"range":[5.288461538461538,20.917496090244153]},"features":[{"type":"Feature","geometry":{"type":"Polygon","coordinates":[[[-4.424447169944843,36.72138899819049],[-4.421484654596894,36.721233622723204],[-4.420094811732017,36.720730290744754],[-4.419827228761704,36.71842894735224],[-4.421369070165927,36.717885493607284],[-4.42588746938259,36.71676186007173],[-4.425852512341606,36.71804596463992],[-4.4254168195473405,36.719788632745484],[-4.425474565050459,36.72126624522501],[-4.424447169944843,36.72138899819049]]]},"properties":{"cusec":"2906701001","rent_m2":13.727643935829406,"rent_norm":0.54,"detail":"13,73 €/m²·mes"}},{"type":"Feature","geometry":{"type":"Polygon","coordinates":[[[-4.426009928620446,36.71474945948223],[-4.425946499476525,36.71675555568151],[-4.425268917325727,36.71686653087578],[-4.423981372808781,36.71322203890928],[-4.425903403699104,36.711314114504326],[-4.426009928620446,36.71474945948223]]]},"properties":{"cusec":"2906701003","rent_m2":10.671875,"rent_norm":0.34,"detail":"10,67 €/m²·mes"}},{"type":"Feature","geometry":{"type":"Polygon","coordinates":[[[-4.4120558879674565,36.71985862776637],[-4.412387592682718,36.717417707530664],[-4.414367719419129,36.71417392309765],[-4.414648085415905,36.71421790767783],[-4.414729361389561,36.713534153442374],[-4.4149091439223325,36.71349594384009],[-4.414714157403387,36.71322109122688],[-4.414858802333791,36.71319005462149],[-4.414690386184327,36.71270757166304],[-4.4137445841576755,36.712876180861386],[-4.414083721533622,36.71249616404807],[-4.413052475350382,36.70979743157019],[-4.413323610259317,36.70849394841412],[-4.414264235294997,36.70749344673518],[-4.415083453020055,36.70698800462159],[-4.415488871690941,36.707118375427385],[-4.415236991271791,36.707427820569194],[-4.414338102862523,36.70783965164972],[-4.413747738142617,36.70863537914189],[-4.4134961191332245,36.709566838151886],[-4.4135491871086225,36.7100169072885],[-4.4137957773490655,36.710644938300675],[-4.414283985654849,36.71040479823982],[-4.41468207137806,36.71135556582574],[-4.4141121837550905,36.711416386021625],[-4.414370301177255,36.71206236502612],[-4.415318023802,36.712456743390085],[-4.416020232367993,36.71228610681939],[-4.416208737542181,36.71279766757311],[-4.416015238633329,36.71323265208729],[-4.41591351341058,36.7131797726945],[-4.416088446837419,36.712952359421195],[-4.416060141821142,36.71262819404774],[-4.414843619907181,36.71284095801867],[-4.415260775067243,36.713611223578155],[-4.415654093431258,36.71368764841],[-4.41583910326064,36.71339701717602],[-4.4132742424445635,36.7176280366017],[-4.413814591664374,36.7183968089759],[-4.41879269833781,36.71693141016939],[-4.417982149355275,36.71608473752398],[-4.418293767740805,36.71598185869766],[-4.4177439556677705,36.7146993996423],[-4.418008498739171,36.71447093518324],[-4.419352656881961,36.7151129207241],[-4.419527815785939,36.71489450947928],[-4.419788414354918,36.715062642928785],[-4.4232708215887095,36.71204645365763],[-4.423007950282074,36.7111481894512],[-4.417646021335505,36.71241102084571],[-4.417377113350142,36.71234661590193],[-4.417108626674683,36.711804442740984],[-4.4173288450733015,36.7116035171393],[-4.420962654365097,36.71073091666993],[-4.420538140206212,36.70956416708709],[-4.42071655640143,36.709525964152455],[-4.421199400866645,36.710818219291305],[-4.422865254695804,36.710428760500925],[-4.422457373742741,36.70921675286986],[-4.421136001367129,36.70859251194546],[-4.420426756297504,36.70874069980417],[-4.420575611631671,36.70916712368242],[-4.420408526785439,36.709214141566235],[-4.420196582768885,36.70864877855668],[-4.418813638965382,36.70893571602811],[-4.418874254585827,36.709187405585546],[-4.418628673153458,36.70922634685342],[-4.418555878174399,36.70892073158303],[-4.417551463770398,36.70909498003883],[-4.417501914495962,36.70883414408963],[-4.417906188713145,36.70890142183077],[-4.424699965747267,36.7075854435428],[-4.425421964198984,36.7078832552834],[-4.425660936725807,36.709304643421966],[-4.425812649600874,36.70933529991215],[-4.425903403699104,36.711314114504326],[-4.423981372808781,36.71322203890928],[-4.425242049613874,36.71687187321769],[-4.419806951090824,36.71835257764222],[-4.419739727463163,36.71762999306478],[-4.412259326734891,36.719678661219916],[-4.4120558879674565,36.71985862776637]]]},"properties":{"cusec":"2906701004","rent_m2":11.332059002409641,"rent_norm":0.39,"detail":"11,33 €/m²·mes"}},{"type":"Feature","geometry":{"type":"Polygon","coordinates":[[[-4.419807300535462,36.71835390330089],[-4.420094811732017,36.720730290744754],[-4.421595118630742,36.72124270181185],[-4.420926587904731,36.72181745223458],[-4.420129484007054,36.721648093652576],[-4.419112318915884,36.722077598230435],[-4.417981652586914,36.72197421188042],[-4.41753314532512,36.72281478069184],[-4.41704867131597,36.72263284529517],[-4.416712880164445,36.72290038254524],[-4.414902755104008,36.72173616367565],[-4.414599049079514,36.72135539863687],[-4.413354214962731,36.72136338323946],[-4.412695334837805,36.72099940361197],[-4.411842154506851,36.72091937643715],[-4.412169935380957,36.719703445780475],[-4.419678967213953,36.717646635600246],[-4.419807300535462,36.71835390330089]]]},"properties":{"cusec":"2906702001","rent_m2":12.65406520031422,"rent_norm":0.47,"detail":"12,65 €/m²·mes"}},{"type":"Feature","geometry":{"type":"Polygon","coordinates":[[[-4.411100394915484,36.719084766897026],[-4.410126533112596,36.71829634045946],[-4.411084063543618,36.71840938940352],[-4.411220504160566,36.71760880392623],[-4.411490631159758,36.717314632466014],[-4.411777049106613,36.717101358101026],[-4.412050060596185,36.717126739004925],[-4.412147137935685,36.71692763330441],[-4.412562235055431,36.717108736112536],[-4.412387592682718,36.717417707530664],[-4.412056470075742,36.71985768376609],[-4.411100394915484,36.719084766897026]]]},"properties":{"cusec":"2906702002","rent_m2":13.154556706403492,"rent_norm":0.5,"detail":"13,15 €/m²·mes"}},{"type":"Feature","geometry":{"type":"Polygon","coordinates":[[[-4.3767027860806555,36.750360693908355],[-4.377216774238441,36.74993786514263],[-4.379083349431348,36.749553425827926],[-4.381393448931151,36.74973620939744],[-4.383224213683566,36.74833131354365],[-4.38421051805145,36.748209417738686],[-4.384291011592468,36.747859164525316],[-4.384106823721564,36.74724837264914],[-4.384760511584132,36.74696810335399],[-4.385661617035536,36.74691476923672],[-4.386039066660025,36.74668731333261],[-4.386236008811353,36.74605630331033],[-4.386580030327518,36.745899016255485],[-4.387029290377513,36.745810411768474],[-4.387975555934867,36.74634475229012],[-4.390708300199429,36.74686945518258],[-4.391705806558919,36.745449345248545],[-4.3929017435781255,36.74443709212288],[-4.393388875702186,36.7445282564709],[-4.393935575112745,36.74406214361787],[-4.395129302276359,36.74389495761343],[-4.395987143067022,36.74336882781432],[-4.396804558771604,36.74254796094605],[-4.398594179785691,36.74177428553129],[-4.401011792353641,36.74023825789844],[-4.401691290610981,36.73945505537986],[-4.40215440447928,36.73917016118872],[-4.402778651855041,36.739162808332715],[-4.404460241473055,36.738614826372874],[-4.404669840886718,36.73824811374766],[-4.4045249920387395,36.73740716891009],[-4.405061473112948,36.736902668711735],[-4.40520638484299,36.7362879849264],[-4.405587021690114,36.735974750523866],[-4.404731288347108,36.73505871417736],[-4.405055322348189,36.73480128738241],[-4.405276671725787,36.73507771570875],[-4.40556957191573,36.734926625543324],[-4.40601420384538,36.735200447317546],[-4.40639011285918,36.73481577147363],[-4.406630551436566,36.73288263264551],[-4.406492741787142,36.73246835697726],[-4.406728801975807,36.73149028229833],[-4.4071866517165486,36.731419541927735],[-4.407345487333535,36.73124411226621],[-4.4086279222331255,36.729259401130484],[-4.4088837175102915,36.72971833722901],[-4.409742828518784,36.72993058588629],[-4.4100735271209635,36.73035357743843],[-4.41009820204517,36.73067228271169],[-4.410719520913125,36.73066492184218],[-4.4113703934555915,36.72977641420712],[-4.4117084645313165,36.72956235295865],[-4.412411340545586,36.72987032320398],[-4.412405117017295,36.73001588030227],[-4.412788879103288,36.73027374000159],[-4.413358913151684,36.73032414175352],[-4.413023954738435,36.73189350771781],[-4.413070133533926,36.73238870604492],[-4.413291618557119,36.732501032302146],[-4.41379427356929,36.73386665708617],[-4.413369082080694,36.73411135653692],[-4.413053876722221,36.73469703337766],[-4.414778767831891,36.73503905247566],[-4.415840881924893,36.735000745583086],[-4.415920425946678,36.73624892131433],[-4.414246118970666,36.736974171444395],[-4.413855609638574,36.73745882507759],[-4.413278505848922,36.73650566294462],[-4.4129784380013035,36.73642135121081],[-4.411825338943016,36.73701866777518],[-4.411716148720255,36.737227312597284],[-4.412056197886221,36.73745086662497],[-4.412810267990212,36.73713770535788],[-4.41294171577079,36.73733899322624],[-4.412455568200282,36.73878922271651],[-4.411981108609942,36.73956329823726],[-4.41234801830122,36.7410012113216],[-4.412242979193345,36.74126613122941],[-4.411509879361332,36.74258750940956],[-4.410329805691735,36.7437467720699],[-4.410313882154986,36.74387825238186],[-4.410921648140266,36.74436232974722],[-4.410752997530493,36.74560824706091],[-4.41015141824259,36.74592187908013],[-4.40938345569272,36.745653787163235],[-4.408079742398982,36.74644892497242],[-4.407999953137123,36.7468126565588],[-4.407727541722179,36.74709533633156],[-4.40796391182961,36.74769421457443],[-4.4074793614636745,36.748705022584225],[-4.407413890449151,36.749224117321866],[-4.406590200012311,36.74941187250477],[-4.406437850231702,36.750558459077226],[-4.406144120896737,36.750631783068805],[-4.4056684378009505,36.750234001138935],[-4.40444663738641,36.750764471596966],[-4.40416759730295,36.75068439698972],[-4.403988784052381,36.750377766253536],[-4.403833212913181,36.7504089195489],[-4.403442236457131,36.751794926805665],[-4.403078362173179,36.75182626234496],[-4.4029885324413955,36.75166056661069],[-4.4029790300623315,36.752079826674546],[-4.402687031780907,36.752250004872586],[-4.402145903721746,36.75206034711354],[-4.401439446124449,36.752307529305064],[-4.40114392105722,36.75323042699983],[-4.400081356908239,36.75351112973983],[-4.400179490666492,36.75365193632281],[-4.399594786231198,36.753897658068205],[-4.399670419886551,36.75424608508992],[-4.399489109319517,36.754766519909914],[-4.398584443844649,36.75557264635319],[-4.398737934485672,36.75639336093913],[-4.3981784700149245,36.756891211687154],[-4.389040587755942,36.75671198400516],[-4.388728677417923,36.75733309963232],[-4.388702097166973,36.75778185822013],[-4.388327001128513,36.75816259302071],[-4.387635037848315,36.75826752189723],[-4.3865868961512335,36.75881159231929],[-4.3861534617215705,36.75883015327375],[-4.384452548443492,36.759755856286155],[-4.3840551050157055,36.75983033737913],[-4.382722691446935,36.759050346736906],[-4.38222276731324,36.759225162281304],[-4.379624132537424,36.7613623313],[-4.379322410891383,36.76195173747842],[-4.3782727366684195,36.76243940635816],[-4.378039158524867,36.76294467135323],[-4.377797713834367,36.76303081497889],[-4.377741035529834,36.760838812074205],[-4.377539823685969,36.760255231807925],[-4.377630648751104,36.75950147888955],[-4.3773901230371335,36.75867950786058],[-4.377351285274155,36.75746529436578],[-4.376797402934572,36.75560128857439],[-4.376861927124821,36.754352093892145],[-4.37668317316306,36.75210740567652],[-4.376821086118749,36.75108719840846],[-4.3767027860806555,36.750360693908355]]]},"properties":{"cusec":"2906702003","rent_m2":10.416666666666666,"rent_norm":0.33,"detail":"10,42 €/m²·mes"}},{"type":"Feature","geometry":{"type":"Polygon","coordinates":[[[-4.402053379044103,36.72502604657853],[-4.401337580764486,36.72506386955927],[-4.400772781199277,36.72483708475847],[-4.400956899001574,36.72453441021533],[-4.400483776104381,36.724258551627024],[-4.400234559190026,36.72374990624878],[-4.400268238826671,36.72348358520385],[-4.400639501753816,36.72304514930008],[-4.400973884346959,36.722859955579516],[-4.402785700935097,36.72278614279468],[-4.403566129406155,36.72250046167084],[-4.404764552063764,36.722937003398776],[-4.405289942537474,36.7225038897642],[-4.405911887531174,36.722329594675095],[-4.406272465896309,36.72244458394312],[-4.406684171875878,36.72292615539077],[-4.4067071849168205,36.722401187303504],[-4.406535022792627,36.72205710659799],[-4.4057024767637,36.72127355443191],[-4.40742952921992,36.72092431598858],[-4.408863251193154,36.72083970272441],[-4.4121926933003905,36.72093325758398],[-4.412695334837805,36.72099940361197],[-4.413354214962731,36.72136338323946],[-4.414599049079514,36.72135539863687],[-4.414818048464304,36.72169531847163],[-4.414232720598225,36.721564811109246],[-4.41276463626872,36.7217670304984],[-4.412284823617608,36.72153158677622],[-4.412189198853915,36.7217855104077],[-4.411584951569632,36.721814805357056],[-4.411528697269896,36.72201379614431],[-4.4099662503097194,36.72197142532028],[-4.409956904237517,36.72186921753669],[-4.408116492477273,36.72200459041965],[-4.40738871157004,36.722378997188834],[-4.407279486312958,36.722848322724495],[-4.407432844003344,36.72331523401583],[-4.407248806151054,36.72366218270701],[-4.40623159704246,36.72414295521698],[-4.406042004008487,36.72456286025621],[-4.4054611856851364,36.72428502675606],[-4.4050482130810265,36.72465568696438],[-4.405192637924208,36.72510235709248],[-4.405767300991247,36.72539686881254],[-4.406063711797347,36.72599056096864],[-4.405825367192897,36.727051510070496],[-4.4054714758867215,36.726488472881925],[-4.404598503873382,36.72569470583323],[-4.403249262164417,36.72546735552856],[-4.402053379044103,36.72502604657853]]]},"properties":{"cusec":"2906702004","rent_m2":12.625,"rent_norm":0.47,"detail":"12,63 €/m²·mes"}},{"type":"Feature","geometry":{"type":"Polygon","coordinates":[[[-4.4083746323572965,36.72086804468602],[-4.407853931987699,36.719524345107864],[-4.409887923505168,36.71974484289134],[-4.4099736793771145,36.71908795824034],[-4.411100394915484,36.719084766897026],[-4.412056470075742,36.71985768376609],[-4.411842154506851,36.72091937643715],[-4.4083746323572965,36.72086804468602]]]},"properties":{"cusec":"2906702005","rent_m2":11.982593789524481,"rent_norm":0.43,"detail":"11,98 €/m²·mes"}},{"type":"Feature","geometry":{"type":"Polygon","coordinates":[[[-4.410126533112596,36.71829634045946],[-4.409284733537969,36.71820488501221],[-4.408228741463585,36.71764023767196],[-4.409365808288975,36.71697124258218],[-4.410844714622679,36.715799948882136],[-4.4137445841576755,36.712876180861386],[-4.414690386184327,36.71270757166304],[-4.414858802333791,36.71319005462149],[-4.414714157403387,36.71322109122688],[-4.4149091439223325,36.71349594384009],[-4.414729361389561,36.713534153442374],[-4.414648085415905,36.71421790767783],[-4.414367719419129,36.71417392309765],[-4.412602434664408,36.71709065760677],[-4.412147137935685,36.71692763330441],[-4.411490631159758,36.717314632466014],[-4.4112407135595,36.71757994446285],[-4.411084063543618,36.71840938940352],[-4.410126533112596,36.71829634045946]]]},"properties":{"cusec":"2906702006","rent_m2":13.66725154407636,"rent_norm":0.54,"detail":"13,67 €/m²·mes"}},{"type":"Feature","geometry":{"type":"Polygon","coordinates":[[[-4.400099444486463,36.7247609028637],[-4.399340245900509,36.723575114289034],[-4.399575791354538,36.72238629260916],[-4.3990030264277,36.720939765405745],[-4.400817067244451,36.72036230676349],[-4.4026551218253775,36.71922286726137],[-4.402978761466066,36.71916496519919],[-4.403627328931512,36.71935518596843],[-4.403780639011152,36.721067688851214],[-4.404127493813729,36.72108029188295],[-4.404166055793932,36.721571143186516],[-4.4057016341439565,36.72127371788282],[-4.406445803915236,36.721915981393],[-4.4067071849168205,36.722401187303504],[-4.406690051349415,36.72292370080016],[-4.406272465896309,36.72244458394312],[-4.405971084711768,36.72232651075212],[-4.405289942537474,36.7225038897642],[-4.40485027739301,36.72292645204417],[-4.403391107944399,36.72251665816863],[-4.402785700935097,36.72278614279468],[-4.400809048882226,36.72291913579417],[-4.400268238826671,36.72348358520385],[-4.400234559190026,36.72374990624878],[-4.400483776104381,36.724258551627024],[-4.400956899001574,36.72453441021533],[-4.400772781199277,36.72483708475847],[-4.401337580764486,36.72506386955927],[-4.400834064267931,36.725111828130245],[-4.400274564762898,36.724974122121075],[-4.400099444486463,36.7247609028637]]]},"properties":{"cusec":"2906702007","rent_m2":11.657142857142857,"rent_norm":0.41,"detail":"11,66 €/m²·mes"}},{"type":"Feature","geometry":{"type":"Polygon","coordinates":[[[-4.398821603571228,36.72952575038376],[-4.398883120201895,36.728625192958575],[-4.399374899310907,36.72682590833267],[-4.399555530751603,36.7255144303976],[-4.399873606227402,36.725572699197194],[-4.400096453994892,36.72528149443906],[-4.4000455276031065,36.72483009269712],[-4.400834064267931,36.725111828130245],[-4.402053379044103,36.72502604657853],[-4.402486719150637,36.72634146549634],[-4.402335558739486,36.72707566153758],[-4.40262008663098,36.72882924265881],[-4.402122916731953,36.72918807912569],[-4.4008434372896135,36.72888952271765],[-4.400635139534812,36.72907873663706],[-4.400099908915462,36.72906164443435],[-4.398821603571228,36.72952575038376]]]},"properties":{"cusec":"2906702008","rent_m2":11.532548765140788,"rent_norm":0.4,"detail":"11,53 €/m²·mes"}},{"type":"Feature","geometry":{"type":"Polygon","coordinates":[[[-4.351875840859249,36.7197583505382],[-4.352594697004118,36.72010486237952],[-4.353438560907276,36.72020279392654],[-4.352468322908246,36.72080722909233],[-4.351055170558383,36.721053382179115],[-4.350560046123247,36.722309882191276],[-4.350635731880866,36.722740707211265],[-4.3503468750079906,36.723502413193216],[-4.35038709887149,36.72393841064911],[-4.35126258796423,36.725037494780466],[-4.351351389125005,36.72570905484114],[-4.352165027413824,36.72648924472087],[-4.352520405431796,36.72631110163248],[-4.352289881560208,36.7266111361411],[-4.352296659349042,36.72701897066536],[-4.351634361134461,36.726825894652734],[-4.350754097495981,36.72724302385331],[-4.350455375324649,36.72778065221502],[-4.350377364727076,36.72840163555049],[-4.3505798171443315,36.72913391476268],[-4.350441215180836,36.729340597489795],[-4.351430516328503,36.730674500907845],[-4.352050055633876,36.73119693147644],[-4.353328185806642,36.73176434023306],[-4.35464803733447,36.73200690094145],[-4.3566334335882875,36.731679004562366],[-4.358676639125618,36.73026078281639],[-4.358221717892681,36.729498009192824],[-4.358266533045579,36.72918267932251],[-4.358537661666334,36.728931545576394],[-4.359236813265438,36.72892594704176],[-4.359577709542702,36.728726335543364],[-4.359794245746985,36.72890539891851],[-4.360403162474148,36.72844773736688],[-4.360725584897601,36.72898942515629],[-4.359172042038488,36.73015423891811],[-4.358460168498323,36.73104799066272],[-4.360158209862447,36.731506353788454],[-4.360372774264701,36.73188628591542],[-4.360086797390621,36.73253700926877],[-4.360311010597333,36.733422347486105],[-4.358812867740116,36.736267628828934],[-4.358034617683621,36.736035371969194],[-4.356785627960366,36.73612173802659],[-4.356711426219586,36.73663751489303],[-4.354005048406898,36.738837331809165],[-4.354198254464963,36.739673460849815],[-4.35344103666421,36.74064205573645],[-4.354231095973449,36.74154352824013],[-4.354194318047382,36.74283746256979],[-4.354949736522616,36.74347338101255],[-4.355179655828023,36.744493860112556],[-4.355128605468739,36.74519529328143],[-4.354815176079594,36.74592222819129],[-4.35502521297281,36.74653957154585],[-4.354929353748841,36.74674347429834],[-4.353787052440298,36.7479305433231],[-4.352902679009365,36.74856033084226],[-4.352124028304263,36.74883058205043],[-4.352085928058102,36.749491305673544],[-4.351501161639075,36.75019879255087],[-4.351605272787248,36.750447756423135],[-4.351460408667886,36.75070853814305],[-4.351029551504795,36.75095456586065],[-4.3503398034700735,36.7520440891906],[-4.350064503971494,36.7512359290363],[-4.350395749647673,36.75028117958515],[-4.349767344868745,36.74989844642846],[-4.349362217252053,36.750193762751266],[-4.349051446876117,36.75021530422617],[-4.348834096798197,36.74985943796858],[-4.347946774198192,36.74960132807378],[-4.345061277707789,36.74773426568537],[-4.343999190564199,36.747888224230024],[-4.343383612829226,36.747818562113466],[-4.343084699316779,36.74789854541794],[-4.342819933463197,36.74835223867798],[-4.342532668405013,36.74832165750386],[-4.342141670389367,36.74860102427509],[-4.341364443513998,36.74865482796375],[-4.340640430141058,36.74862920339398],[-4.340322907129174,36.74842319161927],[-4.340194538773378,36.748106866988024],[-4.339234056478327,36.7478089743901],[-4.339085427519629,36.748680485635326],[-4.337288113333465,36.74897335864624],[-4.33629450835727,36.749489311153916],[-4.335597550444078,36.74932814501744],[-4.334810692730527,36.74969300596905],[-4.334312616431362,36.74957464070132],[-4.3337083439942266,36.74902256478986],[-4.33342125500584,36.74898070120512],[-4.332984085381246,36.74918164922668],[-4.331163950393619,36.74906906234239],[-4.331057896189491,36.748662372814344],[-4.331469797103464,36.74827466571924],[-4.33139036716771,36.7481335692669],[-4.330661656504182,36.74803580866387],[-4.330391431588605,36.74771207209489],[-4.330549907879452,36.74732044014746],[-4.330333093197436,36.74688792185235],[-4.330511496816229,36.74637212748713],[-4.3303294559188545,36.74602709534961],[-4.330499560002732,36.74568045358496],[-4.33004075714947,36.74546467456002],[-4.329867262823713,36.74506547514193],[-4.329222907558624,36.744680597514844],[-4.329325561639405,36.7442017013552],[-4.3291413252594575,36.743969378522664],[-4.329646101194009,36.74348375678223],[-4.329777887639461,36.7430901380835],[-4.330135079356006,36.74289685125939],[-4.329824164351303,36.74256680585622],[-4.330456769652491,36.74226905443869],[-4.330970761403565,36.742319652033345],[-4.331258421720473,36.74211585774215],[-4.330749192837042,36.74152888057083],[-4.330329985924875,36.74133298752157],[-4.330462022101953,36.740952913541264],[-4.330734376923048,36.74067044509937],[-4.331781307691142,36.74036801365618],[-4.332151905865002,36.7399199169983],[-4.3320229482143775,36.739423359888825],[-4.3314978110655815,36.738890616828826],[-4.331499097453058,36.73794861207751],[-4.33163299763438,36.73773979716139],[-4.332159919735641,36.73738687646032],[-4.332403337126502,36.737537375068904],[-4.331977806074702,36.73780581856964],[-4.33221530805941,36.738605415311305],[-4.332490343453342,36.7386023363613],[-4.332330882608944,36.73792127346994],[-4.333107047675676,36.73765121061055],[-4.333554287414599,36.7372630836179],[-4.333683093249914,36.73677717107911],[-4.334741836864008,36.736375426959505],[-4.335838102209197,36.734481407054126],[-4.336599621143519,36.73397256733505],[-4.337266542986861,36.732894676505595],[-4.337969074048079,36.73264114309677],[-4.338367051075141,36.733069376699035],[-4.338334275143678,36.73362182006836],[-4.337716392331686,36.73389242265166],[-4.3378144928523135,36.73406036764996],[-4.338634799335454,36.733915922590754],[-4.339354965224025,36.733448106001404],[-4.339567632384376,36.732332445302255],[-4.339690422202231,36.73211023490813],[-4.340186435071196,36.731892829526444],[-4.340289763786763,36.73163701704491],[-4.3396677666907655,36.73052173824659],[-4.340136284823836,36.73015588691723],[-4.3421008940619865,36.729345029639134],[-4.342251381635013,36.72886334796636],[-4.342752656834942,36.728609821405165],[-4.343227076001079,36.72794189023858],[-4.343165376114103,36.727816387317986],[-4.342799849828389,36.72788360955689],[-4.342793389144865,36.727773286748416],[-4.343137516662221,36.72721728845603],[-4.343430524650016,36.72704493652717],[-4.343678165919329,36.72633228261036],[-4.344846431234545,36.725859376180175],[-4.344846280317567,36.725431234127704],[-4.345175223611684,36.72524722625831],[-4.345231908204431,36.724489393276464],[-4.3456873145276,36.723792402095974],[-4.34784521516374,36.72208198687651],[-4.348807671955778,36.72167259460027],[-4.350921531786818,36.72045154547104],[-4.35163552894432,36.71994497457657],[-4.351748806501642,36.71970009244862],[-4.351875840859249,36.7197583505382]]]},"properties":{"cusec":"2906702009","rent_m2":8.928571428571429,"rent_norm":0.23,"detail":"8,93 €/m²·mes"}},{"type":"Feature","geometry":{"type":"Polygon","coordinates":[[[-4.393290035868113,36.72428388624484],[-4.393379452374867,36.72345592391332],[-4.391680246794138,36.722621514100545],[-4.391674047520335,36.7220617443793],[-4.392129894018016,36.72170807909003],[-4.392565049619751,36.720999886765874],[-4.392666606857543,36.72104378319199],[-4.392167038456699,36.72190595048847],[-4.393159720863108,36.72230902462578],[-4.3944465000154285,36.722257875253135],[-4.397200115737285,36.721493697971816],[-4.398025231800486,36.72355901089783],[-4.397735612257942,36.72512859432675],[-4.3951143354454185,36.72477007225721],[-4.394307628557336,36.724206157197365],[-4.393290035868113,36.72428388624484]]]},"properties":{"cusec":"2906702010","rent_m2":10.573388550822628,"rent_norm":0.34,"detail":"10,57 €/m²·mes"}},{"type":"Feature","geometry":{"type":"Polygon","coordinates":[[[-4.374301931584324,36.72231853921028],[-4.374613276882004,36.721772139205505],[-4.374814378233091,36.72058377925532],[-4.375276008982882,36.72035350263244],[-4.37538330645536,36.72009085867295],[-4.37512197845437,36.71987751568935],[-4.375696741234387,36.72008723821608],[-4.376275971336336,36.71991827257249],[-4.376136074900522,36.72023538734376],[-4.376330412835831,36.72045851200906],[-4.377159949508513,36.72051202076033],[-4.377748666718176,36.72024380121714],[-4.3777774011291655,36.719973019483504],[-4.377563877874348,36.71993044591671],[-4.377617916030244,36.719821655495096],[-4.3779214693411665,36.71989023412612],[-4.3783925449778405,36.72056085776017],[-4.378909590102583,36.7206720405929],[-4.380245439727284,36.720232925466576],[-4.38133249195091,36.720283400773994],[-4.382342695996939,36.7210469082093],[-4.384255376323476,36.72136901904786],[-4.382801896803881,36.72141948928846],[-4.38281779159449,36.72184968278523],[-4.382646631990157,36.72194287855394],[-4.3809195687541385,36.721786441423454],[-4.376982443306687,36.72229713319351],[-4.374301931584324,36.72231853921028]]]},"properties":{"cusec":"2906702011","rent_m2":14.473684210526315,"rent_norm":0.59,"detail":"14,47 €/m²·mes"}},{"type":"Feature","geometry":{"type":"Polygon","coordinates":[[[-4.357197349211286,36.724127481243386],[-4.357953780087848,36.72376168081213],[-4.357785573245841,36.723463091066456],[-4.357346333004504,36.72375668528121],[-4.357483531799534,36.72279873906414],[-4.3582160324552515,36.72271381681004],[-4.358636157445652,36.72179747968378],[-4.35901936796606,36.72185583410836],[-4.358510380729449,36.72298699666796],[-4.360536282019458,36.72303348119151],[-4.360492971544665,36.723676002155976],[-4.359686761424944,36.72379583733195],[-4.3579951124723655,36.725482261145544],[-4.357060955306721,36.724880984751685],[-4.357197349211286,36.724127481243386]]]},"properties":{"cusec":"2906702012","rent_m2":8.779869308199666,"rent_norm":0.22,"detail":"8,78 €/m²·mes"}},{"type":"Feature","geometry":{"type":"Polygon","coordinates":[[[-4.386429455617907,36.73266487020031],[-4.3855432469288695,36.73269194718152],[-4.3853496294424,36.73255893798906],[-4.384742746501066,36.73263787168317],[-4.384124019272736,36.73295002683411],[-4.3836501777233,36.73228480585656],[-4.383913422729095,36.731864925042444],[-4.383858966856581,36.731603532127295],[-4.383200411023474,36.731429609027195],[-4.383107677936704,36.73071996203573],[-4.382650960073206,36.7306966504678],[-4.382549941824539,36.73094001082199],[-4.382285449058808,36.73095628257533],[-4.381791867031023,36.730390793026764],[-4.381867813300066,36.73081068622212],[-4.381417261472711,36.73096617118617],[-4.381322347276421,36.73123115308489],[-4.381594763182951,36.73177738931802],[-4.382434908959156,36.73203236475332],[-4.382693367741116,36.73253897687114],[-4.382118901405142,36.73248385518811],[-4.380417235338862,36.73275148842888],[-4.3784282997227795,36.73357422677843],[-4.378214362344633,36.73387244244232],[-4.378260731582943,36.73404521460295],[-4.378991012501599,36.734291424609005],[-4.379228703132529,36.73491962216198],[-4.37907136231218,36.735548532328906],[-4.378312320931419,36.73537384641586],[-4.377898288315267,36.73508767434078],[-4.37804402919033,36.73428940233723],[-4.377258099436482,36.73323152153523],[-4.377275850146495,36.73288126332134],[-4.377645085576024,36.73253120149373],[-4.377173239184841,36.73142454199983],[-4.376764554239576,36.73123661034039],[-4.376676357644981,36.730297896214935],[-4.377312035184443,36.730312504269435],[-4.3772373402685565,36.72994608100956],[-4.3774171371743815,36.729063941154344],[-4.377246073689772,36.728610389468734],[-4.378038061681912,36.728258501013144],[-4.378711569972905,36.728721677285165],[-4.378642358373535,36.72858954390959],[-4.37893114787276,36.72823312738749],[-4.3793963664937925,36.728474650239754],[-4.380324312707538,36.72701620516811],[-4.381511391439734,36.7265457063046],[-4.381656952651744,36.72623635256271],[-4.38148120175798,36.72568746256765],[-4.38170457953149,36.725175243156706],[-4.382878320976681,36.72547293703518],[-4.383405605098972,36.72533454406408],[-4.384522323286543,36.72539699913422],[-4.385460265952789,36.72606673948368],[-4.3854848438589755,36.72705544843628],[-4.386595802947254,36.7272142284891],[-4.386640803153088,36.72741947136269],[-4.386079936412205,36.727525515783036],[-4.386265541824628,36.72862044541687],[-4.386737397198983,36.72899177371666],[-4.387412201758921,36.7287859554636],[-4.387585816458954,36.72888410057419],[-4.387637504622079,36.72912199558824],[-4.387201173125643,36.730231328376846],[-4.38740540869877,36.730628986476056],[-4.38685653895849,36.731105975200705],[-4.386844327260515,36.73139673669916],[-4.386356645367497,36.73162559502512],[-4.386222722728281,36.732090853950396],[-4.386429455617907,36.73266487020031]]]},"properties":{"cusec":"2906702013","rent_m2":10.755171085431641,"rent_norm":0.35,"detail":"10,76 €/m²·mes"}},{"type":"Feature","geometry":{"type":"Polygon","coordinates":[[[-4.369795143092712,36.72700374638923],[-4.369306217033015,36.72625668611975],[-4.369283525588933,36.7224116465655],[-4.372491358264569,36.7224005723916],[-4.372492870129184,36.72448339912814],[-4.373260277520213,36.7244864707242],[-4.3729564843591,36.72556192860227],[-4.372257950800932,36.72626640181556],[-4.371242014605058,36.726783729522374],[-4.371138851179523,36.72698048625266],[-4.371273314604524,36.72732250300575],[-4.371087831362972,36.72744376167212],[-4.3702945776445885,36.72732172469526],[-4.369795143092712,36.72700374638923]]]},"properties":{"cusec":"2906702014","rent_m2":9.984526315789475,"rent_norm":0.3,"detail":"9,98 €/m²·mes"}},{"type":"Feature","geometry":{"type":"Polygon","coordinates":[[[-4.369652186995017,36.72240450811575],[-4.3697137269818755,36.72023507195848],[-4.371004501840585,36.72050641585145],[-4.371286972590094,36.72011587135915],[-4.372035679751846,36.7201114213957],[-4.3720286567229705,36.72034586499213],[-4.372700337840668,36.72033812366287],[-4.37319937264227,36.72006195621845],[-4.373226181963613,36.719683068004684],[-4.372798687194625,36.71957080436462],[-4.372796603103159,36.71945364051836],[-4.3738082758946755,36.71967635341833],[-4.373484614694424,36.71973417660824],[-4.373698339171892,36.720416796298046],[-4.374753682662605,36.72057585865654],[-4.374785702212613,36.72114051105976],[-4.374322469766663,36.72239874925693],[-4.369652186995017,36.72240450811575]]]},"properties":{"cusec":"2906702015","rent_m2":12.383727956961769,"rent_norm":0.45,"detail":"12,38 €/m²·mes"}},{"type":"Feature","geometry":{"type":"Polygon","coordinates":[[[-4.3663170585520525,36.7221850951462],[-4.3674250253521345,36.72239157192395],[-4.369283525588933,36.7224116465655],[-4.369306217033015,36.72625668611975],[-4.369732868283961,36.72692703096754],[-4.369188003233209,36.727074498027996],[-4.369240268114735,36.72734816996866],[-4.368228859427932,36.72744709450615],[-4.367158907534055,36.72693326180339],[-4.366564062915858,36.72630330258443],[-4.366279863807733,36.725522996334405],[-4.3663170585520525,36.7221850951462]]]},"properties":{"cusec":"2906702016","rent_m2":9.969733656174336,"rent_norm":0.3,"detail":"9,97 €/m²·mes"}},{"type":"Feature","geometry":{"type":"Polygon","coordinates":[[[-4.366317265164586,36.725665234522076],[-4.364469966919359,36.7258360235363],[-4.362992440397929,36.726725861239885],[-4.361163594446981,36.72845132791042],[-4.360747722979437,36.72902458443647],[-4.360403162474148,36.72844773736688],[-4.359850131737445,36.72885971640341],[-4.359577709542702,36.728726335543364],[-4.359385627277073,36.72881294669549],[-4.3590587887356875,36.728407340680576],[-4.358370954112517,36.72838251572987],[-4.358052813958027,36.72798308347319],[-4.357993593421241,36.727480526517134],[-4.36018280034506,36.72709667598614],[-4.361919959746523,36.723542253719074],[-4.3662937661350805,36.72427212832201],[-4.366317265164586,36.725665234522076]]]},"properties":{"cusec":"2906702018","rent_m2":9.348654295051354,"rent_norm":0.26,"detail":"9,35 €/m²·mes"}},{"type":"Feature","geometry":{"type":"Polygon","coordinates":[[[-4.359170426867607,36.720948547148026],[-4.3591164713567085,36.71923421695909],[-4.36189491651304,36.71952247510076],[-4.361504886881297,36.719797349813824],[-4.361295521927911,36.72106291420044],[-4.360428600068023,36.72112781371146],[-4.359170426867607,36.720948547148026]]]},"properties":{"cusec":"2906702020","rent_m2":8.055555555555555,"rent_norm":0.18,"detail":"8,06 €/m²·mes"}},{"type":"Feature","geometry":{"type":"Polygon","coordinates":[[[-4.360830824329762,36.721046992455136],[-4.360567554171114,36.72296754140434],[-4.358510380729449,36.72298699666796],[-4.35901936796606,36.72185583410836],[-4.358724412430724,36.72176059043077],[-4.359170426867607,36.720948547148026],[-4.360428600068023,36.72112781371146],[-4.360830824329762,36.721046992455136]]]},"properties":{"cusec":"2906702021","rent_m2":7.950012190547636,"rent_norm":0.17,"detail":"7,95 €/m²·mes"}},{"type":"Feature","geometry":{"type":"Polygon","coordinates":[[[-4.352586210619606,36.72632634044593],[-4.352927419510626,36.72560575042032],[-4.3527641363346765,36.72406690151754],[-4.352992523114202,36.72340604759389],[-4.352371073990534,36.72264813380088],[-4.352403522935221,36.72242535535381],[-4.353739134506393,36.72171852188539],[-4.354534218991327,36.721106071819726],[-4.355561010429061,36.721204091376215],[-4.356197609640012,36.72144441513642],[-4.356909448145856,36.72216372293409],[-4.356580579411932,36.722668320700905],[-4.3569695957440135,36.72288807502556],[-4.356933478978044,36.72386633343765],[-4.357197349211286,36.724127481243386],[-4.357060955306721,36.724880984751685],[-4.3579951124723655,36.725482261145544],[-4.358579603108618,36.72481332931551],[-4.358985740431714,36.72515952962722],[-4.359531926904264,36.726226536062846],[-4.359510796732137,36.72670854531444],[-4.359126902593771,36.727285229051006],[-4.357993593421241,36.727480526517134],[-4.358145589265627,36.72820382840647],[-4.358370954112517,36.72838251572987],[-4.3590587887356875,36.728407340680576],[-4.359396883167604,36.72876193917027],[-4.359236813265438,36.72892594704176],[-4.358537661666334,36.728931545576394],[-4.358266533045579,36.72918267932251],[-4.358221717892681,36.729498009192824],[-4.358676639125618,36.73026078281639],[-4.3566334335882875,36.731679004562366],[-4.35464803733447,36.73200690094145],[-4.353328185806642,36.73176434023306],[-4.352050055633876,36.73119693147644],[-4.351430516328503,36.730674500907845],[-4.350441215180836,36.729340597489795],[-4.3505798171443315,36.72913391476268],[-4.350377364727076,36.72840163555049],[-4.350455375324649,36.72778065221502],[-4.350754097495981,36.72724302385331],[-4.351634361134461,36.726825894652734],[-4.352296659349042,36.72701897066536],[-4.352289881560208,36.7266111361411],[-4.352586210619606,36.72632634044593]]]},"properties":{"cusec":"2906702022","rent_m2":9.745971972691338,"rent_norm":0.29,"detail":"9,75 €/m²·mes"}},{"type":"Feature","geometry":{"type":"Polygon","coordinates":[[[-4.356789185288871,36.72072375338306],[-4.359158369679864,36.72109740386329],[-4.358479115764302,36.72196455684511],[-4.3582160324552515,36.72271381681004],[-4.3575361775667645,36.72275997820364],[-4.357346333004504,36.72375668528121],[-4.357785573245841,36.723463091066456],[-4.358006174326791,36.72370861354005],[-4.357250127030856,36.72418231083666],[-4.356933478978044,36.72386633343765],[-4.3569695957440135,36.72288807502556],[-4.356580579411932,36.722668320700905],[-4.356909448145856,36.72216372293409],[-4.356816475208895,36.72193105402888],[-4.356197609640012,36.72144441513642],[-4.35518649560059,36.72113442160362],[-4.355220840888849,36.720728581338896],[-4.356644402017913,36.721243753082234],[-4.356789185288871,36.72072375338306]]]},"properties":{"cusec":"2906702023","rent_m2":7.719393282773564,"rent_norm":0.16,"detail":"7,72 €/m²·mes"}},{"type":"Feature","geometry":{"type":"Polygon","coordinates":[[[-4.356789185288871,36.72072375338306],[-4.356324242450649,36.720611357333965],[-4.356857374605478,36.7190353060991],[-4.35905375547515,36.7192678239212],[-4.359170426867607,36.720948547148026],[-4.356789185288871,36.72072375338306]]]},"properties":{"cusec":"2906702024","rent_m2":7.876016260162602,"rent_norm":0.17,"detail":"7,88 €/m²·mes"}},{"type":"Feature","geometry":{"type":"Polygon","coordinates":[[[-4.353438560907276,36.72020279392654],[-4.352594697004118,36.72010486237952],[-4.351875840859249,36.7197583505382],[-4.352435637706655,36.71899477988969],[-4.352864848257799,36.71798556013705],[-4.355767150430569,36.71875019788268],[-4.355296912922054,36.72039665560996],[-4.353438560907276,36.72020279392654]]]},"properties":{"cusec":"2906702025","rent_m2":8.469202898550725,"rent_norm":0.2,"detail":"8,47 €/m²·mes"}},{"type":"Feature","geometry":{"type":"Polygon","coordinates":[[[-4.353438560907276,36.72020279392654],[-4.356789185288871,36.72072375338306],[-4.356644402017913,36.721243753082234],[-4.355220840888849,36.720728581338896],[-4.355162317444711,36.72105251091861],[-4.354275192474102,36.72120203491743],[-4.353739134506393,36.72171852188539],[-4.352403522935221,36.72242535535381],[-4.352371073990534,36.72264813380088],[-4.352974617893956,36.723229762230176],[-4.3527641363346765,36.72406690151754],[-4.352927419510626,36.72560575042032],[-4.3525862851797985,36.72626796421798],[-4.352214674604642,36.72644813564484],[-4.351351389125005,36.72570905484114],[-4.35126258796423,36.725037494780466],[-4.35038709887149,36.72393841064911],[-4.3503468750079906,36.723502413193216],[-4.350635731880866,36.722740707211265],[-4.350560046123247,36.722309882191276],[-4.351055170558383,36.721053382179115],[-4.352468322908246,36.72080722909233],[-4.353438560907276,36.72020279392654]]]},"properties":{"cusec":"2906702026","rent_m2":9.506713955421665,"rent_norm":0.27,"detail":"9,51 €/m²·mes"}},{"type":"Feature","geometry":{"type":"Polygon","coordinates":[[[-4.316087383944724,36.71793749630512],[-4.317250576473532,36.71693510854455],[-4.3176071654204895,36.71634072206864],[-4.318198456303437,36.71593080736562],[-4.319258105419337,36.71469089730822],[-4.3215771656140864,36.71485217793463],[-4.324815462855955,36.715773988579855],[-4.326672165563862,36.71572176910757],[-4.327148231341945,36.71666971655083],[-4.327480410367707,36.71690036066113],[-4.328856072427505,36.717196028606665],[-4.329482867425434,36.71773213592129],[-4.332882767095317,36.718998915967624],[-4.333023677729086,36.7193398665645],[-4.333375926016603,36.719615366226016],[-4.333775521807835,36.72058669979594],[-4.33428762260522,36.72098206551392],[-4.338575073047169,36.721319302663844],[-4.339028218310777,36.7211767468063],[-4.338710900114764,36.72091892640511],[-4.338896282745008,36.72075233372496],[-4.3389891972914585,36.71985438156532],[-4.339422590398589,36.71938301723122],[-4.33953601977122,36.71878227778538],[-4.339734653450214,36.71867413164247],[-4.339877226865579,36.71781619670657],[-4.341004008879266,36.71721985193341],[-4.340858817773159,36.716635571983936],[-4.340951483486281,36.716411410080795],[-4.342584012513382,36.71562232467657],[-4.342657102139855,36.71496514337392],[-4.343112021576132,36.71443551720112],[-4.344238808979735,36.71508532986986],[-4.345919997050813,36.71536607490048],[-4.346327259064642,36.715746825702325],[-4.347219666129117,36.717699534961156],[-4.350094206766355,36.718444444076134],[-4.35043138132341,36.71867725603611],[-4.3507029986276535,36.71914064706893],[-4.351748806501642,36.71970009244862],[-4.35163552894432,36.71994497457657],[-4.350921531786818,36.72045154547104],[-4.34784521516374,36.72208198687651],[-4.3456873145276,36.723792402095974],[-4.345243890831981,36.72443066140317],[-4.345175223611684,36.72524722625831],[-4.344846280317567,36.725431234127704],[-4.344846431234545,36.725859376180175],[-4.343678165919329,36.72633228261036],[-4.343430524650016,36.72704493652717],[-4.343137516662221,36.72721728845603],[-4.342793389144865,36.727773286748416],[-4.342799849828389,36.72788360955689],[-4.343165376114103,36.727816387317986],[-4.343227076001079,36.72794189023858],[-4.342752656834942,36.728609821405165],[-4.34230976494197,36.72879959111636],[-4.3421008940619865,36.729345029639134],[-4.340136284823836,36.73015588691723],[-4.3396677666907655,36.73052173824659],[-4.340288202514809,36.7316077164829],[-4.340186435071196,36.731892829526444],[-4.339690422202231,36.73211023490813],[-4.339567632384376,36.732332445302255],[-4.339354965224025,36.733448106001404],[-4.338634799335454,36.733915922590754],[-4.3378144928523135,36.73406036764996],[-4.337716392331686,36.73389242265166],[-4.338334275143678,36.73362182006836],[-4.338367051075141,36.733069376699035],[-4.337969074048079,36.73264114309677],[-4.337266542986861,36.732894676505595],[-4.336599621143519,36.73397256733505],[-4.335838102209197,36.734481407054126],[-4.334741836864008,36.736375426959505],[-4.333683093249914,36.73677717107911],[-4.333554287414599,36.7372630836179],[-4.333107047675676,36.73765121061055],[-4.332330882608944,36.73792127346994],[-4.332490343453342,36.7386023363613],[-4.33221530805941,36.738605415311305],[-4.331978740322618,36.73785987962953],[-4.332403337126502,36.737537375068904],[-4.332159919735641,36.73738687646032],[-4.33163299763438,36.73773979716139],[-4.331499097453058,36.73794861207751],[-4.3314978110655815,36.738890616828826],[-4.3320229482143775,36.739423359888825],[-4.332151905865002,36.7399199169983],[-4.331781307691142,36.74036801365618],[-4.330734376923048,36.74067044509937],[-4.330462022101953,36.740952913541264],[-4.330329985924875,36.74133298752157],[-4.330749192837042,36.74152888057083],[-4.331258421720473,36.74211585774215],[-4.330970761403565,36.742319652033345],[-4.330456769652491,36.74226905443869],[-4.3298506341094765,36.742476386381625],[-4.330135079356006,36.74289685125939],[-4.329777887639461,36.7430901380835],[-4.329646101194009,36.74348375678223],[-4.3291413252594575,36.743969378522664],[-4.329325561639405,36.7442017013552],[-4.329222907558624,36.744680597514844],[-4.329867262823713,36.74506547514193],[-4.33004075714947,36.74546467456002],[-4.330499560002732,36.74568045358496],[-4.3303294559188545,36.74602709534961],[-4.330511496816229,36.74637212748713],[-4.330333093197436,36.74688792185235],[-4.327320364720065,36.74621844878758],[-4.326723581537465,36.74585551194241],[-4.3250336429772265,36.745488979315226],[-4.323677289306142,36.74544997941106],[-4.323002185607169,36.74561748522691],[-4.322430502251937,36.7454300511578],[-4.322149677216044,36.74562695589356],[-4.321646729353086,36.74563254097338],[-4.321097061908817,36.74546062124735],[-4.320405588210438,36.74594377518429],[-4.3200749776431735,36.74578971196389],[-4.319894661511126,36.74545819329063],[-4.318790530517319,36.744837180916655],[-4.318373615207447,36.74475163951059],[-4.317986900359094,36.745143524989146],[-4.317212167206935,36.74460676179653],[-4.316442016361037,36.74459157771919],[-4.316355301986653,36.743293399264495],[-4.315421180753627,36.74237526622994],[-4.315279847911654,36.74197118596952],[-4.315581276706907,36.74125576019897],[-4.315976526448782,36.74079169276333],[-4.317370156610889,36.73975764015419],[-4.317852237508104,36.73913035468689],[-4.317780109078991,36.73884268198132],[-4.316950079231201,36.738770729621905],[-4.315665246728091,36.738956218275916],[-4.314890755222752,36.73885659012341],[-4.313871408123765,36.738191781710476],[-4.31053231092389,36.73876046479709],[-4.308735854628822,36.738500746778946],[-4.304292606672203,36.738684712809416],[-4.304164857255641,36.73841569647245],[-4.304228942169676,36.73756767114258],[-4.30495331666535,36.736694354882744],[-4.305233054739754,36.73601524401617],[-4.3058288443856645,36.73548589329825],[-4.306609138109423,36.735269979783865],[-4.3088170380759765,36.735362918814204],[-4.310606094049756,36.734975495851884],[-4.311569745601101,36.73456642212384],[-4.312501594096472,36.73470042565039],[-4.315453204795187,36.73309034055154],[-4.316113753091589,36.731766955089896],[-4.316796278671414,36.73107435833747],[-4.317041525032198,36.73100854712709],[-4.318774033855454,36.73146710415547],[-4.318809548750202,36.73092587805871],[-4.316864864145041,36.728531590590315],[-4.315635163047562,36.72668828243672],[-4.315502807070217,36.72614890762187],[-4.3156274653839,36.72492160649731],[-4.315346465176507,36.7242035312828],[-4.314955484228872,36.72360391821805],[-4.313966887360362,36.72275849637363],[-4.313971802043281,36.721072781043674],[-4.314220693767488,36.71990719227855],[-4.315962292643106,36.718292445569126],[-4.316087383944724,36.71793749630512]]]},"properties":{"cusec":"2906702027","rent_m2":11.160714285714285,"rent_norm":0.38,"detail":"11,16 €/m²·mes"}},{"type":"Feature","geometry":{"type":"Polygon","coordinates":[[[-4.361998359314638,36.71953255528098],[-4.361942394272434,36.720149230235386],[-4.364462032998794,36.720340388241205],[-4.36429743019771,36.72184648795645],[-4.361294060368967,36.7210730265807],[-4.361504886881297,36.719797349813824],[-4.361998359314638,36.71953255528098]]]},"properties":{"cusec":"2906702028","rent_m2":9.125862068965517,"rent_norm":0.25,"detail":"9,13 €/m²·mes"}},{"type":"Feature","geometry":{"type":"Polygon","coordinates":[[[-4.316087383944724,36.71793749630512],[-4.316271688596617,36.7167385975534],[-4.3160437698393785,36.71519068273729],[-4.315403329432306,36.71374646194999],[-4.314647914550294,36.71278128107273],[-4.315417893817981,36.71262856131351],[-4.320250786029119,36.71240379865146],[-4.320731067600814,36.71233537320637],[-4.321095398228925,36.71203385130415],[-4.32306024282568,36.71235460072083],[-4.325240738786179,36.712195148310215],[-4.326366985403962,36.71193023107473],[-4.326484853352386,36.71162240997257],[-4.327185450340787,36.71134418831882],[-4.327623848860711,36.711447444947666],[-4.327595250993646,36.71173625224706],[-4.327765146668363,36.71185153390524],[-4.328406791716243,36.71205169479578],[-4.328663426918196,36.712652763404094],[-4.330279668590856,36.71304715890112],[-4.332417965292571,36.71287226337231],[-4.33308536234471,36.712621401790955],[-4.333225625293173,36.71231335949676],[-4.333409366701386,36.71258170538768],[-4.334696875285716,36.71257628785391],[-4.334883722169861,36.71237588564576],[-4.334780343148657,36.712223818241156],[-4.335202423771405,36.712029789025046],[-4.335155034046926,36.71252612577977],[-4.3354734239330766,36.71260590965344],[-4.3366586332711785,36.712716558142695],[-4.336881872704103,36.71267799959162],[-4.3369229472721536,36.71246119451709],[-4.338011996450659,36.71263826072999],[-4.339723914989311,36.712573935190925],[-4.343583711660453,36.713693289822366],[-4.3444592088380665,36.713818598345824],[-4.344657093322081,36.71360904737624],[-4.346024495372868,36.71369276917633],[-4.346693744751089,36.71419001837482],[-4.346673770710761,36.71432543359571],[-4.345904327737309,36.713865373584305],[-4.344784126781358,36.7138329848582],[-4.34426718855617,36.71454642733628],[-4.344295947221682,36.71473091595081],[-4.34488106218705,36.714895555795806],[-4.345160776006966,36.7142433644262],[-4.344976856732328,36.71489220153394],[-4.345289317737602,36.71501262145858],[-4.345491059587487,36.714564137744006],[-4.345371323143234,36.715043280712045],[-4.345983436974465,36.71518955001217],[-4.345991803883032,36.71438723727469],[-4.346789852808388,36.71584748405875],[-4.348278383692062,36.71645262894252],[-4.3499958978366005,36.71670358602782],[-4.350785178306489,36.717019140678424],[-4.352009318832367,36.7172306200977],[-4.353168067395434,36.716901963579055],[-4.352664853631168,36.7185572580583],[-4.351875840859249,36.7197583505382],[-4.3507029986276535,36.71914064706893],[-4.35043138132341,36.71867725603611],[-4.350094206766355,36.718444444076134],[-4.347338245543276,36.71777711649612],[-4.3471119365670035,36.71758131117956],[-4.346865425378305,36.71673002415608],[-4.346175003607128,36.715543480067446],[-4.3457219248188705,36.71528490481236],[-4.344238808979735,36.71508532986986],[-4.343160441668248,36.71440340379827],[-4.342657102139855,36.71496514337392],[-4.342584012513382,36.71562232467657],[-4.340900733164327,36.716369151381414],[-4.341004008879266,36.71721985193341],[-4.3399212910269025,36.717754855917825],[-4.339788760776388,36.718605920603096],[-4.33953601977122,36.71878227778538],[-4.339422590398589,36.71938301723122],[-4.3389891972914585,36.71985438156532],[-4.338896282745008,36.72075233372496],[-4.338710900114764,36.72091892640511],[-4.339028218310777,36.7211767468063],[-4.338575073047169,36.721319302663844],[-4.33428762260522,36.72098206551392],[-4.333775521807835,36.72058669979594],[-4.333459998445757,36.720004300329165],[-4.333433978743529,36.719614716008735],[-4.333023677729086,36.7193398665645],[-4.332882767095317,36.718998915967624],[-4.329482867425434,36.71773213592129],[-4.328933790174325,36.717240223161774],[-4.327480410367707,36.71690036066113],[-4.327148231341945,36.71666971655083],[-4.326672165563862,36.71572176910757],[-4.324744917258362,36.715761261540486],[-4.3215771656140864,36.71485217793463],[-4.319258105419337,36.71469089730822],[-4.318198456303437,36.71593080736562],[-4.3176071654204895,36.71634072206864],[-4.317250576473532,36.71693510854455],[-4.316087383944724,36.71793749630512]]]},"properties":{"cusec":"2906702029","rent_m2":7.665060644383257,"rent_norm":0.15,"detail":"7,67 €/m²·mes"}},{"type":"Feature","geometry":{"type":"Polygon","coordinates":[[[-4.371273314604524,36.72732250300575],[-4.371408008896547,36.727454382245135],[-4.37180547208727,36.72721488368201],[-4.371991863525554,36.72729739834763],[-4.372086417497407,36.72761589670935],[-4.3725240596358415,36.72780284364899],[-4.372508773902965,36.72804032370179],[-4.372911963853617,36.72798418145034],[-4.3730140699620685,36.7282968429489],[-4.374348773336507,36.72941437013634],[-4.374610718480103,36.729050767772534],[-4.374297922403212,36.72826567131804],[-4.373937083526618,36.728383973691955],[-4.37394394665541,36.727922713424576],[-4.375043312086616,36.72779733719031],[-4.37541252865154,36.72722742882571],[-4.375719692291597,36.72720363092257],[-4.376450146585092,36.726778249630556],[-4.377065216771939,36.72620324545081],[-4.377314413923324,36.726382902949474],[-4.37771818867722,36.72639850030862],[-4.377517626315324,36.726943942926624],[-4.377996106764872,36.72818233475214],[-4.37728215272653,36.72857371300214],[-4.3774171371743815,36.729063941154344],[-4.3772373402685565,36.72994608100956],[-4.377312035184443,36.730312504269435],[-4.376676357644981,36.730297896214935],[-4.376764554239576,36.73123661034039],[-4.377173239184841,36.73142454199983],[-4.377641901048347,36.73252374289026],[-4.3763007118375645,36.7334309701355],[-4.376969573143606,36.734839219295786],[-4.376638569114246,36.73511361011713],[-4.375449856346564,36.735537331904666],[-4.375368780697227,36.735765499731016],[-4.375374465236327,36.7360842185349],[-4.375915577125807,36.736885011688294],[-4.376613150384977,36.73746865957861],[-4.377341937405293,36.74005298398489],[-4.376837290828157,36.74036239795872],[-4.377296715315576,36.74102737545611],[-4.377484548549935,36.74355239994259],[-4.377792473063,36.7438039307217],[-4.376698183113128,36.74367458676127],[-4.3761684295221155,36.743842924264044],[-4.3744859829113025,36.745045482004585],[-4.374246540565598,36.745947437611036],[-4.374493512590007,36.746665662895786],[-4.373893936545197,36.747335110464896],[-4.374065682749435,36.74758327241289],[-4.374083514307819,36.74858366073869],[-4.374747945122876,36.749017666634295],[-4.374814269536942,36.74938197914701],[-4.374666095125775,36.74978706190969],[-4.37415797296677,36.75009036603471],[-4.374120815053363,36.74967616524117],[-4.372969809069713,36.749279322715395],[-4.371543667080855,36.750102500766],[-4.369043885613867,36.752186481933784],[-4.368580752880929,36.75202959395523],[-4.368323145701851,36.751498426155194],[-4.367921443361291,36.75141066666031],[-4.364288327568921,36.75279996524194],[-4.362839682782171,36.75259798161364],[-4.361818997193442,36.75305811331945],[-4.361887948281388,36.75511929159738],[-4.361477497248297,36.75637692184561],[-4.361679394506713,36.75670814720136],[-4.362974669026684,36.75745726601692],[-4.363427223198802,36.75812813944044],[-4.361977685486671,36.75833402943616],[-4.3616087042803535,36.75918556481738],[-4.361424361899216,36.76030544114905],[-4.360918488223378,36.760784451263646],[-4.3603229393259895,36.76101884190717],[-4.359734205048349,36.76060869073622],[-4.359224174867708,36.76095028202175],[-4.358637861549745,36.76075641622669],[-4.357544126758713,36.761690572251446],[-4.35654455068081,36.76224283047541],[-4.3564235386289125,36.762370407309156],[-4.356645104500478,36.76286368757783],[-4.356064326601296,36.762987421131804],[-4.35621839575735,36.763465702040335],[-4.355930476725645,36.76365829584171],[-4.355848142536608,36.76409190053338],[-4.355428048088909,36.76443020120925],[-4.355202147846115,36.76496458980304],[-4.354501994625448,36.76532863444422],[-4.353454574275536,36.76635235262432],[-4.351890240853254,36.7666721296123],[-4.348164106309836,36.76586706325503],[-4.346674572906303,36.765340804186096],[-4.346481685750174,36.765198771210734],[-4.346399857312636,36.764365893150256],[-4.34652784657939,36.763575726708645],[-4.348164163802018,36.76262873404087],[-4.34857319819192,36.76195481765063],[-4.349084524641506,36.761644788344015],[-4.349211945274663,36.76136392177498],[-4.348796350488259,36.760284682642684],[-4.3487714932060415,36.759663000771575],[-4.348491176616573,36.75892927473982],[-4.3485161381033866,36.757932917067],[-4.348324503198745,36.75742579171465],[-4.348817345913087,36.75666301526139],[-4.348516343817589,36.755546441835065],[-4.34856829159384,36.7544912219458],[-4.349519787142762,36.753394217053206],[-4.349367616126909,36.752740157402954],[-4.350269945982023,36.75215302325451],[-4.351029551504795,36.75095456586065],[-4.351460408667886,36.75070853814305],[-4.351605272787248,36.750447756423135],[-4.351572702569986,36.75002670311044],[-4.352085928058102,36.749491305673544],[-4.352113195520231,36.74892984168033],[-4.353787052440298,36.7479305433231],[-4.354929353748841,36.74674347429834],[-4.35502521297281,36.74653957154585],[-4.354815176079594,36.74592222819129],[-4.355128605468739,36.74519529328143],[-4.355179655828023,36.744493860112556],[-4.3549621521381665,36.743490884634305],[-4.3553731071261295,36.74383135289463],[-4.356061394500204,36.744037621740574],[-4.3586836909006,36.74589992754385],[-4.3640455039644745,36.744788668882165],[-4.364670955981043,36.74264959556113],[-4.364458146886851,36.74066055413914],[-4.363773755506188,36.73898949194076],[-4.36250231508734,36.73780744912713],[-4.362393146424108,36.73666135162664],[-4.362795120055892,36.735839009195914],[-4.362604437365473,36.73516965860587],[-4.362818182504174,36.733776794668174],[-4.363314922110192,36.73355709022078],[-4.36354507318095,36.732785947644594],[-4.363082104839714,36.731856016397515],[-4.363240660182306,36.73072967644691],[-4.363747854381611,36.730793741276536],[-4.36562713893912,36.72931190658817],[-4.3686049148671255,36.73102644524765],[-4.370072153881929,36.73151211196425],[-4.370573832425388,36.73144323989078],[-4.369623236988358,36.72861047874616],[-4.368981092477192,36.72789196139359],[-4.368228859427932,36.72744709450615],[-4.369240268114735,36.72734816996866],[-4.369188003233209,36.727074498027996],[-4.369795143092712,36.72700374638923],[-4.37072647865004,36.727450309261705],[-4.371273314604524,36.72732250300575]]]},"properties":{"cusec":"2906702030","rent_m2":10.948522727272726,"rent_norm":0.36,"detail":"10,95 €/m²·mes"}},{"type":"Feature","geometry":{"type":"Polygon","coordinates":[[[-4.360567554171114,36.72296754140434],[-4.360822285842984,36.72107941918269],[-4.361926005408388,36.72120022255508],[-4.364487016943468,36.72194362451706],[-4.366240036101288,36.72222879072415],[-4.3662937661350805,36.72427212832201],[-4.365763912831023,36.72428524780214],[-4.361919959746523,36.723542253719074],[-4.361626306768345,36.72409841182281],[-4.360507599710734,36.72375874815182],[-4.360567554171114,36.72296754140434]]]},"properties":{"cusec":"2906702032","rent_m2":8.592550505050504,"rent_norm":0.21,"detail":"8,59 €/m²·mes"}},{"type":"Feature","geometry":{"type":"Polygon","coordinates":[[[-4.38170457953149,36.725175243156706],[-4.382043127612607,36.72476040317308],[-4.382337037508955,36.72376367384022],[-4.382785150410357,36.72347465398577],[-4.382908840340136,36.72237215539148],[-4.382801896803881,36.72141948928846],[-4.385838457585747,36.7211684892857],[-4.386113985256423,36.720921933339106],[-4.386349710373505,36.720955222740415],[-4.386959234361772,36.72122760239908],[-4.3871221420419,36.72156823204391],[-4.387968603872864,36.72193694253026],[-4.390919393511398,36.72226305233129],[-4.391610860023267,36.72211077480458],[-4.391680246794138,36.722621514100545],[-4.392651451380412,36.72315326336772],[-4.392548570025865,36.72368851115645],[-4.392709560701188,36.72442252807558],[-4.392503935434317,36.72452033387458],[-4.391882376716203,36.72389797054932],[-4.391277899463196,36.725207238294644],[-4.391389196235318,36.725792642493076],[-4.3908112776736985,36.72594726641321],[-4.390641138555535,36.725957838232944],[-4.3906160117787225,36.72555030047656],[-4.389372767680002,36.72536782435273],[-4.388666992802298,36.72491957461851],[-4.387744527210078,36.72511016490263],[-4.386976853917741,36.72594086053628],[-4.386462018648625,36.7261873478112],[-4.385558424863895,36.726123019937404],[-4.384522323286543,36.72539699913422],[-4.382782190461487,36.725433819679814],[-4.38170457953149,36.725175243156706]]]},"properties":{"cusec":"2906702033","rent_m2":11.556776556776557,"rent_norm":0.4,"detail":"11,56 €/m²·mes"}},{"type":"Feature","geometry":{"type":"Polygon","coordinates":[[[-4.407853931987699,36.719524345107864],[-4.407322443749858,36.718173447897136],[-4.408228741463585,36.71764023767196],[-4.409284733537969,36.71820488501221],[-4.410126533112596,36.71829634045946],[-4.411100394915484,36.719084766897026],[-4.4099736793771145,36.71908795824034],[-4.409887923505168,36.71974484289134],[-4.407853931987699,36.719524345107864]]]},"properties":{"cusec":"2906702034","rent_m2":13.095238095238095,"rent_norm":0.5,"detail":"13,10 €/m²·mes"}},{"type":"Feature","geometry":{"type":"Polygon","coordinates":[[[-4.403627328931512,36.71935518596843],[-4.404392578569247,36.719328590329155],[-4.405930716219503,36.7189408546012],[-4.407322443749858,36.718173447897136],[-4.4083746323572965,36.72086804468602],[-4.40742952921992,36.72092431598858],[-4.404166055793932,36.721571143186516],[-4.404127493813729,36.72108029188295],[-4.403780639011152,36.721067688851214],[-4.403627328931512,36.71935518596843]]]},"properties":{"cusec":"2906702035","rent_m2":11.922077922077923,"rent_norm":0.42,"detail":"11,92 €/m²·mes"}},{"type":"Feature","geometry":{"type":"Polygon","coordinates":[[[-4.397365559361487,36.72839212387952],[-4.3974243657749446,36.72654970805623],[-4.398025231800486,36.72355901089783],[-4.397200115737285,36.721493697971816],[-4.3990030264277,36.720939765405745],[-4.399575791354538,36.72238629260916],[-4.399340245900509,36.723575114289034],[-4.400099068092378,36.724760555816324],[-4.400096453994892,36.72528149443906],[-4.399873606227402,36.725572699197194],[-4.399555530751603,36.7255144303976],[-4.398883120201895,36.728625192958575],[-4.39885726489137,36.72948647381937],[-4.398381449743243,36.72951989630285],[-4.398031653856469,36.7292783616188],[-4.397365559361487,36.72839212387952]]]},"properties":{"cusec":"2906702036","rent_m2":11.418750000000001,"rent_norm":0.39,"detail":"11,42 €/m²·mes"}},{"type":"Feature","geometry":{"type":"Polygon","coordinates":[[[-4.381006555318077,36.72663477366839],[-4.3805072537168375,36.72561510763492],[-4.3797363671507155,36.7254038665824],[-4.378292439417525,36.724068162995636],[-4.377298467928713,36.72398665721192],[-4.376247374367569,36.72435656428032],[-4.376109158679658,36.72424845334657],[-4.37609522580961,36.72413175024885],[-4.376562031753747,36.723892623655914],[-4.378568086564148,36.72341148524471],[-4.378427951176473,36.723196074198086],[-4.377851370206297,36.723205073131425],[-4.377678230715062,36.72216233613779],[-4.3809195687541385,36.721786441423454],[-4.382816657920619,36.72190674613489],[-4.382908840340136,36.72237215539148],[-4.382787942374236,36.72346508122219],[-4.382337037508955,36.72376367384022],[-4.382043127612607,36.72476040317308],[-4.38148120175798,36.72568746256765],[-4.3816120359892405,36.726375203268745],[-4.381360279537591,36.726703369256],[-4.381006555318077,36.72663477366839]]]},"properties":{"cusec":"2906702037","rent_m2":10.89073434953504,"rent_norm":0.36,"detail":"10,89 €/m²·mes"}},{"type":"Feature","geometry":{"type":"Polygon","coordinates":[[[-4.3663170585520525,36.7221850951462],[-4.3664958771925395,36.7185743410777],[-4.367615629889139,36.71900846048502],[-4.368215332596372,36.71873117430898],[-4.368107880613693,36.718353794569495],[-4.369222414996787,36.71869255325001],[-4.368907343487315,36.719237025940636],[-4.3692937574000394,36.71955706914458],[-4.369998856744625,36.71953994962042],[-4.370058145553391,36.71909757187323],[-4.3705571596937265,36.71945242936906],[-4.3712059688059925,36.71941787776196],[-4.371042397270841,36.7196631467434],[-4.3712968136340296,36.720102264407004],[-4.370973295265917,36.72049854060814],[-4.3697137269818755,36.72023507195848],[-4.36962586276394,36.72034420670168],[-4.369652186995017,36.72240450811575],[-4.3674250253521345,36.72239157192395],[-4.3663170585520525,36.7221850951462]]]},"properties":{"cusec":"2906702038","rent_m2":12.505394736842106,"rent_norm":0.46,"detail":"12,51 €/m²·mes"}},{"type":"Feature","geometry":{"type":"Polygon","coordinates":[[[-4.358579713601394,36.72481321555318],[-4.359686761424944,36.72379583733195],[-4.360486593506139,36.72374358371145],[-4.361568390585345,36.72410197952901],[-4.36018280034506,36.72709667598614],[-4.359252371187837,36.72718073876275],[-4.359545234546865,36.72628254495912],[-4.358985740431714,36.72515952962722],[-4.358579713601394,36.72481321555318]]]},"properties":{"cusec":"2906702039","rent_m2":7.9048409822866335,"rent_norm":0.17,"detail":"7,90 €/m²·mes"}},{"type":"Feature","geometry":{"type":"Polygon","coordinates":[[[-4.36429743019771,36.72184648795645],[-4.364462032998794,36.720340388241205],[-4.36200983798735,36.72015811575644],[-4.361998359314638,36.71953255528098],[-4.366278686116406,36.71984186473982],[-4.3663170585520525,36.7221850951462],[-4.36429743019771,36.72184648795645]]]},"properties":{"cusec":"2906702040","rent_m2":8.967032967032967,"rent_norm":0.24,"detail":"8,97 €/m²·mes"}},{"type":"Feature","geometry":{"type":"Polygon","coordinates":[[[-4.404727129147347,36.73505418372897],[-4.405611604087886,36.73594064405569],[-4.40521227868958,36.73621130469725],[-4.405061473112948,36.736902668711735],[-4.4045249920387395,36.73740716891009],[-4.404669840886718,36.73824811374766],[-4.404460241473055,36.738614826372874],[-4.402778651855041,36.739162808332715],[-4.40215440447928,36.73917016118872],[-4.401691290610981,36.73945505537986],[-4.401011792353641,36.74023825789844],[-4.398594179785691,36.74177428553129],[-4.396804558771604,36.74254796094605],[-4.395987143067022,36.74336882781432],[-4.395129302276359,36.74389495761343],[-4.393935575112745,36.74406214361787],[-4.393388875702186,36.7445282564709],[-4.3929017435781255,36.74443709212288],[-4.391705806558919,36.745449345248545],[-4.390708300199429,36.74686945518258],[-4.387975555934867,36.74634475229012],[-4.387029290377513,36.745810411768474],[-4.386580030327518,36.745899016255485],[-4.386236008811353,36.74605630331033],[-4.386039066660025,36.74668731333261],[-4.385661617035536,36.74691476923672],[-4.384795756085988,36.746981205279624],[-4.384106823721564,36.74724837264914],[-4.3843638694535905,36.74805440893516],[-4.38421051805145,36.748209417738686],[-4.383224213683566,36.74833131354365],[-4.381393448931151,36.74973620939744],[-4.379083349431348,36.749553425827926],[-4.378097435830601,36.74971806947401],[-4.377216774238441,36.74993786514263],[-4.376295536643219,36.75074850130803],[-4.374985530650914,36.750955187741596],[-4.374704353475426,36.75126717699243],[-4.374486255100857,36.75108717393635],[-4.374403315447276,36.75046162647354],[-4.374207091948194,36.750175459546625],[-4.374666095125775,36.74978706190969],[-4.374814269536942,36.74938197914701],[-4.374747945122876,36.749017666634295],[-4.374083514307819,36.74858366073869],[-4.374065682749435,36.74758327241289],[-4.373891367363498,36.74719092288241],[-4.374468278913707,36.746722296792036],[-4.374246540565598,36.745947437611036],[-4.374362532831716,36.745288061213756],[-4.374643016507812,36.7448814149914],[-4.3761684295221155,36.743842924264044],[-4.376698183113128,36.74367458676127],[-4.377799820383727,36.743810507149234],[-4.379305097660924,36.74484778252763],[-4.379973062448297,36.74434650713095],[-4.380351237911573,36.74376749330084],[-4.380965564293323,36.743417828798044],[-4.381063377353045,36.74243187953742],[-4.381749721671131,36.74225265766942],[-4.382151251535148,36.74108514801604],[-4.38245395054823,36.74078871180266],[-4.3840203599771375,36.73985786895158],[-4.3849364888533655,36.73909000537423],[-4.385648989417572,36.73894650778517],[-4.386863404782206,36.739022490596504],[-4.386256890150116,36.738457177801614],[-4.386002085714749,36.73777504386097],[-4.386872368172112,36.737044217752604],[-4.38610049345915,36.73633842376489],[-4.386059595859227,36.73593102605194],[-4.3867667550407585,36.7351836185276],[-4.387264440572786,36.73495517612233],[-4.38673705044927,36.73398057510346],[-4.386210101398562,36.732048071836786],[-4.386339854058185,36.73168404277494],[-4.386844327260515,36.73139673669916],[-4.386960630343694,36.731253481752894],[-4.38685653895849,36.731105975200705],[-4.38741303988708,36.730643845013674],[-4.389122029019598,36.73052707963878],[-4.3901400502052015,36.73062251547331],[-4.39074425347206,36.73093742761512],[-4.39116574569831,36.731471506664064],[-4.391599588861385,36.73154036791294],[-4.391971111401659,36.73111149582121],[-4.3926521987787295,36.73108921750889],[-4.393233405174294,36.73078667632173],[-4.394141769013179,36.72956923947354],[-4.3941614564909335,36.729158786268826],[-4.396372414322705,36.729380906568544],[-4.3967859286109325,36.72878630537269],[-4.396728299888836,36.728417969040144],[-4.397309681455868,36.72845407319656],[-4.398381449743243,36.72951989630285],[-4.398821603571228,36.72952575038376],[-4.398852434650077,36.729791807846006],[-4.400269510841127,36.7301615076811],[-4.4011792634754245,36.731059937616536],[-4.401243497509812,36.73207233332409],[-4.400422836192118,36.73284236932144],[-4.400329859661901,36.73369528335053],[-4.400654227836268,36.73425260259616],[-4.400920329484667,36.73420213431005],[-4.401707629169356,36.73511009475668],[-4.402037988208366,36.735678596217866],[-4.403151686259928,36.73500244603232],[-4.404077918488145,36.7348815873397],[-4.404727129147347,36.73505418372897]]]},"properties":{"cusec":"2906702041","rent_m2":15.250000000000002,"rent_norm":0.64,"detail":"15,25 €/m²·mes"}},{"type":"Feature","geometry":{"type":"Polygon","coordinates":[[[-4.394163731923547,36.729158829467245],[-4.393935614638617,36.72822998178309],[-4.393980752286707,36.72728500153368],[-4.393332631283917,36.72734784741266],[-4.393360620093249,36.72694214293967],[-4.393641632877035,36.72655439956609],[-4.3927932297867445,36.72633298893085],[-4.393456016684847,36.72612012192743],[-4.393595345385394,36.725796518282955],[-4.393618202119476,36.725421808489926],[-4.392997014405562,36.72487495175318],[-4.393290035868113,36.72428388624484],[-4.394307628557336,36.724206157197365],[-4.3951143354454185,36.72477007225721],[-4.39772080263216,36.725208020226674],[-4.3974243657749446,36.72654970805623],[-4.397364236143096,36.728387064571464],[-4.396734224278128,36.728417899202],[-4.3967843098467965,36.72873369587878],[-4.396372414322705,36.729380906568544],[-4.394163731923547,36.729158829467245]]]},"properties":{"cusec":"2906702042","rent_m2":9.909677419354837,"rent_norm":0.3,"detail":"9,91 €/m²·mes"}},{"type":"Feature","geometry":{"type":"Polygon","coordinates":[[[-4.374322469766663,36.72239874925693],[-4.373988867809499,36.72406426767794],[-4.3740873016050825,36.72450136717135],[-4.3750990300921195,36.72525466900839],[-4.375449613801415,36.725143292646095],[-4.375859916612485,36.72557346744531],[-4.3770556344428,36.72619679855515],[-4.376450146585092,36.726778249630556],[-4.375464077575813,36.727233589797954],[-4.375088464107758,36.727794563081254],[-4.3740189128624865,36.72792638751101],[-4.373918734538639,36.72831513193178],[-4.374297922403212,36.72826567131804],[-4.374649185238879,36.72902780272588],[-4.374348773336507,36.72941437013634],[-4.3733127301496335,36.72859628939575],[-4.372934197156912,36.72803349320857],[-4.372508773902965,36.72804032370179],[-4.3725240596358415,36.72780284364899],[-4.372086417497407,36.72761589670935],[-4.372041525987722,36.72732664151521],[-4.371895757264882,36.72722457117691],[-4.371408008896547,36.727454382245135],[-4.371138851179523,36.72698048625266],[-4.371242014605058,36.726783729522374],[-4.372409949340243,36.72615016978578],[-4.3730099386100845,36.72544558462489],[-4.373260277520213,36.7244864707242],[-4.372492870129184,36.72448339912814],[-4.372491375332547,36.72240635573152],[-4.374322469766663,36.72239874925693]]]},"properties":{"cusec":"2906702043","rent_m2":11.218280845758633,"rent_norm":0.38,"detail":"11,22 €/m²·mes"}},{"type":"Feature","geometry":{"type":"Polygon","coordinates":[[[-4.382693365944489,36.73257539802413],[-4.382434908959156,36.73203236475332],[-4.381594763182951,36.73177738931802],[-4.381322347276421,36.73123115308489],[-4.381417261472711,36.73096617118617],[-4.381867813300066,36.73081068622212],[-4.381791867031023,36.730390793026764],[-4.382285449058808,36.73095628257533],[-4.382549941824539,36.73094001082199],[-4.3825840858901834,36.730729734763585],[-4.3827630599392,36.73066911272859],[-4.383181003820082,36.73080166586133],[-4.38321577850302,36.73146043523641],[-4.383874107062361,36.73165550393857],[-4.383625847752146,36.73221492799257],[-4.384124019272736,36.73295002683411],[-4.384742746501066,36.73263787168317],[-4.3853496294424,36.73255893798906],[-4.3855432469288695,36.73269194718152],[-4.386397647171982,36.73266656998134],[-4.386795968253801,36.734142160791485],[-4.387264440572786,36.73495517612233],[-4.3867667550407585,36.7351836185276],[-4.386059595859227,36.73593102605194],[-4.38610049345915,36.73633842376489],[-4.386838707400073,36.73698498579227],[-4.386002085714749,36.73777504386097],[-4.386256890150116,36.738457177801614],[-4.386863404782206,36.739022490596504],[-4.385591625698486,36.73894942978708],[-4.3849364888533655,36.73909000537423],[-4.3840203599771375,36.73985786895158],[-4.382681770490821,36.74067113257144],[-4.382693109026318,36.74011104162739],[-4.383111404148498,36.73981178190504],[-4.383354812556187,36.738402079804786],[-4.382717333894612,36.73832813582215],[-4.380504213817926,36.737273758984784],[-4.3810650024053945,36.73574769774362],[-4.381696282691531,36.735258603659275],[-4.381858219292831,36.73437428011385],[-4.381845201806058,36.73405159028672],[-4.3809659766200575,36.73367531244894],[-4.382616576157371,36.73283416993037],[-4.382693365944489,36.73257539802413]]]},"properties":{"cusec":"2906702044","rent_m2":11.016260162601625,"rent_norm":0.37,"detail":"11,02 €/m²·mes"}},{"type":"Feature","geometry":{"type":"Polygon","coordinates":[[[-4.35529119784022,36.72044756716356],[-4.355802229642425,36.7187607750135],[-4.356873160699971,36.71898731133055],[-4.356323125844756,36.720611087313664],[-4.35529119784022,36.72044756716356]]]},"properties":{"cusec":"2906702045","rent_m2":10.353,"rent_norm":0.32,"detail":"10,35 €/m²·mes"}},{"type":"Feature","geometry":{"type":"Polygon","coordinates":[[[-4.377678230715062,36.72216233613779],[-4.377851370206297,36.723205073131425],[-4.378427951176473,36.723196074198086],[-4.378568086564148,36.72341148524471],[-4.376562031753747,36.723892623655914],[-4.37609522580961,36.72413175024885],[-4.376109158679658,36.72424845334657],[-4.376247374367569,36.72435656428032],[-4.377298467928713,36.72398665721192],[-4.378292439417525,36.724068162995636],[-4.379680466787235,36.72536848100146],[-4.3805072537168375,36.72561510763492],[-4.3810547777808315,36.726609536305766],[-4.380324312707538,36.72701620516811],[-4.3793963664937925,36.728474650239754],[-4.37893114787276,36.72823312738749],[-4.378642358373535,36.72858954390959],[-4.378711569972905,36.728721677285165],[-4.378038061681912,36.728258501013144],[-4.377762610368023,36.72770957939243],[-4.377517626315324,36.726943942926624],[-4.37771818867722,36.72639850030862],[-4.376763302886386,36.72612781803372],[-4.3755595666938785,36.72539877827714],[-4.375500128764795,36.72521508569476],[-4.3750990300921195,36.72525466900839],[-4.374184051957806,36.72461890636662],[-4.373985748858843,36.72422171251744],[-4.374301931584324,36.72231853921028],[-4.376982443306687,36.72229713319351],[-4.377678230715062,36.72216233613779]]]},"properties":{"cusec":"2906702046","rent_m2":6.522514767932489,"rent_norm":0.08,"detail":"6,52 €/m²·mes"}},{"type":"Feature","geometry":{"type":"Polygon","coordinates":[[[-4.40670367879225,36.731567428731815],[-4.405351803222863,36.7309972481264],[-4.404043942407459,36.729976083452904],[-4.401501726323081,36.730429696188175],[-4.401115981655228,36.72951928000796],[-4.400635139534812,36.72907873663706],[-4.4008434372896135,36.72888952271765],[-4.402122916731953,36.72918807912569],[-4.40262008663098,36.72882924265881],[-4.402335558739486,36.72707566153758],[-4.402486719150637,36.72634146549634],[-4.402053379044103,36.72502604657853],[-4.403249262164417,36.72546735552856],[-4.404598503873382,36.72569470583323],[-4.40545880245467,36.72646832154603],[-4.4057965312722684,36.72700631532857],[-4.406343457058262,36.727285292410265],[-4.408183854445486,36.727153109043535],[-4.408190227992426,36.727502311243725],[-4.407939365364488,36.7278523420001],[-4.408584008090483,36.72940413717914],[-4.407345487333535,36.73124411226621],[-4.40670367879225,36.731567428731815]]]},"properties":{"cusec":"2906702047","rent_m2":9.200175819497659,"rent_norm":0.25,"detail":"9,20 €/m²·mes"}},{"type":"Feature","geometry":{"type":"Polygon","coordinates":[[[-4.400635139534812,36.72907873663706],[-4.401115981655228,36.72951928000796],[-4.401501726323081,36.730429696188175],[-4.404043942407459,36.729976083452904],[-4.405351803222863,36.7309972481264],[-4.40667778754914,36.731553965638994],[-4.406492741787142,36.73246835697726],[-4.406630551436566,36.73288263264551],[-4.40639011285918,36.73481577147363],[-4.406068324646309,36.735139607077784],[-4.40556957191573,36.734926625543324],[-4.40536249676801,36.73507193260316],[-4.405105251609996,36.73477684893695],[-4.404727129147347,36.73505418372897],[-4.404077918488145,36.7348815873397],[-4.403151686259928,36.73500244603232],[-4.402037988208366,36.735678596217866],[-4.400920329484667,36.73420213431005],[-4.400654227836268,36.73425260259616],[-4.400329859661901,36.73369528335053],[-4.400422836192118,36.73284236932144],[-4.401243497509812,36.73207233332409],[-4.4011792634754245,36.731059937616536],[-4.400269510841127,36.7301615076811],[-4.398852434650077,36.729791807846006],[-4.398830894846207,36.72952587565862],[-4.400099908915462,36.72906164443435],[-4.400635139534812,36.72907873663706]]]},"properties":{"cusec":"2906702048","rent_m2":10.108212334113974,"rent_norm":0.31,"detail":"10,11 €/m²·mes"}},{"type":"Feature","geometry":{"type":"Polygon","coordinates":[[[-4.382693365944489,36.73257539802413],[-4.382616576157371,36.73283416993037],[-4.3809659766200575,36.73367531244894],[-4.381768431781877,36.733993726041575],[-4.381858219292831,36.73437428011385],[-4.381696282691531,36.735258603659275],[-4.38099145014655,36.73585547932639],[-4.380509152755368,36.73722928511871],[-4.382717333894612,36.73832813582215],[-4.383311363740842,36.73840470523386],[-4.383111404148498,36.73981178190504],[-4.382693109026318,36.74011104162739],[-4.382637020016615,36.74061737799511],[-4.382195301323419,36.741003537918644],[-4.381749721671131,36.74225265766942],[-4.381063377353045,36.74243187953742],[-4.380965564293323,36.743417828798044],[-4.380351237911573,36.74376749330084],[-4.379944207663063,36.744376118836854],[-4.379305097660924,36.74484778252763],[-4.377484548549935,36.74355239994259],[-4.377296715315576,36.74102737545611],[-4.376837290828157,36.74036239795872],[-4.37735128796908,36.74008616575061],[-4.376613150384977,36.73746865957861],[-4.375915577125807,36.736885011688294],[-4.375374465236327,36.7360842185349],[-4.375365224267019,36.73556603703804],[-4.376596391415028,36.73514841887268],[-4.3769454524799425,36.734860379923255],[-4.376328012537386,36.73345969261494],[-4.377240183436437,36.73290025891227],[-4.377258099436482,36.73323152153523],[-4.37804402919033,36.73428940233723],[-4.377898288315267,36.73508767434078],[-4.379051086437927,36.73562059569555],[-4.379214377698683,36.734781459313],[-4.378991012501599,36.734291424609005],[-4.378260731582943,36.73404521460295],[-4.378214362344633,36.73387244244232],[-4.3784282997227795,36.73357422677843],[-4.380392955673345,36.73276458846183],[-4.382376414261124,36.732460598151455],[-4.382693365944489,36.73257539802413]]]},"properties":{"cusec":"2906702049","rent_m2":11.110703125,"rent_norm":0.37,"detail":"11,11 €/m²·mes"}},{"type":"Feature","geometry":{"type":"Polygon","coordinates":[[[-4.38740540869877,36.730628986476056],[-4.387201173125643,36.730231328376846],[-4.387637504622079,36.72912199558824],[-4.387585816458954,36.72888410057419],[-4.387412201758921,36.7287859554636],[-4.386737397198983,36.72899177371666],[-4.386265541824628,36.72862044541687],[-4.386079936412205,36.727525515783036],[-4.386640803153088,36.72741947136269],[-4.386624427763799,36.72730378179167],[-4.3854848438589755,36.72705544843628],[-4.385477196500951,36.726079451135575],[-4.385962654165322,36.726194632789735],[-4.386716293078005,36.72608704356554],[-4.387744527210078,36.72511016490263],[-4.38839430290962,36.72491321617677],[-4.388666992802298,36.72491957461851],[-4.389372767680002,36.72536782435273],[-4.3906160117787225,36.72555030047656],[-4.390641138555535,36.725957838232944],[-4.391389196235318,36.725792642493076],[-4.391277899463196,36.725207238294644],[-4.391806480752797,36.72396086672166],[-4.392091271850674,36.723981385927],[-4.392628430254628,36.724523647395],[-4.3926583064243285,36.723156761274886],[-4.393379452374867,36.72345592391332],[-4.393304991919257,36.72421070700644],[-4.392997014405562,36.72487495175318],[-4.393618202119476,36.725421808489926],[-4.393595345385394,36.725796518282955],[-4.393466873723367,36.726065140356965],[-4.392800523208545,36.726244659218466],[-4.393641632877035,36.72655439956609],[-4.393360620093249,36.72694214293967],[-4.393332631283917,36.72734784741266],[-4.393980752286707,36.72728500153368],[-4.393935614638617,36.72822998178309],[-4.394163731923547,36.729158829467245],[-4.394141769013179,36.72956923947354],[-4.393233405174294,36.73078667632173],[-4.3926521987787295,36.73108921750889],[-4.391971111401659,36.73111149582121],[-4.391599588861385,36.73154036791294],[-4.3913359360204405,36.73154345074595],[-4.390232012537462,36.73062859625761],[-4.389122029019598,36.73052707963878],[-4.38740540869877,36.730628986476056]]]},"properties":{"cusec":"2906702050","rent_m2":12.048762790280557,"rent_norm":0.43,"detail":"12,05 €/m²·mes"}},{"type":"Feature","geometry":{"type":"Polygon","coordinates":[[[-4.360895414096999,36.72890866041147],[-4.361117293480618,36.72853092028907],[-4.362992440397929,36.726725861239885],[-4.364469966919359,36.7258360235363],[-4.366271506780636,36.72566351874592],[-4.366536727181749,36.72626545645411],[-4.367158907534055,36.72693326180339],[-4.3685466519344125,36.7275715684462],[-4.369366495785215,36.72823009338042],[-4.369622341368018,36.728607996258],[-4.370573832425388,36.73144323989078],[-4.370072153881929,36.73151211196425],[-4.3686049148671255,36.73102644524765],[-4.36562713893912,36.72931190658817],[-4.364391897032977,36.72886227592091],[-4.362557557884045,36.728678184115445],[-4.360895414096999,36.72890866041147]]]},"properties":{"cusec":"2906702051","rent_m2":9.283885776532836,"rent_norm":0.26,"detail":"9,28 €/m²·mes"}},{"type":"Feature","geometry":{"type":"Polygon","coordinates":[[[-4.417592672187415,36.72286267154418],[-4.417981652586914,36.72197421188042],[-4.419112318915884,36.722077598230435],[-4.420129484007054,36.721648093652576],[-4.420926587904731,36.72181745223458],[-4.4216267716681,36.72120409857672],[-4.423392316035948,36.72138015385451],[-4.425139475483167,36.72133777908061],[-4.424086192727697,36.722858113014865],[-4.423879186750254,36.72271826446257],[-4.424192552359038,36.72236076655537],[-4.4240605071987895,36.72226933250819],[-4.423408478524526,36.72209545451013],[-4.423287111638075,36.72226146968628],[-4.422901011237371,36.72204905438367],[-4.422523693665222,36.72247331989267],[-4.422218752457184,36.72235687475126],[-4.421083804757548,36.72327517880358],[-4.41980292574003,36.72225538823941],[-4.419168727725855,36.72272802308807],[-4.419421442679907,36.72293727125083],[-4.418956878032396,36.72344214906642],[-4.417592672187415,36.72286267154418]]]},"properties":{"cusec":"2906703001","rent_m2":12.57960199004975,"rent_norm":0.47,"detail":"12,58 €/m²·mes"}},{"type":"Feature","geometry":{"type":"Polygon","coordinates":[[[-4.422453716701225,36.72246115631195],[-4.422005881379259,36.72283010012282],[-4.422703809472949,36.723564676786204],[-4.422922305801199,36.72416665470571],[-4.422277394478939,36.724379472402404],[-4.421849866472292,36.72448831036972],[-4.421699823565329,36.72406678703407],[-4.420777968827501,36.72436399343634],[-4.418956878032396,36.72344214906642],[-4.419421442679907,36.72293727125083],[-4.419168727725855,36.72272802308807],[-4.41980292574003,36.72225538823941],[-4.421083804757548,36.72327517880358],[-4.422218752457184,36.72235687475126],[-4.422453716701225,36.72246115631195]]]},"properties":{"cusec":"2906703002","rent_m2":11.779699879951982,"rent_norm":0.42,"detail":"11,78 €/m²·mes"}},{"type":"Feature","geometry":{"type":"Polygon","coordinates":[[[-4.422917035385429,36.724190043138194],[-4.422703809472949,36.723564676786204],[-4.422048976258382,36.722917828935145],[-4.422178134233292,36.72269209768832],[-4.422825817756529,36.7219879437881],[-4.423287111638075,36.72226146968628],[-4.42353018407585,36.72210830866724],[-4.424147461423331,36.722325531500346],[-4.423913791651642,36.722666992956555],[-4.424086192727697,36.722858113014865],[-4.425160736809303,36.721349235032875],[-4.425474565050459,36.72126624522501],[-4.425862829492671,36.72428805659891],[-4.425449678123805,36.724496539452666],[-4.4240020583148105,36.72455918456879],[-4.423869449910882,36.72427695965491],[-4.423015832100373,36.724418343328466],[-4.422917035385429,36.724190043138194]]]},"properties":{"cusec":"2906703003","rent_m2":13.333333333333334,"rent_norm":0.51,"detail":"13,33 €/m²·mes"}},{"type":"Feature","geometry":{"type":"Polygon","coordinates":[[[-4.413900871254163,36.726677468798485],[-4.4145662839278135,36.72588090072492],[-4.413658448298322,36.72549101212805],[-4.41322979021106,36.72505613950574],[-4.414643830994718,36.724293420745326],[-4.4146587627913725,36.72399805516722],[-4.414887526863312,36.723954778929134],[-4.415068950618114,36.72367993781477],[-4.414947835259917,36.72321943412496],[-4.415112299720449,36.72298983791371],[-4.415583659224772,36.7228377835982],[-4.41578468421904,36.722542405221674],[-4.4157155624511795,36.72232241373544],[-4.416813380085187,36.72288173657657],[-4.415561974792103,36.724600255055094],[-4.416250016027806,36.72512153245072],[-4.414593303454945,36.72680836059105],[-4.413900871254163,36.726677468798485]]]},"properties":{"cusec":"2906704001","rent_m2":11.870833333333332,"rent_norm":0.42,"detail":"11,87 €/m²·mes"}},{"type":"Feature","geometry":{"type":"Polygon","coordinates":[[[-4.416470290121978,36.72345344485868],[-4.417510143962273,36.72422974866354],[-4.416911505758599,36.72451979962156],[-4.418312362867189,36.72576426130836],[-4.415322663600442,36.72685325377136],[-4.414604515328017,36.726834435963404],[-4.416250016027806,36.72512153245072],[-4.415561974792103,36.724600255055094],[-4.416470290121978,36.72345344485868]]]},"properties":{"cusec":"2906704003","rent_m2":10.8725064191191,"rent_norm":0.36,"detail":"10,87 €/m²·mes"}},{"type":"Feature","geometry":{"type":"Polygon","coordinates":[[[-4.405825367192897,36.727051510070496],[-4.406063711797347,36.72599056096864],[-4.405767300991247,36.72539686881254],[-4.405192637924208,36.72510235709248],[-4.4050482130810265,36.72465568696438],[-4.4054611856851364,36.72428502675606],[-4.40597910397229,36.72452544383855],[-4.4061658179058,36.72412342824406],[-4.4067651361341085,36.72398564486026],[-4.407248806151054,36.72366218270701],[-4.40747678868872,36.72338456843728],[-4.407279486312958,36.722848322724495],[-4.407334129933399,36.722472657458916],[-4.408116492477273,36.72200459041965],[-4.409956904237517,36.72186921753669],[-4.4099662503097194,36.72197142532028],[-4.411528697269896,36.72201379614431],[-4.411584951569632,36.721814805357056],[-4.412189198853915,36.7217855104077],[-4.412284823617608,36.72153158677622],[-4.412680590789078,36.72176352460743],[-4.4146223846156465,36.7215398780999],[-4.414818048464304,36.72169531847163],[-4.4147167185002445,36.721509083190426],[-4.415687453267637,36.72225634589091],[-4.41578468421904,36.722542405221674],[-4.415583659224772,36.7228377835982],[-4.415112299720449,36.72298983791371],[-4.414947835259917,36.72321943412496],[-4.415084350437023,36.72377438492527],[-4.4146587627913725,36.72399805516722],[-4.414672364183091,36.72426603479403],[-4.413124073773473,36.725131755178424],[-4.413032268646372,36.72547085909044],[-4.412673879475563,36.725797637171546],[-4.411807113922537,36.726032110931655],[-4.411191801190608,36.72677875146797],[-4.4110231029701215,36.72727444069653],[-4.407901184269956,36.72715645197009],[-4.406639680116469,36.72733359230981],[-4.405825367192897,36.727051510070496]]]},"properties":{"cusec":"2906704004","rent_m2":9.512119985608923,"rent_norm":0.27,"detail":"9,51 €/m²·mes"}},{"type":"Feature","geometry":{"type":"Polygon","coordinates":[[[-4.4086279222331255,36.729259401130484],[-4.407928513715851,36.727908812661425],[-4.408190227992426,36.727502311243725],[-4.408184841693963,36.72720718624466],[-4.410303904567124,36.72719561884739],[-4.410022260267679,36.72836034678286],[-4.410742787278983,36.72855214457342],[-4.41084926369128,36.72886569941049],[-4.410678158884171,36.72923024437578],[-4.410074994069824,36.729623757754545],[-4.410333937942016,36.729849647179265],[-4.41054360652599,36.73037820736206],[-4.410489108432645,36.73066765265001],[-4.41009820204517,36.73067228271169],[-4.410045818586026,36.73029666651756],[-4.409679356255737,36.7298643993125],[-4.4088837175102915,36.72971833722901],[-4.4086279222331255,36.729259401130484]]]},"properties":{"cusec":"2906704006","rent_m2":8.633556356150281,"rent_norm":0.21,"detail":"8,63 €/m²·mes"}},{"type":"Feature","geometry":{"type":"Polygon","coordinates":[[[-4.411112309271088,36.727217554853155],[-4.411191801190608,36.72677875146797],[-4.411807113922537,36.726032110931655],[-4.412673879475563,36.725797637171546],[-4.41322979021106,36.72505613950574],[-4.413658448298322,36.72549101212805],[-4.4145662839278135,36.72588090072492],[-4.413693991040847,36.72688275126638],[-4.41221661094481,36.727249388582095],[-4.411112309271088,36.727217554853155]]]},"properties":{"cusec":"2906704007","rent_m2":9.941745036572623,"rent_norm":0.3,"detail":"9,94 €/m²·mes"}},{"type":"Feature","geometry":{"type":"Polygon","coordinates":[[[-4.412531512672731,36.72837304293548],[-4.411892971304156,36.728132254146935],[-4.412366890108711,36.727315738687935],[-4.413693991040847,36.72688275126638],[-4.4142330844159146,36.727083663545365],[-4.414392700668845,36.72863218179454],[-4.412531512672731,36.72837304293548]]]},"properties":{"cusec":"2906704008","rent_m2":10.958904109589042,"rent_norm":0.36,"detail":"10,96 €/m²·mes"}},{"type":"Feature","geometry":{"type":"Polygon","coordinates":[[[-4.413711023996978,36.731520282698426],[-4.413531324109207,36.73172834490564],[-4.413720959364009,36.73237480465035],[-4.4134729614635155,36.73277287281324],[-4.413070133533926,36.73238870604492],[-4.413023954738435,36.73189350771781],[-4.413358913151684,36.73032414175352],[-4.412864545098003,36.73031792487208],[-4.412405117017295,36.73001588030227],[-4.412411340545586,36.72987032320398],[-4.411739670207655,36.72959686616352],[-4.412531512672731,36.72837304293548],[-4.4143422476892304,36.72870671181881],[-4.4147452957060755,36.72946404240166],[-4.41519229469651,36.73128186378866],[-4.413711023996978,36.731520282698426]]]},"properties":{"cusec":"2906704009","rent_m2":11.904761904761905,"rent_norm":0.42,"detail":"11,90 €/m²·mes"}},{"type":"Feature","geometry":{"type":"Polygon","coordinates":[[[-4.41342584213193,36.73283594242153],[-4.413668633397013,36.732455732056216],[-4.413531324109207,36.73172834490564],[-4.413694899237612,36.73159999860729],[-4.414378884579787,36.73367395105818],[-4.415765116217199,36.733333452860485],[-4.415840786703467,36.734999186957964],[-4.414778767831891,36.73503905247566],[-4.413053876722221,36.73469703337766],[-4.413369082080694,36.73411135653692],[-4.41379427356929,36.73386665708617],[-4.41342584213193,36.73283594242153]]]},"properties":{"cusec":"2906704010","rent_m2":10.331546148663824,"rent_norm":0.32,"detail":"10,33 €/m²·mes"}},{"type":"Feature","geometry":{"type":"Polygon","coordinates":[[[-4.414593303454945,36.72680836059105],[-4.415278068534766,36.72688843562947],[-4.415374754208798,36.72715201825441],[-4.4154246574194564,36.72793369680407],[-4.414915680962643,36.72796836913769],[-4.414918372315247,36.72825409688038],[-4.415543749771623,36.729982550910286],[-4.41487498099205,36.72998981824964],[-4.414392700668845,36.72863218179454],[-4.4142330844159146,36.727083663545365],[-4.413693991040847,36.72688275126638],[-4.413900871254163,36.726677468798485],[-4.414593303454945,36.72680836059105]]]},"properties":{"cusec":"2906704011","rent_m2":12.121212121212123,"rent_norm":0.44,"detail":"12,12 €/m²·mes"}},{"type":"Feature","geometry":{"type":"Polygon","coordinates":[[[-4.4154709997083526,36.73241429428043],[-4.41487498099205,36.72998981824964],[-4.415605976071364,36.72989100354295],[-4.416213014421229,36.73117264883384],[-4.416459624424607,36.73116739964082],[-4.416342432009267,36.73192714441801],[-4.415827483552452,36.73241801566821],[-4.4154709997083526,36.73241429428043]]]},"properties":{"cusec":"2906704012","rent_m2":8.928571428571429,"rent_norm":0.23,"detail":"8,93 €/m²·mes"}},{"type":"Feature","geometry":{"type":"Polygon","coordinates":[[[-4.41603633107621,36.73315313272349],[-4.414378884579787,36.73367395105818],[-4.413711023996978,36.731520282698426],[-4.4151272683480505,36.73134447601137],[-4.415596550049087,36.732926548197504],[-4.41603633107621,36.73315313272349]]]},"properties":{"cusec":"2906704013","rent_m2":8.572090437361007,"rent_norm":0.21,"detail":"8,57 €/m²·mes"}},{"type":"Feature","geometry":{"type":"Polygon","coordinates":[[[-4.4154709997083526,36.73241429428043],[-4.415827483552452,36.73241801566821],[-4.416342432009267,36.73192714441801],[-4.416460564960701,36.73116772218078],[-4.416997833857431,36.73136175633366],[-4.417434159065654,36.73188277184703],[-4.41603633107621,36.73315313272349],[-4.415596550049087,36.732926548197504],[-4.4154709997083526,36.73241429428043]]]},"properties":{"cusec":"2906704014","rent_m2":8.648809523809524,"rent_norm":0.22,"detail":"8,65 €/m²·mes"}},{"type":"Feature","geometry":{"type":"Polygon","coordinates":[[[-4.410489108432645,36.73066765265001],[-4.41054360652599,36.73037820736206],[-4.410290720892022,36.72975475972],[-4.410074994069824,36.729623757754545],[-4.410678158884171,36.72923024437578],[-4.41084926369128,36.72886569941049],[-4.410742787278983,36.72855214457342],[-4.410022260267679,36.72836034678286],[-4.410303904567124,36.72719561884739],[-4.412390295713418,36.72722586212283],[-4.411892971304156,36.728132254146935],[-4.412489378990936,36.7284694174219],[-4.410719520913125,36.73066492184218],[-4.410489108432645,36.73066765265001]]]},"properties":{"cusec":"2906704015","rent_m2":11.224747474747474,"rent_norm":0.38,"detail":"11,22 €/m²·mes"}},{"type":"Feature","geometry":{"type":"Polygon","coordinates":[[[-4.416470290121978,36.72345344485868],[-4.417008648675121,36.72271202608437],[-4.417210110250645,36.72271201096362],[-4.420529953859029,36.7242323911377],[-4.419735253853052,36.72485581665416],[-4.419038855590284,36.72420348520146],[-4.418758663866646,36.72443339891283],[-4.418650625284062,36.72435836720795],[-4.417955909565825,36.72492473063683],[-4.418642903365879,36.72553259620171],[-4.418312362867189,36.72576426130836],[-4.416911505758599,36.72451979962156],[-4.417510143962273,36.72422974866354],[-4.416470290121978,36.72345344485868]]]},"properties":{"cusec":"2906705001","rent_m2":14.130434782608695,"rent_norm":0.57,"detail":"14,13 €/m²·mes"}},{"type":"Feature","geometry":{"type":"Polygon","coordinates":[[[-4.424523410861334,36.727028476026526],[-4.4235171216733224,36.7266971513614],[-4.422897322754822,36.72696958337624],[-4.422527187213367,36.726196219673724],[-4.4214050827273335,36.72543570466322],[-4.422199136844632,36.72511617124224],[-4.421850245561334,36.7245121724758],[-4.422913726890218,36.72418345206942],[-4.423015832100373,36.724418343328466],[-4.423869449910882,36.72427695965491],[-4.4240020583148105,36.72455918456879],[-4.425873599394606,36.724375837027296],[-4.426110041367271,36.72666258285342],[-4.424523410861334,36.727028476026526]]]},"properties":{"cusec":"2906705002","rent_m2":10.975260682886935,"rent_norm":0.36,"detail":"10,98 €/m²·mes"}},{"type":"Feature","geometry":{"type":"Polygon","coordinates":[[[-4.419576515254119,36.726116011433064],[-4.418850964863778,36.72574641812167],[-4.417955909565825,36.72492473063683],[-4.419038855590284,36.72420348520146],[-4.419735253853052,36.72485581665416],[-4.420529953859029,36.7242323911377],[-4.420777968827501,36.72436399343634],[-4.421643807319157,36.72408176564508],[-4.422199136844632,36.72511617124224],[-4.4214050827273335,36.72543570466322],[-4.421489806435049,36.72557044413323],[-4.421238047288474,36.72569646840909],[-4.421148234624669,36.725485279421],[-4.420604914676223,36.72542379427482],[-4.4203680873263025,36.72639946870844],[-4.419576515254119,36.726116011433064]]]},"properties":{"cusec":"2906705003","rent_m2":13.636363636363635,"rent_norm":0.53,"detail":"13,64 €/m²·mes"}},{"type":"Feature","geometry":{"type":"Polygon","coordinates":[[[-4.422594149431272,36.750373235269805],[-4.422453093270406,36.75013510380457],[-4.4250064763121015,36.7490576357185],[-4.427745071304091,36.75421238331726],[-4.427594965515065,36.754588160303],[-4.426094301086863,36.75549813377635],[-4.425258425003196,36.75539597710223],[-4.425050920460764,36.75462326107574],[-4.42451961907252,36.753683158103854],[-4.423598675226382,36.75397611638172],[-4.422461489823375,36.75195484473481],[-4.4232774583420325,36.75157616859809],[-4.422594149431272,36.750373235269805]]]},"properties":{"cusec":"2906706001","rent_m2":8.461538461538462,"rent_norm":0.2,"detail":"8,46 €/m²·mes"}},{"type":"Feature","geometry":{"type":"Polygon","coordinates":[[[-4.420379771713183,36.74688385061967],[-4.420883572975684,36.74663931137342],[-4.42175379344928,36.746754344854516],[-4.421784685613598,36.746501169619016],[-4.4224729649027985,36.74654064190485],[-4.4231269249549205,36.747919436839794],[-4.4216261886614845,36.74850022962197],[-4.42193100680032,36.749231834145306],[-4.4205436801165785,36.74926203778908],[-4.419902757314165,36.74900652719809],[-4.416919719953558,36.74933999339496],[-4.414993163350856,36.749771784566114],[-4.414875546930688,36.74959310600026],[-4.415001899466996,36.74913907889824],[-4.416213062930272,36.748924331698504],[-4.415693352504109,36.748529074585846],[-4.415874138455038,36.74788886197138],[-4.4160619132988845,36.74815191182755],[-4.417847409249168,36.74865503094486],[-4.4185383403650995,36.74819365133989],[-4.419230714175403,36.748132925049454],[-4.420535028442067,36.747506807891504],[-4.420379771713183,36.74688385061967]]]},"properties":{"cusec":"2906706002","rent_m2":7.756734582250786,"rent_norm":0.16,"detail":"7,76 €/m²·mes"}},{"type":"Feature","geometry":{"type":"Polygon","coordinates":[[[-4.422838900820323,36.74438723015194],[-4.423221363942412,36.742293610714086],[-4.42503839255581,36.7423958870522],[-4.424856763086839,36.74459522077509],[-4.424266457655776,36.74465451020779],[-4.422838900820323,36.74438723015194]]]},"properties":{"cusec":"2906706003","rent_m2":7.897384615384616,"rent_norm":0.17,"detail":"7,90 €/m²·mes"}},{"type":"Feature","geometry":{"type":"Polygon","coordinates":[[[-4.422352207074113,36.74234914574603],[-4.422684833460896,36.73986855259607],[-4.422771079812993,36.73775149543055],[-4.422939410622532,36.73733480198406],[-4.425318699263811,36.73745528030875],[-4.425040522461361,36.74033391057966],[-4.42503839255581,36.7423958870522],[-4.422352207074113,36.74234914574603]]]},"properties":{"cusec":"2906706004","rent_m2":8.61819475814041,"rent_norm":0.21,"detail":"8,62 €/m²·mes"}},{"type":"Feature","geometry":{"type":"Polygon","coordinates":[[[-4.420673828034924,36.742067920589676],[-4.420728673776279,36.74151151255481],[-4.420285336318947,36.741414252456124],[-4.420192016632305,36.74117448501854],[-4.420414796127815,36.73948446884711],[-4.4214170276256715,36.739405934526005],[-4.422630232959616,36.73958440429172],[-4.422385020734822,36.74217073639768],[-4.420673828034924,36.742067920589676]]]},"properties":{"cusec":"2906706005","rent_m2":11.99770031469378,"rent_norm":0.43,"detail":"12,00 €/m²·mes"}},{"type":"Feature","geometry":{"type":"Polygon","coordinates":[[[-4.418526716165325,36.7403747314724],[-4.418006629345078,36.739921306353395],[-4.419654129694672,36.73897403247709],[-4.419512295592785,36.7387511286213],[-4.419762862674978,36.73855650628007],[-4.421054798157038,36.73883765575663],[-4.420999942534215,36.73907680779699],[-4.421442974564334,36.73906760699735],[-4.4214170276256715,36.739405934526005],[-4.420414796127815,36.73948446884711],[-4.4203295226511425,36.739896504562104],[-4.4200173203606665,36.73974415762129],[-4.418526716165325,36.7403747314724]]]},"properties":{"cusec":"2906706008","rent_m2":8.85101060972334,"rent_norm":0.23,"detail":"8,85 €/m²·mes"}},{"type":"Feature","geometry":{"type":"Polygon","coordinates":[[[-4.422939410622532,36.73733480198406],[-4.422531769519628,36.737319423535524],[-4.422824171144615,36.73562128537264],[-4.423518876981384,36.73561086102579],[-4.42375768870976,36.73322137907877],[-4.425053699848251,36.730254847435674],[-4.425770032625508,36.73109930625033],[-4.425319935345651,36.73744158644184],[-4.422939410622532,36.73733480198406]]]},"properties":{"cusec":"2906706009","rent_m2":10.17094017094017,"rent_norm":0.31,"detail":"10,17 €/m²·mes"}},{"type":"Feature","geometry":{"type":"Polygon","coordinates":[[[-4.422719788705219,36.73504151963756],[-4.422825305716817,36.735549808736565],[-4.422110809994324,36.735846013933234],[-4.421443040141355,36.73578741457075],[-4.420426747314334,36.73595218925811],[-4.419900743291305,36.73560024518046],[-4.419793616498743,36.73524813174865],[-4.419813952560134,36.735022889575454],[-4.420126197969738,36.734918314787286],[-4.420901806081004,36.73520002184637],[-4.422719788705219,36.73504151963756]]]},"properties":{"cusec":"2906706010","rent_m2":9.946808510638299,"rent_norm":0.3,"detail":"9,95 €/m²·mes"}},{"type":"Feature","geometry":{"type":"Polygon","coordinates":[[[-4.419247435416109,36.736578744077605],[-4.418489188146015,36.73613271015452],[-4.417028009166132,36.73569718652569],[-4.417307783173154,36.73569841325692],[-4.417611724556289,36.73514625048009],[-4.418565253891006,36.73479145109986],[-4.4201133763157,36.73454402746649],[-4.421245602119997,36.73493923925923],[-4.422554251656252,36.734648715072424],[-4.422719657551176,36.73504113376107],[-4.422600471774244,36.73508194163024],[-4.420901806081004,36.73520002184637],[-4.420126197969738,36.734918314787286],[-4.419813952560134,36.735022889575454],[-4.419793616498743,36.73524813174865],[-4.419980080700558,36.735687366915876],[-4.420426747314334,36.73595218925811],[-4.421443040141355,36.73578741457075],[-4.422110809994324,36.735846013933234],[-4.4228241765344976,36.73562103196311],[-4.422737185479009,36.73623751077923],[-4.419247435416109,36.736578744077605]]]},"properties":{"cusec":"2906706011","rent_m2":10.210736468500443,"rent_norm":0.31,"detail":"10,21 €/m²·mes"}},{"type":"Feature","geometry":{"type":"Polygon","coordinates":[[[-4.415894405346154,36.7358436123091],[-4.415781226603512,36.73339539531114],[-4.417397880602907,36.73191046681961],[-4.418545968858518,36.73277856537954],[-4.42072437354104,36.73375168132125],[-4.4211705173353035,36.7347769461263],[-4.420801910726442,36.73480951895986],[-4.4201133763157,36.73454402746649],[-4.418565253891006,36.73479145109986],[-4.417611724556289,36.73514625048009],[-4.417307783173154,36.73569841325692],[-4.415894405346154,36.7358436123091]]]},"properties":{"cusec":"2906706012","rent_m2":10.50653074227461,"rent_norm":0.33,"detail":"10,51 €/m²·mes"}},{"type":"Feature","geometry":{"type":"Polygon","coordinates":[[[-4.4176658911712705,36.732035932810895],[-4.420716388416474,36.73115235617604],[-4.421612037500808,36.73128525405243],[-4.42174930277119,36.732560337556585],[-4.422554251656252,36.734648715072424],[-4.421245602119997,36.73493923925923],[-4.42072437354104,36.73375168132125],[-4.418545968858518,36.73277856537954],[-4.4176658911712705,36.732035932810895]]]},"properties":{"cusec":"2906706013","rent_m2":10.305788982259571,"rent_norm":0.32,"detail":"10,31 €/m²·mes"}},{"type":"Feature","geometry":{"type":"Polygon","coordinates":[[[-4.422824171144615,36.73562128537264],[-4.42174930277119,36.732560337556585],[-4.421622680740319,36.7312891252454],[-4.424133132396229,36.73116747019645],[-4.424142473078582,36.73038985779552],[-4.4250544634162505,36.73025376964996],[-4.42375768870976,36.73322137907877],[-4.423518876981384,36.73561086102579],[-4.422824171144615,36.73562128537264]]]},"properties":{"cusec":"2906706015","rent_m2":10.940170940170939,"rent_norm":0.36,"detail":"10,94 €/m²·mes"}},{"type":"Feature","geometry":{"type":"Polygon","coordinates":[[[-4.421398591501107,36.72995254774949],[-4.422526126303029,36.730046347096184],[-4.422784095503138,36.73021736539474],[-4.423244832429217,36.729815951251524],[-4.424639596265227,36.72965777559289],[-4.424978000615909,36.729691884132244],[-4.425079204815808,36.73004117558249],[-4.424955343307817,36.73028472808454],[-4.424142517096007,36.73039224231118],[-4.424133132396229,36.73116747019645],[-4.421733623576218,36.731355955669315],[-4.421398591501107,36.72995254774949]]]},"properties":{"cusec":"2906706016","rent_m2":8.49826388888889,"rent_norm":0.21,"detail":"8,50 €/m²·mes"}},{"type":"Feature","geometry":{"type":"Polygon","coordinates":[[[-4.421622680740319,36.7312891252454],[-4.420716388416474,36.73115235617604],[-4.4176658911712705,36.732035932810895],[-4.417471072637282,36.73190789588451],[-4.421008693023408,36.72924352716271],[-4.4212857550165925,36.72935749739779],[-4.421622680740319,36.7312891252454]]]},"properties":{"cusec":"2906706017","rent_m2":10.784313725490195,"rent_norm":0.35,"detail":"10,78 €/m²·mes"}},{"type":"Feature","geometry":{"type":"Polygon","coordinates":[[[-4.419774700673796,36.75028444952704],[-4.418695791678225,36.75078255009244],[-4.418587452160015,36.75063962643063],[-4.418989371892838,36.750224729699205],[-4.41853166857749,36.75040594903859],[-4.418222790951871,36.74992062283161],[-4.41982141576352,36.74940802237968],[-4.419795601775495,36.749838589541966],[-4.421729538038285,36.74992520350688],[-4.422145888307849,36.75053632316572],[-4.421540677131281,36.7508003996965],[-4.421329646701374,36.75034918686201],[-4.4210533878020275,36.75017102572082],[-4.419774700673796,36.75028444952704]]]},"properties":{"cusec":"2906706018","rent_m2":7.015126050420168,"rent_norm":0.11,"detail":"7,02 €/m²·mes"}},{"type":"Feature","geometry":{"type":"Polygon","coordinates":[[[-4.421702111574369,36.72878963670852],[-4.422934734891473,36.72891205509991],[-4.422775638763062,36.72863968613472],[-4.422143371228449,36.72829481187941],[-4.422170443756141,36.72815615975974],[-4.423369558116549,36.72827061183699],[-4.423015757540214,36.72740194319645],[-4.423440464836841,36.727296695635985],[-4.423316292511755,36.72679614441719],[-4.4235171216733224,36.7266971513614],[-4.424522814379961,36.72702860490542],[-4.424999519758545,36.729607359724056],[-4.423244832429217,36.729815951251524],[-4.422784095503138,36.73021736539474],[-4.422425056850393,36.73002847466593],[-4.421515191926659,36.73001549728032],[-4.421301186276533,36.72938814588588],[-4.421595141986966,36.72938245594811],[-4.421702111574369,36.72878963670852]]]},"properties":{"cusec":"2906706019","rent_m2":9.999265569917744,"rent_norm":0.3,"detail":"10,00 €/m²·mes"}},{"type":"Feature","geometry":{"type":"Polygon","coordinates":[[[-4.424523410861334,36.727028476026526],[-4.425738654472626,36.72666578612182],[-4.426105767183148,36.72671668631986],[-4.425740277728348,36.73093728362363],[-4.425065734578132,36.73026919415157],[-4.424523410861334,36.727028476026526]]]},"properties":{"cusec":"2906706020","rent_m2":10.317460317460318,"rent_norm":0.32,"detail":"10,32 €/m²·mes"}},{"type":"Feature","geometry":{"type":"Polygon","coordinates":[[[-4.421702111574369,36.72878963670852],[-4.421387853040204,36.72875235698611],[-4.421392150580518,36.72860778818403],[-4.421959629820235,36.7277126897388],[-4.42250644960504,36.72715999577449],[-4.423316292511755,36.72679614441719],[-4.423440464836841,36.727296695635985],[-4.423015757540214,36.72740194319645],[-4.423369558116549,36.72827061183699],[-4.422170443756141,36.72815615975974],[-4.422143371228449,36.72829481187941],[-4.422775638763062,36.72863968613472],[-4.422934734891473,36.72891205509991],[-4.421702111574369,36.72878963670852]]]},"properties":{"cusec":"2906706021","rent_m2":9.931986301369863,"rent_norm":0.3,"detail":"9,93 €/m²·mes"}},{"type":"Feature","geometry":{"type":"Polygon","coordinates":[[[-4.420375609818497,36.726409123906244],[-4.420604914676223,36.72542379427482],[-4.420743826558485,36.72540544124253],[-4.421070956154063,36.72547189230275],[-4.421238047288474,36.72569646840909],[-4.421436034180459,36.725624345327155],[-4.422204784552849,36.72590433615565],[-4.422950755446243,36.72687806121654],[-4.421959629820235,36.7277126897388],[-4.421382781152092,36.728660636797144],[-4.421115470371333,36.728691072449756],[-4.420941951791056,36.72699265991756],[-4.420857579324605,36.72675517014482],[-4.420375609818497,36.726409123906244]]]},"properties":{"cusec":"2906706022","rent_m2":11.516098484848484,"rent_norm":0.4,"detail":"11,52 €/m²·mes"}},{"type":"Feature","geometry":{"type":"Polygon","coordinates":[[[-4.420422697709051,36.74922059540971],[-4.420412481169328,36.74945176220742],[-4.41982141576352,36.74940802237968],[-4.41809271400043,36.749927477289525],[-4.416917586454786,36.74984607957293],[-4.4168297096604245,36.749580009559054],[-4.416919719953558,36.74933999339496],[-4.41871149153443,36.74911727223963],[-4.420046017042411,36.749003567430314],[-4.420422697709051,36.74922059540971]]]},"properties":{"cusec":"2906706023","rent_m2":7.374718224380094,"rent_norm":0.13,"detail":"7,37 €/m²·mes"}},{"type":"Feature","geometry":{"type":"Polygon","coordinates":[[[-4.414918372315247,36.72825409688038],[-4.416341599270991,36.72867195990093],[-4.416241626661346,36.728743806529046],[-4.416566657792405,36.72982470174024],[-4.415605976071364,36.72989100354295],[-4.415052462041057,36.72886772686499],[-4.414918372315247,36.72825409688038]]]},"properties":{"cusec":"2906706024","rent_m2":10.434076305220884,"rent_norm":0.33,"detail":"10,43 €/m²·mes"}},{"type":"Feature","geometry":{"type":"Polygon","coordinates":[[[-4.415482993115701,36.74499782597426],[-4.415218057480534,36.74477202143141],[-4.414217369288326,36.74450249375545],[-4.414474538987851,36.74392700469713],[-4.415149339954568,36.74402359288522],[-4.416003273073757,36.743402881313024],[-4.417703215273007,36.74273567775557],[-4.418781478379897,36.741943941655784],[-4.421213808945491,36.74212383874641],[-4.421028700301396,36.74264556585476],[-4.420614297579373,36.7431537419769],[-4.420043419114639,36.74316424736148],[-4.419245265984685,36.74359352433511],[-4.418691109658954,36.743433185869236],[-4.4193778788802,36.744113336772614],[-4.419049597644443,36.74431043492243],[-4.417767060336883,36.74434182606602],[-4.417595640221125,36.74449568128293],[-4.4164611991713185,36.744366093745676],[-4.416151377416351,36.7449230936577],[-4.415646636516086,36.74487186145267],[-4.415482993115701,36.74499782597426]]]},"properties":{"cusec":"2906706025","rent_m2":6.5476190476190474,"rent_norm":0.08,"detail":"6,55 €/m²·mes"}},{"type":"Feature","geometry":{"type":"Polygon","coordinates":[[[-4.4193793952364,36.72638468350953],[-4.419576515254119,36.726116011433064],[-4.420857579324605,36.72675517014482],[-4.421115470371333,36.728691072449756],[-4.421702111574369,36.72878963670852],[-4.421595141986966,36.72938245594811],[-4.421008693023408,36.72924352716271],[-4.420522416993782,36.72940648932668],[-4.420334979018179,36.729203619037165],[-4.420529120222456,36.72880539629372],[-4.419964352996576,36.728698881335006],[-4.420196219849524,36.727131573335505],[-4.41986200883456,36.72684834196105],[-4.419550322177084,36.72681628630711],[-4.419702971994991,36.726578353189986],[-4.4193793952364,36.72638468350953]]]},"properties":{"cusec":"2906706026","rent_m2":9.690656565656566,"rent_norm":0.28,"detail":"9,69 €/m²·mes"}},{"type":"Feature","geometry":{"type":"Polygon","coordinates":[[[-4.418312362867189,36.72576426130836],[-4.418642903365879,36.72553259620171],[-4.419496842773249,36.72606784252826],[-4.418910111738702,36.72712661186345],[-4.418756166550148,36.727133217799526],[-4.418646757138427,36.72795018231017],[-4.418000205492468,36.72791495917931],[-4.4179281974375995,36.72830620199552],[-4.418078865572009,36.72873480248496],[-4.418339634820904,36.72909677848236],[-4.4187548244671175,36.72924056879275],[-4.418614932522856,36.72937967685648],[-4.4180836113716415,36.72933719274067],[-4.41580945705963,36.72844367235589],[-4.414918372315247,36.72825409688038],[-4.414915680962643,36.72796836913769],[-4.4154246574194564,36.72793369680407],[-4.415322663600442,36.72685325377136],[-4.418312362867189,36.72576426130836]]]},"properties":{"cusec":"2906706027","rent_m2":10.741379310344827,"rent_norm":0.35,"detail":"10,74 €/m²·mes"}},{"type":"Feature","geometry":{"type":"Polygon","coordinates":[[[-4.415605976071364,36.72989100354295],[-4.416566657792405,36.72982470174024],[-4.416241626661346,36.728743806529046],[-4.416338744425049,36.728673053548384],[-4.4180836113716415,36.72933719274067],[-4.418712908177654,36.72941683315915],[-4.419598214958138,36.73022884018144],[-4.417436466837597,36.73188100941317],[-4.416997833857431,36.73136175633366],[-4.416213014421229,36.73117264883384],[-4.415605976071364,36.72989100354295]]]},"properties":{"cusec":"2906706028","rent_m2":9.617469879518072,"rent_norm":0.28,"detail":"9,62 €/m²·mes"}},{"type":"Feature","geometry":{"type":"Polygon","coordinates":[[[-4.41982141576352,36.74940802237968],[-4.420412481169328,36.74945176220742],[-4.4204226438101255,36.74922129936029],[-4.421883120307479,36.74923116690393],[-4.421649155888375,36.74857967885017],[-4.4231269249549205,36.747919436839794],[-4.422653922431973,36.746967884532665],[-4.4225825081635195,36.74617960041515],[-4.4246673542075055,36.74639127737857],[-4.4246895165438636,36.74804509404424],[-4.4250064763121015,36.7490576357185],[-4.4247163007123875,36.749275671964256],[-4.422453093270406,36.75013510380457],[-4.422594149431272,36.750373235269805],[-4.422235477291145,36.75054882994929],[-4.421729538038285,36.74992520350688],[-4.419795601775495,36.749838589541966],[-4.41982141576352,36.74940802237968]]]},"properties":{"cusec":"2906706030","rent_m2":7.327004219409282,"rent_norm":0.13,"detail":"7,33 €/m²·mes"}},{"type":"Feature","geometry":{"type":"Polygon","coordinates":[[[-4.418066603568396,36.74436116577977],[-4.41894925672552,36.74433309594765],[-4.4193778788802,36.744113336772614],[-4.418691109658954,36.743433185869236],[-4.419245265984685,36.74359352433511],[-4.420043419114639,36.74316424736148],[-4.420614297579373,36.7431537419769],[-4.421028700301396,36.74264556585476],[-4.42121357628181,36.74212488829124],[-4.422385020734822,36.74217073639768],[-4.421989577855171,36.74460542579361],[-4.4210037990017215,36.74450272410107],[-4.420855182619449,36.74480023506847],[-4.420433049894369,36.74472895701412],[-4.42013965652932,36.745363688633454],[-4.418066603568396,36.74436116577977]]]},"properties":{"cusec":"2906706031","rent_m2":6.770813894251394,"rent_norm":0.09,"detail":"6,77 €/m²·mes"}},{"type":"Feature","geometry":{"type":"Polygon","coordinates":[[[-4.410705531449194,36.74553895574156],[-4.410959988236586,36.744756234171156],[-4.410921648140266,36.74436232974722],[-4.410313882154986,36.74387825238186],[-4.410836870533624,36.74327807743759],[-4.411741283581908,36.743572140805476],[-4.412422549723702,36.74339233780956],[-4.413253888416863,36.74347786489428],[-4.414474538987851,36.74392700469713],[-4.414217369288326,36.74450249375545],[-4.414474187746586,36.74460914874988],[-4.415218057480534,36.74477202143141],[-4.415482993115701,36.74499782597426],[-4.415646636516086,36.74487186145267],[-4.416151377416351,36.7449230936577],[-4.416207573325576,36.74464208452396],[-4.41764979785297,36.74520762457882],[-4.4175223260158445,36.74536655064584],[-4.417099621962244,36.74524092936531],[-4.4170428951487,36.746023873453964],[-4.416346890348028,36.74620864851907],[-4.415018770726316,36.74586193631263],[-4.4144241488902995,36.74543494306398],[-4.413921092331194,36.74579866649976],[-4.413478363931626,36.746543267055486],[-4.4130065822191336,36.74629549548205],[-4.412081674107672,36.746335665372364],[-4.411916433502748,36.74605143015897],[-4.411346838730532,36.745695672717986],[-4.410705531449194,36.74553895574156]]]},"properties":{"cusec":"2906706032","rent_m2":7.770562770562772,"rent_norm":0.16,"detail":"7,77 €/m²·mes"}},{"type":"Feature","geometry":{"type":"Polygon","coordinates":[[[-4.421197164061573,36.751780126344244],[-4.419983166413588,36.75098581321159],[-4.419774602757445,36.75028522544543],[-4.4210533878020275,36.75017102572082],[-4.421329646701374,36.75034918686201],[-4.421540677131281,36.7508003996965],[-4.422594149431272,36.750373235269805],[-4.4232774583420325,36.75157616859809],[-4.422459081440091,36.751876921295846],[-4.421931909607203,36.75160422714363],[-4.4215649352372,36.75195443159243],[-4.421197164061573,36.751780126344244]]]},"properties":{"cusec":"2906706033","rent_m2":8,"rent_norm":0.17,"detail":"8,00 €/m²·mes"}},{"type":"Feature","geometry":{"type":"Polygon","coordinates":[[[-4.4203753160693795,36.744841209068326],[-4.420433049894369,36.74472895701412],[-4.420855182619449,36.74480023506847],[-4.4210037990017215,36.74450272410107],[-4.421989577855171,36.74460542579361],[-4.422339924409232,36.74240440647497],[-4.423116484734687,36.74248216533013],[-4.422539515692332,36.74648659559693],[-4.421849914083005,36.74650277479838],[-4.42175379344928,36.746754344854516],[-4.421065556380877,36.74671725236833],[-4.420885888832467,36.74663945029676],[-4.420891797052111,36.74646450313906],[-4.4203608801427565,36.746280045407914],[-4.420702185153499,36.745678047229816],[-4.420539078945679,36.745555879436935],[-4.420547361412617,36.74514257554117],[-4.4203753160693795,36.744841209068326]]]},"properties":{"cusec":"2906706034","rent_m2":8.137777818877778,"rent_norm":0.18,"detail":"8,14 €/m²·mes"}},{"type":"Feature","geometry":{"type":"Polygon","coordinates":[[[-4.4225825081635195,36.74617960041515],[-4.422838900820323,36.74438723015194],[-4.424266457655776,36.74465451020779],[-4.424856763086839,36.74459522077509],[-4.4246673542075055,36.74639127737857],[-4.4225825081635195,36.74617960041515]]]},"properties":{"cusec":"2906706035","rent_m2":8.066247708824298,"rent_norm":0.18,"detail":"8,07 €/m²·mes"}},{"type":"Feature","geometry":{"type":"Polygon","coordinates":[[[-4.419936975939967,36.73806248516356],[-4.421608982330547,36.737573811848],[-4.421442974564334,36.73906760699735],[-4.420999942534215,36.73907680779699],[-4.421054798157038,36.73883765575663],[-4.419838626586044,36.738502184392125],[-4.420132531990807,36.73831801131636],[-4.419936975939967,36.73806248516356]]]},"properties":{"cusec":"2906706036","rent_m2":7.33731419613562,"rent_norm":0.13,"detail":"7,34 €/m²·mes"}},{"type":"Feature","geometry":{"type":"Polygon","coordinates":[[[-4.417618584990088,36.746223627129424],[-4.420379771713183,36.74688385061967],[-4.420535028442067,36.747506807891504],[-4.419230714175403,36.748132925049454],[-4.4185383403650995,36.74819365133989],[-4.417847409249168,36.74865503094486],[-4.417150554642242,36.748472536315916],[-4.417015368073443,36.74839359011256],[-4.417557699875081,36.746980386139434],[-4.417618584990088,36.746223627129424]]]},"properties":{"cusec":"2906706037","rent_m2":6.163793103448277,"rent_norm":0.06,"detail":"6,16 €/m²·mes"}},{"type":"Feature","geometry":{"type":"Polygon","coordinates":[[[-4.421608982330547,36.737573811848],[-4.422316039104142,36.73780868878272],[-4.422771079812993,36.73775149543055],[-4.422711785614345,36.739527964533856],[-4.4214170276256715,36.739405934526005],[-4.421608982330547,36.737573811848]]]},"properties":{"cusec":"2906706038","rent_m2":10.093669250645995,"rent_norm":0.31,"detail":"10,09 €/m²·mes"}},{"type":"Feature","geometry":{"type":"Polygon","coordinates":[[[-4.417907385269113,36.73876728425765],[-4.4175381363648265,36.7384448907725],[-4.417140895057987,36.73873129077379],[-4.4164726266400285,36.73849586018992],[-4.4133596542617894,36.73963262878602],[-4.411975936110522,36.73968055090235],[-4.412455568200282,36.73878922271651],[-4.41294171577079,36.73733899322624],[-4.412810267990212,36.73713770535788],[-4.412056197886221,36.73745086662497],[-4.411754802328594,36.73727642188713],[-4.411825338943016,36.73701866777518],[-4.413113138581506,36.73641975229974],[-4.413714738530676,36.73739064368044],[-4.413965637091198,36.73744398801598],[-4.414246118970666,36.736974171444395],[-4.415920425946678,36.73624892131433],[-4.41590664129865,36.736032762297135],[-4.417605889998508,36.73668406962295],[-4.419142604717394,36.7367739437558],[-4.4192911618108575,36.7374975734795],[-4.418831580118246,36.73774390703351],[-4.417907385269113,36.73876728425765]]]},"properties":{"cusec":"2906706039","rent_m2":10.991869918699187,"rent_norm":0.36,"detail":"10,99 €/m²·mes"}},{"type":"Feature","geometry":{"type":"Polygon","coordinates":[[[-4.417907385269113,36.73876728425765],[-4.418831580118246,36.73774390703351],[-4.4192911618108575,36.7374975734795],[-4.419246060993716,36.73657892693331],[-4.422737185479009,36.73623751077923],[-4.422531769519628,36.737319423535524],[-4.422939410622532,36.73733480198406],[-4.422771079812993,36.73775149543055],[-4.422316039104142,36.73780868878272],[-4.421608982330547,36.737573811848],[-4.419936975939967,36.73806248516356],[-4.418596190971079,36.73915723573994],[-4.417907385269113,36.73876728425765]]]},"properties":{"cusec":"2906706040","rent_m2":7.089243498817967,"rent_norm":0.12,"detail":"7,09 €/m²·mes"}},{"type":"Feature","geometry":{"type":"Polygon","coordinates":[[[-4.417028009166132,36.73569718652569],[-4.418489188146015,36.73613271015452],[-4.419238035444947,36.73657186539048],[-4.419196085019528,36.73677105334685],[-4.417605889998508,36.73668406962295],[-4.41590664129865,36.736032762297135],[-4.415894405346154,36.7358436123091],[-4.417028009166132,36.73569718652569]]]},"properties":{"cusec":"2906706041","rent_m2":7.945075757575758,"rent_norm":0.17,"detail":"7,95 €/m²·mes"}},{"type":"Feature","geometry":{"type":"Polygon","coordinates":[[[-4.4193793952364,36.72638468350953],[-4.419702971994991,36.726578353189986],[-4.419550322177084,36.72681628630711],[-4.41986200883456,36.72684834196105],[-4.420196219849524,36.727131573335505],[-4.419964352996576,36.728698881335006],[-4.420529120222456,36.72880539629372],[-4.420369296458663,36.72913643035262],[-4.420637413028251,36.729433173632586],[-4.4195997672469565,36.73022765440074],[-4.418614932522856,36.72937967685648],[-4.4187548244671175,36.72924056879275],[-4.418339634820904,36.72909677848236],[-4.4179281974375995,36.72830620199552],[-4.418000205492468,36.72791495917931],[-4.418646757138427,36.72795018231017],[-4.418756166550148,36.727133217799526],[-4.418910111738702,36.72712661186345],[-4.418981337360965,36.72681094681682],[-4.4193793952364,36.72638468350953]]]},"properties":{"cusec":"2906706042","rent_m2":10.909090909090908,"rent_norm":0.36,"detail":"10,91 €/m²·mes"}},{"type":"Feature","geometry":{"type":"Polygon","coordinates":[[[-4.417313235946935,36.73867965273985],[-4.4175381363648265,36.7384448907725],[-4.418596190971079,36.73915723573994],[-4.419936975939967,36.73806248516356],[-4.420132531990807,36.73831801131636],[-4.419512295592785,36.7387511286213],[-4.419654129694672,36.73897403247709],[-4.418006629345078,36.739921306353395],[-4.418068319350585,36.739772677613594],[-4.417313235946935,36.73867965273985]]]},"properties":{"cusec":"2906706043","rent_m2":8,"rent_norm":0.17,"detail":"8,00 €/m²·mes"}},{"type":"Feature","geometry":{"type":"Polygon","coordinates":[[[-4.420885888832467,36.74663945029676],[-4.4203794671843,36.746880278933425],[-4.417838962390561,36.74636691172499],[-4.417031586257574,36.74588524759438],[-4.417099621962244,36.74524092936531],[-4.4175223260158445,36.74536655064584],[-4.41764979785297,36.74520762457882],[-4.416223424997058,36.744611157792924],[-4.4164611991713185,36.744366093745676],[-4.417595640221125,36.74449568128293],[-4.418016617712705,36.744379989369634],[-4.42013965652932,36.745363688633454],[-4.4203753160693795,36.744841209068326],[-4.420547361412617,36.74514257554117],[-4.420524546001003,36.74554892741284],[-4.420668349210027,36.74561830510155],[-4.420400690781225,36.74618894144578],[-4.420891797052111,36.74646450313906],[-4.420885888832467,36.74663945029676]]]},"properties":{"cusec":"2906706044","rent_m2":7.5,"rent_norm":0.14,"detail":"7,50 €/m²·mes"}},{"type":"Feature","geometry":{"type":"Polygon","coordinates":[[[-4.418775496498424,36.75081542131657],[-4.419774700673796,36.75028444952704],[-4.4199045063340465,36.750934911829674],[-4.421197164061573,36.751780126344244],[-4.421169074640965,36.752410140658995],[-4.418781120850418,36.75172801412926],[-4.418775496498424,36.75081542131657]]]},"properties":{"cusec":"2906706045","rent_m2":7.177730944854233,"rent_norm":0.12,"detail":"7,18 €/m²·mes"}},{"type":"Feature","geometry":{"type":"Polygon","coordinates":[[[-4.415729808833281,36.75198063229921],[-4.414461651756791,36.75114843267618],[-4.41436868690467,36.75041265877841],[-4.413915267654914,36.75021523368805],[-4.4138567801433926,36.749965784650186],[-4.413474326902737,36.75004919042069],[-4.412898253480721,36.74974954261989],[-4.412860069691264,36.74950212401604],[-4.41244496897823,36.74946649545831],[-4.413485394147044,36.74895385814251],[-4.414022660348817,36.748933966068805],[-4.414993163350856,36.749771784566114],[-4.416933332125076,36.74931848622394],[-4.416917586454786,36.74984607957293],[-4.418222790951871,36.74992062283161],[-4.41853166857749,36.75040594903859],[-4.418989371892838,36.750224729699205],[-4.419064199759395,36.75031394665662],[-4.418587452160015,36.75063962643063],[-4.418695791678225,36.75078255009244],[-4.418580084178054,36.75097168054012],[-4.417647716456462,36.75103764881966],[-4.417548395125379,36.751277327860905],[-4.417104732477898,36.75131023630095],[-4.415729808833281,36.75198063229921]]]},"properties":{"cusec":"2906706046","rent_m2":7.191733223709968,"rent_norm":0.12,"detail":"7,19 €/m²·mes"}},{"type":"Feature","geometry":{"type":"Polygon","coordinates":[[[-4.412980071138494,36.746289454088824],[-4.413478363931626,36.746543267055486],[-4.413921092331194,36.74579866649976],[-4.4144241488902995,36.74543494306398],[-4.415018770726316,36.74586193631263],[-4.416346890348028,36.74620864851907],[-4.4170428951487,36.746023873453964],[-4.417031586257574,36.74588524759438],[-4.4176174549094736,36.74622304551977],[-4.417557699875081,36.746980386139434],[-4.417021284377894,36.74837753295488],[-4.416088568109994,36.74815931060909],[-4.415909818639818,36.74796929795527],[-4.415670396057017,36.7484995292638],[-4.415373988844172,36.74841164325409],[-4.415517026688568,36.747808930482364],[-4.414969034602319,36.7476628104061],[-4.4142255996529665,36.747631254347],[-4.41377764665168,36.74781010447465],[-4.4128928429277705,36.747660627971044],[-4.413197730236882,36.74710713970604],[-4.412980071138494,36.746289454088824]]]},"properties":{"cusec":"2906706047","rent_m2":7.098303393213572,"rent_norm":0.12,"detail":"7,10 €/m²·mes"}},{"type":"Feature","geometry":{"type":"Polygon","coordinates":[[[-4.421197164061573,36.751780126344244],[-4.4215649352372,36.75195443159243],[-4.421931909607203,36.75160422714363],[-4.422456677548391,36.751872709974506],[-4.423598675226382,36.75397611638172],[-4.422990298386742,36.75433328138534],[-4.422088525487094,36.755249800221584],[-4.419606805547181,36.75606028885778],[-4.4178911212708964,36.755923342251236],[-4.416938178536017,36.755357534984704],[-4.416077234066049,36.754313632538334],[-4.41518364122537,36.75245922439939],[-4.416648337109624,36.75148750732707],[-4.417548395125379,36.751277327860905],[-4.417647716456462,36.75103764881966],[-4.418268101974834,36.75108987882574],[-4.418695791678225,36.75078255009244],[-4.418781120850418,36.75172801412926],[-4.419244408991921,36.75194560733176],[-4.421169047691486,36.7524101910419],[-4.421197164061573,36.751780126344244]]]},"properties":{"cusec":"2906706048","rent_m2":9.67741935483871,"rent_norm":0.28,"detail":"9,68 €/m²·mes"}},{"type":"Feature","geometry":{"type":"Polygon","coordinates":[[[-4.427082776682799,36.72301151230921],[-4.425694614565824,36.72292895703694],[-4.425540309152833,36.721684440046374],[-4.430710529532931,36.721570225128914],[-4.43048202148083,36.72218829572122],[-4.428993780753019,36.72213462612873],[-4.428896583039275,36.7234122729552],[-4.427082776682799,36.72301151230921]]]},"properties":{"cusec":"2906707001","rent_m2":11.476190476190476,"rent_norm":0.4,"detail":"11,48 €/m²·mes"}},{"type":"Feature","geometry":{"type":"Polygon","coordinates":[[[-4.4428750363084175,36.72887659985778],[-4.440679861876181,36.728073646016945],[-4.441130975150622,36.72725013665368],[-4.441995014316757,36.7275326501569],[-4.441749182254399,36.728011505597024],[-4.443779656867531,36.72866706764639],[-4.443578330039305,36.728980501778246],[-4.4428750363084175,36.72887659985778]]]},"properties":{"cusec":"2906707002","rent_m2":9.12472625413802,"rent_norm":0.25,"detail":"9,12 €/m²·mes"}},{"type":"Feature","geometry":{"type":"Polygon","coordinates":[[[-4.450347446522241,36.73002720392619],[-4.450453360589188,36.73060450710464],[-4.450179584633287,36.73147266146754],[-4.448990676931167,36.73062380060237],[-4.448221340857236,36.73061650020489],[-4.4471004014861375,36.730873097960824],[-4.446711843294841,36.72983449618107],[-4.446370676624651,36.72987340682403],[-4.445838743720747,36.72963183437361],[-4.4454183977447945,36.72933643604976],[-4.445118298456145,36.72873260439211],[-4.446808670902681,36.727841604844286],[-4.448923264657316,36.72697912330318],[-4.45054350473129,36.72862388907661],[-4.450643226710979,36.72935724252764],[-4.450263022851822,36.729779245122124],[-4.450347446522241,36.73002720392619]]]},"properties":{"cusec":"2906707003","rent_m2":8.208955223880597,"rent_norm":0.19,"detail":"8,21 €/m²·mes"}},{"type":"Feature","geometry":{"type":"Polygon","coordinates":[[[-4.4390054974079876,36.72986064396254],[-4.4386364757775,36.72917777054109],[-4.438690939734855,36.72886520550644],[-4.439683462241114,36.728825599574634],[-4.440159655579986,36.728961052352815],[-4.439212966017802,36.730101541805666],[-4.4390054974079876,36.72986064396254]]]},"properties":{"cusec":"2906707004","rent_m2":8.762908061292473,"rent_norm":0.22,"detail":"8,76 €/m²·mes"}},{"type":"Feature","geometry":{"type":"Polygon","coordinates":[[[-4.450681588366895,36.726304589225826],[-4.451726198786587,36.72500095124981],[-4.4515477879812835,36.7235997471068],[-4.451176692140798,36.72275982699651],[-4.452866443851474,36.723060246915445],[-4.454807285463852,36.72373739509823],[-4.454201428398571,36.72472539026376],[-4.453635877841788,36.72525216337138],[-4.454546418298607,36.72542246225809],[-4.45415865601464,36.72574643900188],[-4.450681588366895,36.726304589225826]]]},"properties":{"cusec":"2906707005","rent_m2":10.07504181424636,"rent_norm":0.31,"detail":"10,08 €/m²·mes"}},{"type":"Feature","geometry":{"type":"Polygon","coordinates":[[[-4.430432748887501,36.722259681110174],[-4.430818253705163,36.72148763806556],[-4.4326184173474195,36.72141488531059],[-4.432221764437079,36.7237456782635],[-4.431364438381052,36.72459163357405],[-4.431599819443379,36.72415161346944],[-4.431657507454283,36.7231090686144],[-4.430112350368375,36.72286291419529],[-4.430432748887501,36.722259681110174]]]},"properties":{"cusec":"2906707006","rent_m2":10.254237288135593,"rent_norm":0.32,"detail":"10,25 €/m²·mes"}},{"type":"Feature","geometry":{"type":"Polygon","coordinates":[[[-4.428900425133727,36.72335474486576],[-4.428993780753019,36.72213462612873],[-4.430346366889777,36.72222214836423],[-4.430112350368375,36.72286291419529],[-4.431598112644327,36.72310146076938],[-4.43162463180984,36.72407245144498],[-4.431364438381052,36.72459163357405],[-4.430459290510877,36.72399759435287],[-4.428900425133727,36.72335474486576]]]},"properties":{"cusec":"2906707008","rent_m2":10.135135135135135,"rent_norm":0.31,"detail":"10,14 €/m²·mes"}},{"type":"Feature","geometry":{"type":"Polygon","coordinates":[[[-4.432488779672125,36.72229309305829],[-4.432613710175329,36.72148254734067],[-4.432801374526367,36.72141268412803],[-4.4357283543183,36.72140896004677],[-4.435676614951208,36.72234654292847],[-4.434420646216503,36.72235691795351],[-4.434436051425294,36.72270732209916],[-4.433162171182163,36.722710745863125],[-4.4332148079662215,36.72235475135983],[-4.432488779672125,36.72229309305829]]]},"properties":{"cusec":"2906707009","rent_m2":10.422222222222222,"rent_norm":0.33,"detail":"10,42 €/m²·mes"}},{"type":"Feature","geometry":{"type":"Polygon","coordinates":[[[-4.432221764437079,36.7237456782635],[-4.432821008105228,36.72380239963301],[-4.433075122634492,36.72318740431745],[-4.433266722504814,36.72313501203717],[-4.434486365166059,36.723200094125005],[-4.434037905514977,36.72460905221921],[-4.4320035825191795,36.724136595270934],[-4.432221764437079,36.7237456782635]]]},"properties":{"cusec":"2906707010","rent_m2":9.701493710691823,"rent_norm":0.28,"detail":"9,70 €/m²·mes"}},{"type":"Feature","geometry":{"type":"Polygon","coordinates":[[[-4.430667317872818,36.72607830993099],[-4.4310185852000386,36.724981140809874],[-4.431364438381052,36.72459163357405],[-4.43235627547276,36.725388730547216],[-4.4343530282284505,36.72573007902375],[-4.434594984060334,36.7248804980221],[-4.435361552424874,36.724997658630336],[-4.43494895531655,36.72684031832883],[-4.430667317872818,36.72607830993099]]]},"properties":{"cusec":"2906707011","rent_m2":10.2803738317757,"rent_norm":0.32,"detail":"10,28 €/m²·mes"}},{"type":"Feature","geometry":{"type":"Polygon","coordinates":[[[-4.431364438381052,36.72459163357405],[-4.431918195854806,36.72410951671288],[-4.434598578219787,36.72481353595975],[-4.4343530282284505,36.72573007902375],[-4.43235627547276,36.725388730547216],[-4.431364438381052,36.72459163357405]]]},"properties":{"cusec":"2906707012","rent_m2":11.695616883116884,"rent_norm":0.41,"detail":"11,70 €/m²·mes"}},{"type":"Feature","geometry":{"type":"Polygon","coordinates":[[[-4.429493330289257,36.72518108820864],[-4.428812308489207,36.725132327587815],[-4.428896583039275,36.7234122729552],[-4.430459290510877,36.72399759435287],[-4.431364438381052,36.72459163357405],[-4.4308062207719425,36.725290846653074],[-4.429493330289257,36.72518108820864]]]},"properties":{"cusec":"2906707013","rent_m2":9.25925925925926,"rent_norm":0.25,"detail":"9,26 €/m²·mes"}},{"type":"Feature","geometry":{"type":"Polygon","coordinates":[[[-4.427082776682799,36.72301151230921],[-4.427574928592673,36.725029146953354],[-4.4274492408096835,36.72640201246801],[-4.426152930532192,36.7263173857984],[-4.425694614565824,36.72292895703694],[-4.427082776682799,36.72301151230921]]]},"properties":{"cusec":"2906707014","rent_m2":10.958904109589042,"rent_norm":0.36,"detail":"10,96 €/m²·mes"}},{"type":"Feature","geometry":{"type":"Polygon","coordinates":[[[-4.427466297121972,36.726402975107796],[-4.427574928592673,36.725029146953354],[-4.427082776682799,36.72301151230921],[-4.428896583039275,36.7234122729552],[-4.428819343196177,36.724570360673944],[-4.428020269293065,36.7245992794324],[-4.427834082670653,36.72641892382271],[-4.427466297121972,36.726402975107796]]]},"properties":{"cusec":"2906707015","rent_m2":12.471460113960115,"rent_norm":0.46,"detail":"12,47 €/m²·mes"}},{"type":"Feature","geometry":{"type":"Polygon","coordinates":[[[-4.427834587523855,36.72642032998215],[-4.428020269293065,36.7245992794324],[-4.428749359943967,36.72461315991418],[-4.428812308489207,36.725132327587815],[-4.429493330289257,36.72518108820864],[-4.429385688761991,36.72649563255205],[-4.428727517407842,36.72647253210141],[-4.428642578104457,36.72681474407574],[-4.427808557940193,36.72676615441126],[-4.427834587523855,36.72642032998215]]]},"properties":{"cusec":"2906707016","rent_m2":9.983108108108107,"rent_norm":0.3,"detail":"9,98 €/m²·mes"}},{"type":"Feature","geometry":{"type":"Polygon","coordinates":[[[-4.437145081963011,36.731778079029574],[-4.439311344117833,36.73018762727257],[-4.440919145220099,36.73147803015176],[-4.441287021498621,36.731613892942676],[-4.440626268386313,36.73208934638239],[-4.439712203838648,36.73199425002639],[-4.437973634980472,36.73219176014767],[-4.437145081963011,36.731778079029574]]]},"properties":{"cusec":"2906707017","rent_m2":7.6661054994388325,"rent_norm":0.15,"detail":"7,67 €/m²·mes"}},{"type":"Feature","geometry":{"type":"Polygon","coordinates":[[[-4.428642578104457,36.72681474407574],[-4.429935176543208,36.726931990292464],[-4.430479149566876,36.72654862733853],[-4.430667317872818,36.72607830993099],[-4.43494895531655,36.72684031832883],[-4.4341190593177275,36.72957704106978],[-4.426110041367271,36.72666258285342],[-4.42607851499237,36.72624379377685],[-4.427742714124808,36.72641041702586],[-4.427808557940193,36.72676615441126],[-4.428642578104457,36.72681474407574]]]},"properties":{"cusec":"2906707018","rent_m2":8.980237154150197,"rent_norm":0.24,"detail":"8,98 €/m²·mes"}},{"type":"Feature","geometry":{"type":"Polygon","coordinates":[[[-4.433642336871199,36.731242720594224],[-4.431440851774085,36.73116981293056],[-4.429286530924314,36.730861112820165],[-4.428719020243564,36.72994169065298],[-4.428416169415206,36.729857469626054],[-4.428228540996752,36.73289969088043],[-4.42561333769387,36.732786448002884],[-4.426105767183148,36.72671668631986],[-4.426694280475236,36.7268053567675],[-4.434118894926058,36.72957695683325],[-4.433721664398984,36.73045560185977],[-4.433642336871199,36.731242720594224]]]},"properties":{"cusec":"2906707019","rent_m2":20.917496090244153,"rent_norm":1,"detail":"20,92 €/m²·mes"}},{"type":"Feature","geometry":{"type":"Polygon","coordinates":[[[-4.428265023377074,36.73211051568723],[-4.428416169415206,36.729857469626054],[-4.42861546784752,36.729868571523454],[-4.42887472074018,36.73018545873991],[-4.428729913214701,36.732139685027164],[-4.428265023377074,36.73211051568723]]]},"properties":{"cusec":"2906707020","rent_m2":8.383838383838384,"rent_norm":0.2,"detail":"8,38 €/m²·mes"}},{"type":"Feature","geometry":{"type":"Polygon","coordinates":[[[-4.432106970523556,36.759642731479204],[-4.430855910183558,36.7604803085286],[-4.43006836256387,36.76067681911995],[-4.429717145542288,36.76031596217747],[-4.429377258073065,36.760223162036816],[-4.429460729529261,36.75951230661588],[-4.429749757980347,36.7588079974383],[-4.429041877451647,36.75778664858006],[-4.42895080534981,36.75678492570481],[-4.42824413395347,36.75581088977204],[-4.427814159834292,36.754786202468445],[-4.427745071304091,36.75421238331726],[-4.427169592566788,36.75308321747059],[-4.429188990054144,36.7527323308102],[-4.42939897574336,36.75254855104026],[-4.429294068687859,36.75200604054154],[-4.42965866431898,36.75184902191728],[-4.428069158305801,36.748793834627435],[-4.428791950868218,36.74807225629465],[-4.428883097530214,36.74527756547759],[-4.427561141249688,36.745564566946854],[-4.426416518694445,36.745507121678095],[-4.426613018874633,36.743193765944014],[-4.425010673241108,36.74313868574414],[-4.425092166607061,36.739833005230615],[-4.42605675240632,36.73990707518109],[-4.4274156024955715,36.740446904047566],[-4.428139316729478,36.74270802555994],[-4.430393429627513,36.741973344091356],[-4.431082558723,36.742122826633924],[-4.432032598102861,36.74262069871778],[-4.432071397238297,36.74316107357511],[-4.433992109401783,36.74736775930714],[-4.435368217025974,36.74790104743665],[-4.438572905598102,36.74989502963513],[-4.439439405249788,36.74973580128155],[-4.4394351984393134,36.74951050229222],[-4.441109506313623,36.74997924955228],[-4.441958212136169,36.74995320579364],[-4.4421414001821695,36.75001635629675],[-4.442290066870113,36.75040438856696],[-4.442860533906477,36.750640857241656],[-4.44360603228603,36.750503369767806],[-4.443905136241361,36.75028789005566],[-4.443931511676406,36.75061208720832],[-4.44428435914022,36.75109681163393],[-4.445237214738515,36.75124751656362],[-4.445188531439982,36.75188134494647],[-4.444490693177834,36.752394566578516],[-4.444335091495899,36.75273900867744],[-4.4448285738107085,36.75316343352406],[-4.444772554869577,36.75342553322595],[-4.445030887887411,36.75394745268131],[-4.447547061811699,36.75563855957613],[-4.449222688412881,36.75814431978562],[-4.449230854997127,36.75861518706287],[-4.450007846513922,36.760316139219185],[-4.4505111887372735,36.76066609375236],[-4.451311693656628,36.76214361325816],[-4.451470482561199,36.7632503861158],[-4.451623236583668,36.76329362005097],[-4.451871468944471,36.76437000087672],[-4.451299985015226,36.76494258758334],[-4.449899220433105,36.76509262987306],[-4.447780188102678,36.765140964992504],[-4.4433348776141575,36.764789322453126],[-4.441551686740894,36.764957402056936],[-4.44128671517311,36.7648456918168],[-4.440827830573146,36.764103073761525],[-4.439799337726242,36.76315551332071],[-4.438446519824134,36.762180351408134],[-4.438189978046979,36.76143527721352],[-4.4367730240268335,36.760264820135035],[-4.436408726636415,36.76023539664062],[-4.435484568618197,36.76055753233632],[-4.434649623189156,36.760240846796115],[-4.434348000357796,36.75998532958781],[-4.434294384410068,36.759136416290104],[-4.433268197538514,36.75860341280726],[-4.432106970523556,36.759642731479204]]]},"properties":{"cusec":"2906707023","rent_m2":6.935028248587571,"rent_norm":0.11,"detail":"6,94 €/m²·mes"}},{"type":"Feature","geometry":{"type":"Polygon","coordinates":[[[-4.427520872470434,36.74072557890094],[-4.428664482624348,36.74122880501529],[-4.429654242811133,36.74146617083501],[-4.430393429627513,36.741973344091356],[-4.428139316729478,36.74270802555994],[-4.427520872470434,36.74072557890094]]]},"properties":{"cusec":"2906707025","rent_m2":10.526315789473683,"rent_norm":0.34,"detail":"10,53 €/m²·mes"}},{"type":"Feature","geometry":{"type":"Polygon","coordinates":[[[-4.430683251291003,36.74201269273169],[-4.429654242811133,36.74146617083501],[-4.428664482624348,36.74122880501529],[-4.427520872470434,36.74072557890094],[-4.427413983731403,36.74045419487187],[-4.427960829567355,36.74030097439651],[-4.429738553293817,36.74029363676614],[-4.430324463268216,36.739762380528404],[-4.4307243411304045,36.73996864231317],[-4.43056229134137,36.74026543371015],[-4.430923396119271,36.7405224966452],[-4.431226408644407,36.7410281514681],[-4.430683251291003,36.74201269273169]]]},"properties":{"cusec":"2906707026","rent_m2":5.288461538461538,"rent_norm":0,"detail":"5,29 €/m²·mes"}},{"type":"Feature","geometry":{"type":"Polygon","coordinates":[[[-4.436630226032629,36.731443374521874],[-4.436098279654001,36.73194633751066],[-4.435987123019059,36.73297798347921],[-4.436290291851024,36.73334637928987],[-4.433743226660748,36.73468405678113],[-4.433440235695208,36.73468770678659],[-4.433667900229235,36.730684560905445],[-4.434118894926058,36.72957695683325],[-4.436630226032629,36.731443374521874]]]},"properties":{"cusec":"2906707030","rent_m2":7.0588235294117645,"rent_norm":0.11,"detail":"7,06 €/m²·mes"}},{"type":"Feature","geometry":{"type":"Polygon","coordinates":[[[-4.437827544660771,36.73134555738155],[-4.437483041647629,36.73105147741099],[-4.4381653875644,36.73055812723832],[-4.4378721792522855,36.730363145743546],[-4.437502605157884,36.73040576968431],[-4.437430470440558,36.72995088894654],[-4.438178517340576,36.73021310608711],[-4.4389915232154395,36.7299576263935],[-4.439311344117833,36.73018762727257],[-4.437827544660771,36.73134555738155]]]},"properties":{"cusec":"2906707031","rent_m2":9.245014245014245,"rent_norm":0.25,"detail":"9,25 €/m²·mes"}},{"type":"Feature","geometry":{"type":"Polygon","coordinates":[[[-4.4341190593177275,36.72957704106978],[-4.4343600638337515,36.72904232246508],[-4.437495983675912,36.729202973220865],[-4.437501299007471,36.72885231936128],[-4.438346672080319,36.72874432059328],[-4.438691172398503,36.72886387210947],[-4.4386364757775,36.72917777054109],[-4.4390054974079876,36.72986064396254],[-4.438178517340576,36.73021310608711],[-4.436488404507169,36.72967698725204],[-4.435697496289972,36.730734889671815],[-4.4341190593177275,36.72957704106978]]]},"properties":{"cusec":"2906707032","rent_m2":10.638297872340425,"rent_norm":0.34,"detail":"10,64 €/m²·mes"}},{"type":"Feature","geometry":{"type":"Polygon","coordinates":[[[-4.434642479786037,36.727973033921465],[-4.43494895531655,36.72684031832883],[-4.437252394706839,36.72731276008386],[-4.437393262221482,36.72805700862066],[-4.434642479786037,36.727973033921465]]]},"properties":{"cusec":"2906707033","rent_m2":10.416666666666666,"rent_norm":0.33,"detail":"10,42 €/m²·mes"}},{"type":"Feature","geometry":{"type":"Polygon","coordinates":[[[-4.43494895531655,36.72684031832883],[-4.435316215350796,36.725436453472454],[-4.435535192277726,36.72563096723257],[-4.438730621015907,36.72619100398064],[-4.4388154471315255,36.72652101107182],[-4.437776329909784,36.72718707181701],[-4.437322409400081,36.72725621338508],[-4.43494895531655,36.72684031832883]]]},"properties":{"cusec":"2906707034","rent_m2":10.650184650455927,"rent_norm":0.34,"detail":"10,65 €/m²·mes"}},{"type":"Feature","geometry":{"type":"Polygon","coordinates":[[[-4.435316215350796,36.725436453472454],[-4.4357320329194145,36.72376834967978],[-4.437711463461442,36.723750561471306],[-4.4393676729777285,36.72399036676773],[-4.438784561255455,36.726158538371074],[-4.435535192277726,36.72563096723257],[-4.435316215350796,36.725436453472454]]]},"properties":{"cusec":"2906707035","rent_m2":9.929577464788734,"rent_norm":0.3,"detail":"9,93 €/m²·mes"}},{"type":"Feature","geometry":{"type":"Polygon","coordinates":[[[-4.437050905283572,36.722922797159406],[-4.437045306084396,36.72263448769544],[-4.435738251057789,36.7226350255617],[-4.4357283543183,36.72140896004677],[-4.438785050837272,36.72138107479451],[-4.438780840433544,36.72259802078524],[-4.437582724999742,36.72262503939325],[-4.437576654185057,36.72293515867589],[-4.437050905283572,36.722922797159406]]]},"properties":{"cusec":"2906707037","rent_m2":9.16087962962963,"rent_norm":0.25,"detail":"9,16 €/m²·mes"}},{"type":"Feature","geometry":{"type":"Polygon","coordinates":[[[-4.4393676729777285,36.72399036676773],[-4.438768338579738,36.72388041925863],[-4.438785050837272,36.72138107479451],[-4.439538484934051,36.72136523088028],[-4.439649970352397,36.72163882019988],[-4.440193573270162,36.72172462209596],[-4.4413308601828065,36.723563250413775],[-4.4393676729777285,36.72399036676773]]]},"properties":{"cusec":"2906707039","rent_m2":9.526583034647551,"rent_norm":0.27,"detail":"9,53 €/m²·mes"}},{"type":"Feature","geometry":{"type":"Polygon","coordinates":[[[-4.4389708008784625,36.72548701392135],[-4.4393676729777285,36.72399036676773],[-4.441584490520101,36.723534196620236],[-4.441975918828757,36.72265178797868],[-4.442788736057396,36.722892086328166],[-4.443681435972659,36.72403731077806],[-4.442147567116611,36.724810485977244],[-4.442512237307891,36.72577436154955],[-4.442378460195772,36.72606694972451],[-4.4415459420146215,36.72616784583814],[-4.4389708008784625,36.72548701392135]]]},"properties":{"cusec":"2906707040","rent_m2":8.456836887392443,"rent_norm":0.2,"detail":"8,46 €/m²·mes"}},{"type":"Feature","geometry":{"type":"Polygon","coordinates":[[[-4.441975918828757,36.72265178797868],[-4.442379101592899,36.72190175336348],[-4.442359150010431,36.72145952890746],[-4.443463311546941,36.72265732144756],[-4.443840282369411,36.723228146483756],[-4.443658378914258,36.72332336674065],[-4.443897912888134,36.723616196821986],[-4.443545550514585,36.72378503408676],[-4.442788736057396,36.722892086328166],[-4.441975918828757,36.72265178797868]]]},"properties":{"cusec":"2906707041","rent_m2":7.786051129312484,"rent_norm":0.16,"detail":"7,79 €/m²·mes"}},{"type":"Feature","geometry":{"type":"Polygon","coordinates":[[[-4.448216823229666,36.722285327443984],[-4.451173015336312,36.72275187206046],[-4.451571012126311,36.72370153425289],[-4.451726198786587,36.72500095124981],[-4.451633876229924,36.72526279432771],[-4.450681588366895,36.726304589225826],[-4.44898818859784,36.72695332013799],[-4.448834229934563,36.72542432420147],[-4.448242268908415,36.724779906223574],[-4.448216823229666,36.722285327443984]]]},"properties":{"cusec":"2906707042","rent_m2":8.00219298245614,"rent_norm":0.17,"detail":"8,00 €/m²·mes"}},{"type":"Feature","geometry":{"type":"Polygon","coordinates":[[[-4.441995014316757,36.7275326501569],[-4.4388154471315255,36.72652101107182],[-4.4387112991524384,36.726432089736065],[-4.4389708008784625,36.72548701392135],[-4.4417094111418365,36.72616373606634],[-4.444393653567579,36.72698967626103],[-4.444476234793351,36.727143276101074],[-4.444382238675262,36.727584683762664],[-4.4442066216304985,36.72760249772268],[-4.442227429142002,36.72696825066631],[-4.441995014316757,36.7275326501569]]]},"properties":{"cusec":"2906707043","rent_m2":10.669145690312739,"rent_norm":0.34,"detail":"10,67 €/m²·mes"}},{"type":"Feature","geometry":{"type":"Polygon","coordinates":[[[-4.438699863598888,36.727489158473674],[-4.439670422296448,36.72774331944372],[-4.4398626842251305,36.72874381876866],[-4.438690939734855,36.72886520550644],[-4.4382817454448364,36.72869528504323],[-4.438699863598888,36.727489158473674]]]},"properties":{"cusec":"2906707044","rent_m2":9.731240981240981,"rent_norm":0.28,"detail":"9,73 €/m²·mes"}},{"type":"Feature","geometry":{"type":"Polygon","coordinates":[[[-4.4428750363084175,36.72887659985778],[-4.442630175324888,36.7294914315391],[-4.44286542792813,36.72960748931862],[-4.442712459208288,36.729771860408015],[-4.442228443339958,36.73008504884185],[-4.441509164088589,36.73008952558608],[-4.441840121405566,36.729691145444036],[-4.440340091187947,36.72918766226088],[-4.439744048217156,36.72879930600527],[-4.4398626842251305,36.72874381876866],[-4.439670422296448,36.72774331944372],[-4.4428750363084175,36.72887659985778]]]},"properties":{"cusec":"2906707045","rent_m2":9.277318522345647,"rent_norm":0.26,"detail":"9,28 €/m²·mes"}},{"type":"Feature","geometry":{"type":"Polygon","coordinates":[[[-4.4684360740002305,36.74964753880245],[-4.468780281467662,36.74976498551744],[-4.468954190815077,36.75031495866113],[-4.469395304043762,36.75055511788948],[-4.469710832795723,36.750508429057845],[-4.469947933233494,36.75034773939393],[-4.469942906261171,36.750084142116734],[-4.470376732356302,36.749375696149194],[-4.470943612419688,36.749276254990384],[-4.471824413250732,36.748620932270505],[-4.472151773713297,36.74922315208904],[-4.472894520553141,36.74962894035687],[-4.473316358630773,36.74961201252132],[-4.474330139768277,36.74899330829277],[-4.474981798336604,36.748841021157084],[-4.475663623230525,36.74813503837066],[-4.4769204839923145,36.74751671236549],[-4.477369815009213,36.747621529838],[-4.477694995260591,36.748047817035776],[-4.4776185369518355,36.74854245048583],[-4.477798553046552,36.74865707731111],[-4.477979292285099,36.74865483228252],[-4.478115246913449,36.74832640526683],[-4.478400499745401,36.748210768794564],[-4.478825122600435,36.7483690408276],[-4.478969027319032,36.74872199884589],[-4.48089839205536,36.74898161389643],[-4.48091155147594,36.74910539647587],[-4.48222452101037,36.7487194918154],[-4.483385857619807,36.74896866202827],[-4.484079927449332,36.74931157268932],[-4.4847801004329355,36.74884538811933],[-4.485444921116833,36.747355835045774],[-4.486790101542386,36.746265806776904],[-4.487419568129983,36.74540651443359],[-4.487703882222435,36.74432257920573],[-4.488865104745842,36.742764994945915],[-4.4913296444059,36.7450452646174],[-4.491919654291251,36.74621419612622],[-4.492704257233454,36.747292780246404],[-4.492989422928821,36.74961704019972],[-4.493008348635237,36.7522939489307],[-4.493349288929958,36.75346826599796],[-4.490546794975132,36.75457376991002],[-4.4878790402281155,36.755413911280584],[-4.486839965227205,36.75599027070106],[-4.48184710462354,36.75727390348255],[-4.480877251103468,36.75783131708856],[-4.480134285074666,36.75802759696462],[-4.478930653086722,36.75674457775759],[-4.479173478487829,36.75734096102149],[-4.479144074831935,36.757906955175834],[-4.4796012759890385,36.758144658765325],[-4.479667800727424,36.75847508481912],[-4.4785712919387874,36.75898223705994],[-4.477716882712503,36.760045207345165],[-4.476076686564475,36.761561859367184],[-4.4752680833328204,36.76187836817219],[-4.474063031108432,36.76301106688818],[-4.473783445747601,36.763111393411755],[-4.473632023926694,36.763615799754184],[-4.473707341375035,36.76440582617208],[-4.47300752053106,36.76461054213274],[-4.473157710761714,36.765102205361586],[-4.474022025710658,36.765607552122496],[-4.47483545289536,36.766584524205],[-4.4748107501233765,36.766884534421386],[-4.47425073049379,36.76757202042459],[-4.474309730943321,36.767873286816034],[-4.459917263922664,36.766935185586654],[-4.459705892132927,36.766387949592115],[-4.460422745034704,36.76600732110872],[-4.460695603810703,36.765551003410685],[-4.46033923315434,36.764777946386516],[-4.46099791744653,36.764526481486975],[-4.461214569533472,36.76428268861334],[-4.461068010293187,36.76397575168668],[-4.460067045419872,36.76316325393075],[-4.460297213558609,36.7625610154386],[-4.46018935194412,36.76219050874897],[-4.459783518251576,36.76200170462086],[-4.460535623740047,36.761361473451046],[-4.460447059734507,36.76028992624592],[-4.461852939323835,36.760193769472835],[-4.46311006149538,36.759729896451326],[-4.464547982194246,36.75958827050386],[-4.465584834763172,36.757889889543996],[-4.466804695715012,36.75718078514764],[-4.467268476133291,36.75633228631696],[-4.467281044462414,36.75583182942017],[-4.4676280825212995,36.755160536463464],[-4.467692489032229,36.754535511632895],[-4.46694186306901,36.75292902175539],[-4.4670658952569156,36.751996783711114],[-4.466903484345148,36.75148277559452],[-4.467505311568051,36.75099084008019],[-4.468053026074863,36.74997451340802],[-4.4684360740002305,36.74964753880245]]]},"properties":{"cusec":"2906707046","rent_m2":10.810810810810812,"rent_norm":0.35,"detail":"10,81 €/m²·mes"}},{"type":"Feature","geometry":{"type":"Polygon","coordinates":[[[-4.447034871182805,36.7308653756916],[-4.445587316950799,36.730215755555044],[-4.4461314175352555,36.73209743570116],[-4.445854094132315,36.73401136141231],[-4.4449877418043195,36.7338011743977],[-4.444778536751049,36.733608145675696],[-4.445017764399448,36.73299427927858],[-4.445065466737649,36.73142916481641],[-4.445065015783373,36.731033262515425],[-4.444837702490612,36.730659201760666],[-4.443935855929136,36.73028378421245],[-4.443524085270875,36.73062624990717],[-4.443087485178173,36.730126176129886],[-4.442802954591721,36.730369063836804],[-4.442385421240913,36.73000325641785],[-4.442811211905807,36.72966572405384],[-4.442630175324888,36.7294914315391],[-4.44288574063333,36.72895137731657],[-4.443578330039305,36.728980501778246],[-4.444079887310189,36.72820146686231],[-4.444874796623657,36.728453230099255],[-4.4454183977447945,36.72933643604976],[-4.445838743720747,36.72963183437361],[-4.446370676624651,36.72987340682403],[-4.446711843294841,36.72983449618107],[-4.447034871182805,36.7308653756916]]]},"properties":{"cusec":"2906707048","rent_m2":8.781843247925742,"rent_norm":0.22,"detail":"8,78 €/m²·mes"}},{"type":"Feature","geometry":{"type":"Polygon","coordinates":[[[-4.445854094132315,36.73401136141231],[-4.446833984529057,36.7342660284995],[-4.44811725037033,36.735138311225505],[-4.449181499758766,36.735544477772656],[-4.449252013915328,36.73531154848295],[-4.450274435049216,36.73528578915305],[-4.451138664658169,36.7349175091968],[-4.451561039030035,36.73516039326523],[-4.451931480897,36.735163028164045],[-4.452136830381061,36.735053199600024],[-4.451593804181701,36.73485471846789],[-4.451271615320225,36.73450497376588],[-4.451184581145608,36.73342157931652],[-4.450811976135432,36.732358462643155],[-4.452592397502678,36.733912397816376],[-4.452910453215542,36.73396575464786],[-4.453360488511632,36.735556634241654],[-4.453625602013224,36.73588245799435],[-4.454336552983603,36.736225286026794],[-4.454399620106426,36.736449901233925],[-4.454412060874796,36.73783561133248],[-4.453278952026552,36.73791705418371],[-4.4534237200261915,36.738190200113664],[-4.453283630452568,36.73929840484666],[-4.453402995892587,36.74018935566658],[-4.453347625535094,36.74300914054583],[-4.459381779080103,36.74207898832798],[-4.464015716015353,36.74210772916732],[-4.464860841153202,36.74458741350674],[-4.467643121217475,36.74769451401127],[-4.4684360740002305,36.74964753880245],[-4.468053026074863,36.74997451340802],[-4.467505311568051,36.75099084008019],[-4.466903484345148,36.75148277559452],[-4.4670658952569156,36.751996783711114],[-4.46694186306901,36.75292902175539],[-4.467692489032229,36.754535511632895],[-4.4676280825212995,36.755160536463464],[-4.467281044462414,36.75583182942017],[-4.467268476133291,36.75633228631696],[-4.466804695715012,36.75718078514764],[-4.4654033912454345,36.75810394232594],[-4.464655879741319,36.759535121483054],[-4.462925565502306,36.75978398452838],[-4.461961849272236,36.76017441215919],[-4.460447059734507,36.76028992624592],[-4.460535623740047,36.761361473451046],[-4.459783518251576,36.76200170462086],[-4.46018935194412,36.76219050874897],[-4.460297213558609,36.7625610154386],[-4.46002527465747,36.76308264964481],[-4.461068010293187,36.76397575168668],[-4.461214569533472,36.76428268861334],[-4.46099791744653,36.764526481486975],[-4.460418442104507,36.764727393106725],[-4.460344498180194,36.76496263598542],[-4.4551266904462565,36.76525641762631],[-4.454514372697449,36.76514671200929],[-4.453707918235985,36.76482305771957],[-4.453424122471425,36.76440510293045],[-4.451859014701345,36.76335833129528],[-4.451470482561199,36.7632503861158],[-4.451311693656628,36.76214361325816],[-4.450909781110314,36.761325984979564],[-4.450600472293356,36.76101876346259],[-4.4505111887372735,36.76066609375236],[-4.450007846513922,36.760316139219185],[-4.449230854997127,36.75861518706287],[-4.449222688412881,36.75814431978562],[-4.448799656474207,36.75768976680318],[-4.447886550428945,36.75610089122656],[-4.447547061811699,36.75563855957613],[-4.445030887887411,36.75394745268131],[-4.444772554869577,36.75342553322595],[-4.4448285738107085,36.75316343352406],[-4.4443369060927695,36.75283588735007],[-4.444490693177834,36.752394566578516],[-4.445247268683162,36.751783712917394],[-4.4452584194708,36.75129680834049],[-4.445052791509005,36.7511190531896],[-4.444366069000141,36.751143153179406],[-4.443912143100555,36.750661890431786],[-4.443926658977253,36.750352980797345],[-4.442860533906477,36.750640857241656],[-4.442371890816098,36.75045298198468],[-4.4421414001821695,36.75001635629675],[-4.441958212136169,36.74995320579364],[-4.441109506313623,36.74997924955228],[-4.4394351984393134,36.74951050229222],[-4.439411723664296,36.74825333747858],[-4.440158031425933,36.74830965781232],[-4.441391295241834,36.74784628516735],[-4.442246579427225,36.74708550162436],[-4.442596204634118,36.74584860961284],[-4.442378926421399,36.74308620126002],[-4.441977552864244,36.74191020640528],[-4.442636371903733,36.740119736232494],[-4.443143625391846,36.73902060378701],[-4.443422223504167,36.73874005896338],[-4.443153184364793,36.73844813458292],[-4.442072061022045,36.738168261483594],[-4.440995055556558,36.73702075188652],[-4.4397440787598565,36.73742799191817],[-4.439286354783276,36.736829605164814],[-4.438012002026271,36.73596162152239],[-4.436995710995876,36.7358927743177],[-4.436267851935229,36.73604802653783],[-4.435901048245175,36.73597133383047],[-4.435193731858453,36.73545494847943],[-4.438365462141106,36.73368568738335],[-4.441683642967896,36.73132840088764],[-4.443087485178173,36.730126176129886],[-4.443524085270875,36.73062624990717],[-4.443935855929136,36.73028378421245],[-4.444837702490612,36.730659201760666],[-4.445065015783373,36.731033262515425],[-4.445065466737649,36.73142916481641],[-4.445017764399448,36.73299427927858],[-4.444839646444898,36.73374009979134],[-4.445854094132315,36.73401136141231]]]},"properties":{"cusec":"2906707050","rent_m2":11.150653662585599,"rent_norm":0.38,"detail":"11,15 €/m²·mes"}},{"type":"Feature","geometry":{"type":"Polygon","coordinates":[[[-4.439839658607796,36.730624098665935],[-4.441509164088589,36.73008952558608],[-4.442348826571188,36.73002635076663],[-4.442733190528436,36.730309077964534],[-4.441315067800099,36.731601593299],[-4.440919145220099,36.73147803015176],[-4.439839658607796,36.730624098665935]]]},"properties":{"cusec":"2906707051","rent_m2":8.215962441314554,"rent_norm":0.19,"detail":"8,22 €/m²·mes"}},{"type":"Feature","geometry":{"type":"Polygon","coordinates":[[[-4.439839658607796,36.730624098665935],[-4.439212966017802,36.730101541805666],[-4.440159655579986,36.728961052352815],[-4.440340091187947,36.72918766226088],[-4.441840121405566,36.729691145444036],[-4.441509164088589,36.73008952558608],[-4.439839658607796,36.730624098665935]]]},"properties":{"cusec":"2906707052","rent_m2":7.69232905982906,"rent_norm":0.15,"detail":"7,69 €/m²·mes"}},{"type":"Feature","geometry":{"type":"Polygon","coordinates":[[[-4.433151616875866,36.73709290529847],[-4.433838599896154,36.738683819432524],[-4.433386161606661,36.73885497758533],[-4.433302402689561,36.73865326464074],[-4.432367045374728,36.73899076685148],[-4.431598716312211,36.737601854636544],[-4.433151616875866,36.73709290529847]]]},"properties":{"cusec":"2906707054","rent_m2":5.357142857142858,"rent_norm":0,"detail":"5,36 €/m²·mes"}},{"type":"Feature","geometry":{"type":"Polygon","coordinates":[[[-4.432221764437079,36.7237456782635],[-4.432488779672125,36.72229309305829],[-4.4332148079662215,36.72235475135983],[-4.433162171182163,36.722710745863125],[-4.434436051425294,36.72270732209916],[-4.434420646216503,36.72235691795351],[-4.435676614951208,36.72234654292847],[-4.43563379944815,36.723229497979354],[-4.433086988481086,36.72312902066329],[-4.43286747076837,36.72375175599229],[-4.432221764437079,36.7237456782635]]]},"properties":{"cusec":"2906707056","rent_m2":9.278409090909092,"rent_norm":0.26,"detail":"9,28 €/m²·mes"}},{"type":"Feature","geometry":{"type":"Polygon","coordinates":[[[-4.434598578219787,36.72481353595975],[-4.434037905514977,36.72460905221921],[-4.434486365166059,36.723200094125005],[-4.435735511196175,36.723166634329466],[-4.435728834018684,36.72388107303993],[-4.4354367953130565,36.72497754650399],[-4.434598578219787,36.72481353595975]]]},"properties":{"cusec":"2906707057","rent_m2":9.542325496628395,"rent_norm":0.27,"detail":"9,54 €/m²·mes"}},{"type":"Feature","geometry":{"type":"Polygon","coordinates":[[[-4.428642578104457,36.72681474407574],[-4.428677161446281,36.726473136180715],[-4.429335376817888,36.726498621267744],[-4.429493330289257,36.72518108820864],[-4.430924586387025,36.72523241059707],[-4.430479149566876,36.72654862733853],[-4.429935176543208,36.726931990292464],[-4.428642578104457,36.72681474407574]]]},"properties":{"cusec":"2906707058","rent_m2":8.250458333333333,"rent_norm":0.19,"detail":"8,25 €/m²·mes"}},{"type":"Feature","geometry":{"type":"Polygon","coordinates":[[[-4.428265023377074,36.73211051568723],[-4.428729913214701,36.732139685027164],[-4.42887472074018,36.73018545873991],[-4.429304731690272,36.730899032281066],[-4.430166368761369,36.73327752254052],[-4.428224717766906,36.732956060638095],[-4.428265023377074,36.73211051568723]]]},"properties":{"cusec":"2906707059","rent_m2":8.355936073059361,"rent_norm":0.2,"detail":"8,36 €/m²·mes"}},{"type":"Feature","geometry":{"type":"Polygon","coordinates":[[[-4.435697496289972,36.730734889671815],[-4.436488404507169,36.72967698725204],[-4.4374168079634035,36.72993615842887],[-4.437436856563925,36.73037555933963],[-4.437582941493742,36.730442502872805],[-4.43641643867313,36.73128458377521],[-4.435697496289972,36.730734889671815]]]},"properties":{"cusec":"2906707065","rent_m2":8.406481939633844,"rent_norm":0.2,"detail":"8,41 €/m²·mes"}},{"type":"Feature","geometry":{"type":"Polygon","coordinates":[[[-4.4343600638337515,36.72904232246508],[-4.434642479786037,36.727973033921465],[-4.437345599409151,36.728129169736974],[-4.437465861367807,36.72833110472893],[-4.437495983675912,36.729202973220865],[-4.4343600638337515,36.72904232246508]]]},"properties":{"cusec":"2906707066","rent_m2":9.739533612990355,"rent_norm":0.28,"detail":"9,74 €/m²·mes"}},{"type":"Feature","geometry":{"type":"Polygon","coordinates":[[[-4.439670422296448,36.72774331944372],[-4.437776329909784,36.72718707181701],[-4.4388154471315255,36.72652101107182],[-4.441130975150622,36.72725013665368],[-4.440768369287872,36.72805882010121],[-4.439670422296448,36.72774331944372]]]},"properties":{"cusec":"2906707067","rent_m2":7.857142857142858,"rent_norm":0.16,"detail":"7,86 €/m²·mes"}},{"type":"Feature","geometry":{"type":"Polygon","coordinates":[[[-4.4357320329194145,36.72376834967978],[-4.435738251057789,36.7226350255617],[-4.437045306084396,36.72263448769544],[-4.43705778368368,36.72370727789344],[-4.4357320329194145,36.72376834967978]]]},"properties":{"cusec":"2906707068","rent_m2":8.620689655172415,"rent_norm":0.21,"detail":"8,62 €/m²·mes"}},{"type":"Feature","geometry":{"type":"Polygon","coordinates":[[[-4.43705778368368,36.72370727789344],[-4.437049129314244,36.72292091643453],[-4.437576654185057,36.72293515867589],[-4.437582724999742,36.72262503939325],[-4.438708724580858,36.72263528261426],[-4.438768338579738,36.72388041925863],[-4.43705778368368,36.72370727789344]]]},"properties":{"cusec":"2906707069","rent_m2":8.299872628482229,"rent_norm":0.19,"detail":"8,30 €/m²·mes"}},{"type":"Feature","geometry":{"type":"Polygon","coordinates":[[[-4.4413308601828065,36.723563250413775],[-4.440193573270162,36.72172462209596],[-4.44043722242634,36.72139266754915],[-4.442352765683693,36.72139650827878],[-4.442379101592899,36.72190175336348],[-4.442125786564219,36.72245575027546],[-4.441584490520101,36.723534196620236],[-4.4413308601828065,36.723563250413775]]]},"properties":{"cusec":"2906707070","rent_m2":9.32967032967033,"rent_norm":0.26,"detail":"9,33 €/m²·mes"}},{"type":"Feature","geometry":{"type":"Polygon","coordinates":[[[-4.443681435972659,36.72403731077806],[-4.444259757877843,36.7246393879553],[-4.445405322765841,36.723576958996546],[-4.445953881689025,36.72398267692745],[-4.444808055391305,36.72512403449193],[-4.444099836197699,36.72480112074447],[-4.44244866173861,36.72547873022388],[-4.442071444777736,36.72485910783967],[-4.443681435972659,36.72403731077806]]]},"properties":{"cusec":"2906707071","rent_m2":6.652777777777778,"rent_norm":0.09,"detail":"6,65 €/m²·mes"}},{"type":"Feature","geometry":{"type":"Polygon","coordinates":[[[-4.4417094111418365,36.72616373606634],[-4.442378460195772,36.72606694972451],[-4.44244866173861,36.72547873022388],[-4.444099836197699,36.72480112074447],[-4.444808055391305,36.72512403449193],[-4.445953881689025,36.72398267692745],[-4.446498722485257,36.7244109912197],[-4.446543547519622,36.72538395616506],[-4.447039475946961,36.72598416013537],[-4.446555822099661,36.72676522417588],[-4.444476234793351,36.727143276101074],[-4.444393653567579,36.72698967626103],[-4.4417094111418365,36.72616373606634]]]},"properties":{"cusec":"2906707072","rent_m2":7.350403943584829,"rent_norm":0.13,"detail":"7,35 €/m²·mes"}},{"type":"Feature","geometry":{"type":"Polygon","coordinates":[[[-4.443681435972659,36.72403731077806],[-4.443485325661311,36.7237670457153],[-4.443897912888134,36.723616196821986],[-4.443658378914258,36.72332336674065],[-4.443840282369411,36.723228146483756],[-4.443710352741659,36.72305669860165],[-4.444172013135855,36.72332366843269],[-4.445405322765841,36.723576958996546],[-4.444259757877843,36.7246393879553],[-4.443681435972659,36.72403731077806]]]},"properties":{"cusec":"2906707073","rent_m2":7.746478873239436,"rent_norm":0.16,"detail":"7,75 €/m²·mes"}},{"type":"Feature","geometry":{"type":"Polygon","coordinates":[[[-4.445953881689025,36.72398267692745],[-4.445191153622309,36.72348062949207],[-4.444383476553729,36.723383111100304],[-4.443714777842762,36.72305919134972],[-4.4423842597192325,36.721464598032505],[-4.443561050944802,36.72139992202051],[-4.4473501133721935,36.72212137163378],[-4.447245535998393,36.72406402935072],[-4.446476234958749,36.72428423329437],[-4.445953881689025,36.72398267692745]]]},"properties":{"cusec":"2906707074","rent_m2":12.122461170848268,"rent_norm":0.44,"detail":"12,12 €/m²·mes"}},{"type":"Feature","geometry":{"type":"Polygon","coordinates":[[[-4.430041149000633,36.73293119324171],[-4.430414054946437,36.73282984885313],[-4.430445495083084,36.73313628620632],[-4.431463039263263,36.73324921827554],[-4.431583224865131,36.73180481434766],[-4.433609931943937,36.73192200254883],[-4.43353179109065,36.73354804282517],[-4.431047254034007,36.733544146548454],[-4.430284091182696,36.73337978785424],[-4.430041149000633,36.73293119324171]]]},"properties":{"cusec":"2906707075","rent_m2":6.395348837209302,"rent_norm":0.07,"detail":"6,40 €/m²·mes"}},{"type":"Feature","geometry":{"type":"Polygon","coordinates":[[[-4.475316089301608,36.738103459161046],[-4.4757028975747595,36.73858359414127],[-4.475791581954544,36.73826291034008],[-4.476133501412934,36.73816804047751],[-4.476273534392673,36.73867191325871],[-4.47605445326118,36.73899183011687],[-4.476945016084415,36.739496202124364],[-4.480782413263965,36.739226432757846],[-4.480731063765681,36.738903846112976],[-4.48094435795014,36.738675825112644],[-4.4817043793929,36.73965116774498],[-4.481293905003584,36.73991099489065],[-4.481368464273842,36.74070663923629],[-4.481569635693536,36.74099748387116],[-4.48079594368878,36.74113828750291],[-4.479278618206979,36.74236871559408],[-4.478056306651023,36.74245068416454],[-4.47630176754375,36.74398691010491],[-4.4756857720921595,36.74493660623336],[-4.474865683001317,36.745442843822886],[-4.474358842738235,36.74599127658655],[-4.474794041459098,36.74513860067235],[-4.47502222432105,36.74417688079173],[-4.474553456456318,36.74352921536375],[-4.475726825100646,36.74257831622919],[-4.475273388782912,36.74216482713252],[-4.475193057836935,36.74184355433491],[-4.4752970522041196,36.73995688247288],[-4.474543615412383,36.739713014393814],[-4.4749399503191185,36.73948052032072],[-4.474929436437023,36.73893078411605],[-4.475308719523021,36.73857907829857],[-4.475316089301608,36.738103459161046]]]},"properties":{"cusec":"2906707076","rent_m2":12.79930894308943,"rent_norm":0.48,"detail":"12,80 €/m²·mes"}},{"type":"Feature","geometry":{"type":"Polygon","coordinates":[[[-4.478825122600435,36.7483690408276],[-4.479173148806094,36.7471590009682],[-4.479124756561755,36.74679947542545],[-4.479857371303503,36.74590555003427],[-4.4796443735631195,36.74546221421147],[-4.479038587464742,36.74539819761396],[-4.478934850914059,36.74515933736356],[-4.479380130529049,36.7446648635031],[-4.479619147073329,36.743994105574735],[-4.480227010076629,36.74356809243174],[-4.480523384950112,36.743088501879505],[-4.480622927266747,36.74302525497464],[-4.480934516906203,36.743510290787704],[-4.4817576809302775,36.74208815277399],[-4.481618233652079,36.74192532838577],[-4.481832554610887,36.741510954664726],[-4.4822014235278,36.74112387731067],[-4.482412229378898,36.74114510099333],[-4.48288791516961,36.74178851347793],[-4.483042514331684,36.74340771576117],[-4.4832650342140665,36.74372929442066],[-4.4839823129173,36.744197339887286],[-4.484345022086317,36.74551790675076],[-4.485862275702885,36.74625354835074],[-4.484763483396794,36.747519361956044],[-4.48468659120174,36.74795191987994],[-4.4850245886156035,36.74815049814847],[-4.484984352175711,36.748523052083065],[-4.484523769759865,36.74913025791266],[-4.484079927449332,36.74931157268932],[-4.483385857619807,36.74896866202827],[-4.48222452101037,36.7487194918154],[-4.4809990509778865,36.749104308157975],[-4.47888574450906,36.748706339081416],[-4.478825122600435,36.7483690408276]]]},"properties":{"cusec":"2906707077","rent_m2":9.962586206896551,"rent_norm":0.3,"detail":"9,96 €/m²·mes"}},{"type":"Feature","geometry":{"type":"Polygon","coordinates":[[[-4.441995014316757,36.7275326501569],[-4.442198833071565,36.72702345118833],[-4.444322905849072,36.72764163053306],[-4.443660802568894,36.728675199804464],[-4.441749182254399,36.728011505597024],[-4.441995014316757,36.7275326501569]]]},"properties":{"cusec":"2906707078","rent_m2":10.134505021520804,"rent_norm":0.31,"detail":"10,13 €/m²·mes"}},{"type":"Feature","geometry":{"type":"Polygon","coordinates":[[[-4.437582941493742,36.730442502872805],[-4.4378721792522855,36.730363145743546],[-4.4381653875644,36.73055812723832],[-4.437483041647629,36.73105147741099],[-4.437827544660771,36.73134555738155],[-4.437145081963011,36.731778079029574],[-4.43641643867313,36.73128458377521],[-4.437582941493742,36.730442502872805]]]},"properties":{"cusec":"2906707079","rent_m2":7.575757575757575,"rent_norm":0.15,"detail":"7,58 €/m²·mes"}},{"type":"Feature","geometry":{"type":"Polygon","coordinates":[[[-4.437480302684312,36.728786116738604],[-4.437252394706839,36.72731276008386],[-4.437776329909784,36.72718707181701],[-4.438699863598888,36.727489158473674],[-4.4382817454448364,36.72869528504323],[-4.437480302684312,36.728786116738604]]]},"properties":{"cusec":"2906707080","rent_m2":8.536585365853659,"rent_norm":0.21,"detail":"8,54 €/m²·mes"}},{"type":"Feature","geometry":{"type":"Polygon","coordinates":[[[-4.444079887310189,36.72820146686231],[-4.444476234793351,36.727143276101074],[-4.446555822099661,36.72676522417588],[-4.44675895364329,36.72694304149314],[-4.447064909049284,36.726855957354836],[-4.447775928291609,36.727437016084664],[-4.445118298456145,36.72873260439211],[-4.444874796623657,36.728453230099255],[-4.444079887310189,36.72820146686231]]]},"properties":{"cusec":"2906707081","rent_m2":7.19298245614035,"rent_norm":0.12,"detail":"7,19 €/m²·mes"}},{"type":"Feature","geometry":{"type":"Polygon","coordinates":[[[-4.450179584633287,36.73147266146754],[-4.450659508675503,36.73176255835782],[-4.451310591423789,36.73140641502706],[-4.452860144864693,36.731244408167456],[-4.452809339745483,36.73137858596136],[-4.453021104098984,36.73160972730612],[-4.453297224657744,36.73148233690607],[-4.453594184334504,36.73183168428691],[-4.454161958221603,36.73141844687952],[-4.454423884500593,36.7319651202283],[-4.454403473879008,36.7329613946615],[-4.453918961242318,36.73352844337073],[-4.454077389024121,36.73431972776982],[-4.453543120500464,36.73501583148903],[-4.453344558686703,36.73499123184993],[-4.452910453215542,36.73396575464786],[-4.452592397502678,36.733912397816376],[-4.450811976135432,36.732358462643155],[-4.451184581145608,36.73342157931652],[-4.45124468382801,36.73441060464626],[-4.451593804181701,36.73485471846789],[-4.452136830381061,36.735053199600024],[-4.451931480897,36.735163028164045],[-4.450996782047272,36.734935934107334],[-4.450274435049216,36.73528578915305],[-4.449252013915328,36.73531154848295],[-4.449232134198095,36.73555740886914],[-4.44811725037033,36.735138311225505],[-4.446886980639255,36.734292413067294],[-4.445855226907888,36.734012010067865],[-4.4461314175352555,36.73209743570116],[-4.445560536375563,36.730201460666564],[-4.446914215762055,36.730851157239634],[-4.448990676931167,36.73062380060237],[-4.450179584633287,36.73147266146754]]]},"properties":{"cusec":"2906707082","rent_m2":7.886250885896527,"rent_norm":0.17,"detail":"7,89 €/m²·mes"}},{"type":"Feature","geometry":{"type":"Polygon","coordinates":[[[-4.480713390310785,36.73838349519125],[-4.48094435795014,36.738675825112644],[-4.480707748890813,36.73881851621838],[-4.48076797194746,36.73913097162446],[-4.480634605365415,36.73924496677573],[-4.476945016084415,36.739496202124364],[-4.47605445326118,36.73899183011687],[-4.476273534392673,36.73867191325871],[-4.476133501412934,36.73816804047751],[-4.475791581954544,36.73826291034008],[-4.475776185728891,36.73854214023607],[-4.475501342574437,36.73834905720505],[-4.475325418305832,36.737898266443175],[-4.475601549644391,36.73758387598083],[-4.475794760194008,36.73681754176475],[-4.476579225693987,36.736699674968285],[-4.476617493026776,36.736302380188555],[-4.477406634257781,36.736042165035165],[-4.477460133424519,36.735896018955884],[-4.47730373134367,36.734383516032466],[-4.476871707269017,36.734151839493244],[-4.477071520435967,36.73373019713916],[-4.476483213756412,36.73323724574468],[-4.477024826007508,36.733302653320955],[-4.477588146047465,36.733735081151835],[-4.480713390310785,36.73838349519125]]]},"properties":{"cusec":"2906707085","rent_m2":10.18948690977092,"rent_norm":0.31,"detail":"10,19 €/m²·mes"}},{"type":"Feature","geometry":{"type":"Polygon","coordinates":[[[-4.446555822099661,36.72676522417588],[-4.447039475946961,36.72598416013537],[-4.446543547519622,36.72538395616506],[-4.446449966423225,36.72434850294683],[-4.446930717813802,36.72405918432405],[-4.447245535998393,36.72406402935072],[-4.447348484726589,36.722151836519636],[-4.448216823229666,36.722285327443984],[-4.448242380299488,36.72471250702399],[-4.448825739956795,36.72539349988903],[-4.448981532081581,36.72693728369465],[-4.447814967277203,36.7274237185854],[-4.447064909049284,36.726855957354836],[-4.44675895364329,36.72694304149314],[-4.446555822099661,36.72676522417588]]]},"properties":{"cusec":"2906707087","rent_m2":6.117169203747072,"rent_norm":0.05,"detail":"6,12 €/m²·mes"}},{"type":"Feature","geometry":{"type":"Polygon","coordinates":[[[-4.430041149000633,36.73293119324171],[-4.429286530924314,36.730861112820165],[-4.431440851774085,36.73116981293056],[-4.433642336871199,36.731242720594224],[-4.433614634624441,36.731836145810384],[-4.431583224865131,36.73180481434766],[-4.431463039263263,36.73324921827554],[-4.430445495083084,36.73313628620632],[-4.43047194417999,36.732833583179634],[-4.430041149000633,36.73293119324171]]]},"properties":{"cusec":"2906707088","rent_m2":7.62689393939394,"rent_norm":0.15,"detail":"7,63 €/m²·mes"}},{"type":"Feature","geometry":{"type":"Polygon","coordinates":[[[-4.42504510746258,36.749128099272326],[-4.426623990897515,36.748660982897746],[-4.427749402082099,36.748618863589755],[-4.428069158305801,36.748793834627435],[-4.42965866431898,36.75184902191728],[-4.429294068687859,36.75200604054154],[-4.42939897574336,36.75254855104026],[-4.428800154283413,36.75286101892453],[-4.427169592566788,36.75308321747059],[-4.42504510746258,36.749128099272326]]]},"properties":{"cusec":"2906707091","rent_m2":8.515510948905108,"rent_norm":0.21,"detail":"8,52 €/m²·mes"}},{"type":"Feature","geometry":{"type":"Polygon","coordinates":[[[-4.4250064763121015,36.7490576357185],[-4.424616904821146,36.747374396612514],[-4.424767920603566,36.74543767262652],[-4.427561141249688,36.745564566946854],[-4.428883097530214,36.74527756547759],[-4.428791950868218,36.74807225629465],[-4.428069158305801,36.748793834627435],[-4.427749402082099,36.748618863589755],[-4.426623990897515,36.748660982897746],[-4.4250064763121015,36.7490576357185]]]},"properties":{"cusec":"2906707092","rent_m2":8.22092962184874,"rent_norm":0.19,"detail":"8,22 €/m²·mes"}},{"type":"Feature","geometry":{"type":"Polygon","coordinates":[[[-4.45516949606788,36.72386815581743],[-4.458862989427131,36.725349013380914],[-4.458642973149426,36.72561300089369],[-4.457313106304493,36.725958705837776],[-4.453635877841788,36.72525216337138],[-4.454201428398571,36.72472539026376],[-4.454847349427201,36.7237513167772],[-4.45516949606788,36.72386815581743]]]},"properties":{"cusec":"2906707093","rent_m2":7.203389830508474,"rent_norm":0.12,"detail":"7,20 €/m²·mes"}},{"type":"Feature","geometry":{"type":"Polygon","coordinates":[[[-4.461090860739088,36.72604256177917],[-4.4624891935817,36.726764379620015],[-4.467440481950622,36.73000210087229],[-4.466614403791764,36.730881453072165],[-4.466491385801814,36.732006592084076],[-4.4640221183083995,36.732521300125484],[-4.461751925566754,36.73338222555219],[-4.461612215082206,36.73459474174151],[-4.463490621087387,36.73737283127149],[-4.463095684857566,36.73760728840256],[-4.463503689778128,36.738061482356045],[-4.465221053904018,36.738361802818],[-4.46380371360832,36.73883844474867],[-4.464015716015353,36.74210772916732],[-4.459381779080103,36.74207898832798],[-4.453347625535094,36.74300914054583],[-4.453446283011155,36.74025641014099],[-4.45332761286719,36.740073067686914],[-4.4534237200261915,36.738190200113664],[-4.453302236358718,36.73794382983761],[-4.454412060874796,36.73783561133248],[-4.454465782823749,36.73685919889369],[-4.4543299961803555,36.736637761100134],[-4.454396729327867,36.73629665836729],[-4.453533318084102,36.73579565756101],[-4.453145195575699,36.73505221979061],[-4.45324462560293,36.734886523833396],[-4.453543120500464,36.73501583148903],[-4.454077389024121,36.73431972776982],[-4.453918961242318,36.73352844337073],[-4.454403473879008,36.7329613946615],[-4.454423884500593,36.7319651202283],[-4.454161958221603,36.73141844687952],[-4.454030291252099,36.73146964126754],[-4.452589686387172,36.73039510632172],[-4.452867103214877,36.73011594254763],[-4.452766552988498,36.729859143550385],[-4.452875343460985,36.72947693348394],[-4.453317231037435,36.7286085398423],[-4.452322337877135,36.727260625495006],[-4.451805419414884,36.72620430817332],[-4.45415865601464,36.72574643900188],[-4.454546418298607,36.72542246225809],[-4.457664904536064,36.7259646926709],[-4.457776376479654,36.72577288193774],[-4.458642973149426,36.72561300089369],[-4.458862989427131,36.725349013380914],[-4.461090860739088,36.72604256177917]]]},"properties":{"cusec":"2906707094","rent_m2":14.39050050499383,"rent_norm":0.58,"detail":"14,39 €/m²·mes"}},{"type":"Feature","geometry":{"type":"Polygon","coordinates":[[[-4.424767920603566,36.74543767262652],[-4.425010673241108,36.74313868574414],[-4.426613018874633,36.743193765944014],[-4.4264169444959025,36.74550211244574],[-4.424767920603566,36.74543767262652]]]},"properties":{"cusec":"2906707095","rent_m2":7.292613636363636,"rent_norm":0.13,"detail":"7,29 €/m²·mes"}},{"type":"Feature","geometry":{"type":"Polygon","coordinates":[[[-4.433440235695208,36.73468770678659],[-4.433743226660748,36.73468405678113],[-4.436290291851024,36.73334637928987],[-4.435987123019059,36.73297798347921],[-4.436098279654001,36.73194633751066],[-4.436630226032629,36.731443374521874],[-4.437973634980472,36.73219176014767],[-4.439712203838648,36.73199425002639],[-4.440626268386313,36.73208934638239],[-4.441287021498621,36.731613892942676],[-4.440919145220099,36.73147803015176],[-4.441315067800099,36.731601593299],[-4.437238731331386,36.73441008558046],[-4.435193731858453,36.73545494847943],[-4.43327311581469,36.73620130301645],[-4.433440235695208,36.73468770678659]]]},"properties":{"cusec":"2906707096","rent_m2":8.459186643835617,"rent_norm":0.2,"detail":"8,46 €/m²·mes"}},{"type":"Feature","geometry":{"type":"Polygon","coordinates":[[[-4.45516949606788,36.72386815581743],[-4.456979218683051,36.720815256955085],[-4.458668572440079,36.72237104365337],[-4.458850262994485,36.723660147914806],[-4.4587705599709135,36.72442605760574],[-4.4584525734283265,36.725198217275604],[-4.45516949606788,36.72386815581743]]]},"properties":{"cusec":"2906708001","rent_m2":9.807692307692308,"rent_norm":0.29,"detail":"9,81 €/m²·mes"}},{"type":"Feature","geometry":{"type":"Polygon","coordinates":[[[-4.452513689812425,36.72194033536674],[-4.453297046791318,36.71998569686105],[-4.453357628275774,36.719299920169256],[-4.45399859779057,36.71933490746939],[-4.454487422340629,36.719669220474856],[-4.452967826816129,36.72309058182328],[-4.452103671767301,36.722893787765564],[-4.452513689812425,36.72194033536674]]]},"properties":{"cusec":"2906708002","rent_m2":9.659774436090226,"rent_norm":0.28,"detail":"9,66 €/m²·mes"}},{"type":"Feature","geometry":{"type":"Polygon","coordinates":[[[-4.45399859779057,36.71933490746939],[-4.451578596602271,36.71916385701501],[-4.451838409145357,36.718225503685744],[-4.452418620207604,36.71778124471877],[-4.453223190003625,36.71833906686787],[-4.4543836777051045,36.71829627133219],[-4.4542904765960465,36.71730942481078],[-4.454608464935261,36.71730031213335],[-4.45592492711954,36.71765861200203],[-4.456745863321712,36.71841261749867],[-4.455615883305591,36.71888486483323],[-4.455731444380368,36.719501740845],[-4.455085193670036,36.7194365317722],[-4.455036387302335,36.71903603192856],[-4.454596425713828,36.71880703383224],[-4.454159522888872,36.71890478125583],[-4.45399859779057,36.71933490746939]]]},"properties":{"cusec":"2906708003","rent_m2":8.481684391449136,"rent_norm":0.2,"detail":"8,48 €/m²·mes"}},{"type":"Feature","geometry":{"type":"Polygon","coordinates":[[[-4.451838409145357,36.718225503685744],[-4.4516968283683855,36.71830284130392],[-4.451325114486964,36.71805825061306],[-4.451556861863964,36.71763437404406],[-4.45197994231165,36.7173223820209],[-4.451345581702399,36.71678473085405],[-4.451489825984198,36.71663877639066],[-4.452022977901964,36.716429049489484],[-4.454100362539225,36.716117903724886],[-4.4543836777051045,36.71829627133219],[-4.453223190003625,36.71833906686787],[-4.452516793491729,36.71779676389584],[-4.451838409145357,36.718225503685744]]]},"properties":{"cusec":"2906708004","rent_m2":8.46264367816092,"rent_norm":0.2,"detail":"8,46 €/m²·mes"}},{"type":"Feature","geometry":{"type":"Polygon","coordinates":[[[-4.445864356486123,36.711228920302254],[-4.448857674166845,36.71077340747717],[-4.449299511437658,36.71207505091046],[-4.446795224021196,36.71252917408973],[-4.445864356486123,36.711228920302254]]]},"properties":{"cusec":"2906708005","rent_m2":8.048138651759176,"rent_norm":0.18,"detail":"8,05 €/m²·mes"}},{"type":"Feature","geometry":{"type":"Polygon","coordinates":[[[-4.453998452263474,36.70439334660646],[-4.453790033236097,36.70424414063366],[-4.453348496002614,36.70443365797442],[-4.452339762498701,36.70406962334389],[-4.45067201951248,36.70303749543827],[-4.458103534821305,36.6995237287768],[-4.457794262835294,36.70116060379648],[-4.457697823299634,36.7043212632999],[-4.454410154649788,36.70483533008714],[-4.453998452263474,36.70439334660646]]]},"properties":{"cusec":"2906708006","rent_m2":7.391569355154002,"rent_norm":0.13,"detail":"7,39 €/m²·mes"}},{"type":"Feature","geometry":{"type":"Polygon","coordinates":[[[-4.452097244321434,36.71271705647139],[-4.451297466139165,36.710353846903615],[-4.455340380787734,36.70943914472972],[-4.4554183536560625,36.71013047828383],[-4.455127542947468,36.71218643614032],[-4.455350211950202,36.71268633435853],[-4.455745563201683,36.7124831973824],[-4.456070576366432,36.71357667654507],[-4.452984580396162,36.71401998623024],[-4.452097244321434,36.71271705647139]]]},"properties":{"cusec":"2906708007","rent_m2":10.885204678362575,"rent_norm":0.36,"detail":"10,89 €/m²·mes"}},{"type":"Feature","geometry":{"type":"Polygon","coordinates":[[[-4.448811996631267,36.708693953853306],[-4.448457576217402,36.70745553012183],[-4.449039463535932,36.707092919199106],[-4.4494299459185775,36.70715186741943],[-4.45012941372466,36.70788771459723],[-4.449580781139614,36.70816867029162],[-4.449697611533891,36.708553611405954],[-4.448811996631267,36.708693953853306]]]},"properties":{"cusec":"2906708008","rent_m2":7.183098591549296,"rent_norm":0.12,"detail":"7,18 €/m²·mes"}},{"type":"Feature","geometry":{"type":"Polygon","coordinates":[[[-4.447090014266499,36.70453239164029],[-4.4471529259807925,36.70461669733287],[-4.45067201951248,36.70303749543827],[-4.452339762498701,36.70406962334389],[-4.453348496002614,36.70443365797442],[-4.453790033236097,36.70424414063366],[-4.453996707735211,36.704391929960956],[-4.452393246394089,36.70540755869949],[-4.4518039192283645,36.70547700506994],[-4.447211894989324,36.70823704687486],[-4.4465589949492434,36.7087269828124],[-4.446934621892021,36.71001707868503],[-4.445232639618764,36.710394254525674],[-4.442832309738572,36.70673391036722],[-4.446933962528618,36.70473484095568],[-4.447090014266499,36.70453239164029]]]},"properties":{"cusec":"2906708009","rent_m2":8.227848101265822,"rent_norm":0.19,"detail":"8,23 €/m²·mes"}},{"type":"Feature","geometry":{"type":"Polygon","coordinates":[[[-4.546475088894148,36.72895946480602],[-4.547925072170673,36.72324446163299],[-4.544884011727545,36.722265491822206],[-4.545219619622729,36.72160910971754],[-4.545808308086318,36.72131980237683],[-4.546460113978367,36.720198135871385],[-4.546331052123179,36.72002628159254],[-4.546693868191717,36.71759684767901],[-4.547206051634101,36.717506806362536],[-4.547469151112833,36.71637214913229],[-4.549456474252959,36.71658064411154],[-4.549788801500743,36.7154969017184],[-4.551349091605921,36.71585293736674],[-4.5519131446711425,36.7157148863917],[-4.552704542470156,36.714460648386876],[-4.553415018231738,36.71412463412577],[-4.554020944467263,36.71352858114987],[-4.554887966938459,36.71221247614927],[-4.5556598479396,36.711643579878206],[-4.555947402255316,36.711673570747884],[-4.556626608560165,36.71225511232411],[-4.556854167093001,36.71266289561487],[-4.556428806721151,36.71360335410904],[-4.555483210408667,36.71687164854987],[-4.555665995111105,36.71786756506095],[-4.555435309542773,36.71898244366149],[-4.553238492990175,36.72375595877632],[-4.552180882151689,36.72655535860397],[-4.551062887458076,36.72732459458024],[-4.549571619407747,36.730260025414594],[-4.549661992620274,36.73062836875019],[-4.546475088894148,36.72895946480602]]]},"properties":{"cusec":"2906708010","rent_m2":9.693877551020408,"rent_norm":0.28,"detail":"9,69 €/m²·mes"}},{"type":"Feature","geometry":{"type":"Polygon","coordinates":[[[-4.549661992620274,36.73062836875019],[-4.549571619407747,36.730260025414594],[-4.551062887458076,36.72732459458024],[-4.552180882151689,36.72655535860397],[-4.553238492990175,36.72375595877632],[-4.55501928087007,36.720084393982795],[-4.555665995111105,36.71786756506095],[-4.555483210408667,36.71687164854987],[-4.556428806721151,36.71360335410904],[-4.556854167093001,36.71266289561487],[-4.556747049283577,36.71248341054099],[-4.557069763659521,36.71205552086963],[-4.55706203904638,36.71167253158888],[-4.557646680599578,36.71115560044087],[-4.557693567267514,36.71030545638964],[-4.5585920164006355,36.70950723067885],[-4.561973082890569,36.7115518745443],[-4.5635131168844305,36.712671928187966],[-4.565871378659883,36.71549159456589],[-4.567745375733643,36.71687084997094],[-4.56914824866172,36.717463042570806],[-4.57692340999089,36.71978062709735],[-4.576026441281386,36.72135408455073],[-4.575592107638162,36.722567679202534],[-4.575580937087588,36.723117690981915],[-4.576583017668499,36.724483525851284],[-4.577023907216674,36.72578473827152],[-4.577079362914124,36.7312373720523],[-4.577286088617171,36.7320368269851],[-4.577771996337522,36.73279658835701],[-4.5789398610041,36.733552917490314],[-4.574763658825264,36.73409836688269],[-4.573838118299811,36.73391455832456],[-4.5716986295337145,36.73309774150504],[-4.569250838962106,36.732798780574015],[-4.567646371507869,36.73273429625214],[-4.565459032181549,36.73319575223569],[-4.563235324560906,36.733297095421385],[-4.561830845445119,36.73318931672614],[-4.5592294672144345,36.73264652609808],[-4.554531970879585,36.73261105602174],[-4.552703615408785,36.73215269013164],[-4.551362393858641,36.7316022779725],[-4.549661992620274,36.73062836875019]]]},"properties":{"cusec":"2906708011","rent_m2":9.241289198606273,"rent_norm":0.25,"detail":"9,24 €/m²·mes"}},{"type":"Feature","geometry":{"type":"Polygon","coordinates":[[[-4.541465034535972,36.73714141139879],[-4.541649155931557,36.73698580431929],[-4.543324904703577,36.73742604459822],[-4.545797769051403,36.738642408054645],[-4.545847592311986,36.738524608130064],[-4.545435976163959,36.738122051041294],[-4.544409725512045,36.737610282444905],[-4.543843325148975,36.73664413296908],[-4.54300463015195,36.73595831065519],[-4.542887211361176,36.735734871786384],[-4.543059227958306,36.73521884984275],[-4.545736370100023,36.733728719120485],[-4.547739605098802,36.73350178784551],[-4.548598608309443,36.732167816194256],[-4.5495873929258135,36.731651449176724],[-4.549559561321707,36.73057139395641],[-4.551362393858641,36.7316022779725],[-4.552703615408785,36.73215269013164],[-4.554531970879585,36.73261105602174],[-4.5592294672144345,36.73264652609808],[-4.561830845445119,36.73318931672614],[-4.563235324560906,36.733297095421385],[-4.565459032181549,36.73319575223569],[-4.567646371507869,36.73273429625214],[-4.569250838962106,36.732798780574015],[-4.5716986295337145,36.73309774150504],[-4.573838118299811,36.73391455832456],[-4.574763658825264,36.73409836688269],[-4.5789398610041,36.733552917490314],[-4.579518765017603,36.73388211757842],[-4.580553032235114,36.73407574171185],[-4.58208760267543,36.73409139222291],[-4.583286274166368,36.73520220607562],[-4.584115326647149,36.73630887590934],[-4.584375279327417,36.73751329384277],[-4.585967834222678,36.73979961315215],[-4.58611198328305,36.740275447819066],[-4.585873349421101,36.741198024480354],[-4.586310629538471,36.74230989589775],[-4.586261885154503,36.74266210650954],[-4.584674292552908,36.74389110937105],[-4.584494140812563,36.744389239920636],[-4.584996023273597,36.745374098699074],[-4.58503735206486,36.745752133134054],[-4.5846347729686,36.747416042253576],[-4.5854642404710395,36.74799089116029],[-4.585826350463759,36.75034771132265],[-4.58408818225419,36.756247820032215],[-4.583174149147556,36.758648690423854],[-4.581404858804977,36.761412359998516],[-4.5806342363435695,36.765352644333426],[-4.5811277087769104,36.76592297270316],[-4.581730145057578,36.76579778447525],[-4.581859589595063,36.76610255522694],[-4.581765827038953,36.76644631761649],[-4.581325578887905,36.7668307298451],[-4.581293579999164,36.76854379064371],[-4.5851362493911125,36.77452289348429],[-4.58511548303671,36.77623576227418],[-4.584700403883272,36.77947727046668],[-4.584661003774912,36.780829903449984],[-4.584840144012225,36.78136829391151],[-4.585686875337784,36.782763168934146],[-4.587086415516162,36.78324928954027],[-4.587888678438503,36.784112939476636],[-4.577758668931951,36.78084947787151],[-4.575257386380147,36.78346956972646],[-4.572760195654421,36.78410656363598],[-4.572166311335255,36.78410534847057],[-4.568726394414407,36.783573863222166],[-4.560954045710381,36.78159391446395],[-4.559748466174896,36.78071733424071],[-4.558472458721138,36.77912958691955],[-4.553445965193279,36.77158761934057],[-4.552873176910215,36.77096412220397],[-4.551333782516854,36.76990842505848],[-4.54933532026722,36.76583856951288],[-4.548446384292961,36.76484508156273],[-4.54631900032532,36.76305873475915],[-4.545237004718423,36.761914488975194],[-4.5446731735370856,36.76089420989987],[-4.541874037484809,36.75266030510229],[-4.540290301350719,36.75086675823889],[-4.540857953066947,36.749374362388686],[-4.541672087225797,36.74798696898419],[-4.543885477695376,36.745968469208464],[-4.545290247865322,36.74424660524043],[-4.545759041781169,36.743258019768675],[-4.544329088240559,36.7423571353642],[-4.544430281660693,36.74062966395658],[-4.5442576057001265,36.74015195046289],[-4.542917612147014,36.739666773206956],[-4.542228153369825,36.73912813673504],[-4.541584424230479,36.738176512856874],[-4.541409050629128,36.73754553436339],[-4.541465034535972,36.73714141139879]]]},"properties":{"cusec":"2906708012","rent_m2":10.223919389978214,"rent_norm":0.32,"detail":"10,22 €/m²·mes"}},{"type":"Feature","geometry":{"type":"Polygon","coordinates":[[[-4.471664454739674,36.70695801624416],[-4.470021212404489,36.706591010562356],[-4.466401680037529,36.70638519133804],[-4.459883227654872,36.70756497973231],[-4.45783474451526,36.70846669510227],[-4.45771451938752,36.70285184512037],[-4.457794262835294,36.70116060379648],[-4.458100736569181,36.699574697376995],[-4.463896408965845,36.69669663238265],[-4.465248752557487,36.69620004357122],[-4.467474719441031,36.69576698088965],[-4.471088602303178,36.695769156156295],[-4.474395151743684,36.696833027035375],[-4.4781254490801174,36.6988803222896],[-4.479023570328164,36.70382117382129],[-4.478804054412076,36.70504023232626],[-4.479497993985887,36.70508407737485],[-4.479576800490822,36.70564118005304],[-4.479361839033217,36.70678863282513],[-4.479580516821147,36.70685317854209],[-4.479312765865878,36.70805083513995],[-4.479042447525536,36.7078968399139],[-4.476830617429616,36.70778597635363],[-4.4717043830573955,36.70675715863035],[-4.471664454739674,36.70695801624416]]]},"properties":{"cusec":"2906708013","rent_m2":9.507198509485095,"rent_norm":0.27,"detail":"9,51 €/m²·mes"}},{"type":"Feature","geometry":{"type":"Polygon","coordinates":[[[-4.500568914121122,36.70717873230039],[-4.500481208905007,36.70275623289629],[-4.504726847262055,36.70266652277547],[-4.504198177937572,36.69924840844025],[-4.502019080653954,36.699590740252766],[-4.500449554071019,36.6996009944677],[-4.500437359441022,36.69741826786802],[-4.50101510732276,36.695176921694845],[-4.501152974464364,36.69342053822817],[-4.501721118457366,36.693172297030294],[-4.503262826012588,36.69418943538573],[-4.504663225878688,36.694631474659246],[-4.504975388643293,36.694530594751186],[-4.505752094495811,36.69367572742235],[-4.506251403283561,36.69243002347237],[-4.507233390348195,36.69138098084837],[-4.509835887879697,36.68977958916146],[-4.510848670090595,36.68953914475243],[-4.511374955286315,36.68967668232257],[-4.512012080909997,36.69011478855228],[-4.514270900081826,36.69236435635234],[-4.5156769054352806,36.69342815405438],[-4.516288577295374,36.695026142716955],[-4.515996658065695,36.695587462116265],[-4.516072474079058,36.69602816802827],[-4.5175371663700234,36.69651430164627],[-4.51842459586955,36.69667426917977],[-4.521790726071277,36.69594623489913],[-4.525483202537614,36.69474521461059],[-4.526392308384934,36.69430088903631],[-4.527762295787067,36.69395882250922],[-4.530418865610489,36.694150084570396],[-4.531583291526179,36.694810072245474],[-4.530984911139006,36.696200242369294],[-4.530515131771277,36.698743680619124],[-4.530088624250799,36.699833091418284],[-4.530110961758658,36.70023841832937],[-4.528797322081027,36.70030261878841],[-4.528229515854532,36.700832728421744],[-4.527363674667952,36.70378461803698],[-4.527108561212083,36.70423858639291],[-4.527196626652668,36.704516911555814],[-4.527529192852313,36.70461853313294],[-4.52720401799082,36.7046948099048],[-4.526935957116784,36.70550501276685],[-4.526641593571202,36.70576343008376],[-4.519399651533447,36.70585604328655],[-4.5188629045578965,36.705959771813646],[-4.519001157975086,36.706138291947525],[-4.518007978800348,36.70587378954642],[-4.516644959629833,36.70581904915248],[-4.514005802749882,36.70632134164988],[-4.510147809895812,36.70650328038883],[-4.506085210464413,36.706169380374206],[-4.504846515434295,36.70635408139309],[-4.502837882459024,36.70695633966018],[-4.500568914121122,36.70717873230039]]]},"properties":{"cusec":"2906708016","rent_m2":6.575342465753425,"rent_norm":0.08,"detail":"6,58 €/m²·mes"}},{"type":"Feature","geometry":{"type":"Polygon","coordinates":[[[-4.471646125514598,36.726490119519696],[-4.46976985390652,36.726485608005675],[-4.466862431336662,36.7268166398251],[-4.466673821059614,36.72511973242106],[-4.470736838207597,36.72465045244625],[-4.4716232283563135,36.72617201104992],[-4.471646125514598,36.726490119519696]]]},"properties":{"cusec":"2906708018","rent_m2":9.936046511627907,"rent_norm":0.3,"detail":"9,94 €/m²·mes"}},{"type":"Feature","geometry":{"type":"Polygon","coordinates":[[[-4.450045249667403,36.713109372639096],[-4.452097244321434,36.71271705647139],[-4.452963072931622,36.71399322455732],[-4.450116987329344,36.7146724142519],[-4.44979919931445,36.7134932289845],[-4.450045249667403,36.713109372639096]]]},"properties":{"cusec":"2906708019","rent_m2":7.228915662650603,"rent_norm":0.12,"detail":"7,23 €/m²·mes"}},{"type":"Feature","geometry":{"type":"Polygon","coordinates":[[[-4.446935553444978,36.710016903687716],[-4.447803344874056,36.70990643422997],[-4.448061774011646,36.71085069210503],[-4.445864356486123,36.711228920302254],[-4.445599897856382,36.71108117796988],[-4.445135949453147,36.710352160311615],[-4.446935553444978,36.710016903687716]]]},"properties":{"cusec":"2906708020","rent_m2":8.181095018652622,"rent_norm":0.19,"detail":"8,18 €/m²·mes"}},{"type":"Feature","geometry":{"type":"Polygon","coordinates":[[[-4.449299511437658,36.71207505091046],[-4.448857674166845,36.71077340747717],[-4.451297466139165,36.710353846903615],[-4.4520582385735,36.712649908813724],[-4.451939459733353,36.71277868429278],[-4.4495826424489,36.71319838861266],[-4.449299511437658,36.71207505091046]]]},"properties":{"cusec":"2906708021","rent_m2":6.964973295242827,"rent_norm":0.11,"detail":"6,96 €/m²·mes"}},{"type":"Feature","geometry":{"type":"Polygon","coordinates":[[[-4.447951551624585,36.7147866365453],[-4.44756483048802,36.713660123294865],[-4.446795224021196,36.71252917408973],[-4.449299511437658,36.71207505091046],[-4.4495826424489,36.71319838861266],[-4.450045249667403,36.713109372639096],[-4.449876490361482,36.71345620036064],[-4.450116987329344,36.7146724142519],[-4.448666362655726,36.714971779880386],[-4.4482957896347175,36.7147261301045],[-4.447951551624585,36.7147866365453]]]},"properties":{"cusec":"2906708022","rent_m2":8,"rent_norm":0.17,"detail":"8,00 €/m²·mes"}},{"type":"Feature","geometry":{"type":"Polygon","coordinates":[[[-4.448330784404946,36.71610709867967],[-4.44796584471907,36.714838302169866],[-4.448150310169409,36.71471211101517],[-4.448666362655726,36.714971779880386],[-4.452984580396162,36.71401998623024],[-4.453784523868465,36.715195588092065],[-4.454100362539225,36.716117903724886],[-4.452022977901964,36.716429049489484],[-4.451318634040503,36.71669046669292],[-4.45103957329581,36.715705072867685],[-4.448330784404946,36.71610709867967]]]},"properties":{"cusec":"2906708023","rent_m2":7.226338260619976,"rent_norm":0.12,"detail":"7,23 €/m²·mes"}},{"type":"Feature","geometry":{"type":"Polygon","coordinates":[[[-4.448330784404946,36.71610709867967],[-4.45103957329581,36.715705072867685],[-4.451318634040503,36.71669046669292],[-4.45197994231165,36.7173223820209],[-4.451343477847997,36.7179446366102],[-4.451380184807159,36.718163605884165],[-4.451838409145357,36.718225503685744],[-4.451578596602271,36.71916385701501],[-4.449163552317723,36.71897695025177],[-4.448330784404946,36.71610709867967]]]},"properties":{"cusec":"2906708024","rent_m2":7.34074050491866,"rent_norm":0.13,"detail":"7,34 €/m²·mes"}},{"type":"Feature","geometry":{"type":"Polygon","coordinates":[[[-4.450209488650797,36.72261039099446],[-4.4510274154967595,36.71912104321707],[-4.451482228033548,36.71915602195783],[-4.45161691424073,36.71932487262743],[-4.4514927850347705,36.71981291970797],[-4.452469394784079,36.72007289031799],[-4.451810337691059,36.7217313278627],[-4.452513689812425,36.72194033536674],[-4.452150617724047,36.722823360610406],[-4.450209488650797,36.72261039099446]]]},"properties":{"cusec":"2906708025","rent_m2":8.303030303030303,"rent_norm":0.19,"detail":"8,30 €/m²·mes"}},{"type":"Feature","geometry":{"type":"Polygon","coordinates":[[[-4.447926580256304,36.71035655106785],[-4.447537069850818,36.708934825185764],[-4.448773726603555,36.70872703970548],[-4.449076304344063,36.70961695174702],[-4.450133859487028,36.70949758631929],[-4.450220632251891,36.70990428816959],[-4.447926580256304,36.71035655106785]]]},"properties":{"cusec":"2906708026","rent_m2":8.064516129032258,"rent_norm":0.18,"detail":"8,06 €/m²·mes"}},{"type":"Feature","geometry":{"type":"Polygon","coordinates":[[[-4.446948716458847,36.71006372444985],[-4.4465589949492434,36.7087269828124],[-4.448457576217402,36.70745553012183],[-4.448811996631267,36.708693953853306],[-4.447566701678774,36.70896591176095],[-4.4477894497332535,36.70985568204623],[-4.446948716458847,36.71006372444985]]]},"properties":{"cusec":"2906708027","rent_m2":8.73015873015873,"rent_norm":0.22,"detail":"8,73 €/m²·mes"}},{"type":"Feature","geometry":{"type":"Polygon","coordinates":[[[-4.547349973420708,36.72531305536673],[-4.544196384615204,36.72501057638287],[-4.543691096640941,36.72729712835083],[-4.549559561321707,36.73057139395641],[-4.5495873929258135,36.731651449176724],[-4.548598608309443,36.732167816194256],[-4.547739605098802,36.73350178784551],[-4.545736370100023,36.733728719120485],[-4.543059227958306,36.73521884984275],[-4.542887211361176,36.735734871786384],[-4.54300463015195,36.73595831065519],[-4.543843325148975,36.73664413296908],[-4.544409725512045,36.737610282444905],[-4.545435976163959,36.738122051041294],[-4.545847592311986,36.738524608130064],[-4.545797769051403,36.738642408054645],[-4.543324904703577,36.73742604459822],[-4.541649155931557,36.73698580431929],[-4.541404336270528,36.7372210955549],[-4.540601978126761,36.7373509204838],[-4.540126094706654,36.73819761857273],[-4.539539905356225,36.738462096068176],[-4.539838006791696,36.73775741079464],[-4.539431739212854,36.73632265420738],[-4.538888785777058,36.73545537106953],[-4.537197082925553,36.73382541877262],[-4.537045512882624,36.732822312525165],[-4.5361151205563495,36.73131773477338],[-4.534948404834991,36.73000323985867],[-4.5346466454597065,36.729150784477284],[-4.534533154103342,36.72796918920079],[-4.5338027537087395,36.726698624475425],[-4.53382287866608,36.725454458013104],[-4.5340882688487785,36.72445949021195],[-4.53532246781089,36.72240417257836],[-4.535458379320113,36.721690324966495],[-4.53620019550533,36.72449704490508],[-4.538221587252576,36.72424197964608],[-4.539592404698061,36.725235464162935],[-4.540052753551928,36.72514365049189],[-4.540070877961099,36.72486437834432],[-4.541608368824377,36.72586415485282],[-4.541888326087741,36.72507814452377],[-4.542359575997585,36.721976390725544],[-4.544877931031393,36.722283768560736],[-4.547925072170673,36.72324446163299],[-4.547349973420708,36.72531305536673]]]},"properties":{"cusec":"2906708028","rent_m2":9.539473684210526,"rent_norm":0.27,"detail":"9,54 €/m²·mes"}},{"type":"Feature","geometry":{"type":"Polygon","coordinates":[[[-4.475953814101589,36.718992674407026],[-4.475073408529301,36.72001540725126],[-4.474657943998609,36.72084984393613],[-4.474624573382433,36.72175369961545],[-4.47447385673898,36.72193498761699],[-4.474609450244597,36.72220225872321],[-4.474528174270975,36.72414939076476],[-4.4741247804027475,36.724335839249726],[-4.470736838207597,36.72465045244625],[-4.469607416045274,36.72197594862019],[-4.468510754543064,36.721110622532464],[-4.468611453889793,36.72009527983523],[-4.466781397908123,36.71437138831734],[-4.466419178320957,36.71340966251319],[-4.465745348433069,36.71285406864935],[-4.473080397256788,36.71352749736847],[-4.473195860415215,36.71398579583846],[-4.473787622015374,36.71487256851364],[-4.475962059737579,36.716734509599846],[-4.4763440090233635,36.717825038572606],[-4.475953814101589,36.718992674407026]]]},"properties":{"cusec":"2906708029","rent_m2":10.205462188969156,"rent_norm":0.31,"detail":"10,21 €/m²·mes"}},{"type":"Feature","geometry":{"type":"Polygon","coordinates":[[[-4.488526032946884,36.74231328351492],[-4.488549256193614,36.74122588669947],[-4.488816531041789,36.740495363396676],[-4.48816088485188,36.738914962539624],[-4.488116926691781,36.73807501413702],[-4.488890486644164,36.735475283914894],[-4.489095015068078,36.7351722207927],[-4.4895649291830715,36.73497112090119],[-4.48871332000554,36.73309446867104],[-4.489159200593422,36.732554660812795],[-4.489533468385192,36.732561268441714],[-4.489569050653621,36.732869151064946],[-4.512529048779589,36.73290192341099],[-4.512757699663795,36.74577314463007],[-4.512540736759758,36.7574782440799],[-4.512203697848298,36.75817660633647],[-4.510696784738985,36.759401373626496],[-4.508920148872341,36.7598858460451],[-4.5071452763986,36.76208969668606],[-4.505026325814843,36.76301341152889],[-4.504714543935908,36.763377869157914],[-4.50370336252287,36.763877413242916],[-4.5029866012492645,36.764733769120106],[-4.5015210878981184,36.765362972527065],[-4.499945826470381,36.76645546260075],[-4.49902991768144,36.76773346486228],[-4.4985791152240955,36.76928952832597],[-4.497589311019853,36.77125351516542],[-4.499669820895983,36.775873960404525],[-4.499703832010956,36.77650676142527],[-4.500481776640238,36.77937465143543],[-4.5010894995063575,36.780263871267465],[-4.503311603634216,36.78201382606645],[-4.5035586142862,36.78234421114439],[-4.503750863638456,36.78322289950387],[-4.5050764482144245,36.78389118840415],[-4.505982928286163,36.785159990364626],[-4.503923837839692,36.78657387076424],[-4.503348333949536,36.78751860148334],[-4.502499315513267,36.78995407233874],[-4.502289619979881,36.79241751658521],[-4.5020867372695825,36.79293385159197],[-4.500749877040179,36.79483702598995],[-4.500381707910871,36.79296436965642],[-4.498784027228605,36.792177783399154],[-4.498190903782479,36.79143034833497],[-4.497994110751504,36.79092802563231],[-4.498191587400403,36.78971992626306],[-4.498045086550596,36.78917417591115],[-4.497904623277847,36.7889573523561],[-4.497255073953773,36.788801047508414],[-4.497045356860791,36.78851747613144],[-4.49704964362134,36.7878729462409],[-4.496729292712925,36.787140090157],[-4.496772926581206,36.78675421427764],[-4.497320372491787,36.78603743274277],[-4.497497602910804,36.78553495741361],[-4.498209295889586,36.78537499367383],[-4.498399736034888,36.785156293837765],[-4.498121513418353,36.78464373246944],[-4.49818872985947,36.784500925867356],[-4.49883252188088,36.784596457170174],[-4.499451580587572,36.78401627370316],[-4.49995127295595,36.78390635750767],[-4.5001450745970235,36.783660512475755],[-4.500104664782292,36.78338385700073],[-4.498774668579976,36.78282822851805],[-4.49878396254988,36.7826951616194],[-4.499120166028139,36.78258950136871],[-4.499319980991718,36.78205969781898],[-4.4983731288344915,36.781377529929316],[-4.496999652375766,36.78159088256647],[-4.496337065801983,36.78113949688233],[-4.493335489010547,36.78044479946907],[-4.493049035131075,36.78011939015128],[-4.49289612480171,36.77945654593031],[-4.491726516505166,36.77934726715045],[-4.491711507453395,36.77916942591172],[-4.49250832299187,36.778726757927835],[-4.492693182802636,36.77802134880325],[-4.493505348752679,36.77717966059429],[-4.493510696423567,36.775649477872584],[-4.493326628926908,36.7751830425117],[-4.493563352970595,36.774136721660085],[-4.49299523233375,36.77373147822347],[-4.4928604311422395,36.77340413069548],[-4.493313104790306,36.77267960122116],[-4.49334451168926,36.77188149504865],[-4.494257809075705,36.77143735517744],[-4.495192499840624,36.77027183601806],[-4.49595656190553,36.76995124651208],[-4.496097650405725,36.76941090994515],[-4.495555792914555,36.76855236689026],[-4.496139223538765,36.767945623503245],[-4.496927732355814,36.767676558631386],[-4.496893915276947,36.76655022768768],[-4.495466145540781,36.76633384170517],[-4.495469308508895,36.765901125478734],[-4.494833963346092,36.76563646333699],[-4.494840828271511,36.76539297407943],[-4.496434083852675,36.76510029040793],[-4.496703753609411,36.76456280326213],[-4.497814700121265,36.763469408249115],[-4.496977039983462,36.761816911455774],[-4.497213618500053,36.76076829882312],[-4.496994942508751,36.75913505966909],[-4.496704551313367,36.758604614702655],[-4.495696297509837,36.75775420137069],[-4.494683452416875,36.75547512482151],[-4.4936426481590175,36.754154124739244],[-4.493131335184155,36.75300450345233],[-4.492920638029205,36.75114576809583],[-4.492957472549123,36.749108152539996],[-4.492727502039748,36.74737135184502],[-4.4913296444059,36.7450452646174],[-4.488526032946884,36.74231328351492]]]},"properties":{"cusec":"2906708030","rent_m2":12.845643372223952,"rent_norm":0.48,"detail":"12,85 €/m²·mes"}},{"type":"Feature","geometry":{"type":"Polygon","coordinates":[[[-4.476346980650295,36.72979558479841],[-4.477180486079955,36.72929622558394],[-4.478069717599891,36.72935279021976],[-4.479160870632799,36.728897549735585],[-4.4803402588878445,36.72864404848657],[-4.481188500281424,36.72875293944815],[-4.482857065226122,36.72973722344721],[-4.483597312054511,36.7294328172467],[-4.483447311368378,36.73000480650484],[-4.482741322691664,36.73068737738773],[-4.482404873075034,36.732070802717416],[-4.482688004086276,36.7323736592197],[-4.483901392676529,36.73285110722624],[-4.482641916918955,36.73443619220789],[-4.482325373070706,36.7337862300794],[-4.481578528116538,36.73402800903725],[-4.4814105377684985,36.73367122035732],[-4.479601087342848,36.73425991632653],[-4.478151300797388,36.73448523777016],[-4.47710638584878,36.73332187270737],[-4.475516549255569,36.733032871547685],[-4.476522212317836,36.73214607022848],[-4.476060363277451,36.73079970397411],[-4.476346980650295,36.72979558479841]]]},"properties":{"cusec":"2906708031","rent_m2":9.594827586206897,"rent_norm":0.28,"detail":"9,59 €/m²·mes"}},{"type":"Feature","geometry":{"type":"Polygon","coordinates":[[[-4.478151300797388,36.73448523777016],[-4.479601087342848,36.73425991632653],[-4.4814105377684985,36.73367122035732],[-4.481578528116538,36.73402800903725],[-4.482325373070706,36.7337862300794],[-4.482641916918955,36.73443619220789],[-4.480828586669575,36.737000676744586],[-4.481238106149709,36.737496441803266],[-4.481738527950095,36.737785944483214],[-4.480713390310785,36.73838349519125],[-4.478151300797388,36.73448523777016]]]},"properties":{"cusec":"2906708032","rent_m2":10.899537962037963,"rent_norm":0.36,"detail":"10,90 €/m²·mes"}},{"type":"Feature","geometry":{"type":"Polygon","coordinates":[[[-4.468478129528578,36.719827526876756],[-4.468611453889793,36.72009527983523],[-4.468510754543064,36.721110622532464],[-4.469607416045274,36.72197594862019],[-4.470736838207597,36.72465045244625],[-4.46744374283512,36.72501597071935],[-4.46608632286378,36.719972267740715],[-4.468478129528578,36.719827526876756]]]},"properties":{"cusec":"2906708033","rent_m2":11.946153846153846,"rent_norm":0.43,"detail":"11,95 €/m²·mes"}},{"type":"Feature","geometry":{"type":"Polygon","coordinates":[[[-4.4510274154967595,36.71912104321707],[-4.450209488650797,36.72261039099446],[-4.448843465513988,36.7223926591805],[-4.4493636161146295,36.720164378104016],[-4.449163552317723,36.71897695025177],[-4.4510274154967595,36.71912104321707]]]},"properties":{"cusec":"2906708034","rent_m2":10.707070707070708,"rent_norm":0.35,"detail":"10,71 €/m²·mes"}},{"type":"Feature","geometry":{"type":"Polygon","coordinates":[[[-4.464839126177831,36.70667061839182],[-4.466401680037529,36.70638519133804],[-4.467311922253678,36.7063852388704],[-4.470021212404489,36.706591010562356],[-4.471664454739674,36.70695801624416],[-4.472184705951623,36.71011323783383],[-4.4732484244357416,36.71355244666076],[-4.462813629129716,36.7124941131172],[-4.46286968400343,36.711559627561044],[-4.463498777790165,36.7116934544734],[-4.46363902277232,36.70874928345519],[-4.464388049734304,36.70826142751049],[-4.464734900943627,36.707823687554324],[-4.464839126177831,36.70667061839182]]]},"properties":{"cusec":"2906708035","rent_m2":9.05940594059406,"rent_norm":0.24,"detail":"9,06 €/m²·mes"}},{"type":"Feature","geometry":{"type":"Polygon","coordinates":[[[-4.452967826816129,36.72309058182328],[-4.454428731809863,36.71994437404618],[-4.454487422340629,36.719669220474856],[-4.45399859779057,36.71933490746939],[-4.454159522888872,36.71890478125583],[-4.4548084308158185,36.7188585505787],[-4.455036387302335,36.71903603192856],[-4.455038960975618,36.71943263045909],[-4.45844616394877,36.719681648760755],[-4.457301169490996,36.720175645575985],[-4.45516949606788,36.72386815581743],[-4.452967826816129,36.72309058182328]]]},"properties":{"cusec":"2906708037","rent_m2":9.549055129298097,"rent_norm":0.27,"detail":"9,55 €/m²·mes"}},{"type":"Feature","geometry":{"type":"Polygon","coordinates":[[[-4.453454762209125,36.704779405660815],[-4.453963156557651,36.70442434859408],[-4.454410154649788,36.70483533008714],[-4.457698782700367,36.704398510484374],[-4.457837430477949,36.70838776249109],[-4.4563741027278745,36.709192166571235],[-4.455340380787734,36.70943914472972],[-4.453454762209125,36.704779405660815]]]},"properties":{"cusec":"2906708039","rent_m2":9.755750377073907,"rent_norm":0.29,"detail":"9,76 €/m²·mes"}},{"type":"Feature","geometry":{"type":"Polygon","coordinates":[[[-4.479312765865878,36.70805083513995],[-4.479580516821147,36.70685317854209],[-4.479361839033217,36.70678863282513],[-4.479576800490822,36.70564118005304],[-4.479497993985887,36.70508407737485],[-4.478898904827971,36.70504382396401],[-4.479023570328164,36.70382117382129],[-4.478141388786548,36.69901983754069],[-4.478794744272458,36.699507505824016],[-4.481290309945833,36.70038466899583],[-4.488532883499248,36.70177715108601],[-4.493096215548097,36.702963999950015],[-4.500471349894761,36.7029321388713],[-4.500568914121122,36.70717873230039],[-4.488682612894158,36.70843886636634],[-4.48688859193182,36.70822239933324],[-4.485716100043227,36.708451154595956],[-4.483894812517057,36.70826599626822],[-4.482161642533737,36.70840206936144],[-4.479897108280108,36.708015264402576],[-4.479312765865878,36.70805083513995]]]},"properties":{"cusec":"2906708040","rent_m2":8.522727272727272,"rent_norm":0.21,"detail":"8,52 €/m²·mes"}},{"type":"Feature","geometry":{"type":"Polygon","coordinates":[[[-4.449837020184547,36.70666021892251],[-4.45023182166707,36.70689107384712],[-4.451906732310931,36.70859662049693],[-4.451871588420385,36.71016881342592],[-4.451297466139165,36.710353846903615],[-4.450950307706036,36.7093400313621],[-4.449095609139521,36.70967809306862],[-4.448811996631267,36.708693953853306],[-4.449697611533891,36.708553611405954],[-4.449580781139614,36.70816867029162],[-4.45012941372466,36.70788771459723],[-4.4496997180832505,36.70734009639225],[-4.449043234663514,36.70709349174285],[-4.449837020184547,36.70666021892251]]]},"properties":{"cusec":"2906708041","rent_m2":7.485502717391303,"rent_norm":0.14,"detail":"7,49 €/m²·mes"}},{"type":"Feature","geometry":{"type":"Polygon","coordinates":[[[-4.472892511920165,36.73255607189943],[-4.473073563772434,36.731645677332246],[-4.472808778155916,36.730626478134575],[-4.471791178280151,36.73055797964631],[-4.471552704318318,36.731080851620796],[-4.471548845155854,36.73227299516291],[-4.469962155361075,36.73168863533796],[-4.46836255138579,36.73058842102657],[-4.468819904358203,36.73013978634586],[-4.469034485828435,36.73018660204333],[-4.469967839900208,36.729721933472874],[-4.470756904774427,36.72914933444944],[-4.471390385932985,36.728187520790655],[-4.471535863601698,36.72773735002897],[-4.471332257747603,36.72761542943682],[-4.474129913376263,36.72792108985708],[-4.475434172845702,36.72867112472581],[-4.476346980650295,36.72979558479841],[-4.4760585953929635,36.730707310188706],[-4.476188852905787,36.731478644990986],[-4.476522212317836,36.73214607022848],[-4.475981689723187,36.73272062098145],[-4.475438559319229,36.733000053181414],[-4.472892511920165,36.73255607189943]]]},"properties":{"cusec":"2906708042","rent_m2":8.79469696969697,"rent_norm":0.22,"detail":"8,79 €/m²·mes"}},{"type":"Feature","geometry":{"type":"Polygon","coordinates":[[[-4.477956668214665,36.72140393268082],[-4.47915384401067,36.71954205940849],[-4.477497678511807,36.71938137548151],[-4.475953814101589,36.718992674407026],[-4.4763440090233635,36.717825038572606],[-4.475962059737579,36.716734509599846],[-4.473787622015374,36.71487256851364],[-4.473195860415215,36.71398579583846],[-4.473094297787507,36.71357912855389],[-4.4763830758567345,36.71382911566576],[-4.4866104268074665,36.71385061909793],[-4.488537865555818,36.71402268162408],[-4.490041575272847,36.713846042030866],[-4.490556746511877,36.71390719943039],[-4.491184581758878,36.714550588857605],[-4.4912260884165995,36.715629500481796],[-4.491088974063196,36.7161202029922],[-4.491633826537523,36.71721086093991],[-4.491795340032357,36.717984033570076],[-4.491650457946686,36.72024608884006],[-4.491433016240595,36.72090682234247],[-4.4901616440937255,36.721303601306346],[-4.490057066719926,36.72047589774895],[-4.488494689828323,36.718115656655975],[-4.4845145611298864,36.71757390224984],[-4.483585439919738,36.717938461211276],[-4.484867197489616,36.71988767934999],[-4.4848033326628025,36.72001033803063],[-4.481593265877086,36.72115289662476],[-4.4799365955250545,36.7214820893914],[-4.479958836913156,36.72449362122081],[-4.477644667146805,36.72431702154489],[-4.475912582328379,36.72441061032988],[-4.477956668214665,36.72140393268082]]]},"properties":{"cusec":"2906708043","rent_m2":10.073869536486358,"rent_norm":0.31,"detail":"10,07 €/m²·mes"}},{"type":"Feature","geometry":{"type":"Polygon","coordinates":[[[-4.489533468385192,36.732561268441714],[-4.489159200593422,36.732554660812795],[-4.48871332000554,36.73309446867104],[-4.4895649291830715,36.73497112090119],[-4.489095015068078,36.7351722207927],[-4.488890486644164,36.735475283914894],[-4.488144669362708,36.73780183468215],[-4.48812248007687,36.73876757581063],[-4.488816531041789,36.740495363396676],[-4.488549256193614,36.74122588669947],[-4.488526032946884,36.74231328351492],[-4.486324309796206,36.73993959616664],[-4.482422169237515,36.740057782650446],[-4.4816296260865025,36.73958449715572],[-4.480713390310785,36.73838349519125],[-4.481738527950095,36.737785944483214],[-4.481238106149709,36.737496441803266],[-4.480828586669575,36.737000676744586],[-4.482056605222523,36.735103739318475],[-4.483901392676529,36.73285110722624],[-4.482688004086276,36.7323736592197],[-4.482404873075034,36.732070802717416],[-4.482697028561617,36.730776903601125],[-4.483447311368378,36.73000480650484],[-4.483597312054511,36.7294328172467],[-4.482857065226122,36.72973722344721],[-4.481188500281424,36.72875293944815],[-4.4803402588878445,36.72864404848657],[-4.478132142427324,36.72928441443062],[-4.477180486079955,36.72929622558394],[-4.476346980650295,36.72979558479841],[-4.475492644187542,36.728855190629034],[-4.47551093658167,36.72861110584798],[-4.476556964542916,36.72784448550965],[-4.476957087645177,36.72800646714347],[-4.477646938986165,36.72782618561492],[-4.478846339909113,36.72795199955317],[-4.479177951199611,36.727785700763214],[-4.479272979481965,36.7273337629477],[-4.479548181962491,36.72731603172436],[-4.4798609978023185,36.726942474137246],[-4.479975119776012,36.7244953903044],[-4.4814728476115695,36.72439240897941],[-4.482612135970648,36.72643770573254],[-4.487785540878422,36.72459867461828],[-4.488573077718311,36.72469232714147],[-4.489088417840628,36.725337249861084],[-4.4892699484949175,36.72606059569781],[-4.490183705818775,36.72782042140277],[-4.490091442550887,36.728461586193916],[-4.490212688164798,36.72932086664628],[-4.489533468385192,36.732561268441714]]]},"properties":{"cusec":"2906708044","rent_m2":10.476190476190476,"rent_norm":0.33,"detail":"10,48 €/m²·mes"}},{"type":"Feature","geometry":{"type":"Polygon","coordinates":[[[-4.455491968796971,36.71016410363155],[-4.455340380787734,36.70943914472972],[-4.457020019264953,36.7088800336801],[-4.457420259148204,36.71029444744444],[-4.456303187024411,36.71061381207648],[-4.456134563364118,36.71016406186272],[-4.455491968796971,36.71016410363155]]]},"properties":{"cusec":"2906708045","rent_m2":8.000946969696969,"rent_norm":0.17,"detail":"8,00 €/m²·mes"}},{"type":"Feature","geometry":{"type":"Polygon","coordinates":[[[-4.547349973420708,36.72531305536673],[-4.546475088894148,36.72895946480602],[-4.543691096640941,36.72729712835083],[-4.544196384615204,36.72501057638287],[-4.547349973420708,36.72531305536673]]]},"properties":{"cusec":"2906708046","rent_m2":9.128392890021395,"rent_norm":0.25,"detail":"9,13 €/m²·mes"}},{"type":"Feature","geometry":{"type":"Polygon","coordinates":[[[-4.471332257747603,36.72761542943682],[-4.471535863601698,36.72773735002897],[-4.471162402497022,36.728690202715875],[-4.47005005461333,36.729682759244504],[-4.469034485828435,36.73018660204333],[-4.468819904358203,36.73013978634586],[-4.468309305543966,36.73055458287077],[-4.467312630126124,36.729920776338425],[-4.4668671070677215,36.72685369224866],[-4.46976985390652,36.726485608005675],[-4.471646125514598,36.726490119519696],[-4.471686227207192,36.72704724842729],[-4.471332257747603,36.72761542943682]]]},"properties":{"cusec":"2906708047","rent_m2":7.875,"rent_norm":0.17,"detail":"7,88 €/m²·mes"}},{"type":"Feature","geometry":{"type":"Polygon","coordinates":[[[-4.453357628275774,36.719299920169256],[-4.453297046791318,36.71998569686105],[-4.452537087332325,36.72188342829122],[-4.451810337691059,36.7217313278627],[-4.452469394784079,36.72007289031799],[-4.4514927850347705,36.71981291970797],[-4.451578596602271,36.71916385701501],[-4.453357628275774,36.719299920169256]]]},"properties":{"cusec":"2906708048","rent_m2":9.226190476190476,"rent_norm":0.25,"detail":"9,23 €/m²·mes"}},{"type":"Feature","geometry":{"type":"Polygon","coordinates":[[[-4.450133859487028,36.70949758631929],[-4.450950307706036,36.7093400313621],[-4.451297466139165,36.710353846903615],[-4.448074539071834,36.710895616216774],[-4.447926580256304,36.71035655106785],[-4.449938300741232,36.7100126670249],[-4.450126222908803,36.709924518027066],[-4.450133859487028,36.70949758631929]]]},"properties":{"cusec":"2906708049","rent_m2":7.72041314212706,"rent_norm":0.16,"detail":"7,72 €/m²·mes"}},{"type":"Feature","geometry":{"type":"Polygon","coordinates":[[[-4.491468823087833,36.72494710145939],[-4.492370498969427,36.72569946147595],[-4.492348301598748,36.727045907798804],[-4.493461386100994,36.72668850059591],[-4.493910709033053,36.72694045167191],[-4.494676630610616,36.727016701964025],[-4.494520031798704,36.72627452414784],[-4.495319858490015,36.725348611615495],[-4.495286185141584,36.724700549722414],[-4.494576511575578,36.7236836200245],[-4.494608842840946,36.720763877610935],[-4.49295742404008,36.72085614727027],[-4.49220712326701,36.72066520512403],[-4.491433016240595,36.72090682234247],[-4.491650457946686,36.72024608884006],[-4.491795340032357,36.717984033570076],[-4.491633826537523,36.71721086093991],[-4.491088974063196,36.7161202029922],[-4.491221213259551,36.715377166650946],[-4.491184581758878,36.714550588857605],[-4.491032192452397,36.71425052091714],[-4.491042406297195,36.71370957243115],[-4.491444829086593,36.712843676497954],[-4.493781352530483,36.71235919011898],[-4.501035711980418,36.71160998038276],[-4.502939034556624,36.710389340942726],[-4.504321248029787,36.70927444422148],[-4.504798487905943,36.708234067530995],[-4.50468918988533,36.70759996445484],[-4.505625113138834,36.70654252549498],[-4.505385263856278,36.70624583421365],[-4.506085210464413,36.706169380374206],[-4.5108806914371975,36.706482721945804],[-4.514005802749882,36.70632134164988],[-4.517288505512872,36.70581085191773],[-4.519032171411944,36.70616946751711],[-4.528519671691309,36.7129279219437],[-4.529303159824248,36.71387112516156],[-4.530095609550462,36.71602202212741],[-4.531555575804697,36.7177789663835],[-4.535404495674417,36.72109825568194],[-4.535302028443232,36.721376849559014],[-4.535458379320113,36.721690324966495],[-4.53532246781089,36.72240417257836],[-4.534018571260812,36.724701518863675],[-4.518078157885259,36.72497342226821],[-4.512557671799505,36.73286101935107],[-4.489569050653621,36.732869151064946],[-4.489668641479267,36.731520317256106],[-4.490212688164798,36.72932086664628],[-4.490091442550887,36.728461586193916],[-4.490183705818775,36.72782042140277],[-4.4892699484949175,36.72606059569781],[-4.489088417840628,36.725337249861084],[-4.488573601436118,36.724719460935276],[-4.491468823087833,36.72494710145939]]]},"properties":{"cusec":"2906708050","rent_m2":8.665662650602409,"rent_norm":0.22,"detail":"8,67 €/m²·mes"}},{"type":"Feature","geometry":{"type":"Polygon","coordinates":[[[-4.471548845155854,36.73227299516291],[-4.471552704318318,36.731080851620796],[-4.471791178280151,36.73055797964631],[-4.472808778155916,36.730626478134575],[-4.473072444471584,36.73158709636225],[-4.472892511920165,36.73255607189943],[-4.471548845155854,36.73227299516291]]]},"properties":{"cusec":"2906708051","rent_m2":8.88888888888889,"rent_norm":0.23,"detail":"8,89 €/m²·mes"}},{"type":"Feature","geometry":{"type":"Polygon","coordinates":[[[-4.48206008170269,36.72134616691157],[-4.482083558274301,36.721001879145575],[-4.4823164438167575,36.72084941766542],[-4.4847139736482315,36.71997445672348],[-4.485069681347904,36.720016712719534],[-4.486334518251122,36.72169900941697],[-4.486797479405815,36.7226549381318],[-4.483813653324391,36.72368904253516],[-4.48206008170269,36.72134616691157]]]},"properties":{"cusec":"2906708052","rent_m2":9.34928796966738,"rent_norm":0.26,"detail":"9,35 €/m²·mes"}},{"type":"Feature","geometry":{"type":"Polygon","coordinates":[[[-4.457420259148204,36.71029444744444],[-4.4570266281704995,36.71147148249828],[-4.455350211950202,36.71268633435853],[-4.455127542947468,36.71218643614032],[-4.455306052567453,36.710343059051496],[-4.455491968796971,36.71016410363155],[-4.456118002921858,36.710122411856574],[-4.456303187024411,36.71061381207648],[-4.457420259148204,36.71029444744444]]]},"properties":{"cusec":"2906708053","rent_m2":8.12806969870328,"rent_norm":0.18,"detail":"8,13 €/m²·mes"}},{"type":"Feature","geometry":{"type":"Polygon","coordinates":[[[-4.455754527489917,36.712512365535865],[-4.4570266281704995,36.71147148249828],[-4.4574212769394155,36.71042735476894],[-4.457020019264953,36.7088800336801],[-4.459421000423741,36.707690085078376],[-4.464755045663871,36.706687129346996],[-4.464858946606257,36.70714469154262],[-4.464734900943627,36.707823687554324],[-4.464388049734304,36.70826142751049],[-4.46368342829344,36.708661806363395],[-4.463501376616269,36.71160791502549],[-4.46286968400343,36.711559627561044],[-4.462813629129716,36.7124941131172],[-4.460021913161665,36.71260212537444],[-4.457185798859036,36.71319343344185],[-4.456070576366432,36.71357667654507],[-4.455754527489917,36.712512365535865]]]},"properties":{"cusec":"2906708054","rent_m2":8.904109589041097,"rent_norm":0.23,"detail":"8,90 €/m²·mes"}},{"type":"Feature","geometry":{"type":"Polygon","coordinates":[[[-4.449837020184547,36.70666021892251],[-4.4518039192283645,36.70547700506994],[-4.452393246394089,36.70540755869949],[-4.453454762209125,36.704779405660815],[-4.454469162285829,36.707427632602794],[-4.455064534215123,36.70852698178022],[-4.455271707279191,36.70945129740955],[-4.451889250197184,36.710226566715875],[-4.451906732310931,36.70859662049693],[-4.45023182166707,36.70689107384712],[-4.449837020184547,36.70666021892251]]]},"properties":{"cusec":"2906708055","rent_m2":9.945054945054945,"rent_norm":0.3,"detail":"9,95 €/m²·mes"}},{"type":"Feature","geometry":{"type":"Polygon","coordinates":[[[-4.4741247804027475,36.724335839249726],[-4.474528174270975,36.72414939076476],[-4.474609450244597,36.72220225872321],[-4.47447385673898,36.72193498761699],[-4.47602237981228,36.722050904888135],[-4.476331393083493,36.7211694080681],[-4.477956668214665,36.72140393268082],[-4.475912582328379,36.72441061032988],[-4.4741247804027475,36.724335839249726]]]},"properties":{"cusec":"2906708056","rent_m2":10.222846441947565,"rent_norm":0.32,"detail":"10,22 €/m²·mes"}},{"type":"Feature","geometry":{"type":"Polygon","coordinates":[[[-4.458862989427131,36.725349013380914],[-4.458468917376584,36.72520597251523],[-4.4587705599709135,36.72442605760574],[-4.458850262994485,36.723660147914806],[-4.458668572440079,36.72237104365337],[-4.456995123355161,36.720825283681734],[-4.456997836267329,36.72065937124925],[-4.457301169490996,36.720175645575985],[-4.45844616394877,36.719681648760755],[-4.461211769484753,36.71986181259698],[-4.462154358237621,36.72458710754813],[-4.461895170921981,36.72546240834917],[-4.461820187646893,36.7255924713242],[-4.461049016314825,36.72566329554385],[-4.461090860739088,36.72604256177917],[-4.458862989427131,36.725349013380914]]]},"properties":{"cusec":"2906708057","rent_m2":8.782359140979597,"rent_norm":0.22,"detail":"8,78 €/m²·mes"}},{"type":"Feature","geometry":{"type":"Polygon","coordinates":[[[-4.4579269026802555,36.71303942691813],[-4.460021913161665,36.71260212537444],[-4.46194764241604,36.7124387689287],[-4.465705774051538,36.71275988608058],[-4.466419178320957,36.71340966251319],[-4.467314553419143,36.71616902262155],[-4.460446721967965,36.71703481554839],[-4.459498544795688,36.717337413793246],[-4.4595967755719945,36.717998689331885],[-4.457939157497359,36.71806001336413],[-4.458087613081217,36.71666783783316],[-4.4579269026802555,36.71303942691813]]]},"properties":{"cusec":"2906708058","rent_m2":9.078920361247947,"rent_norm":0.24,"detail":"9,08 €/m²·mes"}},{"type":"Feature","geometry":{"type":"Polygon","coordinates":[[[-4.471332257747603,36.72761542943682],[-4.471686227207192,36.72704724842729],[-4.4716232283563135,36.72617201104992],[-4.470736838207597,36.72465045244625],[-4.473393065772891,36.72431561318696],[-4.476077224655337,36.72439000051684],[-4.475995012637139,36.72670277885842],[-4.475498222725483,36.72758766523608],[-4.474950849578434,36.72784255738621],[-4.47464404346789,36.7281812403777],[-4.474129913376263,36.72792108985708],[-4.471332257747603,36.72761542943682]]]},"properties":{"cusec":"2906708059","rent_m2":8.775460239651416,"rent_norm":0.22,"detail":"8,78 €/m²·mes"}},{"type":"Feature","geometry":{"type":"Polygon","coordinates":[[[-4.4579269026802555,36.71303942691813],[-4.458042350567298,36.717407731485146],[-4.457418571213792,36.71961686827847],[-4.455743272497718,36.71950286702595],[-4.455615883305591,36.71888486483323],[-4.456745863321712,36.71841261749867],[-4.456251135043595,36.717845634305526],[-4.455484422948587,36.71745006306182],[-4.4542904765960465,36.71730942481078],[-4.453900612254304,36.71547133809016],[-4.452984580396162,36.71401998623024],[-4.45504802677346,36.71380775049025],[-4.4579269026802555,36.71303942691813]]]},"properties":{"cusec":"2906708060","rent_m2":7.8,"rent_norm":0.16,"detail":"7,80 €/m²·mes"}},{"type":"Feature","geometry":{"type":"Polygon","coordinates":[[[-4.479975119776012,36.7244953903044],[-4.4798609978023185,36.726942474137246],[-4.479548181962491,36.72731603172436],[-4.479272979481965,36.7273337629477],[-4.479177951199611,36.727785700763214],[-4.478846339909113,36.72795199955317],[-4.477646938986165,36.72782618561492],[-4.476957087645177,36.72800646714347],[-4.476556964542916,36.72784448550965],[-4.476029439672102,36.72814676469569],[-4.475517387383727,36.72875800593184],[-4.47464404346789,36.7281812403777],[-4.474950849578434,36.72784255738621],[-4.475498222725483,36.72758766523608],[-4.475995012637139,36.72670277885842],[-4.476077224655337,36.72439000051684],[-4.477644667146805,36.72431702154489],[-4.479975119776012,36.7244953903044]]]},"properties":{"cusec":"2906708061","rent_m2":9.416522085323946,"rent_norm":0.26,"detail":"9,42 €/m²·mes"}},{"type":"Feature","geometry":{"type":"Polygon","coordinates":[[[-4.479975119776012,36.7244953903044],[-4.4799365955250545,36.7214820893914],[-4.482083558274301,36.721001879145575],[-4.48206008170269,36.72134616691157],[-4.483813653324391,36.72368904253516],[-4.480967714147506,36.724506932187744],[-4.479975119776012,36.7244953903044]]]},"properties":{"cusec":"2906708062","rent_m2":8.645735462991961,"rent_norm":0.21,"detail":"8,65 €/m²·mes"}},{"type":"Feature","geometry":{"type":"Polygon","coordinates":[[[-4.4595967755719945,36.717998689331885],[-4.459709866279754,36.71852956187015],[-4.467700579259655,36.71737483443263],[-4.468476505374526,36.719824261397804],[-4.464370636790835,36.71998876647679],[-4.465466401774408,36.72526989435124],[-4.461820187646893,36.7255924713242],[-4.462154358237621,36.72458710754813],[-4.461211769484753,36.71986181259698],[-4.457418571213792,36.71961686827847],[-4.457929951562304,36.718060331638654],[-4.4595967755719945,36.717998689331885]]]},"properties":{"cusec":"2906708063","rent_m2":10.181056293485137,"rent_norm":0.31,"detail":"10,18 €/m²·mes"}},{"type":"Feature","geometry":{"type":"Polygon","coordinates":[[[-4.535458379320113,36.721690324966495],[-4.535302028443232,36.721376849559014],[-4.535404495674417,36.72109825568194],[-4.531555575804697,36.7177789663835],[-4.530095609550462,36.71602202212741],[-4.529303159824248,36.71387112516156],[-4.528519671691309,36.7129279219437],[-4.5188629045578965,36.705959771813646],[-4.520775571409711,36.705802406935724],[-4.526641593571202,36.70576343008376],[-4.526935957116784,36.70550501276685],[-4.52720401799082,36.7046948099048],[-4.527529192852313,36.70461853313294],[-4.530174282206397,36.70481219719522],[-4.533999020326982,36.70452861776684],[-4.535637256351043,36.70472157265563],[-4.538058776590501,36.705368657267954],[-4.537943464349053,36.705692375778995],[-4.537384048387349,36.70621789448452],[-4.536439795056227,36.706462202387335],[-4.534312070627085,36.70616517374719],[-4.533845950097501,36.70596378976179],[-4.5334048305806025,36.70536555609955],[-4.53305519728887,36.705216833826945],[-4.5321315953278205,36.70526925921352],[-4.531439076888784,36.705735636378535],[-4.531056527528406,36.70643236072291],[-4.531011697104158,36.707084171161824],[-4.531166780458168,36.70740671431813],[-4.53171000338856,36.7081591373906],[-4.5326682955909545,36.70819866107729],[-4.533181491434667,36.70867205144632],[-4.5332016110020925,36.70885654120331],[-4.533017386300241,36.709145145073165],[-4.531680888091901,36.70960175786903],[-4.531144971159702,36.71004582864552],[-4.530876437771828,36.710828981151444],[-4.530934047629318,36.711882850464086],[-4.538863580846797,36.712891636217975],[-4.538747893109562,36.71342268951272],[-4.544878614649317,36.71399455533199],[-4.5459986458236505,36.71436536385481],[-4.547895332544865,36.71438355461935],[-4.549020740136193,36.71502016889569],[-4.548825255052258,36.71650774053011],[-4.547469151112833,36.71637214913229],[-4.547206051634101,36.717506806362536],[-4.546693868191717,36.71759684767901],[-4.546383355632281,36.72036588544412],[-4.545808308086318,36.72131980237683],[-4.545219619622729,36.72160910971754],[-4.544889532773274,36.72224889708997],[-4.542359575997585,36.721976390725544],[-4.541888326087741,36.72507814452377],[-4.541608368824377,36.72586415485282],[-4.540070877961099,36.72486437834432],[-4.540052753551928,36.72514365049189],[-4.539592404698061,36.725235464162935],[-4.538221587252576,36.72424197964608],[-4.53620019550533,36.72449704490508],[-4.535458379320113,36.721690324966495]]]},"properties":{"cusec":"2906708064","rent_m2":8.032786885245901,"rent_norm":0.18,"detail":"8,03 €/m²·mes"}},{"type":"Feature","geometry":{"type":"Polygon","coordinates":[[[-4.490934371307834,36.721041854177784],[-4.4892326190033,36.72227745814336],[-4.488677740432069,36.722999885957435],[-4.488472765545496,36.723431741786726],[-4.4885818353940135,36.7246977359006],[-4.487785540878422,36.72459867461828],[-4.482612135970648,36.72643770573254],[-4.4814728476115695,36.72439240897941],[-4.4863604014093905,36.72281361927785],[-4.490934371307834,36.721041854177784]]]},"properties":{"cusec":"2906708065","rent_m2":10.714285714285715,"rent_norm":0.35,"detail":"10,71 €/m²·mes"}},{"type":"Feature","geometry":{"type":"Polygon","coordinates":[[[-4.491468823087833,36.72494710145939],[-4.492719221369436,36.723629222090736],[-4.491349387579207,36.72265425697869],[-4.492046962635005,36.72195864746467],[-4.491811937305529,36.72083589652944],[-4.49220712326701,36.72066520512403],[-4.49295742404008,36.72085614727027],[-4.494608842840946,36.720763877610935],[-4.494576511575578,36.7236836200245],[-4.495309323048357,36.724804946903326],[-4.49520906118118,36.725135346597035],[-4.495319858490015,36.725348611615495],[-4.494520031798704,36.72627452414784],[-4.494676630610616,36.727016701964025],[-4.493910709033053,36.72694045167191],[-4.493461386100994,36.72668850059591],[-4.492348301598748,36.727045907798804],[-4.492370498969427,36.72569946147595],[-4.491468823087833,36.72494710145939]]]},"properties":{"cusec":"2906708066","rent_m2":8.240785508503684,"rent_norm":0.19,"detail":"8,24 €/m²·mes"}},{"type":"Feature","geometry":{"type":"Polygon","coordinates":[[[-4.466085960842716,36.71995319766577],[-4.46744374283512,36.72501597071935],[-4.465466401774408,36.72526989435124],[-4.464370636790835,36.71998876647679],[-4.466085960842716,36.71995319766577]]]},"properties":{"cusec":"2906708067","rent_m2":10.2003835518687,"rent_norm":0.31,"detail":"10,20 €/m²·mes"}},{"type":"Feature","geometry":{"type":"Polygon","coordinates":[[[-4.4901616440937255,36.721303601306346],[-4.486797479405815,36.7226549381318],[-4.485907725964664,36.72107471149722],[-4.485069681347904,36.720016712719534],[-4.4848033326628025,36.72001033803063],[-4.484867197489616,36.71988767934999],[-4.483585439919738,36.717938461211276],[-4.4845145611298864,36.71757390224984],[-4.488494689828323,36.718115656655975],[-4.490057066719926,36.72047589774895],[-4.4901616440937255,36.721303601306346]]]},"properties":{"cusec":"2906708068","rent_m2":9.951690821256038,"rent_norm":0.3,"detail":"9,95 €/m²·mes"}},{"type":"Feature","geometry":{"type":"Polygon","coordinates":[[[-4.475953814101589,36.718992674407026],[-4.477497678511807,36.71938137548151],[-4.47915384401067,36.71954205940849],[-4.477956668214665,36.72140393268082],[-4.476331393083493,36.7211694080681],[-4.47602237981228,36.722050904888135],[-4.47447385673898,36.72193498761699],[-4.474624573382433,36.72175369961545],[-4.4748190927774205,36.720439979216444],[-4.475953814101589,36.718992674407026]]]},"properties":{"cusec":"2906708069","rent_m2":8.928571428571429,"rent_norm":0.23,"detail":"8,93 €/m²·mes"}},{"type":"Feature","geometry":{"type":"Polygon","coordinates":[[[-4.461090860739088,36.72604256177917],[-4.461049016314825,36.72566329554385],[-4.466610353288152,36.725128286161684],[-4.46718675818853,36.72958006566403],[-4.467336319598481,36.729857756173125],[-4.4624891935817,36.726764379620015],[-4.461090860739088,36.72604256177917]]]},"properties":{"cusec":"2906708070","rent_m2":9.195402298850574,"rent_norm":0.25,"detail":"9,20 €/m²·mes"}},{"type":"Feature","geometry":{"type":"Polygon","coordinates":[[[-4.4595967755719945,36.717998689331885],[-4.459498544795688,36.717337413793246],[-4.460446721967965,36.71703481554839],[-4.467314553419143,36.71616902262155],[-4.467700579259655,36.71737483443263],[-4.459709866279754,36.71852956187015],[-4.4595967755719945,36.717998689331885]]]},"properties":{"cusec":"2906708071","rent_m2":10.185185185185185,"rent_norm":0.31,"detail":"10,19 €/m²·mes"}},{"type":"Feature","geometry":{"type":"Polygon","coordinates":[[[-4.4885818353940135,36.7246977359006],[-4.488472765545496,36.723431741786726],[-4.4892326190033,36.72227745814336],[-4.490934371307834,36.721041854177784],[-4.491738028415536,36.72080370803647],[-4.492046962635005,36.72195864746467],[-4.491349387579207,36.72265425697869],[-4.492719221369436,36.723629222090736],[-4.491468823087833,36.72494710145939],[-4.4885818353940135,36.7246977359006]]]},"properties":{"cusec":"2906708072","rent_m2":7.222222222222222,"rent_norm":0.12,"detail":"7,22 €/m²·mes"}},{"type":"Feature","geometry":{"type":"Polygon","coordinates":[[[-4.425946499476525,36.71675555568151],[-4.426466789316049,36.715414301644294],[-4.426795466708826,36.71508600532923],[-4.427185121743112,36.71533175548909],[-4.428926019932795,36.71367954418987],[-4.429450406988347,36.71400237363285],[-4.428497439100648,36.71485094078884],[-4.4287120026045725,36.71507970872269],[-4.42897449392387,36.71485713875938],[-4.429572400898872,36.71531025895243],[-4.429697650303979,36.715834561164606],[-4.429948911783894,36.71596510130598],[-4.432890619454907,36.71628635421903],[-4.435771236296711,36.71602983518123],[-4.435539112525626,36.716609797747715],[-4.435797785106629,36.71697873293998],[-4.435770503271446,36.71712563727207],[-4.435047639742091,36.717132250549156],[-4.428045004404444,36.71668636649526],[-4.425946499476525,36.71675555568151]]]},"properties":{"cusec":"2906709001","rent_m2":10.004263157894737,"rent_norm":0.3,"detail":"10,00 €/m²·mes"}},{"type":"Feature","geometry":{"type":"Polygon","coordinates":[[[-4.4305100704772675,36.71821997637827],[-4.429882584674904,36.71795030795333],[-4.428953544313127,36.71788174559241],[-4.427336709752349,36.71887898617887],[-4.426345663178086,36.717613856743505],[-4.425900927942171,36.717556304868886],[-4.425945741298441,36.71676935693074],[-4.428500673035667,36.716708110358056],[-4.436057468292333,36.7171127081122],[-4.436108492600469,36.71727821631642],[-4.435720596467533,36.71753080673337],[-4.435992343129159,36.718559614138385],[-4.4352934134139375,36.71896464858405],[-4.43461384868128,36.71800158116765],[-4.434266606704854,36.7178412439772],[-4.431153087252582,36.717646633439976],[-4.4305100704772675,36.71821997637827]]]},"properties":{"cusec":"2906709002","rent_m2":8.333333333333334,"rent_norm":0.19,"detail":"8,33 €/m²·mes"}},{"type":"Feature","geometry":{"type":"Polygon","coordinates":[[[-4.431071018066556,36.71406902250873],[-4.431270577908591,36.71415004049701],[-4.433252706989732,36.71352994361791],[-4.434465753321858,36.71333641098404],[-4.43545033651767,36.71511603662134],[-4.436234188468266,36.71534544825846],[-4.436422611895751,36.71592232749094],[-4.4381385665649615,36.71566273528877],[-4.439947195032134,36.715009892974486],[-4.440285420618061,36.71573370836425],[-4.440042893457656,36.71586058913565],[-4.440210119339366,36.71646250645932],[-4.435786042329238,36.71712552205821],[-4.435539112525626,36.716609797747715],[-4.435771236296711,36.71602983518123],[-4.432890619454907,36.71628635421903],[-4.429710823199316,36.71590595173832],[-4.429636523542152,36.71542779060986],[-4.431093296285606,36.71425690184498],[-4.431071018066556,36.71406902250873]]]},"properties":{"cusec":"2906709003","rent_m2":10.20323859881031,"rent_norm":0.31,"detail":"10,20 €/m²·mes"}},{"type":"Feature","geometry":{"type":"Polygon","coordinates":[[[-4.436002517448085,36.71521303695215],[-4.43545033651767,36.71511603662134],[-4.434466944487942,36.71333634689315],[-4.43495584359816,36.713442433802214],[-4.437331008073998,36.713063255854635],[-4.43814711942476,36.713914407080956],[-4.437102993197003,36.7144564206104],[-4.437423407885812,36.714932238074354],[-4.436002517448085,36.71521303695215]]]},"properties":{"cusec":"2906709004","rent_m2":8.244301994301994,"rent_norm":0.19,"detail":"8,24 €/m²·mes"}},{"type":"Feature","geometry":{"type":"Polygon","coordinates":[[[-4.428924629340754,36.71358549801554],[-4.428529524227645,36.713279249812146],[-4.429328591842544,36.71250346328753],[-4.431071018066556,36.71406902250873],[-4.431093296285606,36.71425690184498],[-4.42969860431483,36.71540652741339],[-4.42897449392387,36.71485713875938],[-4.4287120026045725,36.71507970872269],[-4.428495000174662,36.71490897500202],[-4.429450406988347,36.71400237363285],[-4.428924629340754,36.71358549801554]]]},"properties":{"cusec":"2906709005","rent_m2":13.768115942028984,"rent_norm":0.54,"detail":"13,77 €/m²·mes"}},{"type":"Feature","geometry":{"type":"Polygon","coordinates":[[[-4.426009928620446,36.71474945948223],[-4.429226041966359,36.711610048795954],[-4.4298018270291735,36.712078651581166],[-4.428529524227645,36.713279249812146],[-4.428924629340754,36.71358549801554],[-4.428731298416892,36.71388222000838],[-4.427185121743112,36.71533175548909],[-4.426795466708826,36.71508600532923],[-4.426501272046566,36.71535664874756],[-4.425979356256361,36.71661800031131],[-4.426009928620446,36.71474945948223]]]},"properties":{"cusec":"2906709006","rent_m2":9.651944537440018,"rent_norm":0.28,"detail":"9,65 €/m²·mes"}},{"type":"Feature","geometry":{"type":"Polygon","coordinates":[[[-4.425903403699104,36.711314114504326],[-4.427236256544023,36.71003843915341],[-4.429226041966359,36.711610048795954],[-4.426009928620446,36.71474945948223],[-4.425903403699104,36.711314114504326]]]},"properties":{"cusec":"2906709007","rent_m2":10.488095238095239,"rent_norm":0.33,"detail":"10,49 €/m²·mes"}},{"type":"Feature","geometry":{"type":"Polygon","coordinates":[[[-4.428780268277966,36.70832079469323],[-4.430185154330571,36.70942616242483],[-4.42968069190804,36.71063783980586],[-4.430557135909961,36.71156253620241],[-4.4298018270291735,36.712078651581166],[-4.427236256544023,36.71003843915341],[-4.427878331884946,36.70960708631299],[-4.428198045887818,36.70895875189712],[-4.428780268277966,36.70832079469323]]]},"properties":{"cusec":"2906709008","rent_m2":10.89514652014652,"rent_norm":0.36,"detail":"10,90 €/m²·mes"}},{"type":"Feature","geometry":{"type":"Polygon","coordinates":[[[-4.440905319249538,36.7203321054287],[-4.442002740726492,36.721395641342475],[-4.44043722242634,36.72139266754915],[-4.440193573270162,36.72172462209596],[-4.439924102939448,36.72175943044088],[-4.439649970352397,36.72163882019988],[-4.439538484934051,36.72136523088028],[-4.439733993374177,36.72109921046769],[-4.438806833186291,36.72013727582365],[-4.440905319249538,36.7203321054287]]]},"properties":{"cusec":"2906709009","rent_m2":8.292883610292147,"rent_norm":0.19,"detail":"8,29 €/m²·mes"}},{"type":"Feature","geometry":{"type":"Polygon","coordinates":[[[-4.432359654934873,36.703011365173595],[-4.432783871751386,36.70245579191489],[-4.436656623925567,36.704984810749046],[-4.436087507955438,36.705828372047556],[-4.432359654934873,36.703011365173595]]]},"properties":{"cusec":"2906709010","rent_m2":7.991830065359477,"rent_norm":0.17,"detail":"7,99 €/m²·mes"}},{"type":"Feature","geometry":{"type":"Polygon","coordinates":[[[-4.438679082871399,36.70522246649867],[-4.440719650955052,36.703624871280994],[-4.442623796388066,36.70656292548118],[-4.442035855322829,36.706934133561205],[-4.44139114162993,36.70651264785246],[-4.4406444305247295,36.706815039796375],[-4.439523059063993,36.706246673233565],[-4.4397427142189665,36.7061128425965],[-4.438679082871399,36.70522246649867]]]},"properties":{"cusec":"2906709011","rent_m2":8.766233766233766,"rent_norm":0.22,"detail":"8,77 €/m²·mes"}},{"type":"Feature","geometry":{"type":"Polygon","coordinates":[[[-4.438693931124757,36.70879634696507],[-4.437878963329299,36.70835548668297],[-4.437911486834179,36.70799883655264],[-4.438362240782481,36.707549785448606],[-4.437528604198845,36.70684436494087],[-4.436460228848273,36.70768961840485],[-4.435988150691739,36.70729212600534],[-4.438679082871399,36.70522246649867],[-4.4397427142189665,36.7061128425965],[-4.439523059063993,36.706246673233565],[-4.4406444305247295,36.706815039796375],[-4.44139114162993,36.70651264785246],[-4.442035855322829,36.706934133561205],[-4.442623796388066,36.70656292548118],[-4.4428150270508135,36.70670705973448],[-4.44047496693965,36.70806681647231],[-4.439246599840361,36.709145758650834],[-4.438693931124757,36.70879634696507]]]},"properties":{"cusec":"2906709012","rent_m2":10,"rent_norm":0.3,"detail":"10,00 €/m²·mes"}},{"type":"Feature","geometry":{"type":"Polygon","coordinates":[[[-4.433779605734803,36.708576892966406],[-4.435661490016779,36.70710778156985],[-4.435559160227817,36.70702077216781],[-4.436475321443374,36.70627276206774],[-4.436964645456719,36.70656371696537],[-4.434281690316784,36.70872942489372],[-4.433779605734803,36.708576892966406]]]},"properties":{"cusec":"2906709013","rent_m2":8.74002659574468,"rent_norm":0.22,"detail":"8,74 €/m²·mes"}},{"type":"Feature","geometry":{"type":"Polygon","coordinates":[[[-4.43649998918107,36.706183972132344],[-4.436087507955438,36.705828372047556],[-4.436674154548358,36.704996506805976],[-4.437818146486271,36.705897653833965],[-4.436964645456719,36.70656371696537],[-4.43649998918107,36.706183972132344]]]},"properties":{"cusec":"2906709014","rent_m2":8.518732503258617,"rent_norm":0.21,"detail":"8,52 €/m²·mes"}},{"type":"Feature","geometry":{"type":"Polygon","coordinates":[[[-4.436693226680133,36.70496925225378],[-4.4371506308565145,36.70431922871561],[-4.43841685925007,36.70487408630796],[-4.437472365170459,36.70561112921334],[-4.436693226680133,36.70496925225378]]]},"properties":{"cusec":"2906709015","rent_m2":9.15492957746479,"rent_norm":0.25,"detail":"9,15 €/m²·mes"}},{"type":"Feature","geometry":{"type":"Polygon","coordinates":[[[-4.437644867756153,36.704568131797416],[-4.439023765547628,36.702996028106355],[-4.440487956578646,36.70380566982656],[-4.439211750597229,36.70484818137067],[-4.438905867954767,36.70461565879858],[-4.438247545683639,36.70487642264205],[-4.437644867756153,36.704568131797416]]]},"properties":{"cusec":"2906709016","rent_m2":8.495920745920746,"rent_norm":0.21,"detail":"8,50 €/m²·mes"}},{"type":"Feature","geometry":{"type":"Polygon","coordinates":[[[-4.442210114114881,36.70956173655485],[-4.44250679172062,36.70938121080805],[-4.443540627746825,36.71020473604072],[-4.442906705515458,36.710682983686915],[-4.442016445424478,36.7100324474782],[-4.442463483940784,36.70977664139811],[-4.442210114114881,36.70956173655485]]]},"properties":{"cusec":"2906709017","rent_m2":9.557720976854382,"rent_norm":0.27,"detail":"9,56 €/m²·mes"}},{"type":"Feature","geometry":{"type":"Polygon","coordinates":[[[-4.435858496846796,36.7028684742919],[-4.437622128701391,36.70094058133221],[-4.4389446203778204,36.7015595410055],[-4.437504633553797,36.70381016538759],[-4.435858496846796,36.7028684742919]]]},"properties":{"cusec":"2906709018","rent_m2":8.511348864258347,"rent_norm":0.21,"detail":"8,51 €/m²·mes"}},{"type":"Feature","geometry":{"type":"Polygon","coordinates":[[[-4.4371506308565145,36.70431922871561],[-4.4389446203778204,36.7015595410055],[-4.439318676167176,36.70212741358449],[-4.440782395582717,36.70357677469828],[-4.440487956578646,36.70380566982656],[-4.440284817848507,36.70375112313703],[-4.439023765547628,36.702996028106355],[-4.437644867756153,36.704568131797416],[-4.4371506308565145,36.70431922871561]]]},"properties":{"cusec":"2906709019","rent_m2":8.195288194444444,"rent_norm":0.19,"detail":"8,20 €/m²·mes"}},{"type":"Feature","geometry":{"type":"Polygon","coordinates":[[[-4.437472365170459,36.70561112921334],[-4.438839831001606,36.70456875693494],[-4.439176298584545,36.70482226706204],[-4.437818146486271,36.705897653833965],[-4.437472365170459,36.70561112921334]]]},"properties":{"cusec":"2906709020","rent_m2":9.701492537313433,"rent_norm":0.28,"detail":"9,70 €/m²·mes"}},{"type":"Feature","geometry":{"type":"Polygon","coordinates":[[[-4.44250679172062,36.70938121080805],[-4.4440348125441975,36.70862352952316],[-4.444761834374983,36.709766235867725],[-4.444313203145689,36.70979876025708],[-4.443540627746825,36.71020473604072],[-4.44250679172062,36.70938121080805]]]},"properties":{"cusec":"2906709021","rent_m2":8.108108108108107,"rent_norm":0.18,"detail":"8,11 €/m²·mes"}},{"type":"Feature","geometry":{"type":"Polygon","coordinates":[[[-4.436101449808624,36.71204420755829],[-4.434715670023785,36.71268537514742],[-4.435628998851261,36.71125206638564],[-4.436082761257476,36.71086954839597],[-4.4366072893485065,36.71129273134603],[-4.436699482547787,36.71171447673128],[-4.436101449808624,36.71204420755829]]]},"properties":{"cusec":"2906709022","rent_m2":8.503957179610168,"rent_norm":0.21,"detail":"8,50 €/m²·mes"}},{"type":"Feature","geometry":{"type":"Polygon","coordinates":[[[-4.438589760687774,36.71103534442489],[-4.440755673397959,36.709298835330394],[-4.440354587301676,36.70891732376827],[-4.441000809265933,36.70830848915867],[-4.441240618124287,36.708143407417076],[-4.441944060077196,36.708378153999476],[-4.4409694113501175,36.70916507410298],[-4.441636685333054,36.709751141400744],[-4.4416017238005185,36.70987290815087],[-4.439538876599519,36.710921029416994],[-4.438589760687774,36.71103534442489]]]},"properties":{"cusec":"2906709023","rent_m2":8.45711111111111,"rent_norm":0.2,"detail":"8,46 €/m²·mes"}},{"type":"Feature","geometry":{"type":"Polygon","coordinates":[[[-4.441891132238977,36.71341569497203],[-4.44106508462282,36.712215556157474],[-4.441254726165837,36.711974397693325],[-4.441524224344327,36.71206433891414],[-4.445864356486123,36.711228920302254],[-4.447639896408108,36.71383718818494],[-4.446035656227636,36.714097812719736],[-4.445652687354047,36.712808484605794],[-4.441891132238977,36.71341569497203]]]},"properties":{"cusec":"2906709024","rent_m2":14.703907890789077,"rent_norm":0.6,"detail":"14,70 €/m²·mes"}},{"type":"Feature","geometry":{"type":"Polygon","coordinates":[[[-4.439992865381169,36.71070112347271],[-4.441194173427488,36.71009726124801],[-4.441777469304401,36.7105528493761],[-4.441172397366682,36.711151682864084],[-4.440630899201618,36.71144216560088],[-4.439992865381169,36.71070112347271]]]},"properties":{"cusec":"2906709026","rent_m2":8.450704225352114,"rent_norm":0.2,"detail":"8,45 €/m²·mes"}},{"type":"Feature","geometry":{"type":"Polygon","coordinates":[[[-4.441254726165837,36.711974397693325],[-4.441189867802334,36.711815183579006],[-4.444313203145689,36.70979876025708],[-4.444691285184135,36.70979192094009],[-4.445599897856382,36.71108117796988],[-4.445864356486123,36.711228920302254],[-4.441524224344327,36.71206433891414],[-4.441254726165837,36.711974397693325]]]},"properties":{"cusec":"2906709027","rent_m2":6.4655,"rent_norm":0.08,"detail":"6,47 €/m²·mes"}},{"type":"Feature","geometry":{"type":"Polygon","coordinates":[[[-4.4388633911165805,36.71462187836879],[-4.437382778882121,36.71303903228955],[-4.439703455146082,36.71212106458883],[-4.4405545630637,36.71204596756689],[-4.440712867776335,36.712185996859084],[-4.440668415542832,36.71239667223403],[-4.440038899547894,36.71326765007209],[-4.43951015835821,36.71465013189071],[-4.439254226537118,36.71439944822112],[-4.4388633911165805,36.71462187836879]]]},"properties":{"cusec":"2906709028","rent_m2":8.172043010752688,"rent_norm":0.18,"detail":"8,17 €/m²·mes"}},{"type":"Feature","geometry":{"type":"Polygon","coordinates":[[[-4.445803469574488,36.71657049225489],[-4.445479092416949,36.71550400552516],[-4.44659233951427,36.715298899313595],[-4.446621697356078,36.71503858129796],[-4.446819369837712,36.714995634141395],[-4.446632557089557,36.714353963029836],[-4.446449471451491,36.714384807615154],[-4.446306767780414,36.714049418802816],[-4.447639896408108,36.71383718818494],[-4.448251985086521,36.716195815220765],[-4.445803469574488,36.71657049225489]]]},"properties":{"cusec":"2906709029","rent_m2":9.648679807344253,"rent_norm":0.28,"detail":"9,65 €/m²·mes"}},{"type":"Feature","geometry":{"type":"Polygon","coordinates":[[[-4.442358352306442,36.71793505595663],[-4.44214924966114,36.71729545875911],[-4.4433978872448,36.717056134461],[-4.443075950809909,36.715929778345576],[-4.445479092416949,36.71550400552516],[-4.445903094536123,36.71700187441084],[-4.44337193042467,36.71744038945574],[-4.443479235083691,36.71779206320999],[-4.442358352306442,36.71793505595663]]]},"properties":{"cusec":"2906709030","rent_m2":8.19672131147541,"rent_norm":0.19,"detail":"8,20 €/m²·mes"}},{"type":"Feature","geometry":{"type":"Polygon","coordinates":[[[-4.442701834833449,36.714690370908066],[-4.446306287181733,36.714049500896],[-4.446449471451491,36.714384807615154],[-4.446632557089557,36.714353963029836],[-4.446819369837712,36.714995634141395],[-4.446621697356078,36.71503858129796],[-4.44659233951427,36.715298899313595],[-4.443075950809909,36.715929778345576],[-4.442701834833449,36.714690370908066]]]},"properties":{"cusec":"2906709031","rent_m2":8.666666666666666,"rent_norm":0.22,"detail":"8,67 €/m²·mes"}},{"type":"Feature","geometry":{"type":"Polygon","coordinates":[[[-4.441321161072678,36.71942804508376],[-4.441434921025309,36.71838493493986],[-4.440800243310783,36.71830773709899],[-4.4405676299578465,36.717524086198225],[-4.441949163406339,36.71727073822929],[-4.442103057390926,36.71707959418708],[-4.441829829407353,36.71616346708238],[-4.443075950809909,36.715929778345576],[-4.4433978872448,36.717056134461],[-4.44214924966114,36.71729545875911],[-4.442511401874658,36.718447001060476],[-4.445186468908113,36.71865569994955],[-4.445097319200998,36.71969041264533],[-4.441321161072678,36.71942804508376]]]},"properties":{"cusec":"2906709032","rent_m2":9.543010752688172,"rent_norm":0.27,"detail":"9,54 €/m²·mes"}},{"type":"Feature","geometry":{"type":"Polygon","coordinates":[[[-4.440022507988924,36.71499546635652],[-4.442701834833449,36.714690370908066],[-4.443075950809909,36.715929778345576],[-4.440210119339366,36.71646250645932],[-4.440042893457656,36.71586058913565],[-4.4403041531867,36.715798833448346],[-4.440022507988924,36.71499546635652]]]},"properties":{"cusec":"2906709033","rent_m2":7.6308333333333325,"rent_norm":0.15,"detail":"7,63 €/m²·mes"}},{"type":"Feature","geometry":{"type":"Polygon","coordinates":[[[-4.442358352306442,36.71793505595663],[-4.443479235083691,36.71779206320999],[-4.44337193042467,36.71744038945574],[-4.445903094536123,36.71700187441084],[-4.445803469574488,36.71657049225489],[-4.448330784404946,36.71610709867967],[-4.449163552317723,36.71897695025177],[-4.442511401874658,36.718447001060476],[-4.442358352306442,36.71793505595663]]]},"properties":{"cusec":"2906709034","rent_m2":9.380185185185185,"rent_norm":0.26,"detail":"9,38 €/m²·mes"}},{"type":"Feature","geometry":{"type":"Polygon","coordinates":[[[-4.440905319249538,36.7203321054287],[-4.441162739579054,36.71961995879075],[-4.441614558030983,36.71943691556693],[-4.445097319200998,36.71969041264533],[-4.445186468908113,36.71865569994955],[-4.449163552317723,36.71897695025177],[-4.449373726653161,36.72003351531119],[-4.448843465513988,36.7223926591805],[-4.443561050944802,36.72139992202051],[-4.442002740726492,36.721395641342475],[-4.440905319249538,36.7203321054287]]]},"properties":{"cusec":"2906709036","rent_m2":10.367041198501873,"rent_norm":0.32,"detail":"10,37 €/m²·mes"}},{"type":"Feature","geometry":{"type":"Polygon","coordinates":[[[-4.435293991030672,36.71896527288437],[-4.436783858607493,36.7181074506519],[-4.438806833186291,36.72013727582365],[-4.437181835634555,36.72112326732002],[-4.435293991030672,36.71896527288437]]]},"properties":{"cusec":"2906709037","rent_m2":8.630952380952381,"rent_norm":0.21,"detail":"8,63 €/m²·mes"}},{"type":"Feature","geometry":{"type":"Polygon","coordinates":[[[-4.432687033363748,36.71984095818256],[-4.432601480511044,36.71937115198842],[-4.433853603558009,36.71945246897262],[-4.435293991030672,36.71896527288437],[-4.4370668863124685,36.7209092035523],[-4.437181835634555,36.72112326732002],[-4.4370948616470445,36.7214128022157],[-4.435280811847122,36.72140759843853],[-4.434500275578246,36.72064449709867],[-4.433889515508141,36.72093805384435],[-4.432687033363748,36.71984095818256]]]},"properties":{"cusec":"2906709038","rent_m2":9.167583425009168,"rent_norm":0.25,"detail":"9,17 €/m²·mes"}},{"type":"Feature","geometry":{"type":"Polygon","coordinates":[[[-4.432687033363748,36.71984095818256],[-4.433889515508141,36.72093805384435],[-4.434500275578246,36.72064449709867],[-4.435280811847122,36.72140759843853],[-4.4326184173474195,36.72141488531059],[-4.432687033363748,36.71984095818256]]]},"properties":{"cusec":"2906709039","rent_m2":10,"rent_norm":0.3,"detail":"10,00 €/m²·mes"}},{"type":"Feature","geometry":{"type":"Polygon","coordinates":[[[-4.431340756993535,36.72053344815623],[-4.430841238000032,36.72145036559907],[-4.428455736610227,36.721543762024865],[-4.427911077273676,36.71998201303394],[-4.428462702146921,36.71969396615504],[-4.429182434149194,36.71966690475231],[-4.42907403174892,36.7208695726358],[-4.429913187581689,36.72090957725899],[-4.429962029882009,36.72042372107596],[-4.431340756993535,36.72053344815623]]]},"properties":{"cusec":"2906709040","rent_m2":10.535313329250867,"rent_norm":0.34,"detail":"10,54 €/m²·mes"}},{"type":"Feature","geometry":{"type":"Polygon","coordinates":[[[-4.427300075556751,36.71882160158843],[-4.426896136411153,36.719084607761886],[-4.427957759125708,36.72080382684507],[-4.428231752473909,36.720766739100355],[-4.428455620727535,36.721542929652394],[-4.425540309152833,36.721684440046374],[-4.4254168195473405,36.719788632745484],[-4.425900927942171,36.717556304868886],[-4.426429522706495,36.71769330265604],[-4.4264330593737675,36.71786948479382],[-4.427300075556751,36.71882160158843]]]},"properties":{"cusec":"2906709041","rent_m2":9.954545454545455,"rent_norm":0.3,"detail":"9,95 €/m²·mes"}},{"type":"Feature","geometry":{"type":"Polygon","coordinates":[[[-4.438589760687774,36.71103534442489],[-4.439168302680181,36.71106383907353],[-4.439992865381169,36.71070112347271],[-4.440824859844511,36.71175650178603],[-4.4405545630637,36.71204596756689],[-4.439830046634253,36.712088559185844],[-4.438589760687774,36.71103534442489]]]},"properties":{"cusec":"2906709042","rent_m2":8.634146341463415,"rent_norm":0.21,"detail":"8,63 €/m²·mes"}},{"type":"Feature","geometry":{"type":"Polygon","coordinates":[[[-4.43775539107884,36.71130133631625],[-4.438589760687774,36.71103534442489],[-4.439830224500677,36.712088526059645],[-4.438641100304558,36.71251459937927],[-4.43775539107884,36.71130133631625]]]},"properties":{"cusec":"2906709043","rent_m2":7.228915662650603,"rent_norm":0.12,"detail":"7,23 €/m²·mes"}},{"type":"Feature","geometry":{"type":"Polygon","coordinates":[[[-4.438002641581016,36.71285400167755],[-4.436922147058935,36.71163363908981],[-4.4377038205950035,36.71132003550578],[-4.438632597750398,36.7125179940722],[-4.438002641581016,36.71285400167755]]]},"properties":{"cusec":"2906709044","rent_m2":7.115270350564468,"rent_norm":0.12,"detail":"7,12 €/m²·mes"}},{"type":"Feature","geometry":{"type":"Polygon","coordinates":[[[-4.432601480511044,36.71937115198842],[-4.432687033363748,36.71984095818256],[-4.432443236883846,36.71984400980256],[-4.431355035714967,36.72051966918497],[-4.4292870887781115,36.71862902125971],[-4.429182509607684,36.71966616524759],[-4.428462702146921,36.71969396615504],[-4.427911077273676,36.71998201303394],[-4.428231752473909,36.720766739100355],[-4.428050635044618,36.720791432583184],[-4.426896136411153,36.719084607761886],[-4.428953544313127,36.71788174559241],[-4.430179258687353,36.71804141086532],[-4.4318139023486225,36.71905387091365],[-4.432601480511044,36.71937115198842]]]},"properties":{"cusec":"2906709045","rent_m2":10.180897435897437,"rent_norm":0.31,"detail":"10,18 €/m²·mes"}},{"type":"Feature","geometry":{"type":"Polygon","coordinates":[[[-4.436075460649165,36.71523918539123],[-4.437423407885812,36.714932238074354],[-4.437134034481639,36.714534596631815],[-4.43814711942476,36.713914407080956],[-4.4388633911165805,36.71462187836879],[-4.439254226537118,36.71439944822112],[-4.439623676664022,36.7151107416843],[-4.4381385665649615,36.71566273528877],[-4.436422611895751,36.71592232749094],[-4.436361873206137,36.71553320781675],[-4.436075460649165,36.71523918539123]]]},"properties":{"cusec":"2906709046","rent_m2":7.256024096385542,"rent_norm":0.13,"detail":"7,26 €/m²·mes"}},{"type":"Feature","geometry":{"type":"Polygon","coordinates":[[[-4.437181835634555,36.72112326732002],[-4.438816635602652,36.720148032778155],[-4.439707259511324,36.72107248726336],[-4.439538484934051,36.72136523088028],[-4.4370948616470445,36.7214128022157],[-4.437181835634555,36.72112326732002]]]},"properties":{"cusec":"2906709047","rent_m2":8.867210250436807,"rent_norm":0.23,"detail":"8,87 €/m²·mes"}},{"type":"Feature","geometry":{"type":"Polygon","coordinates":[[[-4.44177833078875,36.71055369050947],[-4.441269599571978,36.71005399806273],[-4.442147926442717,36.709618254511376],[-4.442463483940784,36.70977664139811],[-4.442071956817449,36.70999123093322],[-4.442187925727374,36.71017346920861],[-4.442906705515458,36.710682983686915],[-4.442289674306348,36.71105594413846],[-4.44177833078875,36.71055369050947]]]},"properties":{"cusec":"2906709048","rent_m2":8.01010101010101,"rent_norm":0.17,"detail":"8,01 €/m²·mes"}},{"type":"Feature","geometry":{"type":"Polygon","coordinates":[[[-4.440824859844511,36.71175650178603],[-4.440590176773163,36.711466140500995],[-4.441760872031194,36.710622247167834],[-4.442289674306348,36.71105594413846],[-4.441423173756331,36.711731691617196],[-4.440824859844511,36.71175650178603]]]},"properties":{"cusec":"2906709049","rent_m2":8.108108108108107,"rent_norm":0.18,"detail":"8,11 €/m²·mes"}},{"type":"Feature","geometry":{"type":"Polygon","coordinates":[[[-4.436082761257476,36.71086954839597],[-4.436422623573846,36.710317849462776],[-4.438693931124757,36.70879634696507],[-4.440017388490132,36.70988426859196],[-4.438589760687774,36.71103534442489],[-4.436699482547787,36.71171447673128],[-4.4366072893485065,36.71129273134603],[-4.436082761257476,36.71086954839597]]]},"properties":{"cusec":"2906709050","rent_m2":9.260724331926864,"rent_norm":0.25,"detail":"9,26 €/m²·mes"}},{"type":"Feature","geometry":{"type":"Polygon","coordinates":[[[-4.436179238522348,36.7132007527785],[-4.435927946499731,36.7128308892026],[-4.436620627533842,36.712486249294685],[-4.436101449808624,36.71204420755829],[-4.436922147058935,36.71163363908981],[-4.437960300388391,36.71279843450877],[-4.437204458806658,36.71310771347229],[-4.436179238522348,36.7132007527785]]]},"properties":{"cusec":"2906709051","rent_m2":7.055555555555556,"rent_norm":0.11,"detail":"7,06 €/m²·mes"}},{"type":"Feature","geometry":{"type":"Polygon","coordinates":[[[-4.428780268277966,36.70832079469323],[-4.430561792776381,36.706228425088085],[-4.43151093923086,36.70677586396702],[-4.431712250787702,36.7071791211976],[-4.434073758176267,36.70884712865507],[-4.43307643237816,36.70961983165562],[-4.430940309599454,36.70799953583997],[-4.42960041486099,36.707944087589944],[-4.428780268277966,36.70832079469323]]]},"properties":{"cusec":"2906709052","rent_m2":8.698576546003016,"rent_norm":0.22,"detail":"8,70 €/m²·mes"}},{"type":"Feature","geometry":{"type":"Polygon","coordinates":[[[-4.430907694466438,36.717773506011355],[-4.431153087252582,36.717646633439976],[-4.434266606704854,36.7178412439772],[-4.43461384868128,36.71800158116765],[-4.4352934134139375,36.71896464858405],[-4.433853603558009,36.71945246897262],[-4.432468243286414,36.71933893839935],[-4.4305100704772675,36.71821997637827],[-4.430907694466438,36.717773506011355]]]},"properties":{"cusec":"2906709053","rent_m2":8.032815786837624,"rent_norm":0.18,"detail":"8,03 €/m²·mes"}},{"type":"Feature","geometry":{"type":"Polygon","coordinates":[[[-4.435273175268896,36.70658298697467],[-4.433341322199275,36.70825124718814],[-4.4317720031271355,36.7072324382682],[-4.431567755875946,36.706820260406055],[-4.430561792776381,36.706228425088085],[-4.428281841635832,36.70884057371833],[-4.427878331884946,36.70960708631299],[-4.425903403699104,36.711314114504326],[-4.425812649600874,36.70933529991215],[-4.426221590566011,36.709352023461975],[-4.426561405271669,36.70835638473375],[-4.429248641782271,36.70534954539754],[-4.429736099096447,36.70507324124975],[-4.430018129671478,36.704583118531666],[-4.431027582725933,36.704688181873344],[-4.431836115888982,36.70363262653798],[-4.434556359198035,36.705267676938625],[-4.434417118532368,36.705456394498235],[-4.43479093806482,36.70571104608534],[-4.434512402834562,36.70599162803635],[-4.435273175268896,36.70658298697467]]]},"properties":{"cusec":"2906709055","rent_m2":7.429133858267716,"rent_norm":0.14,"detail":"7,43 €/m²·mes"}},{"type":"Feature","geometry":{"type":"Polygon","coordinates":[[[-4.430505043504944,36.71159828533238],[-4.435248406021562,36.70799035436211],[-4.437211853738065,36.70973680813577],[-4.436422623573846,36.710317849462776],[-4.435161691647211,36.711927879832245],[-4.434760276767556,36.71208318122467],[-4.431529637663476,36.712944898196014],[-4.430505043504944,36.71159828533238]]]},"properties":{"cusec":"2906709056","rent_m2":9.554295615130254,"rent_norm":0.27,"detail":"9,55 €/m²·mes"}},{"type":"Feature","geometry":{"type":"Polygon","coordinates":[[[-4.433341322199275,36.70825124718814],[-4.435457998248714,36.7065187622338],[-4.436087507955438,36.705828372047556],[-4.43649998918107,36.706183972132344],[-4.435559160227817,36.70702077216781],[-4.435661490016779,36.70710778156985],[-4.433779605734803,36.708576892966406],[-4.433341322199275,36.70825124718814]]]},"properties":{"cusec":"2906709057","rent_m2":8.771765378596365,"rent_norm":0.22,"detail":"8,77 €/m²·mes"}},{"type":"Feature","geometry":{"type":"Polygon","coordinates":[[[-4.443369786146098,36.707579215458416],[-4.4440348125441975,36.70862352952316],[-4.443014046107063,36.70904728873012],[-4.442133502194222,36.70837108914318],[-4.443369786146098,36.707579215458416]]]},"properties":{"cusec":"2906709058","rent_m2":8.060897435897436,"rent_norm":0.18,"detail":"8,06 €/m²·mes"}},{"type":"Feature","geometry":{"type":"Polygon","coordinates":[[[-4.439246599840361,36.709145758650834],[-4.44040491631379,36.70812251885423],[-4.442832309738572,36.70673391036722],[-4.443369786146098,36.707579215458416],[-4.442133502194222,36.70837108914318],[-4.443133836450208,36.70906938187318],[-4.441801412101673,36.709779860494045],[-4.440934319561869,36.709189348580495],[-4.441909324021798,36.70842150454851],[-4.441240618124287,36.708143407417076],[-4.440354587301676,36.70891732376827],[-4.440782015595345,36.709281821544295],[-4.440090025365669,36.709819659166634],[-4.439246599840361,36.709145758650834]]]},"properties":{"cusec":"2906709059","rent_m2":7.142857142857142,"rent_norm":0.12,"detail":"7,14 €/m²·mes"}},{"type":"Feature","geometry":{"type":"Polygon","coordinates":[[[-4.43951015835821,36.71465013189071],[-4.440038899547894,36.71326765007209],[-4.440668415542832,36.71239667223403],[-4.440712867776335,36.712185996859084],[-4.4405545630637,36.71204596756689],[-4.440824859844511,36.71175650178603],[-4.441189867802334,36.711815183579006],[-4.441254726165837,36.711974397693325],[-4.44106508462282,36.712215556157474],[-4.442701834833449,36.714690370908066],[-4.4396980293217805,36.715080542605435],[-4.439522721297452,36.7149316540673],[-4.43951015835821,36.71465013189071]]]},"properties":{"cusec":"2906709062","rent_m2":7.7272727272727275,"rent_norm":0.16,"detail":"7,73 €/m²·mes"}},{"type":"Feature","geometry":{"type":"Polygon","coordinates":[[[-4.441321161072678,36.71942804508376],[-4.440905319249538,36.7203321054287],[-4.438806833186291,36.72013727582365],[-4.437755664166691,36.71901606225489],[-4.4388562611881515,36.71827490019822],[-4.440800243310783,36.71830773709899],[-4.441434921025309,36.71838493493986],[-4.441321161072678,36.71942804508376]]]},"properties":{"cusec":"2906709063","rent_m2":7.728937728937729,"rent_norm":0.16,"detail":"7,73 €/m²·mes"}},{"type":"Feature","geometry":{"type":"Polygon","coordinates":[[[-4.439442185535604,36.71819922160874],[-4.439152464483422,36.717358177436616],[-4.439115656014654,36.716668593208695],[-4.441829829407353,36.71616346708238],[-4.442103057390926,36.71707959418708],[-4.441949163406339,36.71727073822929],[-4.4405676299578465,36.717524086198225],[-4.440800243310783,36.71830773709899],[-4.439442185535604,36.71819922160874]]]},"properties":{"cusec":"2906709064","rent_m2":8.27328431372549,"rent_norm":0.19,"detail":"8,27 €/m²·mes"}},{"type":"Feature","geometry":{"type":"Polygon","coordinates":[[[-4.429182434149194,36.71966690475231],[-4.4292870887781115,36.71862902125971],[-4.431355035714967,36.72051966918497],[-4.429962029882009,36.72042372107596],[-4.429913187581689,36.72090957725899],[-4.42907403174892,36.7208695726358],[-4.429182434149194,36.71966690475231]]]},"properties":{"cusec":"2906709065","rent_m2":9.448907103825137,"rent_norm":0.27,"detail":"9,45 €/m²·mes"}},{"type":"Feature","geometry":{"type":"Polygon","coordinates":[[[-4.430505043504944,36.71159828533238],[-4.431529637663476,36.712944898196014],[-4.435158861954054,36.711940420991645],[-4.434459017753855,36.713278883269616],[-4.431270577908591,36.71415004049701],[-4.429328591842544,36.71250346328753],[-4.430505043504944,36.71159828533238]]]},"properties":{"cusec":"2906709067","rent_m2":9.109375,"rent_norm":0.24,"detail":"9,11 €/m²·mes"}},{"type":"Feature","geometry":{"type":"Polygon","coordinates":[[[-4.430185154330571,36.70942616242483],[-4.431759908210148,36.71063767273158],[-4.430557135909961,36.71156253620241],[-4.42963004668898,36.710681296381985],[-4.430185154330571,36.70942616242483]]]},"properties":{"cusec":"2906709068","rent_m2":8.903963414634147,"rent_norm":0.23,"detail":"8,90 €/m²·mes"}},{"type":"Feature","geometry":{"type":"Polygon","coordinates":[[[-4.437622128701391,36.70094058133221],[-4.435858496846796,36.7028684742919],[-4.433644187400686,36.7013009511019],[-4.434843873089581,36.69963206393119],[-4.437622128701391,36.70094058133221]]]},"properties":{"cusec":"2906709070","rent_m2":9.516129032258064,"rent_norm":0.27,"detail":"9,52 €/m²·mes"}},{"type":"Feature","geometry":{"type":"Polygon","coordinates":[[[-4.430818253705163,36.72148763806556],[-4.431340756993535,36.72053344815623],[-4.432443236883846,36.71984400980256],[-4.432687568759651,36.71984209011903],[-4.4326184173474195,36.72141488531059],[-4.430818253705163,36.72148763806556]]]},"properties":{"cusec":"2906709075","rent_m2":10.922540726817042,"rent_norm":0.36,"detail":"10,92 €/m²·mes"}},{"type":"Feature","geometry":{"type":"Polygon","coordinates":[[[-4.428780268277966,36.70832079469323],[-4.42960041486099,36.707944087589944],[-4.430940309599454,36.70799953583997],[-4.43307643237816,36.70961983165562],[-4.431759908210148,36.71063767273158],[-4.428780268277966,36.70832079469323]]]},"properties":{"cusec":"2906709076","rent_m2":8.500170250896057,"rent_norm":0.21,"detail":"8,50 €/m²·mes"}},{"type":"Feature","geometry":{"type":"Polygon","coordinates":[[[-4.434712166594172,36.71268726548457],[-4.436101449808624,36.71204420755829],[-4.436620627533842,36.712486249294685],[-4.435927946499731,36.7128308892026],[-4.436179238522348,36.7132007527785],[-4.43495584359816,36.713442433802214],[-4.434466944487942,36.71333634689315],[-4.434464076167243,36.71305734722963],[-4.434712166594172,36.71268726548457]]]},"properties":{"cusec":"2906709077","rent_m2":9.78082191780822,"rent_norm":0.29,"detail":"9,78 €/m²·mes"}},{"type":"Feature","geometry":{"type":"Polygon","coordinates":[[[-4.4360487097183,36.718579203012],[-4.435715334136569,36.71781252213647],[-4.435720596467533,36.71753080673337],[-4.436108492600469,36.71727821631642],[-4.436063814889794,36.71713453970488],[-4.439046624976633,36.71668161461502],[-4.439271672718248,36.717237487556034],[-4.439352964861585,36.71819058788797],[-4.438761231109203,36.71831889611188],[-4.437755664166691,36.71901606225489],[-4.436824095945682,36.71809096015267],[-4.4360487097183,36.718579203012]]]},"properties":{"cusec":"2906709080","rent_m2":7.133000657761587,"rent_norm":0.12,"detail":"7,13 €/m²·mes"}},{"type":"Feature","geometry":{"type":"Polygon","coordinates":[[[-4.435273175268896,36.70658298697467],[-4.434512402834562,36.70599162803635],[-4.43479093806482,36.70571104608534],[-4.434417118532368,36.705456394498235],[-4.434592466082569,36.70528979925601],[-4.431836115888982,36.70363262653798],[-4.432359654934873,36.703011365173595],[-4.436087507955438,36.705828372047556],[-4.435273175268896,36.70658298697467]]]},"properties":{"cusec":"2906709082","rent_m2":7.746478873239436,"rent_norm":0.16,"detail":"7,75 €/m²·mes"}},{"type":"Feature","geometry":{"type":"Polygon","coordinates":[[[-4.432783871751386,36.70245579191489],[-4.433644187400686,36.7013009511019],[-4.434110624137216,36.70174000950192],[-4.437410317635473,36.70383349015735],[-4.436693226680133,36.70496925225378],[-4.432783871751386,36.70245579191489]]]},"properties":{"cusec":"2906709083","rent_m2":11.363636363636365,"rent_norm":0.39,"detail":"11,36 €/m²·mes"}},{"type":"Feature","geometry":{"type":"Polygon","coordinates":[[[-4.4352979822454754,36.707949424070726],[-4.435988150691739,36.70729212600534],[-4.436460228848273,36.70768961840485],[-4.437528604198845,36.70684436494087],[-4.438362240782481,36.707549785448606],[-4.437911486834179,36.70799883655264],[-4.437873552776348,36.70834750144853],[-4.438693931124757,36.70879634696507],[-4.437211853738065,36.70973680813577],[-4.4352979822454754,36.707949424070726]]]},"properties":{"cusec":"2906709084","rent_m2":8.599917081260365,"rent_norm":0.21,"detail":"8,60 €/m²·mes"}},{"type":"Feature","geometry":{"type":"Polygon","coordinates":[[[-4.442623796388066,36.70656292548118],[-4.440719650955052,36.703624871280994],[-4.443619007552005,36.70139483369317],[-4.44580863848062,36.702386824645004],[-4.445847581346492,36.70287988402318],[-4.447090014266499,36.70453239164029],[-4.446933962528618,36.70473484095568],[-4.4428150270508135,36.70670705973448],[-4.442623796388066,36.70656292548118]]]},"properties":{"cusec":"2906710001","rent_m2":9.027777777777777,"rent_norm":0.24,"detail":"9,03 €/m²·mes"}},{"type":"Feature","geometry":{"type":"Polygon","coordinates":[[[-4.439996541287325,36.70279754478981],[-4.441220844408245,36.70200949426598],[-4.440637290714865,36.70184722445602],[-4.4403151036500175,36.70156492690546],[-4.44064336871606,36.70064210815544],[-4.442781629485191,36.70201566014181],[-4.440782395582717,36.70357677469828],[-4.439996541287325,36.70279754478981]]]},"properties":{"cusec":"2906710002","rent_m2":9.299932703051104,"rent_norm":0.26,"detail":"9,30 €/m²·mes"}},{"type":"Feature","geometry":{"type":"Polygon","coordinates":[[[-4.438842849340952,36.69355863213637],[-4.440646168764813,36.690402131612856],[-4.4443786984147335,36.691701890654464],[-4.442945007882533,36.69532084320557],[-4.440628779177534,36.69419654548402],[-4.438842849340952,36.69355863213637]]]},"properties":{"cusec":"2906710003","rent_m2":12.010162601626016,"rent_norm":0.43,"detail":"12,01 €/m²·mes"}},{"type":"Feature","geometry":{"type":"Polygon","coordinates":[[[-4.455883468970861,36.69727260794377],[-4.456249770502671,36.697351606711266],[-4.458308975035207,36.69619503184246],[-4.458530191462135,36.696460481587444],[-4.4558492997523995,36.697928787413254],[-4.455883468970861,36.69727260794377]]]},"properties":{"cusec":"2906710004","rent_m2":8.108108108108107,"rent_norm":0.18,"detail":"8,11 €/m²·mes"}},{"type":"Feature","geometry":{"type":"Polygon","coordinates":[[[-4.44064336871606,36.70064210815544],[-4.439513279105494,36.6999188910182],[-4.440630291042148,36.69844059715858],[-4.443085525054207,36.69952184315759],[-4.441813925633573,36.701394137226664],[-4.44064336871606,36.70064210815544]]]},"properties":{"cusec":"2906710005","rent_m2":9.416666666666666,"rent_norm":0.26,"detail":"9,42 €/m²·mes"}},{"type":"Feature","geometry":{"type":"Polygon","coordinates":[[[-4.440630291042148,36.69844059715858],[-4.4416934822152045,36.69702151825032],[-4.444054562005718,36.698083633798554],[-4.443085525054207,36.69952184315759],[-4.440630291042148,36.69844059715858]]]},"properties":{"cusec":"2906710006","rent_m2":9.075342465753424,"rent_norm":0.24,"detail":"9,08 €/m²·mes"}},{"type":"Feature","geometry":{"type":"Polygon","coordinates":[[[-4.441813925633573,36.701394137226664],[-4.443085525054207,36.69952184315759],[-4.4450099212086895,36.70036611335483],[-4.442781629485191,36.70201566014181],[-4.441813925633573,36.701394137226664]]]},"properties":{"cusec":"2906710007","rent_m2":8.160676532769557,"rent_norm":0.18,"detail":"8,16 €/m²·mes"}},{"type":"Feature","geometry":{"type":"Polygon","coordinates":[[[-4.443085525054207,36.69952184315759],[-4.444054562005718,36.698083633798554],[-4.445367661795861,36.69867617358626],[-4.445747253003995,36.69972394266485],[-4.444880601537001,36.700368385724246],[-4.443085525054207,36.69952184315759]]]},"properties":{"cusec":"2906710008","rent_m2":8.844951923076923,"rent_norm":0.23,"detail":"8,84 €/m²·mes"}},{"type":"Feature","geometry":{"type":"Polygon","coordinates":[[[-4.443619007552005,36.70139483369317],[-4.4450099212086895,36.70036611335483],[-4.446144090967273,36.700854903152674],[-4.4468833424623435,36.70150217156838],[-4.446139144843321,36.702308455487696],[-4.44580863848062,36.702386824645004],[-4.443619007552005,36.70139483369317]]]},"properties":{"cusec":"2906710009","rent_m2":7.302631578947367,"rent_norm":0.13,"detail":"7,30 €/m²·mes"}},{"type":"Feature","geometry":{"type":"Polygon","coordinates":[[[-4.450862071585569,36.70136417763664],[-4.449961289527686,36.70180164252583],[-4.4498924112032725,36.702076753494005],[-4.4492311424579984,36.70255856425327],[-4.446560396321082,36.70383801092415],[-4.445847581346492,36.70287988402318],[-4.44580863848062,36.702386824645004],[-4.448816663379189,36.701577358120005],[-4.451370119184383,36.700410491169],[-4.450862071585569,36.70136417763664]]]},"properties":{"cusec":"2906710010","rent_m2":8.474576271186441,"rent_norm":0.2,"detail":"8,47 €/m²·mes"}},{"type":"Feature","geometry":{"type":"Polygon","coordinates":[[[-4.447090014266499,36.70453239164029],[-4.446560396321082,36.70383801092415],[-4.449589388796669,36.70234352758965],[-4.450664933601509,36.70303398509153],[-4.4471529259807925,36.70461669733287],[-4.447090014266499,36.70453239164029]]]},"properties":{"cusec":"2906710011","rent_m2":9.051339285714285,"rent_norm":0.24,"detail":"9,05 €/m²·mes"}},{"type":"Feature","geometry":{"type":"Polygon","coordinates":[[[-4.451698520794384,36.70085140855152],[-4.451370119184383,36.700410491169],[-4.452336857347087,36.699954761524744],[-4.4528755195307825,36.700739466711376],[-4.452261774358988,36.7010179017775],[-4.4520455660397795,36.70070333800461],[-4.451698520794384,36.70085140855152]]]},"properties":{"cusec":"2906710012","rent_m2":7.894736842105264,"rent_norm":0.17,"detail":"7,89 €/m²·mes"}},{"type":"Feature","geometry":{"type":"Polygon","coordinates":[[[-4.451778336107393,36.70200103878307],[-4.452048236731116,36.70237866665652],[-4.450664933601509,36.70303398509153],[-4.449636518009756,36.702379525164744],[-4.450022887905022,36.70192729526509],[-4.449961289527686,36.70180164252583],[-4.4507883971558515,36.701418656877635],[-4.451439148425775,36.702160796836594],[-4.451778336107393,36.70200103878307]]]},"properties":{"cusec":"2906710013","rent_m2":6.794871794871795,"rent_norm":0.1,"detail":"6,79 €/m²·mes"}},{"type":"Feature","geometry":{"type":"Polygon","coordinates":[[[-4.4528755195307825,36.700739466711376],[-4.452373176234005,36.69993176040977],[-4.456411326218302,36.69760640759696],[-4.457932056315037,36.699613737148326],[-4.453402841382353,36.70172283703199],[-4.453420012679003,36.70149864674682],[-4.4528755195307825,36.700739466711376]]]},"properties":{"cusec":"2906710014","rent_m2":6.409231750392465,"rent_norm":0.07,"detail":"6,41 €/m²·mes"}},{"type":"Feature","geometry":{"type":"Polygon","coordinates":[[[-4.453438486532813,36.69752276838839],[-4.452088520781722,36.69714518940659],[-4.452056281144491,36.696864593888165],[-4.452161980514065,36.69665819688418],[-4.452543228215616,36.69677279384857],[-4.45266901211833,36.69663107478769],[-4.452977498976777,36.69686848770388],[-4.453254895143249,36.69665937670058],[-4.453389361263175,36.69643216735658],[-4.453091543695353,36.696005504272215],[-4.45333949757839,36.695804523678284],[-4.45423602162183,36.69582516276847],[-4.454429709176873,36.69598179825716],[-4.454301599535908,36.69675107243534],[-4.453938655906615,36.69679868782228],[-4.4538866317735435,36.697078391160844],[-4.454914804820214,36.69720651567673],[-4.454852772556579,36.69791165082551],[-4.453438486532813,36.69752276838839]]]},"properties":{"cusec":"2906710015","rent_m2":9.016908212560386,"rent_norm":0.24,"detail":"9,02 €/m²·mes"}},{"type":"Feature","geometry":{"type":"Polygon","coordinates":[[[-4.445060720039686,36.69853789872122],[-4.446717118202197,36.697046243854196],[-4.448271942058872,36.69778903969626],[-4.445763342729042,36.69978008972551],[-4.4454413595817694,36.69871131721077],[-4.445060720039686,36.69853789872122]]]},"properties":{"cusec":"2906710016","rent_m2":10.405117270788912,"rent_norm":0.33,"detail":"10,41 €/m²·mes"}},{"type":"Feature","geometry":{"type":"Polygon","coordinates":[[[-4.447266861104923,36.696217083302344],[-4.448447392017009,36.69419931576426],[-4.449719037251762,36.694729363763095],[-4.449085786061893,36.69523076282043],[-4.4507392745811725,36.69583902251873],[-4.449371315574952,36.696872919566026],[-4.447266861104923,36.696217083302344]]]},"properties":{"cusec":"2906710017","rent_m2":9.195402298850574,"rent_norm":0.25,"detail":"9,20 €/m²·mes"}},{"type":"Feature","geometry":{"type":"Polygon","coordinates":[[[-4.444054562005718,36.698083633798554],[-4.443138095362947,36.69767332206749],[-4.443686411741015,36.696859937299216],[-4.4458719185041895,36.697791307820225],[-4.445060720039686,36.69853789872122],[-4.444054562005718,36.698083633798554]]]},"properties":{"cusec":"2906710018","rent_m2":9.488997107677696,"rent_norm":0.27,"detail":"9,49 €/m²·mes"}},{"type":"Feature","geometry":{"type":"Polygon","coordinates":[[[-4.4521185352920085,36.68517963249137],[-4.454778614833223,36.68613575619339],[-4.455350079897863,36.68518472562134],[-4.457919998228964,36.68618965911898],[-4.458740655055106,36.68510147487596],[-4.461332155410907,36.68559438721943],[-4.462426207307215,36.68669557008461],[-4.4571360618367075,36.690818918328766],[-4.45274142261843,36.68679569019553],[-4.4516326608093175,36.68604213735613],[-4.4521185352920085,36.68517963249137]]]},"properties":{"cusec":"2906710019","rent_m2":9.801587301587302,"rent_norm":0.29,"detail":"9,80 €/m²·mes"}},{"type":"Feature","geometry":{"type":"Polygon","coordinates":[[[-4.453078107593667,36.690771385678474],[-4.4555240772801925,36.692041605287116],[-4.454905940244989,36.69252793770892],[-4.454638704024356,36.69250177289807],[-4.452176684138657,36.69169949053133],[-4.453078107593667,36.690771385678474]]]},"properties":{"cusec":"2906710020","rent_m2":7.379518072289156,"rent_norm":0.13,"detail":"7,38 €/m²·mes"}},{"type":"Feature","geometry":{"type":"Polygon","coordinates":[[[-4.478141388786548,36.69901983754069],[-4.4781254490801174,36.6988803222896],[-4.475823633843881,36.697522948456005],[-4.474395151743684,36.696833027035375],[-4.4720716152438635,36.69606705041795],[-4.471088602303178,36.695769156156295],[-4.467474719441031,36.69576698088965],[-4.465248752557487,36.69620004357122],[-4.463896408965845,36.69669663238265],[-4.458116094167292,36.69951271756681],[-4.459303702007177,36.696030362735215],[-4.459191141305473,36.69610453903877],[-4.460230467834671,36.69418204797055],[-4.461959101325782,36.68911986517469],[-4.461909919462293,36.68818319870698],[-4.4614648868840385,36.68793534688381],[-4.46092086445303,36.687879547751294],[-4.468303841990419,36.68203685773928],[-4.469045057202678,36.68163449089019],[-4.472584557762662,36.678692403328085],[-4.473336119770423,36.679151453442564],[-4.474064179155357,36.6800670304183],[-4.47628377249196,36.68180064895275],[-4.476850457620976,36.682850289813],[-4.478522830524171,36.684546622968355],[-4.480507170359236,36.68540252973077],[-4.482263649827541,36.685776934031686],[-4.483260078208647,36.68642494747521],[-4.48698919965038,36.68703886689691],[-4.48807718612192,36.68676111670109],[-4.489177039338349,36.68709958891532],[-4.490360427791369,36.68893394929205],[-4.491917960068625,36.69032333172114],[-4.497112810457174,36.69039023452216],[-4.499474111233241,36.69093288938417],[-4.500305061854188,36.69149478323444],[-4.502138677859324,36.69301263122432],[-4.501998756270658,36.69332911007784],[-4.501492398402885,36.693175181156604],[-4.501152974464364,36.69342053822817],[-4.50101510732276,36.695176921694845],[-4.500437359441022,36.69741826786802],[-4.500449554071019,36.6996009944677],[-4.502019080653954,36.699590740252766],[-4.504198177937572,36.69924840844025],[-4.504726847262055,36.70266652277547],[-4.500481208905007,36.70275623289629],[-4.500471349894761,36.7029321388713],[-4.493096215548097,36.702963999950015],[-4.488532883499248,36.70177715108601],[-4.481290309945833,36.70038466899583],[-4.478794744272458,36.699507505824016],[-4.478141388786548,36.69901983754069]]]},"properties":{"cusec":"2906710021","rent_m2":8.176763170384433,"rent_norm":0.18,"detail":"8,18 €/m²·mes"}},{"type":"Feature","geometry":{"type":"Polygon","coordinates":[[[-4.448937091526173,36.697276159609174],[-4.450961864532162,36.695660564177494],[-4.45266901211833,36.69663107478769],[-4.452543228215616,36.69677279384857],[-4.452161980514065,36.69665819688418],[-4.451980908000563,36.69742359643643],[-4.451263228648723,36.69705790726625],[-4.450692150758,36.69755855862249],[-4.451112470682804,36.697923511459315],[-4.450842148749208,36.698149865763064],[-4.448937091526173,36.697276159609174]]]},"properties":{"cusec":"2906710022","rent_m2":9.516803302328935,"rent_norm":0.27,"detail":"9,52 €/m²·mes"}},{"type":"Feature","geometry":{"type":"Polygon","coordinates":[[[-4.45274142261843,36.68679569019553],[-4.4546863219209305,36.688611213362485],[-4.453719660115046,36.68958299287994],[-4.452939443646405,36.68906745254551],[-4.451874207907754,36.68987822063217],[-4.451184554196162,36.6895485524617],[-4.45274142261843,36.68679569019553]]]},"properties":{"cusec":"2906710023","rent_m2":8.852676306461357,"rent_norm":0.23,"detail":"8,85 €/m²·mes"}},{"type":"Feature","geometry":{"type":"Polygon","coordinates":[[[-4.4389446203778204,36.7015595410055],[-4.439513279105494,36.6999188910182],[-4.44064336871606,36.70064210815544],[-4.4403151036500175,36.70156492690546],[-4.440637290714865,36.70184722445602],[-4.441220844408245,36.70200949426598],[-4.439996541287325,36.70279754478981],[-4.4389446203778204,36.7015595410055]]]},"properties":{"cusec":"2906710024","rent_m2":9.496982758620689,"rent_norm":0.27,"detail":"9,50 €/m²·mes"}},{"type":"Feature","geometry":{"type":"Polygon","coordinates":[[[-4.446144090967273,36.700854903152674],[-4.4485250953907745,36.698791041240796],[-4.448797016325604,36.69876066864808],[-4.4497209812060134,36.69919337234456],[-4.44927478530945,36.69999299442597],[-4.449768338591164,36.70025171621316],[-4.449483819682807,36.70128077299196],[-4.448019157036246,36.70184392004065],[-4.446139144843321,36.702308455487696],[-4.4468833424623435,36.70150217156838],[-4.446144090967273,36.700854903152674]]]},"properties":{"cusec":"2906710026","rent_m2":8.108108108108107,"rent_norm":0.18,"detail":"8,11 €/m²·mes"}},{"type":"Feature","geometry":{"type":"Polygon","coordinates":[[[-4.449613568749174,36.7005535954905],[-4.449768338591164,36.70025171621316],[-4.44927478530945,36.69999299442597],[-4.450055298222169,36.698648473112726],[-4.452338516535393,36.69987362341334],[-4.451746698341384,36.70023238627659],[-4.450937375559188,36.70004786645314],[-4.449613568749174,36.7005535954905]]]},"properties":{"cusec":"2906710027","rent_m2":6.626506024096385,"rent_norm":0.09,"detail":"6,63 €/m²·mes"}},{"type":"Feature","geometry":{"type":"Polygon","coordinates":[[[-4.456411326218302,36.69760640759696],[-4.459303702007177,36.696030362735215],[-4.458115108715409,36.69951358619058],[-4.457932056315037,36.699613737148326],[-4.456411326218302,36.69760640759696]]]},"properties":{"cusec":"2906710028","rent_m2":7.59493670886076,"rent_norm":0.15,"detail":"7,59 €/m²·mes"}},{"type":"Feature","geometry":{"type":"Polygon","coordinates":[[[-4.455883468970861,36.69727260794377],[-4.456063216469313,36.69598818214251],[-4.457565547272364,36.69626779911496],[-4.4575706434149645,36.69657139965928],[-4.45740483148152,36.69672453235628],[-4.456249770502671,36.697351606711266],[-4.455883468970861,36.69727260794377]]]},"properties":{"cusec":"2906710029","rent_m2":7.404109589041096,"rent_norm":0.14,"detail":"7,40 €/m²·mes"}},{"type":"Feature","geometry":{"type":"Polygon","coordinates":[[[-4.446717118202197,36.697046243854196],[-4.447266861104923,36.696217083302344],[-4.449474721545603,36.69684598049565],[-4.448271942058872,36.69778903969626],[-4.446717118202197,36.697046243854196]]]},"properties":{"cusec":"2906710030","rent_m2":10.364672830919455,"rent_norm":0.32,"detail":"10,36 €/m²·mes"}},{"type":"Feature","geometry":{"type":"Polygon","coordinates":[[[-4.452805669229243,36.69417330206525],[-4.4490846613711605,36.69327748257471],[-4.450256577439681,36.69118466454737],[-4.454905940244989,36.69252793770892],[-4.452805669229243,36.69417330206525]]]},"properties":{"cusec":"2906710031","rent_m2":11.094561688311687,"rent_norm":0.37,"detail":"11,09 €/m²·mes"}},{"type":"Feature","geometry":{"type":"Polygon","coordinates":[[[-4.454365784162954,36.694474261620755],[-4.453259878098148,36.69548436713143],[-4.451427461343938,36.69528981305625],[-4.452810246145621,36.69418631647901],[-4.454365784162954,36.694474261620755]]]},"properties":{"cusec":"2906710032","rent_m2":8.666666666666666,"rent_norm":0.22,"detail":"8,67 €/m²·mes"}},{"type":"Feature","geometry":{"type":"Polygon","coordinates":[[[-4.454365784162954,36.694474261620755],[-4.455787136334722,36.69487711160015],[-4.455610800637714,36.695666939446085],[-4.453259878098148,36.69548436713143],[-4.454365784162954,36.694474261620755]]]},"properties":{"cusec":"2906710033","rent_m2":8.450704225352114,"rent_norm":0.2,"detail":"8,45 €/m²·mes"}},{"type":"Feature","geometry":{"type":"Polygon","coordinates":[[[-4.4555240772801925,36.692041605287116],[-4.453078107593667,36.690771385678474],[-4.454028486536696,36.68982261235958],[-4.453719660115046,36.68958299287994],[-4.4546863219209305,36.688611213362485],[-4.4571360618367075,36.690818918328766],[-4.4555240772801925,36.692041605287116]]]},"properties":{"cusec":"2906710034","rent_m2":7.456940618955513,"rent_norm":0.14,"detail":"7,46 €/m²·mes"}},{"type":"Feature","geometry":{"type":"Polygon","coordinates":[[[-4.442423901474413,36.69602971880085],[-4.446050385005047,36.6976491764821],[-4.445819156854301,36.69782056798235],[-4.445422750082331,36.69768705399694],[-4.442621734754494,36.69645938027857],[-4.442287166210085,36.69630602592687],[-4.442423901474413,36.69602971880085]]]},"properties":{"cusec":"2906710035","rent_m2":9.324866310160429,"rent_norm":0.26,"detail":"9,32 €/m²·mes"}},{"type":"Feature","geometry":{"type":"Polygon","coordinates":[[[-4.442945007882533,36.69532084320557],[-4.446717118202197,36.697046243854196],[-4.446050385005047,36.6976491764821],[-4.442423901474413,36.69602971880085],[-4.442945007882533,36.69532084320557]]]},"properties":{"cusec":"2906710036","rent_m2":7.3934108527131785,"rent_norm":0.13,"detail":"7,39 €/m²·mes"}},{"type":"Feature","geometry":{"type":"Polygon","coordinates":[[[-4.4457448248577744,36.69211152113743],[-4.446325056581254,36.69144653715742],[-4.447732081522582,36.69189557861605],[-4.448153600698278,36.691096140993274],[-4.4499512005487185,36.69172245088993],[-4.448235878293464,36.69456020982074],[-4.444708821196807,36.69327659587274],[-4.4457448248577744,36.69211152113743]]]},"properties":{"cusec":"2906710037","rent_m2":7.776189765033851,"rent_norm":0.16,"detail":"7,78 €/m²·mes"}},{"type":"Feature","geometry":{"type":"Polygon","coordinates":[[[-4.454966934056145,36.697177879038],[-4.453932740500462,36.697113576571425],[-4.453938655906615,36.69679868782228],[-4.455425566229492,36.696964159111545],[-4.455541995975162,36.696070756279894],[-4.456063216469313,36.69598818214251],[-4.455883468970861,36.69727260794377],[-4.454966934056145,36.697177879038]]]},"properties":{"cusec":"2906710038","rent_m2":7.990867579908676,"rent_norm":0.17,"detail":"7,99 €/m²·mes"}},{"type":"Feature","geometry":{"type":"Polygon","coordinates":[[[-4.4416934822152045,36.69702151825032],[-4.442276840075883,36.69623027816109],[-4.443637030451538,36.69690498699452],[-4.443138095362947,36.69767332206749],[-4.4416934822152045,36.69702151825032]]]},"properties":{"cusec":"2906710039","rent_m2":10.533695600868498,"rent_norm":0.34,"detail":"10,53 €/m²·mes"}},{"type":"Feature","geometry":{"type":"Polygon","coordinates":[[[-4.449715505974371,36.69465264564383],[-4.450189022333659,36.6942750432018],[-4.451426209990748,36.695288769353986],[-4.45062836677956,36.69583922347857],[-4.449154961728646,36.69528716094312],[-4.449715505974371,36.69465264564383]]]},"properties":{"cusec":"2906710040","rent_m2":8.727886056049215,"rent_norm":0.22,"detail":"8,73 €/m²·mes"}},{"type":"Feature","geometry":{"type":"Polygon","coordinates":[[[-4.454301599535908,36.69675107243534],[-4.454429709176873,36.69598179825716],[-4.45423602162183,36.69582516276847],[-4.454278998821667,36.69552994560481],[-4.456161275667407,36.695756538888645],[-4.455974654260399,36.69608454467778],[-4.455621716965042,36.696057856710325],[-4.455425566229492,36.696964159111545],[-4.454301599535908,36.69675107243534]]]},"properties":{"cusec":"2906710041","rent_m2":8.550549874590006,"rent_norm":0.21,"detail":"8,55 €/m²·mes"}},{"type":"Feature","geometry":{"type":"Polygon","coordinates":[[[-4.45266901211833,36.69663107478769],[-4.450961864532162,36.695660564177494],[-4.451427461343938,36.69528981305625],[-4.45422683185649,36.69558619440822],[-4.45423602162183,36.69582516276847],[-4.45333949757839,36.695804523678284],[-4.453091543695353,36.696005504272215],[-4.453393301274011,36.69642829728806],[-4.452977498976777,36.69686848770388],[-4.45266901211833,36.69663107478769]]]},"properties":{"cusec":"2906710042","rent_m2":7.963414634146342,"rent_norm":0.17,"detail":"7,96 €/m²·mes"}},{"type":"Feature","geometry":{"type":"Polygon","coordinates":[[[-4.450055298222169,36.698648473112726],[-4.448315015378431,36.69781107845433],[-4.448937091526173,36.697276159609174],[-4.45142595756413,36.698428971409925],[-4.4509419219328645,36.699104143517715],[-4.450055298222169,36.698648473112726]]]},"properties":{"cusec":"2906710043","rent_m2":8.172043010752688,"rent_norm":0.18,"detail":"8,17 €/m²·mes"}},{"type":"Feature","geometry":{"type":"Polygon","coordinates":[[[-4.451778336107393,36.70200103878307],[-4.4515387787772935,36.70163131144054],[-4.452720549364473,36.701158979663276],[-4.453220806773158,36.70180537187889],[-4.452048236731116,36.70237866665652],[-4.451778336107393,36.70200103878307]]]},"properties":{"cusec":"2906710044","rent_m2":7.6923076923076925,"rent_norm":0.15,"detail":"7,69 €/m²·mes"}},{"type":"Feature","geometry":{"type":"Polygon","coordinates":[[[-4.450862071585569,36.70136417763664],[-4.451370119184383,36.700410491169],[-4.4520548824676105,36.70133057220621],[-4.4515387787772935,36.70163131144054],[-4.451783754745184,36.7019984207522],[-4.451439148425775,36.702160796836594],[-4.450862071585569,36.70136417763664]]]},"properties":{"cusec":"2906710045","rent_m2":7.70979020979021,"rent_norm":0.15,"detail":"7,71 €/m²·mes"}},{"type":"Feature","geometry":{"type":"Polygon","coordinates":[[[-4.448447392017009,36.69419931576426],[-4.4490546342844475,36.693231951747144],[-4.4509286313582415,36.69369385681622],[-4.449715505974371,36.69465264564383],[-4.448447392017009,36.69419931576426]]]},"properties":{"cusec":"2906710046","rent_m2":7.498695612721747,"rent_norm":0.14,"detail":"7,50 €/m²·mes"}},{"type":"Feature","geometry":{"type":"Polygon","coordinates":[[[-4.451979876734628,36.6975253231879],[-4.452388675765924,36.69752853919559],[-4.453957596884382,36.69804525589452],[-4.452622973460017,36.699040863265566],[-4.45128591739788,36.698104843447105],[-4.451979876734628,36.6975253231879]]]},"properties":{"cusec":"2906710047","rent_m2":8.913283617424241,"rent_norm":0.23,"detail":"8,91 €/m²·mes"}},{"type":"Feature","geometry":{"type":"Polygon","coordinates":[[[-4.452800634172078,36.69916939577632],[-4.454340610673725,36.698196373237515],[-4.4549188391541445,36.69843975445214],[-4.4531730496377335,36.69946003976666],[-4.452800634172078,36.69916939577632]]]},"properties":{"cusec":"2906710048","rent_m2":9.230769230769232,"rent_norm":0.25,"detail":"9,23 €/m²·mes"}},{"type":"Feature","geometry":{"type":"Polygon","coordinates":[[[-4.452800634172078,36.69916939577632],[-4.4531730496377335,36.69946003976666],[-4.452373176234005,36.69993176040977],[-4.4509419219328645,36.699104143517715],[-4.45142595756413,36.698428971409925],[-4.450842148749208,36.698149865763064],[-4.451112470682804,36.697923511459315],[-4.450692150758,36.69755855862249],[-4.451263228648723,36.69705790726625],[-4.451885034403573,36.697449846725156],[-4.451979876734628,36.6975253231879],[-4.45128591739788,36.698104843447105],[-4.452800634172078,36.69916939577632]]]},"properties":{"cusec":"2906710049","rent_m2":9.03591546474359,"rent_norm":0.24,"detail":"9,04 €/m²·mes"}},{"type":"Feature","geometry":{"type":"Polygon","coordinates":[[[-4.450985085982263,36.693674937246016],[-4.452805485972902,36.6941727863291],[-4.4513171967360465,36.69530136364905],[-4.450190999525604,36.69431339921806],[-4.450985085982263,36.693674937246016]]]},"properties":{"cusec":"2906710050","rent_m2":8.579465541490856,"rent_norm":0.21,"detail":"8,58 €/m²·mes"}},{"type":"Feature","geometry":{"type":"Polygon","coordinates":[[[-4.446616927301924,36.69908968294251],[-4.448271942058872,36.69778903969626],[-4.449982951502427,36.6986132848034],[-4.4497209812060134,36.69919337234456],[-4.448797016325604,36.69876066864808],[-4.4485250953907745,36.698791041240796],[-4.447373237804243,36.69970967955472],[-4.446616927301924,36.69908968294251]]]},"properties":{"cusec":"2906710051","rent_m2":8.99715504978663,"rent_norm":0.24,"detail":"9,00 €/m²·mes"}},{"type":"Feature","geometry":{"type":"Polygon","coordinates":[[[-4.448153600698278,36.691096140993274],[-4.44693421675183,36.69067294408112],[-4.448182830081001,36.688370439699106],[-4.4501618833306145,36.689026937904416],[-4.451184554196162,36.6895485524617],[-4.4499512005487185,36.69172245088993],[-4.448153600698278,36.691096140993274]]]},"properties":{"cusec":"2906710052","rent_m2":10.236703921379709,"rent_norm":0.32,"detail":"10,24 €/m²·mes"}},{"type":"Feature","geometry":{"type":"Polygon","coordinates":[[[-4.452088520781722,36.69714518940659],[-4.454852772556579,36.69791165082551],[-4.454815554456035,36.69822611222094],[-4.454701665145989,36.6983278660007],[-4.452180060905813,36.69745953581288],[-4.451979876734628,36.6975253231879],[-4.451885034403573,36.697449846725156],[-4.452088520781722,36.69714518940659]]]},"properties":{"cusec":"2906710053","rent_m2":7.135430916552668,"rent_norm":0.12,"detail":"7,14 €/m²·mes"}},{"type":"Feature","geometry":{"type":"Polygon","coordinates":[[[-4.450256577439681,36.69118466454737],[-4.451184554196162,36.6895485524617],[-4.453075295866818,36.69076946454826],[-4.452184689924456,36.691691050481865],[-4.450256577439681,36.69118466454737]]]},"properties":{"cusec":"2906710054","rent_m2":9.701752168958164,"rent_norm":0.28,"detail":"9,70 €/m²·mes"}},{"type":"Feature","geometry":{"type":"Polygon","coordinates":[[[-4.45181822849253,36.68993068889542],[-4.452939443646405,36.68906745254551],[-4.4540486923423765,36.68979984376522],[-4.453075295866818,36.69076946454826],[-4.45181822849253,36.68993068889542]]]},"properties":{"cusec":"2906710055","rent_m2":10.244252873563218,"rent_norm":0.32,"detail":"10,24 €/m²·mes"}},{"type":"Feature","geometry":{"type":"Polygon","coordinates":[[[-4.4429802523843875,36.69527300217235],[-4.4440902215292315,36.692607746665836],[-4.445067590354988,36.69287440019611],[-4.444708821196807,36.69327659587274],[-4.447017089930058,36.694124306393626],[-4.446379445080153,36.69498388306122],[-4.445674245124225,36.694528062181405],[-4.445172855838298,36.69463908892495],[-4.44422031914194,36.695855144685304],[-4.4429802523843875,36.69527300217235]]]},"properties":{"cusec":"2906710056","rent_m2":9.0234375,"rent_norm":0.24,"detail":"9,02 €/m²·mes"}},{"type":"Feature","geometry":{"type":"Polygon","coordinates":[[[-4.447016965064228,36.69412447494438],[-4.44819029867427,36.69463817270647],[-4.446717118202197,36.697046243854196],[-4.44422031914194,36.695855144685304],[-4.445172855838298,36.69463908892495],[-4.445674245124225,36.694528062181405],[-4.446379445080153,36.69498388306122],[-4.447016965064228,36.69412447494438]]]},"properties":{"cusec":"2906710057","rent_m2":6.1269841269841265,"rent_norm":0.05,"detail":"6,13 €/m²·mes"}},{"type":"Feature","geometry":{"type":"Polygon","coordinates":[[[-4.454701665145989,36.6983278660007],[-4.454966934056145,36.697177879038],[-4.455828858588079,36.69730504902695],[-4.455795550854,36.69791593209172],[-4.4556330159747,36.69807063517015],[-4.4549188391541445,36.69843975445214],[-4.454701665145989,36.6983278660007]]]},"properties":{"cusec":"2906710060","rent_m2":8.38963963963964,"rent_norm":0.2,"detail":"8,39 €/m²·mes"}},{"type":"Feature","geometry":{"type":"Polygon","coordinates":[[[-4.453220806773158,36.70180537187889],[-4.452720549364473,36.701158979663276],[-4.452148869602495,36.701471231062364],[-4.451698520794384,36.70085140855152],[-4.4520455660397795,36.70070333800461],[-4.452261774358988,36.7010179017775],[-4.4528755797178885,36.70074090935287],[-4.453463445324668,36.701603054572125],[-4.453220806773158,36.70180537187889]]]},"properties":{"cusec":"2906710061","rent_m2":6.5668960058399,"rent_norm":0.08,"detail":"6,57 €/m²·mes"}},{"type":"Feature","geometry":{"type":"Polygon","coordinates":[[[-4.450011646387545,36.68897458788244],[-4.451593897606499,36.686112798488956],[-4.45274142261843,36.68679569019553],[-4.4512038176691195,36.68951459610028],[-4.450011646387545,36.68897458788244]]]},"properties":{"cusec":"2906710062","rent_m2":10.294117647058824,"rent_norm":0.32,"detail":"10,29 €/m²·mes"}},{"type":"Feature","geometry":{"type":"Polygon","coordinates":[[[-4.449613568749174,36.7005535954905],[-4.450937375559188,36.70004786645314],[-4.451746698341384,36.70023238627659],[-4.449483819682807,36.70128077299196],[-4.449613568749174,36.7005535954905]]]},"properties":{"cusec":"2906710063","rent_m2":7.576541274817138,"rent_norm":0.15,"detail":"7,58 €/m²·mes"}},{"type":"Feature","geometry":{"type":"Polygon","coordinates":[[[-4.4440902215292315,36.692607746665836],[-4.445064439963267,36.69009846924951],[-4.448151318977484,36.69109533926517],[-4.447759822396882,36.691842630517264],[-4.446257474525819,36.69152428782273],[-4.444988495490851,36.692940907486296],[-4.4440902215292315,36.692607746665836]]]},"properties":{"cusec":"2906710064","rent_m2":8.064516129032258,"rent_norm":0.18,"detail":"8,06 €/m²·mes"}},{"type":"Feature","geometry":{"type":"Polygon","coordinates":[[[-4.447373237804243,36.69970967955472],[-4.446144090967273,36.700854903152674],[-4.4450099212086895,36.70036611335483],[-4.446616927301924,36.69908968294251],[-4.447373237804243,36.69970967955472]]]},"properties":{"cusec":"2906710065","rent_m2":9.449078138718173,"rent_norm":0.27,"detail":"9,45 €/m²·mes"}},{"type":"Feature","geometry":{"type":"Polygon","coordinates":[[[-4.450070474360566,36.68493479301771],[-4.44693421675183,36.69067294408112],[-4.443317055038911,36.68945392065029],[-4.443047617945855,36.68916292115756],[-4.441553130333529,36.6886243850345],[-4.441591062594733,36.688254339071285],[-4.442246602783417,36.687399091485155],[-4.44331806025373,36.68543908921357],[-4.443649787426885,36.68462378988913],[-4.443807867560713,36.683266544736775],[-4.446401101665012,36.68421638516205],[-4.446510742842084,36.68406241422584],[-4.448742370010239,36.68495111125519],[-4.44897952704186,36.684607576759376],[-4.450070474360566,36.68493479301771]]]},"properties":{"cusec":"2906710066","rent_m2":13.401031104866723,"rent_norm":0.52,"detail":"13,40 €/m²·mes"}},{"type":"Feature","geometry":{"type":"Polygon","coordinates":[[[-4.455610800637714,36.695666939446085],[-4.455787136334722,36.69487711160015],[-4.452823869096903,36.69417681209637],[-4.455073053837261,36.69239754143481],[-4.455642583930786,36.69292374673669],[-4.455465471191054,36.69405400413021],[-4.456781852526928,36.69487105103509],[-4.456161275667407,36.695756538888645],[-4.455610800637714,36.695666939446085]]]},"properties":{"cusec":"2906710067","rent_m2":6.56535674470457,"rent_norm":0.08,"detail":"6,57 €/m²·mes"}},{"type":"Feature","geometry":{"type":"Polygon","coordinates":[[[-4.456063216469313,36.69598818214251],[-4.456781852526928,36.69487105103509],[-4.455513833790991,36.69409859519635],[-4.455642583930786,36.69292374673669],[-4.455088767168223,36.6924081661326],[-4.46092086445303,36.687879547751294],[-4.4614648868840385,36.68793534688381],[-4.461909919462293,36.68818319870698],[-4.461959101325782,36.68911986517469],[-4.461100317304066,36.6919422008037],[-4.460230467834671,36.69418204797055],[-4.459191141305473,36.69610453903877],[-4.4585477050169136,36.696475018286726],[-4.458308975035207,36.69619503184246],[-4.4575706434149645,36.69657139965928],[-4.457484025160337,36.696185322427475],[-4.456063216469313,36.69598818214251]]]},"properties":{"cusec":"2906710068","rent_m2":8.924271844660193,"rent_norm":0.23,"detail":"8,92 €/m²·mes"}},{"type":"Feature","geometry":{"type":"Polygon","coordinates":[[[-4.455106161247088,36.68283425713189],[-4.4521029153858445,36.681707498874054],[-4.450080327980928,36.68493665017916],[-4.44897952704186,36.684607576759376],[-4.448742370010239,36.68495111125519],[-4.446552636673654,36.68408575507286],[-4.446401101665012,36.68421638516205],[-4.443807867560713,36.683266544736775],[-4.44370494757859,36.682784242061125],[-4.441231586462436,36.682183236683116],[-4.441003590450047,36.68196062548465],[-4.441067543311776,36.681788571147294],[-4.441402194501184,36.68173043267886],[-4.44369652856776,36.682333640294864],[-4.444217696061315,36.682074929532696],[-4.444908608312642,36.68131840552539],[-4.4456523927066325,36.6800969846191],[-4.447889461868771,36.67586218794849],[-4.452439656954931,36.67787970393488],[-4.455784270708982,36.67894585685604],[-4.454367893407239,36.68136050051059],[-4.455701717330986,36.68185994363779],[-4.455106161247088,36.68283425713189]]]},"properties":{"cusec":"2906710069","rent_m2":12.128605637097246,"rent_norm":0.44,"detail":"12,13 €/m²·mes"}},{"type":"Feature","geometry":{"type":"Polygon","coordinates":[[[-4.455350079897863,36.68518472562134],[-4.456419376919889,36.68334988967996],[-4.4551017711802725,36.68284144032092],[-4.455701717330986,36.68185994363779],[-4.454367893407239,36.68136050051059],[-4.455784270708982,36.67894585685604],[-4.452439656954931,36.67787970393488],[-4.447889461868771,36.67586218794849],[-4.448797929912252,36.67446555411702],[-4.449701722224641,36.67253457491376],[-4.451409260577947,36.669908702319255],[-4.4515451810703395,36.66940223565617],[-4.452888042944152,36.66702417473311],[-4.453762675044127,36.66593181174329],[-4.455283234460947,36.66674254555676],[-4.457234930416887,36.668181234422896],[-4.457923450454609,36.66914857559792],[-4.460755623848072,36.67141247739442],[-4.462990979922978,36.67297153376336],[-4.465045391045169,36.67411360502342],[-4.466415769214439,36.67453167817804],[-4.467444511793002,36.67513645236943],[-4.469602725941194,36.67724395206068],[-4.470707306990948,36.67765623086379],[-4.47209255587147,36.67888756638645],[-4.4721349078438255,36.679130431644545],[-4.462426207307215,36.68669557008461],[-4.461332155410907,36.68559438721943],[-4.460617838453171,36.68540281572321],[-4.458740655055106,36.68510147487596],[-4.457919998228964,36.68618965911898],[-4.455350079897863,36.68518472562134]]]},"properties":{"cusec":"2906710070","rent_m2":10.420070281124497,"rent_norm":0.33,"detail":"10,42 €/m²·mes"}},{"type":"Feature","geometry":{"type":"Polygon","coordinates":[[[-4.437622128701391,36.70094058133221],[-4.434843873089581,36.69963206393119],[-4.437239522747129,36.69620324018671],[-4.438842849340952,36.69355863213637],[-4.440628779177534,36.69419654548402],[-4.442945007882533,36.69532084320557],[-4.439412194381508,36.700071084327654],[-4.4389446203778204,36.7015595410055],[-4.437622128701391,36.70094058133221]]]},"properties":{"cusec":"2906710071","rent_m2":14.472603623727972,"rent_norm":0.59,"detail":"14,47 €/m²·mes"}},{"type":"Feature","geometry":{"type":"Polygon","coordinates":[[[-4.4521185352920085,36.68517963249137],[-4.450329066093197,36.68453460106431],[-4.4521029153858445,36.681707498874054],[-4.456419376919889,36.68334988967996],[-4.454778614833223,36.68613575619339],[-4.4521185352920085,36.68517963249137]]]},"properties":{"cusec":"2906710072","rent_m2":11.178989563054293,"rent_norm":0.38,"detail":"11,18 €/m²·mes"}},{"type":"Feature","geometry":{"type":"Polygon","coordinates":[[[-4.440644208640847,36.690377433406056],[-4.440636590028929,36.689888463896814],[-4.4410343927828215,36.68961318541056],[-4.441516067641549,36.68871560483419],[-4.443012725583597,36.689152730381764],[-4.443270592375803,36.68940467201103],[-4.445086869099296,36.6900463619914],[-4.444399129697551,36.69164794261046],[-4.440644208640847,36.690377433406056]]]},"properties":{"cusec":"2906710073","rent_m2":9.644444444444444,"rent_norm":0.28,"detail":"9,64 €/m²·mes"}},{"type":"Feature","geometry":{"type":"Polygon","coordinates":[[[-4.4521185352920085,36.68517963249137],[-4.450011646387545,36.68897458788244],[-4.448192471698949,36.68837296382744],[-4.450320390164197,36.68454827266623],[-4.4521185352920085,36.68517963249137]]]},"properties":{"cusec":"2906710074","rent_m2":10.4775,"rent_norm":0.33,"detail":"10,48 €/m²·mes"}},{"type":"Feature","geometry":{"type":"Polygon","coordinates":[[[-4.460510055890427,36.671223939259804],[-4.466841223011121,36.66951238071419],[-4.464964848995108,36.66885230852023],[-4.4671718775958436,36.665963157816584],[-4.463289488295268,36.66417926476983],[-4.462634618249785,36.66431906131123],[-4.462300603067589,36.66418960441191],[-4.459172482398694,36.6622055105399],[-4.457874052995451,36.66172549130316],[-4.458132692338794,36.66151560305295],[-4.458869610909069,36.66202939466264],[-4.459453046024866,36.66211241239997],[-4.460659183414114,36.66140354558408],[-4.463616564890216,36.65863597613062],[-4.464262846143284,36.65790692096043],[-4.465000797776154,36.656698969990664],[-4.4659273417197305,36.65600253370496],[-4.468600603139454,36.65302201773624],[-4.470735451208811,36.6511568060881],[-4.473395074405867,36.648068170601945],[-4.474829569828568,36.647031873377145],[-4.475300402920126,36.646494188339155],[-4.482250203844353,36.64892506765262],[-4.482925542901898,36.648580854104296],[-4.484064176389158,36.64868878244841],[-4.488147243934289,36.649584935956355],[-4.487350722144898,36.651103817697525],[-4.486726624787786,36.65395555935449],[-4.485855096367116,36.655706136030865],[-4.485454759465811,36.65963673305621],[-4.484977662421794,36.66030069492123],[-4.4843021823287375,36.66197670848141],[-4.483481699775765,36.66300326247559],[-4.483143141813181,36.663985509896065],[-4.48229423117473,36.66513633474805],[-4.481652180088361,36.6657144806828],[-4.481397823912278,36.66663933480483],[-4.4800716491431825,36.66845411815094],[-4.4792377547430124,36.67039349299179],[-4.47648693637495,36.6745943388095],[-4.474575365467795,36.67711715667523],[-4.472429578613215,36.678809040713546],[-4.472217984939629,36.6791203958755],[-4.470707306990948,36.67765623086379],[-4.469602725941194,36.67724395206068],[-4.4673339498427715,36.675058949552984],[-4.466415769214439,36.67453167817804],[-4.465045391045169,36.67411360502342],[-4.462990979922978,36.67297153376336],[-4.460510055890427,36.671223939259804]]]},"properties":{"cusec":"2906711001","rent_m2":11.956521739130435,"rent_norm":0.43,"detail":"11,96 €/m²·mes"}},{"type":"Feature","geometry":{"type":"Polygon","coordinates":[[[-4.4989524721241425,36.66656709000626],[-4.498275798170077,36.6659219983488],[-4.498719204797686,36.66527724571799],[-4.498749542701461,36.66439919425612],[-4.499025716260849,36.6633749510771],[-4.5016939363351955,36.66461276977138],[-4.50258671709883,36.66351132628138],[-4.504665389021898,36.66460913517208],[-4.503371022698659,36.66701086605941],[-4.502306692461851,36.667752159283005],[-4.501070690580965,36.667810562668755],[-4.500114741184834,36.66720459746493],[-4.499214593337536,36.66628102625301],[-4.4989524721241425,36.66656709000626]]]},"properties":{"cusec":"2906711002","rent_m2":8.64010989010989,"rent_norm":0.21,"detail":"8,64 €/m²·mes"}},{"type":"Feature","geometry":{"type":"Polygon","coordinates":[[[-4.517502097039669,36.66857449193502],[-4.516383192352697,36.66820148030329],[-4.514472969816751,36.6680159144834],[-4.513894726963312,36.66816210538277],[-4.513142640339479,36.66910513445299],[-4.512836031858263,36.66917103975447],[-4.511867600371295,36.66885712172098],[-4.510457625362567,36.668662232243086],[-4.508833113799394,36.66915982244801],[-4.506887395233339,36.66927986152049],[-4.505621852254336,36.669057373663485],[-4.50371038195849,36.6681990909755],[-4.503371022698659,36.66701086605941],[-4.504630650271543,36.66448958889675],[-4.505818582403248,36.662572098999235],[-4.50615410226355,36.66190083610872],[-4.506026719359637,36.66184161899935],[-4.508710493763124,36.66214115865605],[-4.511577191209604,36.66194257420989],[-4.5179663463785,36.660561072905466],[-4.521706386842486,36.66031056235823],[-4.52314184885243,36.65984377636386],[-4.526052416424126,36.65994398979158],[-4.5273712070416146,36.66029442553458],[-4.529063308745063,36.66032001976178],[-4.528458593438526,36.662950845021996],[-4.528372876194121,36.666539511991004],[-4.52515031204615,36.667103644832785],[-4.525809478733649,36.66818589779219],[-4.525125336186316,36.66924027099108],[-4.526766994791618,36.67021074683351],[-4.526638463840748,36.67106876282961],[-4.52512044216463,36.67106234373175],[-4.524138634763048,36.672996531523836],[-4.522875094128808,36.673300564018454],[-4.517605710521151,36.67373748609587],[-4.519576910698571,36.6692196881733],[-4.517502097039669,36.66857449193502]]]},"properties":{"cusec":"2906711003","rent_m2":9.333333333333334,"rent_norm":0.26,"detail":"9,33 €/m²·mes"}},{"type":"Feature","geometry":{"type":"Polygon","coordinates":[[[-4.485741049851911,36.65779428604824],[-4.485855096367116,36.655706136030865],[-4.486726624787786,36.65395555935449],[-4.487350722144898,36.651103817697525],[-4.488147243934289,36.649584935956355],[-4.4892513937927365,36.64911691447727],[-4.491320920866186,36.64991622041207],[-4.492837100097658,36.64995446377268],[-4.49348953570874,36.650633158283156],[-4.493408221107543,36.65102054449019],[-4.492325540984391,36.65197379693738],[-4.492189389624976,36.65228078012237],[-4.493177676574688,36.65226362327458],[-4.494309408305615,36.65201093012392],[-4.496216059139968,36.65203469077026],[-4.497523886717712,36.65017705008959],[-4.497293428423146,36.65007596341523],[-4.49740518064113,36.649757451488036],[-4.498986614393158,36.648276042869405],[-4.500002597301382,36.64682081710258],[-4.500161454477932,36.64622161813047],[-4.500003848654572,36.64578667472862],[-4.500123906695686,36.64538448592037],[-4.501041247399199,36.64507146697526],[-4.502460593632948,36.645614517167125],[-4.502234865866664,36.64493060911613],[-4.502703856513575,36.644026033293706],[-4.502569389495318,36.6429544888132],[-4.502723761383627,36.64230859743443],[-4.5033728040578715,36.64244636719496],[-4.504027250996887,36.641948707388366],[-4.504248356032708,36.64144793125068],[-4.503932039458225,36.64070495033833],[-4.5041281102437,36.64001273966646],[-4.503981019200767,36.63957099060698],[-4.504630585592819,36.63955420070493],[-4.505362551750963,36.63975673743905],[-4.5066206638659425,36.63931868902003],[-4.509095020315447,36.63748808425391],[-4.509291903177933,36.63799682316888],[-4.50928585661777,36.639203697959985],[-4.509957568278201,36.64056416089931],[-4.5113492041803855,36.64059898004155],[-4.51357009827752,36.63945460875213],[-4.516671307217135,36.63913850223652],[-4.51667734389583,36.63880248104431],[-4.517510955326681,36.63873493294257],[-4.519201721235312,36.63768579469132],[-4.521028006089402,36.63613916467265],[-4.52461424689193,36.6359310570923],[-4.526642827856414,36.63613948689051],[-4.528938230918169,36.63456866765588],[-4.530364352245794,36.63542470136933],[-4.531017833495864,36.63679547056193],[-4.531051288553667,36.63792176981496],[-4.532020385692284,36.6394146554513],[-4.5339099990789515,36.640508090990146],[-4.535431801764121,36.64110145990015],[-4.537101744724467,36.642395958993866],[-4.537551525797313,36.643075211686096],[-4.538619527448725,36.645594395082355],[-4.535707451605669,36.647101239844694],[-4.535591674935222,36.64803115443528],[-4.535371459231527,36.648773156565184],[-4.535163242325098,36.6489921614106],[-4.532239929456148,36.64994018710888],[-4.529717457443377,36.65136076164739],[-4.529917751209041,36.65187198832011],[-4.529067654794421,36.6603010573926],[-4.5273712070416146,36.66029442553458],[-4.526052416424126,36.65994398979158],[-4.5242908219486155,36.65985274452156],[-4.523581896679191,36.6522118644303],[-4.522963355402127,36.64980375254816],[-4.521516181157493,36.647003548159695],[-4.521440183684482,36.646250762408215],[-4.519764303758419,36.645732332668],[-4.518446096147546,36.64590962029199],[-4.517023649827747,36.64538792249787],[-4.516519115540015,36.64551106041924],[-4.516410891006166,36.64460788537524],[-4.515765085860194,36.64398875066104],[-4.515345063277729,36.6438044281911],[-4.514587584965551,36.644879093285844],[-4.51420633007749,36.644825580904936],[-4.513161341467054,36.64508687469577],[-4.512481781225982,36.64551859882205],[-4.511689619858968,36.64574749231639],[-4.511154854566982,36.646177371940944],[-4.510825174654345,36.64691102913388],[-4.511587266713815,36.64792263416685],[-4.5105778612701055,36.648154276598866],[-4.509939871467115,36.6488626614394],[-4.509197137203664,36.64884288975556],[-4.508856619117146,36.649022276897554],[-4.507023967004329,36.65067949629362],[-4.504828508704443,36.6504446276253],[-4.504870840015566,36.65355166915574],[-4.505568526462437,36.65590636309524],[-4.505304073222579,36.65627444304414],[-4.504836506405401,36.65644083387388],[-4.503894277876936,36.65640896072679],[-4.503202983841611,36.65717633975925],[-4.503116755455823,36.658330000512635],[-4.503664452894657,36.659490255007746],[-4.50397874646311,36.65982184851136],[-4.503448379322746,36.66048507014693],[-4.503192998168942,36.66140612031931],[-4.492952395271128,36.65945965863292],[-4.4864157645803395,36.65768448598338],[-4.485741049851911,36.65779428604824]]]},"properties":{"cusec":"2906711004","rent_m2":9.344736842105263,"rent_norm":0.26,"detail":"9,34 €/m²·mes"}},{"type":"Feature","geometry":{"type":"Polygon","coordinates":[[[-4.507191942979282,36.67374563775686],[-4.508501289608184,36.674932407778606],[-4.5090108266137525,36.67561328199086],[-4.508376760651917,36.67640101804625],[-4.5115468479159455,36.67661323027242],[-4.511674573077986,36.676598115606566],[-4.511653779774105,36.676001193803295],[-4.5129569513837255,36.67554521429365],[-4.51441072914399,36.674692966698615],[-4.5161769373668275,36.67392007833912],[-4.518635047784425,36.67358677459721],[-4.522875094128808,36.673300564018454],[-4.524138634763048,36.672996531523836],[-4.524007557986703,36.67327483793367],[-4.524064231799651,36.67387801818905],[-4.524963516365973,36.67521860292084],[-4.523127488384297,36.678018381940426],[-4.52346581907315,36.67871715067568],[-4.52151937466834,36.68046371766941],[-4.521273153635472,36.68330626780723],[-4.524798170658154,36.682720343953605],[-4.525222953413271,36.68723093641356],[-4.521024231368565,36.68828513434215],[-4.520524266810668,36.68847180528504],[-4.520285190079282,36.688835428985115],[-4.518378430548781,36.68977015122602],[-4.517643415508588,36.69109553879677],[-4.516136825792765,36.69303469944388],[-4.51603362823124,36.69347768391827],[-4.516534813599592,36.69392202001242],[-4.516288577295374,36.695026142716955],[-4.5156769054352806,36.69342815405438],[-4.515425183119621,36.69316770216445],[-4.514328412921262,36.6924425245944],[-4.512012080909997,36.69011478855228],[-4.511374955286315,36.68967668232257],[-4.510848670090595,36.68953914475243],[-4.509835887879697,36.68977958916146],[-4.509035691082513,36.69017730754958],[-4.507233390348195,36.69138098084837],[-4.506251403283561,36.69243002347237],[-4.505489833145237,36.69404186774357],[-4.504663225878688,36.694631474659246],[-4.503262826012588,36.69418943538573],[-4.502445628598635,36.69371747998127],[-4.501998756270658,36.69332911007784],[-4.502138677859324,36.69301263122432],[-4.499474111233241,36.69093288938417],[-4.497112810457174,36.69039023452216],[-4.491917960068625,36.69032333172114],[-4.490360427791369,36.68893394929205],[-4.489177039338349,36.68709958891532],[-4.48807718612192,36.68676111670109],[-4.48698919965038,36.68703886689691],[-4.483260078208647,36.68642494747521],[-4.482263649827541,36.685776934031686],[-4.480507170359236,36.68540252973077],[-4.478522830524171,36.684546622968355],[-4.476850457620976,36.682850289813],[-4.47628377249196,36.68180064895275],[-4.474064179155357,36.6800670304183],[-4.473336119770423,36.679151453442564],[-4.472584557762662,36.678692403328085],[-4.474575365467795,36.67711715667523],[-4.47648693637495,36.6745943388095],[-4.4792377547430124,36.67039349299179],[-4.4800716491431825,36.66845411815094],[-4.481397823912278,36.66663933480483],[-4.481652180088361,36.6657144806828],[-4.48229423117473,36.66513633474805],[-4.483143141813181,36.663985509896065],[-4.483481699775765,36.66300326247559],[-4.4843021823287375,36.66197670848141],[-4.484560161410347,36.66122760514214],[-4.48895467216954,36.66122235909792],[-4.490151264060598,36.661371884188874],[-4.491149000388779,36.66174702372155],[-4.494054462834736,36.66621310522143],[-4.495789291108031,36.669220096716984],[-4.496791128245495,36.66980017758042],[-4.500547242264913,36.669631218830766],[-4.501144612047384,36.6689882013464],[-4.499938496217665,36.66837015181293],[-4.499804403796898,36.668002256515884],[-4.498369209484888,36.667344284751636],[-4.499142622113615,36.6663137131515],[-4.500557111156625,36.66754433167084],[-4.501238584809249,36.66784898880681],[-4.50242551711605,36.66770613778157],[-4.503141105189914,36.66705316414379],[-4.503518670697095,36.667171204801065],[-4.503584121948681,36.66810051600904],[-4.505351200639039,36.6689508926113],[-4.504384191185144,36.669844252399194],[-4.503691043027076,36.66980339835025],[-4.5032821757238,36.6700136588496],[-4.507191942979282,36.67374563775686]]]},"properties":{"cusec":"2906711005","rent_m2":9.221813669703117,"rent_norm":0.25,"detail":"9,22 €/m²·mes"}},{"type":"Feature","geometry":{"type":"Polygon","coordinates":[[[-4.507191942979282,36.67374563775686],[-4.508411679065325,36.67301332278045],[-4.509986832695212,36.671226881130046],[-4.512069997991328,36.67098184953927],[-4.5125981822255445,36.67074696427062],[-4.513017232830851,36.66981604941767],[-4.514001869925589,36.66910257798876],[-4.514118355366779,36.668049043781245],[-4.5154918875210255,36.668041109842385],[-4.517502097039669,36.66857449193502],[-4.515571629172173,36.67260758432886],[-4.513935550003109,36.67191290952172],[-4.51074565398875,36.675180282770924],[-4.511196265104947,36.6754133280957],[-4.510423102207882,36.67584766176203],[-4.510571987186452,36.676605365660926],[-4.508376760651917,36.67640101804625],[-4.5090682172823175,36.67567114986096],[-4.508501289608184,36.674932407778606],[-4.507191942979282,36.67374563775686]]]},"properties":{"cusec":"2906711006","rent_m2":9.353002070393375,"rent_norm":0.26,"detail":"9,35 €/m²·mes"}},{"type":"Feature","geometry":{"type":"Polygon","coordinates":[[[-4.484560161410347,36.66122760514214],[-4.485454759465811,36.65963673305621],[-4.485673597153857,36.65790781095269],[-4.4864157645803395,36.65768448598338],[-4.492952395271128,36.65945965863292],[-4.503192998168942,36.66140612031931],[-4.502943942951364,36.66239542189311],[-4.500995040755931,36.662038408684275],[-4.50007381933039,36.66381148923282],[-4.499025716260849,36.6633749510771],[-4.498749542701461,36.66439919425612],[-4.498719204797686,36.66527724571799],[-4.498275798170077,36.6659219983488],[-4.498927217786575,36.66653866244992],[-4.498369209484888,36.667344284751636],[-4.499804403796898,36.668002256515884],[-4.499938496217665,36.66837015181293],[-4.501144612047384,36.6689882013464],[-4.500547242264913,36.669631218830766],[-4.496791128245495,36.66980017758042],[-4.495789291108031,36.669220096716984],[-4.494054462834736,36.66621310522143],[-4.491149000388779,36.66174702372155],[-4.490151264060598,36.661371884188874],[-4.48895467216954,36.66122235909792],[-4.484560161410347,36.66122760514214]]]},"properties":{"cusec":"2906711007","rent_m2":8.0625,"rent_norm":0.18,"detail":"8,06 €/m²·mes"}},{"type":"Feature","geometry":{"type":"Polygon","coordinates":[[[-4.45949060368858,36.670440503606876],[-4.460970402049369,36.66766754872782],[-4.462304139734861,36.66618202802031],[-4.458364561886667,36.664813663262706],[-4.460156062176316,36.66282213379956],[-4.462300603067589,36.66418960441191],[-4.462634618249785,36.66431906131123],[-4.463289488295268,36.66417926476983],[-4.4671718775958436,36.665963157816584],[-4.464964848995108,36.66885230852023],[-4.466841223011121,36.66951238071419],[-4.460510055890427,36.671223939259804],[-4.45949060368858,36.670440503606876]]]},"properties":{"cusec":"2906711008","rent_m2":9.404372628464854,"rent_norm":0.26,"detail":"9,40 €/m²·mes"}},{"type":"Feature","geometry":{"type":"Polygon","coordinates":[[[-4.506026719359637,36.66184161899935],[-4.503196503395182,36.66140690578284],[-4.503448379322746,36.66048507014693],[-4.50397874646311,36.65982184851136],[-4.503664452894657,36.659490255007746],[-4.503116755455823,36.658330000512635],[-4.503202983841611,36.65717633975925],[-4.503894277876936,36.65640896072679],[-4.504836506405401,36.65644083387388],[-4.505304073222579,36.65627444304414],[-4.505568526462437,36.65590636309524],[-4.504870840015566,36.65355166915574],[-4.504828508704443,36.6504446276253],[-4.507023967004329,36.65067949629362],[-4.508856619117146,36.649022276897554],[-4.509197137203664,36.64884288975556],[-4.509939871467115,36.6488626614394],[-4.5105778612701055,36.648154276598866],[-4.511587266713815,36.64792263416685],[-4.510825174654345,36.64691102913388],[-4.511154854566982,36.646177371940944],[-4.511689619858968,36.64574749231639],[-4.512481781225982,36.64551859882205],[-4.513161341467054,36.64508687469577],[-4.51420633007749,36.644825580904936],[-4.514587584965551,36.644879093285844],[-4.515345063277729,36.6438044281911],[-4.515765085860194,36.64398875066104],[-4.516410891006166,36.64460788537524],[-4.516519115540015,36.64551106041924],[-4.517023649827747,36.64538792249787],[-4.518446096147546,36.64590962029199],[-4.519764303758419,36.645732332668],[-4.521440183684482,36.646250762408215],[-4.521516181157493,36.647003548159695],[-4.522963355402127,36.64980375254816],[-4.523581896679191,36.6522118644303],[-4.5242908219486155,36.65985274452156],[-4.5228764200421905,36.65987646455489],[-4.521706386842486,36.66031056235823],[-4.518525225147672,36.66046157585439],[-4.512316444501302,36.6618227809491],[-4.510704609963435,36.66203927773131],[-4.508710493763124,36.66214115865605],[-4.506026719359637,36.66184161899935]]]},"properties":{"cusec":"2906711010","rent_m2":9.619277108433735,"rent_norm":0.28,"detail":"9,62 €/m²·mes"}},{"type":"Feature","geometry":{"type":"Polygon","coordinates":[[[-4.510571987186452,36.676605365660926],[-4.510382779529735,36.67590541273921],[-4.511196265104947,36.6754133280957],[-4.51074565398875,36.675180282770924],[-4.513935550003109,36.67191290952172],[-4.515571629172173,36.67260758432886],[-4.517502097039669,36.66857449193502],[-4.519576910698571,36.6692196881733],[-4.517605710521151,36.67373748609587],[-4.5161769373668275,36.67392007833912],[-4.51441072914399,36.674692966698615],[-4.5129569513837255,36.67554521429365],[-4.511653779774105,36.676001193803295],[-4.511674573077986,36.676598115606566],[-4.510571987186452,36.676605365660926]]]},"properties":{"cusec":"2906711012","rent_m2":9.89010989010989,"rent_norm":0.29,"detail":"9,89 €/m²·mes"}},{"type":"Feature","geometry":{"type":"Polygon","coordinates":[[[-4.460156062176316,36.66282213379956],[-4.458364561886667,36.664813663262706],[-4.462304139734861,36.66618202802031],[-4.460970402049369,36.66766754872782],[-4.45949060368858,36.670440503606876],[-4.457923450454609,36.66914857559792],[-4.457234930416887,36.668181234422896],[-4.455283234460947,36.66674254555676],[-4.4538081396789595,36.665883221773655],[-4.45439147238682,36.66545541427603],[-4.455050791787892,36.66541129515052],[-4.454636230064082,36.66478540439431],[-4.454678423034653,36.66405474435632],[-4.4553557446740255,36.663776024131],[-4.45596996954617,36.66311952948028],[-4.457874052995451,36.66172549130316],[-4.459172482398694,36.6622055105399],[-4.460156062176316,36.66282213379956]]]},"properties":{"cusec":"2906711013","rent_m2":9.75609756097561,"rent_norm":0.29,"detail":"9,76 €/m²·mes"}}]}
